-- root-types-contained: SystemModel_c,PackageableElement_c,DataType_c,CoreDataType_c,UserDataType_c
-- BP 7.1 content: StreamData syschar: 3 persistence-version: 7.1.6

INSERT INTO S_SYS
	VALUES ("36a41cf7-d411-488d-99fc-74866d4fea39",
	'GPS_Watch',
	1);
INSERT INTO EP_PKG
	VALUES ("4971b185-e248-48bc-9109-70a9a5229274",
	"36a41cf7-d411-488d-99fc-74866d4fea39",
	"36a41cf7-d411-488d-99fc-74866d4fea39",
	'GPS_Watch',
	'',
	0);
INSERT INTO PE_PE
	VALUES ("c77335f2-4175-474d-aa51-f34050086656",
	1,
	"4971b185-e248-48bc-9109-70a9a5229274",
	"00000000-0000-0000-0000-000000000000",
	21);
INSERT INTO CL_IC
	VALUES ("c77335f2-4175-474d-aa51-f34050086656",
	"819d6fdc-c0a2-45c0-af06-300eba7ea99d",
	"00000000-0000-0000-0000-000000000000",
	"00000000-0000-0000-0000-000000000000",
	0,
	'',
	'UI::UI::UI',
	'');
INSERT INTO CL_POR
	VALUES ("c77335f2-4175-474d-aa51-f34050086656",
	"392f9172-7dc7-4f9b-a4ac-ecf49f09ad46",
	'UI',
	"ba5480c4-a80a-49c9-b05b-c631006dee8e");
INSERT INTO CL_IIR
	VALUES ("b8afabc6-da46-4c4f-9d7f-8555a18998d7",
	"49a8f460-fdcb-4d55-ac76-1af9a795c24b",
	"ba5480c4-a80a-49c9-b05b-c631006dee8e",
	"00000000-0000-0000-0000-000000000000",
	'UI',
	'');
INSERT INTO CL_IP
	VALUES ("b8afabc6-da46-4c4f-9d7f-8555a18998d7",
	'UI',
	'');
INSERT INTO CL_IPINS
	VALUES ("56099111-d8d5-4130-8624-4547c3b9ebc4",
	"b8afabc6-da46-4c4f-9d7f-8555a18998d7");
INSERT INTO PE_PE
	VALUES ("24c4c6ef-38db-4499-b7d5-e79f13beda8b",
	1,
	"4971b185-e248-48bc-9109-70a9a5229274",
	"00000000-0000-0000-0000-000000000000",
	21);
INSERT INTO CL_IC
	VALUES ("24c4c6ef-38db-4499-b7d5-e79f13beda8b",
	"7faca62d-bd68-4fa6-8c7d-c02d7890cba2",
	"00000000-0000-0000-0000-000000000000",
	"00000000-0000-0000-0000-000000000000",
	0,
	'',
	'Tracking::Tracking::Tracking',
	'');
INSERT INTO CL_POR
	VALUES ("24c4c6ef-38db-4499-b7d5-e79f13beda8b",
	"27ecb3f0-b295-472c-b64f-1d0b2042b174",
	'HR',
	"e3a5c7a5-84e3-4f4f-9193-2168ad94b875");
INSERT INTO CL_IIR
	VALUES ("63aee723-88ac-453e-b530-a99dbed6c62d",
	"fb79b95c-658f-4a18-8e10-59eb4741d46f",
	"e3a5c7a5-84e3-4f4f-9193-2168ad94b875",
	"00000000-0000-0000-0000-000000000000",
	'HeartRateProvider',
	'');
INSERT INTO CL_IR
	VALUES ("63aee723-88ac-453e-b530-a99dbed6c62d",
	"9a7b7491-5a2f-4294-8cbf-a736c52a6210",
	'HeartRateProvider',
	'');
INSERT INTO CL_POR
	VALUES ("24c4c6ef-38db-4499-b7d5-e79f13beda8b",
	"d00db55b-e6d1-4cde-a83e-09cfefdc2474",
	'LOC',
	"5d2143fb-160b-478c-8a45-5426c41f4a04");
INSERT INTO CL_IIR
	VALUES ("f5b35e1c-0cb3-4f04-b0f7-cd8a206c785f",
	"903ebed3-e3c7-45a8-a5c4-9a97cc122b4a",
	"5d2143fb-160b-478c-8a45-5426c41f4a04",
	"00000000-0000-0000-0000-000000000000",
	'LocationProvider',
	'');
INSERT INTO CL_IR
	VALUES ("f5b35e1c-0cb3-4f04-b0f7-cd8a206c785f",
	"5b06a5d1-5b15-4ac8-90ce-05bd7c43031a",
	'LocationProvider',
	'');
INSERT INTO CL_POR
	VALUES ("24c4c6ef-38db-4499-b7d5-e79f13beda8b",
	"19eaf11c-ec25-4b9a-a943-a0c8ce109545",
	'UI',
	"517f5d4e-2100-40b9-8df2-f4053945eff4");
INSERT INTO CL_IIR
	VALUES ("9269c7ce-0570-41f4-8637-b93c13f83a26",
	"6d9f788e-33ca-426f-89c5-0a0df10f6c39",
	"517f5d4e-2100-40b9-8df2-f4053945eff4",
	"00000000-0000-0000-0000-000000000000",
	'UI',
	'');
INSERT INTO CL_IR
	VALUES ("9269c7ce-0570-41f4-8637-b93c13f83a26",
	"56099111-d8d5-4130-8624-4547c3b9ebc4",
	'UI',
	'');
INSERT INTO PE_PE
	VALUES ("6a0cc33b-29d6-416c-9738-4f8b906dc574",
	1,
	"4971b185-e248-48bc-9109-70a9a5229274",
	"00000000-0000-0000-0000-000000000000",
	21);
INSERT INTO CL_IC
	VALUES ("6a0cc33b-29d6-416c-9738-4f8b906dc574",
	"fff30510-d90f-4286-962f-f99732ae7c5a",
	"00000000-0000-0000-0000-000000000000",
	"00000000-0000-0000-0000-000000000000",
	0,
	'',
	'HeartRateMonitor::HeartRateMonitor::HeartRateMonitor',
	'');
INSERT INTO CL_POR
	VALUES ("6a0cc33b-29d6-416c-9738-4f8b906dc574",
	"00000000-0000-0000-0000-000000000000",
	'',
	"6b8ee91d-884c-4d21-ae27-57f393ad4626");
INSERT INTO CL_IIR
	VALUES ("cb4f1685-d919-4808-a2b8-b0c2f3ae36ae",
	"5659a879-3ecf-47ee-99d2-11f373c4a8b8",
	"6b8ee91d-884c-4d21-ae27-57f393ad4626",
	"00000000-0000-0000-0000-000000000000",
	'HeartRateProvider',
	'');
INSERT INTO CL_IP
	VALUES ("cb4f1685-d919-4808-a2b8-b0c2f3ae36ae",
	'HeartRateProvider',
	'');
INSERT INTO CL_IPINS
	VALUES ("9a7b7491-5a2f-4294-8cbf-a736c52a6210",
	"cb4f1685-d919-4808-a2b8-b0c2f3ae36ae");
INSERT INTO PE_PE
	VALUES ("dd09953f-1972-4a64-ba0b-ffadd2997a6e",
	1,
	"4971b185-e248-48bc-9109-70a9a5229274",
	"00000000-0000-0000-0000-000000000000",
	21);
INSERT INTO CL_IC
	VALUES ("dd09953f-1972-4a64-ba0b-ffadd2997a6e",
	"2a5126a3-4272-42f2-810c-07c57c5a58d1",
	"00000000-0000-0000-0000-000000000000",
	"00000000-0000-0000-0000-000000000000",
	0,
	'',
	'Location::Location::Location',
	'');
INSERT INTO CL_POR
	VALUES ("dd09953f-1972-4a64-ba0b-ffadd2997a6e",
	"e0c03225-6067-49eb-8ee3-2cfa4f1e90cf",
	'LOC',
	"82a9353f-96ec-454e-9df9-5f982f528d27");
INSERT INTO CL_IIR
	VALUES ("eec07e9c-6531-4d4d-ab6e-18649fdb292c",
	"f5aac2f0-f369-43f5-9c93-082599586590",
	"82a9353f-96ec-454e-9df9-5f982f528d27",
	"00000000-0000-0000-0000-000000000000",
	'LocationProvider',
	'');
INSERT INTO CL_IP
	VALUES ("eec07e9c-6531-4d4d-ab6e-18649fdb292c",
	'LocationProvider',
	'');
INSERT INTO CL_IPINS
	VALUES ("5b06a5d1-5b15-4ac8-90ce-05bd7c43031a",
	"eec07e9c-6531-4d4d-ab6e-18649fdb292c");
INSERT INTO PE_PE
	VALUES ("9a7b7491-5a2f-4294-8cbf-a736c52a6210",
	1,
	"4971b185-e248-48bc-9109-70a9a5229274",
	"00000000-0000-0000-0000-000000000000",
	22);
INSERT INTO C_SF
	VALUES ("9a7b7491-5a2f-4294-8cbf-a736c52a6210",
	"fb79b95c-658f-4a18-8e10-59eb4741d46f",
	"5659a879-3ecf-47ee-99d2-11f373c4a8b8",
	'',
	'HeartRateMonitor::HR::HeartRateProvider -o)- Tracking::HR::HeartRateProvider');
INSERT INTO PE_PE
	VALUES ("5b06a5d1-5b15-4ac8-90ce-05bd7c43031a",
	1,
	"4971b185-e248-48bc-9109-70a9a5229274",
	"00000000-0000-0000-0000-000000000000",
	22);
INSERT INTO C_SF
	VALUES ("5b06a5d1-5b15-4ac8-90ce-05bd7c43031a",
	"903ebed3-e3c7-45a8-a5c4-9a97cc122b4a",
	"f5aac2f0-f369-43f5-9c93-082599586590",
	'',
	'Location::LOC::LocationProvider -o)- Tracking::LOC::LocationProvider');
INSERT INTO PE_PE
	VALUES ("56099111-d8d5-4130-8624-4547c3b9ebc4",
	1,
	"4971b185-e248-48bc-9109-70a9a5229274",
	"00000000-0000-0000-0000-000000000000",
	22);
INSERT INTO C_SF
	VALUES ("56099111-d8d5-4130-8624-4547c3b9ebc4",
	"6d9f788e-33ca-426f-89c5-0a0df10f6c39",
	"49a8f460-fdcb-4d55-ac76-1af9a795c24b",
	'',
	'UI::UI::UI -o)- Tracking::UI::UI');
INSERT INTO PE_PE
	VALUES ("af7e9509-5548-4cc6-96d5-e27ba22be35f",
	1,
	"4971b185-e248-48bc-9109-70a9a5229274",
	"00000000-0000-0000-0000-000000000000",
	6);
INSERT INTO C_I
	VALUES ("af7e9509-5548-4cc6-96d5-e27ba22be35f",
	"00000000-0000-0000-0000-000000000000",
	'shutdown',
	'');
INSERT INTO C_EP
	VALUES ("4b72f7c7-78ed-4952-a7dd-06624098c4fb",
	"af7e9509-5548-4cc6-96d5-e27ba22be35f",
	-1,
	'stop',
	'');
INSERT INTO C_AS
	VALUES ("4b72f7c7-78ed-4952-a7dd-06624098c4fb",
	'stop',
	'',
	0,
	"00000000-0000-0000-0000-000000000000");
INSERT INTO PE_PE
	VALUES ("ba5eda7a-def5-0000-0000-000000000000",
	1,
	"00000000-0000-0000-0000-000000000000",
	"00000000-0000-0000-0000-000000000000",
	3);
INSERT INTO S_DT
	VALUES ("ba5eda7a-def5-0000-0000-000000000000",
	"00000000-0000-0000-0000-000000000000",
	'void',
	'',
	'');
INSERT INTO S_CDT
	VALUES ("ba5eda7a-def5-0000-0000-000000000000",
	0);
INSERT INTO PE_PE
	VALUES ("ba5eda7a-def5-0000-0000-000000000001",
	1,
	"00000000-0000-0000-0000-000000000000",
	"00000000-0000-0000-0000-000000000000",
	3);
INSERT INTO S_DT
	VALUES ("ba5eda7a-def5-0000-0000-000000000001",
	"00000000-0000-0000-0000-000000000000",
	'boolean',
	'',
	'');
INSERT INTO S_CDT
	VALUES ("ba5eda7a-def5-0000-0000-000000000001",
	1);
INSERT INTO PE_PE
	VALUES ("ba5eda7a-def5-0000-0000-000000000002",
	1,
	"00000000-0000-0000-0000-000000000000",
	"00000000-0000-0000-0000-000000000000",
	3);
INSERT INTO S_DT
	VALUES ("ba5eda7a-def5-0000-0000-000000000002",
	"00000000-0000-0000-0000-000000000000",
	'integer',
	'',
	'');
INSERT INTO S_CDT
	VALUES ("ba5eda7a-def5-0000-0000-000000000002",
	2);
INSERT INTO PE_PE
	VALUES ("ba5eda7a-def5-0000-0000-000000000003",
	1,
	"00000000-0000-0000-0000-000000000000",
	"00000000-0000-0000-0000-000000000000",
	3);
INSERT INTO S_DT
	VALUES ("ba5eda7a-def5-0000-0000-000000000003",
	"00000000-0000-0000-0000-000000000000",
	'real',
	'',
	'');
INSERT INTO S_CDT
	VALUES ("ba5eda7a-def5-0000-0000-000000000003",
	3);
INSERT INTO PE_PE
	VALUES ("ba5eda7a-def5-0000-0000-000000000004",
	1,
	"00000000-0000-0000-0000-000000000000",
	"00000000-0000-0000-0000-000000000000",
	3);
INSERT INTO S_DT
	VALUES ("ba5eda7a-def5-0000-0000-000000000004",
	"00000000-0000-0000-0000-000000000000",
	'string',
	'',
	'');
INSERT INTO S_CDT
	VALUES ("ba5eda7a-def5-0000-0000-000000000004",
	4);
INSERT INTO PE_PE
	VALUES ("ba5eda7a-def5-0000-0000-000000000005",
	1,
	"00000000-0000-0000-0000-000000000000",
	"00000000-0000-0000-0000-000000000000",
	3);
INSERT INTO S_DT
	VALUES ("ba5eda7a-def5-0000-0000-000000000005",
	"00000000-0000-0000-0000-000000000000",
	'unique_id',
	'',
	'');
INSERT INTO S_CDT
	VALUES ("ba5eda7a-def5-0000-0000-000000000005",
	5);
INSERT INTO PE_PE
	VALUES ("ba5eda7a-def5-0000-0000-000000000006",
	1,
	"00000000-0000-0000-0000-000000000000",
	"00000000-0000-0000-0000-000000000000",
	3);
INSERT INTO S_DT
	VALUES ("ba5eda7a-def5-0000-0000-000000000006",
	"00000000-0000-0000-0000-000000000000",
	'state<State_Model>',
	'',
	'');
INSERT INTO S_CDT
	VALUES ("ba5eda7a-def5-0000-0000-000000000006",
	6);
INSERT INTO PE_PE
	VALUES ("ba5eda7a-def5-0000-0000-000000000007",
	1,
	"00000000-0000-0000-0000-000000000000",
	"00000000-0000-0000-0000-000000000000",
	3);
INSERT INTO S_DT
	VALUES ("ba5eda7a-def5-0000-0000-000000000007",
	"00000000-0000-0000-0000-000000000000",
	'same_as<Base_Attribute>',
	'',
	'');
INSERT INTO S_CDT
	VALUES ("ba5eda7a-def5-0000-0000-000000000007",
	7);
INSERT INTO PE_PE
	VALUES ("ba5eda7a-def5-0000-0000-000000000008",
	1,
	"00000000-0000-0000-0000-000000000000",
	"00000000-0000-0000-0000-000000000000",
	3);
INSERT INTO S_DT
	VALUES ("ba5eda7a-def5-0000-0000-000000000008",
	"00000000-0000-0000-0000-000000000000",
	'inst_ref<Object>',
	'',
	'');
INSERT INTO S_CDT
	VALUES ("ba5eda7a-def5-0000-0000-000000000008",
	8);
INSERT INTO PE_PE
	VALUES ("ba5eda7a-def5-0000-0000-000000000009",
	1,
	"00000000-0000-0000-0000-000000000000",
	"00000000-0000-0000-0000-000000000000",
	3);
INSERT INTO S_DT
	VALUES ("ba5eda7a-def5-0000-0000-000000000009",
	"00000000-0000-0000-0000-000000000000",
	'inst_ref_set<Object>',
	'',
	'');
INSERT INTO S_CDT
	VALUES ("ba5eda7a-def5-0000-0000-000000000009",
	9);
INSERT INTO PE_PE
	VALUES ("ba5eda7a-def5-0000-0000-00000000000a",
	1,
	"00000000-0000-0000-0000-000000000000",
	"00000000-0000-0000-0000-000000000000",
	3);
INSERT INTO S_DT
	VALUES ("ba5eda7a-def5-0000-0000-00000000000a",
	"00000000-0000-0000-0000-000000000000",
	'inst<Event>',
	'',
	'');
INSERT INTO S_CDT
	VALUES ("ba5eda7a-def5-0000-0000-00000000000a",
	10);
INSERT INTO PE_PE
	VALUES ("ba5eda7a-def5-0000-0000-00000000000b",
	1,
	"00000000-0000-0000-0000-000000000000",
	"00000000-0000-0000-0000-000000000000",
	3);
INSERT INTO S_DT
	VALUES ("ba5eda7a-def5-0000-0000-00000000000b",
	"00000000-0000-0000-0000-000000000000",
	'inst<Mapping>',
	'',
	'');
INSERT INTO S_CDT
	VALUES ("ba5eda7a-def5-0000-0000-00000000000b",
	11);
INSERT INTO PE_PE
	VALUES ("ba5eda7a-def5-0000-0000-00000000000c",
	1,
	"00000000-0000-0000-0000-000000000000",
	"00000000-0000-0000-0000-000000000000",
	3);
INSERT INTO S_DT
	VALUES ("ba5eda7a-def5-0000-0000-00000000000c",
	"00000000-0000-0000-0000-000000000000",
	'inst_ref<Mapping>',
	'',
	'');
INSERT INTO S_CDT
	VALUES ("ba5eda7a-def5-0000-0000-00000000000c",
	12);
INSERT INTO PE_PE
	VALUES ("ba5eda7a-def5-0000-0000-00000000000d",
	1,
	"00000000-0000-0000-0000-000000000000",
	"00000000-0000-0000-0000-000000000000",
	3);
INSERT INTO S_DT
	VALUES ("ba5eda7a-def5-0000-0000-00000000000d",
	"00000000-0000-0000-0000-000000000000",
	'component_ref',
	'',
	'');
INSERT INTO S_CDT
	VALUES ("ba5eda7a-def5-0000-0000-00000000000d",
	13);
INSERT INTO PE_PE
	VALUES ("ba5eda7a-def5-0000-0000-00000000000e",
	1,
	"00000000-0000-0000-0000-000000000000",
	"00000000-0000-0000-0000-000000000000",
	3);
INSERT INTO S_DT
	VALUES ("ba5eda7a-def5-0000-0000-00000000000e",
	"00000000-0000-0000-0000-000000000000",
	'date',
	'',
	'');
INSERT INTO S_UDT
	VALUES ("ba5eda7a-def5-0000-0000-00000000000e",
	"ba5eda7a-def5-0000-0000-00000000000b",
	1,
	'');
INSERT INTO PE_PE
	VALUES ("ba5eda7a-def5-0000-0000-00000000000f",
	1,
	"00000000-0000-0000-0000-000000000000",
	"00000000-0000-0000-0000-000000000000",
	3);
INSERT INTO S_DT
	VALUES ("ba5eda7a-def5-0000-0000-00000000000f",
	"00000000-0000-0000-0000-000000000000",
	'inst_ref<Timer>',
	'',
	'');
INSERT INTO S_UDT
	VALUES ("ba5eda7a-def5-0000-0000-00000000000f",
	"ba5eda7a-def5-0000-0000-00000000000c",
	3,
	'');
INSERT INTO PE_PE
	VALUES ("ba5eda7a-def5-0000-0000-000000000010",
	1,
	"00000000-0000-0000-0000-000000000000",
	"00000000-0000-0000-0000-000000000000",
	3);
INSERT INTO S_DT
	VALUES ("ba5eda7a-def5-0000-0000-000000000010",
	"00000000-0000-0000-0000-000000000000",
	'timestamp',
	'',
	'');
INSERT INTO S_UDT
	VALUES ("ba5eda7a-def5-0000-0000-000000000010",
	"ba5eda7a-def5-0000-0000-00000000000b",
	2,
	'');
INSERT INTO C_IR_PROXY
	VALUES ("49a8f460-fdcb-4d55-ac76-1af9a795c24b",
	"06e358bd-8488-4092-af9c-7c359b158f4d",
	"00000000-0000-0000-0000-000000000000",
	"392f9172-7dc7-4f9b-a4ac-ecf49f09ad46",
	'../../../UI/models/UI/UI/UI/UI.xtuml');
INSERT INTO C_P_PROXY
	VALUES ("49a8f460-fdcb-4d55-ac76-1af9a795c24b",
	'UI',
	'Unnamed Interface',
	'',
	'UI::UI::UI',
	'../../../UI/models/UI/UI/UI/UI.xtuml');
INSERT INTO SPR_PEP_PROXY
	VALUES ("4cd61e01-476f-4b38-a2dc-65297c0c0620",
	"4733023e-4c69-4620-b5bf-a2e79b67fbc0",
	"49a8f460-fdcb-4d55-ac76-1af9a795c24b",
	'../../../UI/models/UI/UI/UI/UI.xtuml');
INSERT INTO SPR_PS_PROXY
	VALUES ("4cd61e01-476f-4b38-a2dc-65297c0c0620",
	'setTime',
	'',
	'::setTime( time:param.time );',
	1,
	0,
	'../../../UI/models/UI/UI/UI/UI.xtuml');
INSERT INTO C_EP_PROXY
	VALUES ("4733023e-4c69-4620-b5bf-a2e79b67fbc0",
	"06e358bd-8488-4092-af9c-7c359b158f4d",
	-1,
	'setTime',
	'',
	'../../../UI/models/UI/UI/Shared/UI/UI.xtuml');
INSERT INTO SPR_PEP_PROXY
	VALUES ("ed713602-6f31-49d7-a274-b5cef6329f68",
	"b951d79d-a853-44d9-a2d5-4c26cfc7dc70",
	"49a8f460-fdcb-4d55-ac76-1af9a795c24b",
	'../../../UI/models/UI/UI/UI/UI.xtuml');
INSERT INTO SPR_PS_PROXY
	VALUES ("ed713602-6f31-49d7-a274-b5cef6329f68",
	'setData',
	'',
	'::setData( value:param.value, unit:param.unit );',
	1,
	0,
	'../../../UI/models/UI/UI/UI/UI.xtuml');
INSERT INTO C_EP_PROXY
	VALUES ("b951d79d-a853-44d9-a2d5-4c26cfc7dc70",
	"06e358bd-8488-4092-af9c-7c359b158f4d",
	-1,
	'setData',
	'',
	'../../../UI/models/UI/UI/Shared/UI/UI.xtuml');
INSERT INTO SPR_PEP_PROXY
	VALUES ("afae4676-6b8a-48d6-952e-bb402d291ca7",
	"5ca515d4-2e83-4632-b040-ee98f9ef2a4e",
	"49a8f460-fdcb-4d55-ac76-1af9a795c24b",
	'../../../UI/models/UI/UI/UI/UI.xtuml');
INSERT INTO SPR_PS_PROXY
	VALUES ("afae4676-6b8a-48d6-952e-bb402d291ca7",
	'setIndicator',
	'',
	'::setIndicator( indicator:param.indicator );',
	1,
	0,
	'../../../UI/models/UI/UI/UI/UI.xtuml');
INSERT INTO C_EP_PROXY
	VALUES ("5ca515d4-2e83-4632-b040-ee98f9ef2a4e",
	"06e358bd-8488-4092-af9c-7c359b158f4d",
	-1,
	'setIndicator',
	'',
	'../../../UI/models/UI/UI/Shared/UI/UI.xtuml');
INSERT INTO SPR_PEP_PROXY
	VALUES ("0a7740c7-0322-40c5-879d-8b427cbac0dd",
	"6254528a-deb6-494e-889f-c3251a439e85",
	"49a8f460-fdcb-4d55-ac76-1af9a795c24b",
	'../../../UI/models/UI/UI/UI/UI.xtuml');
INSERT INTO SPR_PS_PROXY
	VALUES ("0a7740c7-0322-40c5-879d-8b427cbac0dd",
	'setTargetPressed',
	'',
	'',
	1,
	0,
	'../../../UI/models/UI/UI/UI/UI.xtuml');
INSERT INTO C_EP_PROXY
	VALUES ("6254528a-deb6-494e-889f-c3251a439e85",
	"06e358bd-8488-4092-af9c-7c359b158f4d",
	-1,
	'setTargetPressed',
	'',
	'../../../UI/models/UI/UI/Shared/UI/UI.xtuml');
INSERT INTO SPR_PEP_PROXY
	VALUES ("74884116-ca1d-41a0-b164-6d00f6d5e49b",
	"33261358-e34d-422e-ac5e-64694cb5c8be",
	"49a8f460-fdcb-4d55-ac76-1af9a795c24b",
	'../../../UI/models/UI/UI/UI/UI.xtuml');
INSERT INTO SPR_PS_PROXY
	VALUES ("74884116-ca1d-41a0-b164-6d00f6d5e49b",
	'startStopPressed',
	'',
	'',
	1,
	0,
	'../../../UI/models/UI/UI/UI/UI.xtuml');
INSERT INTO C_EP_PROXY
	VALUES ("33261358-e34d-422e-ac5e-64694cb5c8be",
	"06e358bd-8488-4092-af9c-7c359b158f4d",
	-1,
	'startStopPressed',
	'',
	'../../../UI/models/UI/UI/Shared/UI/UI.xtuml');
INSERT INTO SPR_PEP_PROXY
	VALUES ("3dc34a58-a86b-41a4-bc72-e2b1e2690d42",
	"589b2128-3828-478d-bf59-1bf4f00ff7e2",
	"49a8f460-fdcb-4d55-ac76-1af9a795c24b",
	'../../../UI/models/UI/UI/UI/UI.xtuml');
INSERT INTO SPR_PS_PROXY
	VALUES ("3dc34a58-a86b-41a4-bc72-e2b1e2690d42",
	'lapResetPressed',
	'',
	'',
	1,
	0,
	'../../../UI/models/UI/UI/UI/UI.xtuml');
INSERT INTO C_EP_PROXY
	VALUES ("589b2128-3828-478d-bf59-1bf4f00ff7e2",
	"06e358bd-8488-4092-af9c-7c359b158f4d",
	-1,
	'lapResetPressed',
	'',
	'../../../UI/models/UI/UI/Shared/UI/UI.xtuml');
INSERT INTO SPR_PEP_PROXY
	VALUES ("2e72d50a-d8b7-4748-8c22-a544dce9d957",
	"a06f7f09-a3fb-40d8-bedd-21e8ed14a6fe",
	"49a8f460-fdcb-4d55-ac76-1af9a795c24b",
	'../../../UI/models/UI/UI/UI/UI.xtuml');
INSERT INTO SPR_PS_PROXY
	VALUES ("2e72d50a-d8b7-4748-8c22-a544dce9d957",
	'lightPressed',
	'',
	'',
	1,
	0,
	'../../../UI/models/UI/UI/UI/UI.xtuml');
INSERT INTO C_EP_PROXY
	VALUES ("a06f7f09-a3fb-40d8-bedd-21e8ed14a6fe",
	"06e358bd-8488-4092-af9c-7c359b158f4d",
	-1,
	'lightPressed',
	'',
	'../../../UI/models/UI/UI/Shared/UI/UI.xtuml');
INSERT INTO SPR_PEP_PROXY
	VALUES ("14f40ce6-a6a2-4100-8cd4-5c61f909677e",
	"77337936-fbfd-4e50-af18-4ae2c1684ada",
	"49a8f460-fdcb-4d55-ac76-1af9a795c24b",
	'../../../UI/models/UI/UI/UI/UI.xtuml');
INSERT INTO SPR_PS_PROXY
	VALUES ("14f40ce6-a6a2-4100-8cd4-5c61f909677e",
	'modePressed',
	'',
	'',
	1,
	0,
	'../../../UI/models/UI/UI/UI/UI.xtuml');
INSERT INTO C_EP_PROXY
	VALUES ("77337936-fbfd-4e50-af18-4ae2c1684ada",
	"06e358bd-8488-4092-af9c-7c359b158f4d",
	-1,
	'modePressed',
	'',
	'../../../UI/models/UI/UI/Shared/UI/UI.xtuml');
INSERT INTO SPR_PEP_PROXY
	VALUES ("18a59919-7e2f-4705-834d-ec8d36176a44",
	"45a6e44b-1246-4ab3-893d-a1761853347b",
	"49a8f460-fdcb-4d55-ac76-1af9a795c24b",
	'../../../UI/models/UI/UI/UI/UI.xtuml');
INSERT INTO SPR_PS_PROXY
	VALUES ("18a59919-7e2f-4705-834d-ec8d36176a44",
	'newGoalSpec',
	'',
	'',
	1,
	0,
	'../../../UI/models/UI/UI/UI/UI.xtuml');
INSERT INTO C_EP_PROXY
	VALUES ("45a6e44b-1246-4ab3-893d-a1761853347b",
	"06e358bd-8488-4092-af9c-7c359b158f4d",
	-1,
	'newGoalSpec',
	'',
	'../../../UI/models/UI/UI/Shared/UI/UI.xtuml');
INSERT INTO C_I_PROXY
	VALUES ("06e358bd-8488-4092-af9c-7c359b158f4d",
	"00000000-0000-0000-0000-000000000000",
	'UI',
	'',
	'../../../UI/models/UI/UI/Shared/UI/UI.xtuml');
INSERT INTO C_PO_PROXY
	VALUES ("392f9172-7dc7-4f9b-a4ac-ecf49f09ad46",
	"819d6fdc-c0a2-45c0-af06-300eba7ea99d",
	'UI',
	0,
	0,
	'../../../UI/models/UI/UI/UI/UI.xtuml');
INSERT INTO C_AS_PROXY
	VALUES ("4733023e-4c69-4620-b5bf-a2e79b67fbc0",
	'setTime',
	'',
	0,
	"00000000-0000-0000-0000-000000000000",
	'../../../UI/models/UI/UI/Shared/UI/UI.xtuml');
INSERT INTO C_PP_PROXY
	VALUES ("58a68c4a-f816-4ea2-a90a-7a976e8ad1e4",
	"4733023e-4c69-4620-b5bf-a2e79b67fbc0",
	"ba5eda7a-def5-0000-0000-000000000002",
	'time',
	'',
	0,
	'',
	"00000000-0000-0000-0000-000000000000",
	'../../../UI/models/UI/UI/Shared/UI/UI.xtuml');
INSERT INTO C_AS_PROXY
	VALUES ("b951d79d-a853-44d9-a2d5-4c26cfc7dc70",
	'setData',
	'',
	0,
	"4733023e-4c69-4620-b5bf-a2e79b67fbc0",
	'../../../UI/models/UI/UI/Shared/UI/UI.xtuml');
INSERT INTO C_PP_PROXY
	VALUES ("5a2b0c93-89e5-4c2a-9d40-22cebd06b9a5",
	"b951d79d-a853-44d9-a2d5-4c26cfc7dc70",
	"ba5eda7a-def5-0000-0000-000000000003",
	'value',
	'',
	0,
	'',
	"00000000-0000-0000-0000-000000000000",
	'../../../UI/models/UI/UI/Shared/UI/UI.xtuml');
INSERT INTO C_PP_PROXY
	VALUES ("d5c37dfa-8b23-4022-8345-cfe8aaeb7c67",
	"b951d79d-a853-44d9-a2d5-4c26cfc7dc70",
	"f9cb3942-d25e-4b1d-99d2-80346dffff7a",
	'unit',
	'',
	0,
	'',
	"5a2b0c93-89e5-4c2a-9d40-22cebd06b9a5",
	'../../../UI/models/UI/UI/Shared/UI/UI.xtuml');
INSERT INTO S_DT_PROXY
	VALUES ("f9cb3942-d25e-4b1d-99d2-80346dffff7a",
	"00000000-0000-0000-0000-000000000000",
	'Unit',
	'',
	'',
	'../../../Tracking/models/Tracking/Tracking/Shared/Shared.xtuml');
INSERT INTO C_AS_PROXY
	VALUES ("5ca515d4-2e83-4632-b040-ee98f9ef2a4e",
	'setIndicator',
	'',
	0,
	"b951d79d-a853-44d9-a2d5-4c26cfc7dc70",
	'../../../UI/models/UI/UI/Shared/UI/UI.xtuml');
INSERT INTO C_PP_PROXY
	VALUES ("6c296b04-251e-47a9-9192-89cffffef2a6",
	"5ca515d4-2e83-4632-b040-ee98f9ef2a4e",
	"0c2280ac-677d-4cc7-a34f-fde18b6c9506",
	'indicator',
	'',
	0,
	'',
	"00000000-0000-0000-0000-000000000000",
	'../../../UI/models/UI/UI/Shared/UI/UI.xtuml');
INSERT INTO S_DT_PROXY
	VALUES ("0c2280ac-677d-4cc7-a34f-fde18b6c9506",
	"00000000-0000-0000-0000-000000000000",
	'Indicator',
	'Graphical indicator.',
	'',
	'../../../Tracking/models/Tracking/Tracking/Shared/Shared.xtuml');
INSERT INTO C_AS_PROXY
	VALUES ("6254528a-deb6-494e-889f-c3251a439e85",
	'setTargetPressed',
	'',
	1,
	"5ca515d4-2e83-4632-b040-ee98f9ef2a4e",
	'../../../UI/models/UI/UI/Shared/UI/UI.xtuml');
INSERT INTO C_AS_PROXY
	VALUES ("33261358-e34d-422e-ac5e-64694cb5c8be",
	'startStopPressed',
	'',
	1,
	"6254528a-deb6-494e-889f-c3251a439e85",
	'../../../UI/models/UI/UI/Shared/UI/UI.xtuml');
INSERT INTO C_AS_PROXY
	VALUES ("589b2128-3828-478d-bf59-1bf4f00ff7e2",
	'lapResetPressed',
	'',
	1,
	"33261358-e34d-422e-ac5e-64694cb5c8be",
	'../../../UI/models/UI/UI/Shared/UI/UI.xtuml');
INSERT INTO C_AS_PROXY
	VALUES ("a06f7f09-a3fb-40d8-bedd-21e8ed14a6fe",
	'lightPressed',
	'',
	1,
	"589b2128-3828-478d-bf59-1bf4f00ff7e2",
	'../../../UI/models/UI/UI/Shared/UI/UI.xtuml');
INSERT INTO C_AS_PROXY
	VALUES ("77337936-fbfd-4e50-af18-4ae2c1684ada",
	'modePressed',
	'',
	1,
	"a06f7f09-a3fb-40d8-bedd-21e8ed14a6fe",
	'../../../UI/models/UI/UI/Shared/UI/UI.xtuml');
INSERT INTO C_AS_PROXY
	VALUES ("45a6e44b-1246-4ab3-893d-a1761853347b",
	'newGoalSpec',
	'',
	1,
	"77337936-fbfd-4e50-af18-4ae2c1684ada",
	'../../../UI/models/UI/UI/Shared/UI/UI.xtuml');
INSERT INTO C_PP_PROXY
	VALUES ("eb86c722-2f40-4e72-8c59-3409536cba17",
	"45a6e44b-1246-4ab3-893d-a1761853347b",
	"42487d7d-390d-48d8-a7a5-474cf2d8a900",
	'spanType',
	'',
	0,
	'',
	"00000000-0000-0000-0000-000000000000",
	'../../../UI/models/UI/UI/Shared/UI/UI.xtuml');
INSERT INTO S_DT_PROXY
	VALUES ("42487d7d-390d-48d8-a7a5-474cf2d8a900",
	"00000000-0000-0000-0000-000000000000",
	'GoalSpan',
	'',
	'',
	'../../../Tracking/models/Tracking/Tracking/Shared/Shared.xtuml');
INSERT INTO C_PP_PROXY
	VALUES ("3790a683-9ce0-49ca-87f9-d1a0a27408ba",
	"45a6e44b-1246-4ab3-893d-a1761853347b",
	"cfb9aa72-125a-4d88-9ed9-1af1002d48f0",
	'criteriaType',
	'',
	0,
	'',
	"eb86c722-2f40-4e72-8c59-3409536cba17",
	'../../../UI/models/UI/UI/Shared/UI/UI.xtuml');
INSERT INTO S_DT_PROXY
	VALUES ("cfb9aa72-125a-4d88-9ed9-1af1002d48f0",
	"00000000-0000-0000-0000-000000000000",
	'GoalCriteria',
	'The criteria type for a particular workout goal.  ',
	'',
	'../../../Tracking/models/Tracking/Tracking/Shared/Shared.xtuml');
INSERT INTO C_PP_PROXY
	VALUES ("b8c7071c-f635-4c81-a0ed-ecd4f0053c0e",
	"45a6e44b-1246-4ab3-893d-a1761853347b",
	"ba5eda7a-def5-0000-0000-000000000003",
	'span',
	'',
	0,
	'',
	"3790a683-9ce0-49ca-87f9-d1a0a27408ba",
	'../../../UI/models/UI/UI/Shared/UI/UI.xtuml');
INSERT INTO C_PP_PROXY
	VALUES ("c85db51c-91b1-4e0c-b1be-a13af186ba5b",
	"45a6e44b-1246-4ab3-893d-a1761853347b",
	"ba5eda7a-def5-0000-0000-000000000003",
	'maximum',
	'',
	0,
	'',
	"b8c7071c-f635-4c81-a0ed-ecd4f0053c0e",
	'../../../UI/models/UI/UI/Shared/UI/UI.xtuml');
INSERT INTO C_PP_PROXY
	VALUES ("3334ac99-b913-4acc-928f-7014b567a4e1",
	"45a6e44b-1246-4ab3-893d-a1761853347b",
	"ba5eda7a-def5-0000-0000-000000000003",
	'minimum',
	'',
	0,
	'',
	"c85db51c-91b1-4e0c-b1be-a13af186ba5b",
	'../../../UI/models/UI/UI/Shared/UI/UI.xtuml');
INSERT INTO C_PP_PROXY
	VALUES ("46d0ad64-83fd-48ae-b477-4e92700ec4d9",
	"45a6e44b-1246-4ab3-893d-a1761853347b",
	"ba5eda7a-def5-0000-0000-000000000002",
	'sequenceNumber',
	'',
	0,
	'',
	"3334ac99-b913-4acc-928f-7014b567a4e1",
	'../../../UI/models/UI/UI/Shared/UI/UI.xtuml');
INSERT INTO C_C_PROXY
	VALUES ("819d6fdc-c0a2-45c0-af06-300eba7ea99d",
	"00000000-0000-0000-0000-000000000000",
	"00000000-0000-0000-0000-000000000000",
	'UI',
	'',
	0,
	"00000000-0000-0000-0000-000000000000",
	1,
	'',
	'../../../UI/models/UI/UI/UI/UI.xtuml');
INSERT INTO PE_PE_PROXY
	VALUES ("819d6fdc-c0a2-45c0-af06-300eba7ea99d",
	1,
	"d62d22d0-740f-4016-8f60-a4581727b4d9",
	"00000000-0000-0000-0000-000000000000",
	2,
	'../../../UI/models/UI/UI/UI/UI.xtuml');
INSERT INTO C_IR_PROXY
	VALUES ("fb79b95c-658f-4a18-8e10-59eb4741d46f",
	"203a4287-09f9-4c6c-97fa-12e9ac462a4e",
	"00000000-0000-0000-0000-000000000000",
	"27ecb3f0-b295-472c-b64f-1d0b2042b174",
	'../../../Tracking/models/Tracking/Tracking/Tracking/Tracking.xtuml');
INSERT INTO C_R_PROXY
	VALUES ("fb79b95c-658f-4a18-8e10-59eb4741d46f",
	'HeartRateProvider',
	'',
	'Unnamed Interface',
	'Tracking::HR::HeartRateProvider',
	'../../../Tracking/models/Tracking/Tracking/Tracking/Tracking.xtuml');
INSERT INTO SPR_REP_PROXY
	VALUES ("4cbd0d8d-2de2-40fa-9802-9b1dcfd37e12",
	"237b9594-3ca5-4339-ab89-e1148acb6c69",
	"fb79b95c-658f-4a18-8e10-59eb4741d46f",
	'../../../Tracking/models/Tracking/Tracking/Tracking/Tracking.xtuml');
INSERT INTO SPR_RS_PROXY
	VALUES ("4cbd0d8d-2de2-40fa-9802-9b1dcfd37e12",
	'registerListener',
	'',
	'',
	1,
	0,
	'../../../Tracking/models/Tracking/Tracking/Tracking/Tracking.xtuml');
INSERT INTO C_EP_PROXY
	VALUES ("237b9594-3ca5-4339-ab89-e1148acb6c69",
	"203a4287-09f9-4c6c-97fa-12e9ac462a4e",
	-1,
	'registerListener',
	'',
	'../../../HeartRateMonitor/models/HeartRateMonitor/HeartRateMonitor/Shared/HeartRateProvider/HeartRateProvider.xtuml');
INSERT INTO SPR_REP_PROXY
	VALUES ("9142bc73-5b7d-4f48-8af1-137a738f59f5",
	"3ec7f152-2ffa-4fdc-bfe5-9a0cd32fca43",
	"fb79b95c-658f-4a18-8e10-59eb4741d46f",
	'../../../Tracking/models/Tracking/Tracking/Tracking/Tracking.xtuml');
INSERT INTO SPR_RS_PROXY
	VALUES ("9142bc73-5b7d-4f48-8af1-137a738f59f5",
	'unregisterListener',
	'',
	'',
	1,
	0,
	'../../../Tracking/models/Tracking/Tracking/Tracking/Tracking.xtuml');
INSERT INTO C_EP_PROXY
	VALUES ("3ec7f152-2ffa-4fdc-bfe5-9a0cd32fca43",
	"203a4287-09f9-4c6c-97fa-12e9ac462a4e",
	-1,
	'unregisterListener',
	'',
	'../../../HeartRateMonitor/models/HeartRateMonitor/HeartRateMonitor/Shared/HeartRateProvider/HeartRateProvider.xtuml');
INSERT INTO SPR_REP_PROXY
	VALUES ("213e63b6-745f-4b4e-a4a7-53564e4344be",
	"ab097b0e-b676-4f90-b952-cb9927d0c8c3",
	"fb79b95c-658f-4a18-8e10-59eb4741d46f",
	'../../../Tracking/models/Tracking/Tracking/Tracking/Tracking.xtuml');
INSERT INTO SPR_RS_PROXY
	VALUES ("213e63b6-745f-4b4e-a4a7-53564e4344be",
	'heartRateChanged',
	'',
	'::heartRateChanged( heartRate:param.heartRate );',
	1,
	0,
	'../../../Tracking/models/Tracking/Tracking/Tracking/Tracking.xtuml');
INSERT INTO C_EP_PROXY
	VALUES ("ab097b0e-b676-4f90-b952-cb9927d0c8c3",
	"203a4287-09f9-4c6c-97fa-12e9ac462a4e",
	-1,
	'heartRateChanged',
	'',
	'../../../HeartRateMonitor/models/HeartRateMonitor/HeartRateMonitor/Shared/HeartRateProvider/HeartRateProvider.xtuml');
INSERT INTO C_I_PROXY
	VALUES ("203a4287-09f9-4c6c-97fa-12e9ac462a4e",
	"00000000-0000-0000-0000-000000000000",
	'HeartRateProvider',
	'',
	'../../../HeartRateMonitor/models/HeartRateMonitor/HeartRateMonitor/Shared/HeartRateProvider/HeartRateProvider.xtuml');
INSERT INTO C_PO_PROXY
	VALUES ("27ecb3f0-b295-472c-b64f-1d0b2042b174",
	"7faca62d-bd68-4fa6-8c7d-c02d7890cba2",
	'HR',
	0,
	0,
	'../../../Tracking/models/Tracking/Tracking/Tracking/Tracking.xtuml');
INSERT INTO C_AS_PROXY
	VALUES ("237b9594-3ca5-4339-ab89-e1148acb6c69",
	'registerListener',
	'',
	0,
	"00000000-0000-0000-0000-000000000000",
	'../../../HeartRateMonitor/models/HeartRateMonitor/HeartRateMonitor/Shared/HeartRateProvider/HeartRateProvider.xtuml');
INSERT INTO C_AS_PROXY
	VALUES ("3ec7f152-2ffa-4fdc-bfe5-9a0cd32fca43",
	'unregisterListener',
	'',
	0,
	"237b9594-3ca5-4339-ab89-e1148acb6c69",
	'../../../HeartRateMonitor/models/HeartRateMonitor/HeartRateMonitor/Shared/HeartRateProvider/HeartRateProvider.xtuml');
INSERT INTO C_AS_PROXY
	VALUES ("ab097b0e-b676-4f90-b952-cb9927d0c8c3",
	'heartRateChanged',
	'',
	1,
	"3ec7f152-2ffa-4fdc-bfe5-9a0cd32fca43",
	'../../../HeartRateMonitor/models/HeartRateMonitor/HeartRateMonitor/Shared/HeartRateProvider/HeartRateProvider.xtuml');
INSERT INTO C_PP_PROXY
	VALUES ("4857863e-2bfe-4eb5-b712-82a8ce9965a8",
	"ab097b0e-b676-4f90-b952-cb9927d0c8c3",
	"ba5eda7a-def5-0000-0000-000000000002",
	'heartRate',
	'',
	0,
	'',
	"00000000-0000-0000-0000-000000000000",
	'../../../HeartRateMonitor/models/HeartRateMonitor/HeartRateMonitor/Shared/HeartRateProvider/HeartRateProvider.xtuml');
INSERT INTO C_C_PROXY
	VALUES ("7faca62d-bd68-4fa6-8c7d-c02d7890cba2",
	"00000000-0000-0000-0000-000000000000",
	"00000000-0000-0000-0000-000000000000",
	'Tracking',
	'The Tracking component encapsulates the entire application software. This is the 
only component in the system from which code will be generated for the final 
product.',
	0,
	"00000000-0000-0000-0000-000000000000",
	0,
	'',
	'../../../Tracking/models/Tracking/Tracking/Tracking/Tracking.xtuml');
INSERT INTO PE_PE_PROXY
	VALUES ("7faca62d-bd68-4fa6-8c7d-c02d7890cba2",
	1,
	"45a02e0a-7a50-4803-b943-a9e0c2ab6c1d",
	"00000000-0000-0000-0000-000000000000",
	2,
	'../../../Tracking/models/Tracking/Tracking/Tracking/Tracking.xtuml');
INSERT INTO C_IR_PROXY
	VALUES ("903ebed3-e3c7-45a8-a5c4-9a97cc122b4a",
	"de38d4b0-e70e-49ee-a5b9-590645243ae5",
	"00000000-0000-0000-0000-000000000000",
	"d00db55b-e6d1-4cde-a83e-09cfefdc2474",
	'../../../Tracking/models/Tracking/Tracking/Tracking/Tracking.xtuml');
INSERT INTO C_R_PROXY
	VALUES ("903ebed3-e3c7-45a8-a5c4-9a97cc122b4a",
	'LocationProvider',
	'',
	'Unnamed Interface',
	'Tracking::LOC::LocationProvider',
	'../../../Tracking/models/Tracking/Tracking/Tracking/Tracking.xtuml');
INSERT INTO SPR_REP_PROXY
	VALUES ("0c65d576-9625-4911-a6bf-eeee00bc43c6",
	"9043596d-b574-4d4f-9838-a687e9372290",
	"903ebed3-e3c7-45a8-a5c4-9a97cc122b4a",
	'../../../Tracking/models/Tracking/Tracking/Tracking/Tracking.xtuml');
INSERT INTO SPR_RS_PROXY
	VALUES ("0c65d576-9625-4911-a6bf-eeee00bc43c6",
	'registerListener',
	'',
	'',
	1,
	0,
	'../../../Tracking/models/Tracking/Tracking/Tracking/Tracking.xtuml');
INSERT INTO C_EP_PROXY
	VALUES ("9043596d-b574-4d4f-9838-a687e9372290",
	"de38d4b0-e70e-49ee-a5b9-590645243ae5",
	-1,
	'registerListener',
	'',
	'../../../Location/models/Location/Location/Shared/LocationProvider/LocationProvider.xtuml');
INSERT INTO SPR_REP_PROXY
	VALUES ("9ca10bca-351d-4ce7-82a8-ff8fd49dce59",
	"f01801fe-af9f-473d-a9e1-c00a44758b05",
	"903ebed3-e3c7-45a8-a5c4-9a97cc122b4a",
	'../../../Tracking/models/Tracking/Tracking/Tracking/Tracking.xtuml');
INSERT INTO SPR_RS_PROXY
	VALUES ("9ca10bca-351d-4ce7-82a8-ff8fd49dce59",
	'unregisterListener',
	'',
	'',
	1,
	0,
	'../../../Tracking/models/Tracking/Tracking/Tracking/Tracking.xtuml');
INSERT INTO C_EP_PROXY
	VALUES ("f01801fe-af9f-473d-a9e1-c00a44758b05",
	"de38d4b0-e70e-49ee-a5b9-590645243ae5",
	-1,
	'unregisterListener',
	'',
	'../../../Location/models/Location/Location/Shared/LocationProvider/LocationProvider.xtuml');
INSERT INTO SPR_REP_PROXY
	VALUES ("120a1b90-a2f7-4c7d-ad96-d2df97e645e3",
	"663b286f-8496-44d7-b25c-9f9d0878f982",
	"903ebed3-e3c7-45a8-a5c4-9a97cc122b4a",
	'../../../Tracking/models/Tracking/Tracking/Tracking/Tracking.xtuml');
INSERT INTO SPR_RS_PROXY
	VALUES ("120a1b90-a2f7-4c7d-ad96-d2df97e645e3",
	'locationChanged',
	'',
	'::locationChanged( latitude:param.latitude, longitude:param.longitude );',
	1,
	0,
	'../../../Tracking/models/Tracking/Tracking/Tracking/Tracking.xtuml');
INSERT INTO C_EP_PROXY
	VALUES ("663b286f-8496-44d7-b25c-9f9d0878f982",
	"de38d4b0-e70e-49ee-a5b9-590645243ae5",
	-1,
	'locationChanged',
	'',
	'../../../Location/models/Location/Location/Shared/LocationProvider/LocationProvider.xtuml');
INSERT INTO C_I_PROXY
	VALUES ("de38d4b0-e70e-49ee-a5b9-590645243ae5",
	"00000000-0000-0000-0000-000000000000",
	'LocationProvider',
	'',
	'../../../Location/models/Location/Location/Shared/LocationProvider/LocationProvider.xtuml');
INSERT INTO C_PO_PROXY
	VALUES ("d00db55b-e6d1-4cde-a83e-09cfefdc2474",
	"7faca62d-bd68-4fa6-8c7d-c02d7890cba2",
	'LOC',
	0,
	0,
	'../../../Tracking/models/Tracking/Tracking/Tracking/Tracking.xtuml');
INSERT INTO C_AS_PROXY
	VALUES ("9043596d-b574-4d4f-9838-a687e9372290",
	'registerListener',
	'',
	0,
	"00000000-0000-0000-0000-000000000000",
	'../../../Location/models/Location/Location/Shared/LocationProvider/LocationProvider.xtuml');
INSERT INTO C_AS_PROXY
	VALUES ("f01801fe-af9f-473d-a9e1-c00a44758b05",
	'unregisterListener',
	'',
	0,
	"9043596d-b574-4d4f-9838-a687e9372290",
	'../../../Location/models/Location/Location/Shared/LocationProvider/LocationProvider.xtuml');
INSERT INTO C_AS_PROXY
	VALUES ("663b286f-8496-44d7-b25c-9f9d0878f982",
	'locationChanged',
	'',
	1,
	"f01801fe-af9f-473d-a9e1-c00a44758b05",
	'../../../Location/models/Location/Location/Shared/LocationProvider/LocationProvider.xtuml');
INSERT INTO C_PP_PROXY
	VALUES ("9f048e9d-7fb7-44c1-8021-9812c57c4fe7",
	"663b286f-8496-44d7-b25c-9f9d0878f982",
	"ba5eda7a-def5-0000-0000-000000000003",
	'latitude',
	'Latitude, expressed in decimal degrees, of the current position.',
	0,
	'',
	"00000000-0000-0000-0000-000000000000",
	'../../../Location/models/Location/Location/Shared/LocationProvider/LocationProvider.xtuml');
INSERT INTO C_PP_PROXY
	VALUES ("b9fdbd2b-ccf7-499d-908c-809c0a708682",
	"663b286f-8496-44d7-b25c-9f9d0878f982",
	"ba5eda7a-def5-0000-0000-000000000003",
	'longitude',
	'Longitude, expressed in decimal degrees, of the current position.',
	0,
	'',
	"9f048e9d-7fb7-44c1-8021-9812c57c4fe7",
	'../../../Location/models/Location/Location/Shared/LocationProvider/LocationProvider.xtuml');
INSERT INTO C_IR_PROXY
	VALUES ("6d9f788e-33ca-426f-89c5-0a0df10f6c39",
	"06e358bd-8488-4092-af9c-7c359b158f4d",
	"00000000-0000-0000-0000-000000000000",
	"19eaf11c-ec25-4b9a-a943-a0c8ce109545",
	'../../../Tracking/models/Tracking/Tracking/Tracking/Tracking.xtuml');
INSERT INTO C_R_PROXY
	VALUES ("6d9f788e-33ca-426f-89c5-0a0df10f6c39",
	'UI',
	'',
	'Unnamed Interface',
	'Tracking::UI::UI',
	'../../../Tracking/models/Tracking/Tracking/Tracking/Tracking.xtuml');
INSERT INTO SPR_REP_PROXY
	VALUES ("fde1ac80-c681-41a3-ac10-61ad63f69a11",
	"4733023e-4c69-4620-b5bf-a2e79b67fbc0",
	"6d9f788e-33ca-426f-89c5-0a0df10f6c39",
	'../../../Tracking/models/Tracking/Tracking/Tracking/Tracking.xtuml');
INSERT INTO SPR_RS_PROXY
	VALUES ("fde1ac80-c681-41a3-ac10-61ad63f69a11",
	'setTime',
	'',
	'',
	1,
	0,
	'../../../Tracking/models/Tracking/Tracking/Tracking/Tracking.xtuml');
INSERT INTO SPR_REP_PROXY
	VALUES ("b714be27-ba5e-45b5-ba00-6941711f7b7c",
	"b951d79d-a853-44d9-a2d5-4c26cfc7dc70",
	"6d9f788e-33ca-426f-89c5-0a0df10f6c39",
	'../../../Tracking/models/Tracking/Tracking/Tracking/Tracking.xtuml');
INSERT INTO SPR_RS_PROXY
	VALUES ("b714be27-ba5e-45b5-ba00-6941711f7b7c",
	'setData',
	'',
	'',
	1,
	0,
	'../../../Tracking/models/Tracking/Tracking/Tracking/Tracking.xtuml');
INSERT INTO SPR_REP_PROXY
	VALUES ("4431a269-cb83-4b90-b711-1e0484a9cf52",
	"5ca515d4-2e83-4632-b040-ee98f9ef2a4e",
	"6d9f788e-33ca-426f-89c5-0a0df10f6c39",
	'../../../Tracking/models/Tracking/Tracking/Tracking/Tracking.xtuml');
INSERT INTO SPR_RS_PROXY
	VALUES ("4431a269-cb83-4b90-b711-1e0484a9cf52",
	'setIndicator',
	'',
	'',
	1,
	0,
	'../../../Tracking/models/Tracking/Tracking/Tracking/Tracking.xtuml');
INSERT INTO SPR_REP_PROXY
	VALUES ("1e0a565b-7282-4f3c-9c8d-1c2ec813455e",
	"6254528a-deb6-494e-889f-c3251a439e85",
	"6d9f788e-33ca-426f-89c5-0a0df10f6c39",
	'../../../Tracking/models/Tracking/Tracking/Tracking/Tracking.xtuml');
INSERT INTO SPR_RS_PROXY
	VALUES ("1e0a565b-7282-4f3c-9c8d-1c2ec813455e",
	'setTargetPressed',
	'',
	'::setTargetPressed();',
	1,
	0,
	'../../../Tracking/models/Tracking/Tracking/Tracking/Tracking.xtuml');
INSERT INTO SPR_REP_PROXY
	VALUES ("a49df3bd-fe1b-40ea-b5aa-dc318a14793a",
	"33261358-e34d-422e-ac5e-64694cb5c8be",
	"6d9f788e-33ca-426f-89c5-0a0df10f6c39",
	'../../../Tracking/models/Tracking/Tracking/Tracking/Tracking.xtuml');
INSERT INTO SPR_RS_PROXY
	VALUES ("a49df3bd-fe1b-40ea-b5aa-dc318a14793a",
	'startStopPressed',
	'',
	'::startStopPressed();',
	1,
	0,
	'../../../Tracking/models/Tracking/Tracking/Tracking/Tracking.xtuml');
INSERT INTO SPR_REP_PROXY
	VALUES ("74d94e35-aaf8-497b-bd82-0e2b77389a3d",
	"589b2128-3828-478d-bf59-1bf4f00ff7e2",
	"6d9f788e-33ca-426f-89c5-0a0df10f6c39",
	'../../../Tracking/models/Tracking/Tracking/Tracking/Tracking.xtuml');
INSERT INTO SPR_RS_PROXY
	VALUES ("74d94e35-aaf8-497b-bd82-0e2b77389a3d",
	'lapResetPressed',
	'',
	'::lapResetPressed();',
	1,
	0,
	'../../../Tracking/models/Tracking/Tracking/Tracking/Tracking.xtuml');
INSERT INTO SPR_REP_PROXY
	VALUES ("f47e6dfb-5655-4503-a7b4-a4ff23bf71ee",
	"a06f7f09-a3fb-40d8-bedd-21e8ed14a6fe",
	"6d9f788e-33ca-426f-89c5-0a0df10f6c39",
	'../../../Tracking/models/Tracking/Tracking/Tracking/Tracking.xtuml');
INSERT INTO SPR_RS_PROXY
	VALUES ("f47e6dfb-5655-4503-a7b4-a4ff23bf71ee",
	'lightPressed',
	'',
	'::lightPressed();',
	1,
	0,
	'../../../Tracking/models/Tracking/Tracking/Tracking/Tracking.xtuml');
INSERT INTO SPR_REP_PROXY
	VALUES ("66158cf6-37a8-4620-9451-86f434d9df24",
	"77337936-fbfd-4e50-af18-4ae2c1684ada",
	"6d9f788e-33ca-426f-89c5-0a0df10f6c39",
	'../../../Tracking/models/Tracking/Tracking/Tracking/Tracking.xtuml');
INSERT INTO SPR_RS_PROXY
	VALUES ("66158cf6-37a8-4620-9451-86f434d9df24",
	'modePressed',
	'',
	'::modePressed();',
	1,
	0,
	'../../../Tracking/models/Tracking/Tracking/Tracking/Tracking.xtuml');
INSERT INTO SPR_REP_PROXY
	VALUES ("89315a75-e5c9-4302-b730-a0dfd6b4143f",
	"45a6e44b-1246-4ab3-893d-a1761853347b",
	"6d9f788e-33ca-426f-89c5-0a0df10f6c39",
	'../../../Tracking/models/Tracking/Tracking/Tracking/Tracking.xtuml');
INSERT INTO SPR_RS_PROXY
	VALUES ("89315a75-e5c9-4302-b730-a0dfd6b4143f",
	'newGoalSpec',
	'',
	'::newGoalSpec( spanType:param.spanType, criteriaType:param.criteriaType, span:param.span, maximum:param.maximum, minimum:param.minimum, sequenceNumber:param.sequenceNumber );',
	1,
	0,
	'../../../Tracking/models/Tracking/Tracking/Tracking/Tracking.xtuml');
INSERT INTO C_PO_PROXY
	VALUES ("19eaf11c-ec25-4b9a-a943-a0c8ce109545",
	"7faca62d-bd68-4fa6-8c7d-c02d7890cba2",
	'UI',
	0,
	0,
	'../../../Tracking/models/Tracking/Tracking/Tracking/Tracking.xtuml');
INSERT INTO C_IR_PROXY
	VALUES ("5659a879-3ecf-47ee-99d2-11f373c4a8b8",
	"203a4287-09f9-4c6c-97fa-12e9ac462a4e",
	"00000000-0000-0000-0000-000000000000",
	"251e195a-8675-48a9-88f3-91492d685109",
	'../../../HeartRateMonitor/models/HeartRateMonitor/HeartRateMonitor/HeartRateMonitor/HeartRateMonitor.xtuml');
INSERT INTO C_P_PROXY
	VALUES ("5659a879-3ecf-47ee-99d2-11f373c4a8b8",
	'HeartRateProvider',
	'Unnamed Interface',
	'',
	'HeartRateMonitor::HR::HeartRateProvider',
	'../../../HeartRateMonitor/models/HeartRateMonitor/HeartRateMonitor/HeartRateMonitor/HeartRateMonitor.xtuml');
INSERT INTO SPR_PEP_PROXY
	VALUES ("beabeb6b-7916-4806-a83b-ad5dcb1e2952",
	"237b9594-3ca5-4339-ab89-e1148acb6c69",
	"5659a879-3ecf-47ee-99d2-11f373c4a8b8",
	'../../../HeartRateMonitor/models/HeartRateMonitor/HeartRateMonitor/HeartRateMonitor/HeartRateMonitor.xtuml');
INSERT INTO SPR_PS_PROXY
	VALUES ("beabeb6b-7916-4806-a83b-ad5dcb1e2952",
	'registerListener',
	'',
	'::registerListener();',
	1,
	0,
	'../../../HeartRateMonitor/models/HeartRateMonitor/HeartRateMonitor/HeartRateMonitor/HeartRateMonitor.xtuml');
INSERT INTO SPR_PEP_PROXY
	VALUES ("453032a5-c340-459e-ae7d-901388e3d22a",
	"3ec7f152-2ffa-4fdc-bfe5-9a0cd32fca43",
	"5659a879-3ecf-47ee-99d2-11f373c4a8b8",
	'../../../HeartRateMonitor/models/HeartRateMonitor/HeartRateMonitor/HeartRateMonitor/HeartRateMonitor.xtuml');
INSERT INTO SPR_PS_PROXY
	VALUES ("453032a5-c340-459e-ae7d-901388e3d22a",
	'unregisterListener',
	'',
	'::unregisterListener();',
	1,
	0,
	'../../../HeartRateMonitor/models/HeartRateMonitor/HeartRateMonitor/HeartRateMonitor/HeartRateMonitor.xtuml');
INSERT INTO SPR_PEP_PROXY
	VALUES ("fb3d7511-78c9-4e24-8d39-25c5a3a35d1d",
	"ab097b0e-b676-4f90-b952-cb9927d0c8c3",
	"5659a879-3ecf-47ee-99d2-11f373c4a8b8",
	'../../../HeartRateMonitor/models/HeartRateMonitor/HeartRateMonitor/HeartRateMonitor/HeartRateMonitor.xtuml');
INSERT INTO SPR_PS_PROXY
	VALUES ("fb3d7511-78c9-4e24-8d39-25c5a3a35d1d",
	'heartRateChanged',
	'',
	'',
	1,
	0,
	'../../../HeartRateMonitor/models/HeartRateMonitor/HeartRateMonitor/HeartRateMonitor/HeartRateMonitor.xtuml');
INSERT INTO C_PO_PROXY
	VALUES ("251e195a-8675-48a9-88f3-91492d685109",
	"fff30510-d90f-4286-962f-f99732ae7c5a",
	'HR',
	0,
	0,
	'../../../HeartRateMonitor/models/HeartRateMonitor/HeartRateMonitor/HeartRateMonitor/HeartRateMonitor.xtuml');
INSERT INTO C_C_PROXY
	VALUES ("fff30510-d90f-4286-962f-f99732ae7c5a",
	"00000000-0000-0000-0000-000000000000",
	"00000000-0000-0000-0000-000000000000",
	'HeartRateMonitor',
	'Simulates a pulse monitor hardware/firmware. This component is only behavioral and included for testing purposes.',
	0,
	"00000000-0000-0000-0000-000000000000",
	0,
	'',
	'../../../HeartRateMonitor/models/HeartRateMonitor/HeartRateMonitor/HeartRateMonitor/HeartRateMonitor.xtuml');
INSERT INTO PE_PE_PROXY
	VALUES ("fff30510-d90f-4286-962f-f99732ae7c5a",
	1,
	"2b0c8fd6-d69a-4306-9ef2-2fa3c850b738",
	"00000000-0000-0000-0000-000000000000",
	2,
	'../../../HeartRateMonitor/models/HeartRateMonitor/HeartRateMonitor/HeartRateMonitor/HeartRateMonitor.xtuml');
INSERT INTO C_IR_PROXY
	VALUES ("f5aac2f0-f369-43f5-9c93-082599586590",
	"de38d4b0-e70e-49ee-a5b9-590645243ae5",
	"00000000-0000-0000-0000-000000000000",
	"e0c03225-6067-49eb-8ee3-2cfa4f1e90cf",
	'../../../Location/models/Location/Location/Location/Location.xtuml');
INSERT INTO C_P_PROXY
	VALUES ("f5aac2f0-f369-43f5-9c93-082599586590",
	'LocationProvider',
	'Unnamed Interface',
	'',
	'Location::LOC::LocationProvider',
	'../../../Location/models/Location/Location/Location/Location.xtuml');
INSERT INTO SPR_PEP_PROXY
	VALUES ("1d884cb7-62b6-462f-be30-26a5514e6f16",
	"9043596d-b574-4d4f-9838-a687e9372290",
	"f5aac2f0-f369-43f5-9c93-082599586590",
	'../../../Location/models/Location/Location/Location/Location.xtuml');
INSERT INTO SPR_PS_PROXY
	VALUES ("1d884cb7-62b6-462f-be30-26a5514e6f16",
	'registerListener',
	'',
	'::registerListener();',
	1,
	0,
	'../../../Location/models/Location/Location/Location/Location.xtuml');
INSERT INTO SPR_PEP_PROXY
	VALUES ("c0944bb8-d030-4d3a-a5e6-0328cce2c496",
	"f01801fe-af9f-473d-a9e1-c00a44758b05",
	"f5aac2f0-f369-43f5-9c93-082599586590",
	'../../../Location/models/Location/Location/Location/Location.xtuml');
INSERT INTO SPR_PS_PROXY
	VALUES ("c0944bb8-d030-4d3a-a5e6-0328cce2c496",
	'unregisterListener',
	'',
	'::unregisterListener();',
	1,
	0,
	'../../../Location/models/Location/Location/Location/Location.xtuml');
INSERT INTO SPR_PEP_PROXY
	VALUES ("6c018661-d89f-423f-8b3c-acccff978a5d",
	"663b286f-8496-44d7-b25c-9f9d0878f982",
	"f5aac2f0-f369-43f5-9c93-082599586590",
	'../../../Location/models/Location/Location/Location/Location.xtuml');
INSERT INTO SPR_PS_PROXY
	VALUES ("6c018661-d89f-423f-8b3c-acccff978a5d",
	'locationChanged',
	'',
	'',
	1,
	0,
	'../../../Location/models/Location/Location/Location/Location.xtuml');
INSERT INTO C_PO_PROXY
	VALUES ("e0c03225-6067-49eb-8ee3-2cfa4f1e90cf",
	"2a5126a3-4272-42f2-810c-07c57c5a58d1",
	'LOC',
	0,
	0,
	'../../../Location/models/Location/Location/Location/Location.xtuml');
INSERT INTO C_C_PROXY
	VALUES ("2a5126a3-4272-42f2-810c-07c57c5a58d1",
	"00000000-0000-0000-0000-000000000000",
	"00000000-0000-0000-0000-000000000000",
	'Location',
	'Simulates a the GPS hardware/firmware. This component is only behavioral and included for testing purposes.',
	0,
	"00000000-0000-0000-0000-000000000000",
	0,
	'',
	'../../../Location/models/Location/Location/Location/Location.xtuml');
INSERT INTO PE_PE_PROXY
	VALUES ("2a5126a3-4272-42f2-810c-07c57c5a58d1",
	1,
	"3442a0b8-254c-4c11-98f8-286f882f6f97",
	"00000000-0000-0000-0000-000000000000",
	2,
	'../../../Location/models/Location/Location/Location/Location.xtuml');
-- root-types-contained: SystemModel_c
-- BP 7.1 content: StreamData syschar: 3 persistence-version: 7.1.6

INSERT INTO S_SYS
	VALUES ("f6183599-e913-4960-ac9a-ad495a6db59f",
	'Tracking',
	1);
INSERT INTO EP_PKG
	VALUES ("45a02e0a-7a50-4803-b943-a9e0c2ab6c1d",
	"f6183599-e913-4960-ac9a-ad495a6db59f",
	"f6183599-e913-4960-ac9a-ad495a6db59f",
	'Tracking',
	'',
	0);
INSERT INTO PE_PE
	VALUES ("7faca62d-bd68-4fa6-8c7d-c02d7890cba2",
	1,
	"45a02e0a-7a50-4803-b943-a9e0c2ab6c1d",
	"00000000-0000-0000-0000-000000000000",
	2);
INSERT INTO C_C
	VALUES ("7faca62d-bd68-4fa6-8c7d-c02d7890cba2",
	"00000000-0000-0000-0000-000000000000",
	"00000000-0000-0000-0000-000000000000",
	'Tracking',
	'The Tracking component encapsulates the entire application software. This is the 
only component in the system from which code will be generated for the final 
product.',
	0,
	"00000000-0000-0000-0000-000000000000",
	0,
	'');
INSERT INTO C_PO
	VALUES ("27ecb3f0-b295-472c-b64f-1d0b2042b174",
	"7faca62d-bd68-4fa6-8c7d-c02d7890cba2",
	'HR',
	0,
	0);
INSERT INTO C_IR
	VALUES ("fb79b95c-658f-4a18-8e10-59eb4741d46f",
	"203a4287-09f9-4c6c-97fa-12e9ac462a4e",
	"00000000-0000-0000-0000-000000000000",
	"27ecb3f0-b295-472c-b64f-1d0b2042b174");
INSERT INTO C_R
	VALUES ("fb79b95c-658f-4a18-8e10-59eb4741d46f",
	'HeartRateProvider',
	'',
	'Unnamed Interface',
	'Tracking::HR::HeartRateProvider');
INSERT INTO SPR_REP
	VALUES ("4cbd0d8d-2de2-40fa-9802-9b1dcfd37e12",
	"237b9594-3ca5-4339-ab89-e1148acb6c69",
	"fb79b95c-658f-4a18-8e10-59eb4741d46f");
INSERT INTO SPR_RS
	VALUES ("4cbd0d8d-2de2-40fa-9802-9b1dcfd37e12",
	'registerListener',
	'',
	'',
	1,
	0);
INSERT INTO ACT_RSB
	VALUES ("fa95bbc0-32c5-4267-a2ee-9f8cd0660e71",
	"4cbd0d8d-2de2-40fa-9802-9b1dcfd37e12");
INSERT INTO ACT_ACT
	VALUES ("fa95bbc0-32c5-4267-a2ee-9f8cd0660e71",
	'signal',
	0,
	"75c05147-f16d-4c39-b470-3a05a048995c",
	"00000000-0000-0000-0000-000000000000",
	0,
	'HR::HeartRateProvider::registerListener',
	"00000000-0000-0000-0000-000000000000");
INSERT INTO ACT_BLK
	VALUES ("75c05147-f16d-4c39-b470-3a05a048995c",
	0,
	0,
	0,
	'',
	'',
	'',
	0,
	0,
	0,
	0,
	0,
	0,
	0,
	0,
	0,
	0,
	0,
	0,
	0,
	"fa95bbc0-32c5-4267-a2ee-9f8cd0660e71",
	"00000000-0000-0000-0000-000000000000");
INSERT INTO SPR_REP
	VALUES ("9142bc73-5b7d-4f48-8af1-137a738f59f5",
	"3ec7f152-2ffa-4fdc-bfe5-9a0cd32fca43",
	"fb79b95c-658f-4a18-8e10-59eb4741d46f");
INSERT INTO SPR_RS
	VALUES ("9142bc73-5b7d-4f48-8af1-137a738f59f5",
	'unregisterListener',
	'',
	'',
	1,
	0);
INSERT INTO ACT_RSB
	VALUES ("b765c378-09d7-4e61-a0f1-55a4dd7c51f6",
	"9142bc73-5b7d-4f48-8af1-137a738f59f5");
INSERT INTO ACT_ACT
	VALUES ("b765c378-09d7-4e61-a0f1-55a4dd7c51f6",
	'signal',
	0,
	"3634806c-5be8-45bf-828a-ce9df37ea8db",
	"00000000-0000-0000-0000-000000000000",
	0,
	'HR::HeartRateProvider::unregisterListener',
	"00000000-0000-0000-0000-000000000000");
INSERT INTO ACT_BLK
	VALUES ("3634806c-5be8-45bf-828a-ce9df37ea8db",
	0,
	0,
	0,
	'',
	'',
	'',
	0,
	0,
	0,
	0,
	0,
	0,
	0,
	0,
	0,
	0,
	0,
	0,
	0,
	"b765c378-09d7-4e61-a0f1-55a4dd7c51f6",
	"00000000-0000-0000-0000-000000000000");
INSERT INTO SPR_REP
	VALUES ("213e63b6-745f-4b4e-a4a7-53564e4344be",
	"ab097b0e-b676-4f90-b952-cb9927d0c8c3",
	"fb79b95c-658f-4a18-8e10-59eb4741d46f");
INSERT INTO SPR_RS
	VALUES ("213e63b6-745f-4b4e-a4a7-53564e4344be",
	'heartRateChanged',
	'',
	'::heartRateChanged( heartRate:param.heartRate );',
	1,
	0);
INSERT INTO ACT_RSB
	VALUES ("0faa4d18-f546-4a89-830c-1b45f2d201c5",
	"213e63b6-745f-4b4e-a4a7-53564e4344be");
INSERT INTO ACT_ACT
	VALUES ("0faa4d18-f546-4a89-830c-1b45f2d201c5",
	'signal',
	0,
	"30372765-63af-4de4-8b48-49e497c635ee",
	"00000000-0000-0000-0000-000000000000",
	0,
	'HR::HeartRateProvider::heartRateChanged',
	"00000000-0000-0000-0000-000000000000");
INSERT INTO ACT_BLK
	VALUES ("30372765-63af-4de4-8b48-49e497c635ee",
	0,
	0,
	0,
	'',
	'',
	'',
	1,
	1,
	0,
	0,
	0,
	0,
	0,
	0,
	0,
	0,
	0,
	0,
	0,
	"0faa4d18-f546-4a89-830c-1b45f2d201c5",
	"00000000-0000-0000-0000-000000000000");
INSERT INTO ACT_SMT
	VALUES ("8e4c009d-32ac-45b7-9ea1-2f18f0bc8d49",
	"30372765-63af-4de4-8b48-49e497c635ee",
	"00000000-0000-0000-0000-000000000000",
	1,
	1,
	'HR::HeartRateProvider::heartRateChanged line: 1');
INSERT INTO ACT_FNC
	VALUES ("8e4c009d-32ac-45b7-9ea1-2f18f0bc8d49",
	"6a867eb5-2ed9-4284-891f-cfd24cc9c660",
	1,
	3);
INSERT INTO V_VAL
	VALUES ("e3ab2f58-0aa3-492c-b080-6ec4c0e0b336",
	0,
	0,
	1,
	37,
	45,
	0,
	0,
	0,
	0,
	"ba5eda7a-def5-0000-0000-000000000002",
	"30372765-63af-4de4-8b48-49e497c635ee");
INSERT INTO V_PVL
	VALUES ("e3ab2f58-0aa3-492c-b080-6ec4c0e0b336",
	"00000000-0000-0000-0000-000000000000",
	"00000000-0000-0000-0000-000000000000",
	"00000000-0000-0000-0000-000000000000",
	"4857863e-2bfe-4eb5-b712-82a8ce9965a8");
INSERT INTO V_PAR
	VALUES ("e3ab2f58-0aa3-492c-b080-6ec4c0e0b336",
	"8e4c009d-32ac-45b7-9ea1-2f18f0bc8d49",
	"00000000-0000-0000-0000-000000000000",
	'heartRate',
	"00000000-0000-0000-0000-000000000000",
	1,
	21);
INSERT INTO C_PO
	VALUES ("d00db55b-e6d1-4cde-a83e-09cfefdc2474",
	"7faca62d-bd68-4fa6-8c7d-c02d7890cba2",
	'LOC',
	0,
	0);
INSERT INTO C_IR
	VALUES ("903ebed3-e3c7-45a8-a5c4-9a97cc122b4a",
	"de38d4b0-e70e-49ee-a5b9-590645243ae5",
	"00000000-0000-0000-0000-000000000000",
	"d00db55b-e6d1-4cde-a83e-09cfefdc2474");
INSERT INTO C_R
	VALUES ("903ebed3-e3c7-45a8-a5c4-9a97cc122b4a",
	'LocationProvider',
	'',
	'Unnamed Interface',
	'Tracking::LOC::LocationProvider');
INSERT INTO SPR_REP
	VALUES ("0c65d576-9625-4911-a6bf-eeee00bc43c6",
	"9043596d-b574-4d4f-9838-a687e9372290",
	"903ebed3-e3c7-45a8-a5c4-9a97cc122b4a");
INSERT INTO SPR_RS
	VALUES ("0c65d576-9625-4911-a6bf-eeee00bc43c6",
	'registerListener',
	'',
	'',
	1,
	0);
INSERT INTO ACT_RSB
	VALUES ("1f98fcb2-e43d-4e18-9f17-b15123ccb2b6",
	"0c65d576-9625-4911-a6bf-eeee00bc43c6");
INSERT INTO ACT_ACT
	VALUES ("1f98fcb2-e43d-4e18-9f17-b15123ccb2b6",
	'signal',
	0,
	"8860df43-fe13-44a8-941f-8ace5ddef052",
	"00000000-0000-0000-0000-000000000000",
	0,
	'LOC::LocationProvider::registerListener',
	"00000000-0000-0000-0000-000000000000");
INSERT INTO ACT_BLK
	VALUES ("8860df43-fe13-44a8-941f-8ace5ddef052",
	0,
	0,
	0,
	'',
	'',
	'',
	0,
	0,
	0,
	0,
	0,
	0,
	0,
	0,
	0,
	0,
	0,
	0,
	0,
	"1f98fcb2-e43d-4e18-9f17-b15123ccb2b6",
	"00000000-0000-0000-0000-000000000000");
INSERT INTO SPR_REP
	VALUES ("9ca10bca-351d-4ce7-82a8-ff8fd49dce59",
	"f01801fe-af9f-473d-a9e1-c00a44758b05",
	"903ebed3-e3c7-45a8-a5c4-9a97cc122b4a");
INSERT INTO SPR_RS
	VALUES ("9ca10bca-351d-4ce7-82a8-ff8fd49dce59",
	'unregisterListener',
	'',
	'',
	1,
	0);
INSERT INTO ACT_RSB
	VALUES ("a3c7d893-b460-40b1-bbf0-b980d6da1990",
	"9ca10bca-351d-4ce7-82a8-ff8fd49dce59");
INSERT INTO ACT_ACT
	VALUES ("a3c7d893-b460-40b1-bbf0-b980d6da1990",
	'signal',
	0,
	"79dea010-8032-4283-a353-36eefe56c9c7",
	"00000000-0000-0000-0000-000000000000",
	0,
	'LOC::LocationProvider::unregisterListener',
	"00000000-0000-0000-0000-000000000000");
INSERT INTO ACT_BLK
	VALUES ("79dea010-8032-4283-a353-36eefe56c9c7",
	0,
	0,
	0,
	'',
	'',
	'',
	0,
	0,
	0,
	0,
	0,
	0,
	0,
	0,
	0,
	0,
	0,
	0,
	0,
	"a3c7d893-b460-40b1-bbf0-b980d6da1990",
	"00000000-0000-0000-0000-000000000000");
INSERT INTO SPR_REP
	VALUES ("120a1b90-a2f7-4c7d-ad96-d2df97e645e3",
	"663b286f-8496-44d7-b25c-9f9d0878f982",
	"903ebed3-e3c7-45a8-a5c4-9a97cc122b4a");
INSERT INTO SPR_RS
	VALUES ("120a1b90-a2f7-4c7d-ad96-d2df97e645e3",
	'locationChanged',
	'',
	'::locationChanged( latitude:param.latitude, longitude:param.longitude );',
	1,
	0);
INSERT INTO ACT_RSB
	VALUES ("8e0bbc26-455f-41ea-9b0a-e811b4c0337a",
	"120a1b90-a2f7-4c7d-ad96-d2df97e645e3");
INSERT INTO ACT_ACT
	VALUES ("8e0bbc26-455f-41ea-9b0a-e811b4c0337a",
	'signal',
	0,
	"31128223-8e5e-4e41-a68a-423b9114503f",
	"00000000-0000-0000-0000-000000000000",
	0,
	'LOC::LocationProvider::locationChanged',
	"00000000-0000-0000-0000-000000000000");
INSERT INTO ACT_BLK
	VALUES ("31128223-8e5e-4e41-a68a-423b9114503f",
	0,
	0,
	0,
	'',
	'',
	'',
	1,
	1,
	0,
	0,
	0,
	0,
	0,
	0,
	0,
	0,
	0,
	0,
	0,
	"8e0bbc26-455f-41ea-9b0a-e811b4c0337a",
	"00000000-0000-0000-0000-000000000000");
INSERT INTO ACT_SMT
	VALUES ("e4f76e18-c49b-4896-ba3e-8c0a20fd440b",
	"31128223-8e5e-4e41-a68a-423b9114503f",
	"00000000-0000-0000-0000-000000000000",
	1,
	1,
	'LOC::LocationProvider::locationChanged line: 1');
INSERT INTO ACT_FNC
	VALUES ("e4f76e18-c49b-4896-ba3e-8c0a20fd440b",
	"0a569d47-a387-4f09-bbbd-615971f150eb",
	1,
	3);
INSERT INTO V_VAL
	VALUES ("d1679ba2-cfc9-4735-a8dd-f923f28b1b94",
	0,
	0,
	1,
	35,
	42,
	0,
	0,
	0,
	0,
	"ba5eda7a-def5-0000-0000-000000000003",
	"31128223-8e5e-4e41-a68a-423b9114503f");
INSERT INTO V_PVL
	VALUES ("d1679ba2-cfc9-4735-a8dd-f923f28b1b94",
	"00000000-0000-0000-0000-000000000000",
	"00000000-0000-0000-0000-000000000000",
	"00000000-0000-0000-0000-000000000000",
	"9f048e9d-7fb7-44c1-8021-9812c57c4fe7");
INSERT INTO V_PAR
	VALUES ("d1679ba2-cfc9-4735-a8dd-f923f28b1b94",
	"e4f76e18-c49b-4896-ba3e-8c0a20fd440b",
	"00000000-0000-0000-0000-000000000000",
	'latitude',
	"780a51d2-133b-4ff0-9689-0968c90ccb58",
	1,
	20);
INSERT INTO V_VAL
	VALUES ("780a51d2-133b-4ff0-9689-0968c90ccb58",
	0,
	0,
	1,
	61,
	69,
	0,
	0,
	0,
	0,
	"ba5eda7a-def5-0000-0000-000000000003",
	"31128223-8e5e-4e41-a68a-423b9114503f");
INSERT INTO V_PVL
	VALUES ("780a51d2-133b-4ff0-9689-0968c90ccb58",
	"00000000-0000-0000-0000-000000000000",
	"00000000-0000-0000-0000-000000000000",
	"00000000-0000-0000-0000-000000000000",
	"b9fdbd2b-ccf7-499d-908c-809c0a708682");
INSERT INTO V_PAR
	VALUES ("780a51d2-133b-4ff0-9689-0968c90ccb58",
	"e4f76e18-c49b-4896-ba3e-8c0a20fd440b",
	"00000000-0000-0000-0000-000000000000",
	'longitude',
	"00000000-0000-0000-0000-000000000000",
	1,
	45);
INSERT INTO C_PO
	VALUES ("19eaf11c-ec25-4b9a-a943-a0c8ce109545",
	"7faca62d-bd68-4fa6-8c7d-c02d7890cba2",
	'UI',
	0,
	0);
INSERT INTO C_IR
	VALUES ("6d9f788e-33ca-426f-89c5-0a0df10f6c39",
	"06e358bd-8488-4092-af9c-7c359b158f4d",
	"00000000-0000-0000-0000-000000000000",
	"19eaf11c-ec25-4b9a-a943-a0c8ce109545");
INSERT INTO C_R
	VALUES ("6d9f788e-33ca-426f-89c5-0a0df10f6c39",
	'UI',
	'',
	'Unnamed Interface',
	'Tracking::UI::UI');
INSERT INTO SPR_REP
	VALUES ("fde1ac80-c681-41a3-ac10-61ad63f69a11",
	"4733023e-4c69-4620-b5bf-a2e79b67fbc0",
	"6d9f788e-33ca-426f-89c5-0a0df10f6c39");
INSERT INTO SPR_RS
	VALUES ("fde1ac80-c681-41a3-ac10-61ad63f69a11",
	'setTime',
	'',
	'',
	1,
	0);
INSERT INTO ACT_RSB
	VALUES ("b0d5763c-3138-4abb-a09a-1c9854a2ec5a",
	"fde1ac80-c681-41a3-ac10-61ad63f69a11");
INSERT INTO ACT_ACT
	VALUES ("b0d5763c-3138-4abb-a09a-1c9854a2ec5a",
	'signal',
	0,
	"3a89fa9f-cffd-412b-8755-c4c39c2422af",
	"00000000-0000-0000-0000-000000000000",
	0,
	'UI::UI::setTime',
	"00000000-0000-0000-0000-000000000000");
INSERT INTO ACT_BLK
	VALUES ("3a89fa9f-cffd-412b-8755-c4c39c2422af",
	0,
	0,
	0,
	'',
	'',
	'',
	0,
	0,
	0,
	0,
	0,
	0,
	0,
	0,
	0,
	0,
	0,
	0,
	0,
	"b0d5763c-3138-4abb-a09a-1c9854a2ec5a",
	"00000000-0000-0000-0000-000000000000");
INSERT INTO SPR_REP
	VALUES ("b714be27-ba5e-45b5-ba00-6941711f7b7c",
	"b951d79d-a853-44d9-a2d5-4c26cfc7dc70",
	"6d9f788e-33ca-426f-89c5-0a0df10f6c39");
INSERT INTO SPR_RS
	VALUES ("b714be27-ba5e-45b5-ba00-6941711f7b7c",
	'setData',
	'',
	'',
	1,
	0);
INSERT INTO ACT_RSB
	VALUES ("fbbbaa95-7713-461e-83d8-fdd08fbf3b2f",
	"b714be27-ba5e-45b5-ba00-6941711f7b7c");
INSERT INTO ACT_ACT
	VALUES ("fbbbaa95-7713-461e-83d8-fdd08fbf3b2f",
	'signal',
	0,
	"d89a926a-1170-4222-bbf8-4b9c6f680b93",
	"00000000-0000-0000-0000-000000000000",
	0,
	'UI::UI::setData',
	"00000000-0000-0000-0000-000000000000");
INSERT INTO ACT_BLK
	VALUES ("d89a926a-1170-4222-bbf8-4b9c6f680b93",
	0,
	0,
	0,
	'',
	'',
	'',
	0,
	0,
	0,
	0,
	0,
	0,
	0,
	0,
	0,
	0,
	0,
	0,
	0,
	"fbbbaa95-7713-461e-83d8-fdd08fbf3b2f",
	"00000000-0000-0000-0000-000000000000");
INSERT INTO SPR_REP
	VALUES ("4431a269-cb83-4b90-b711-1e0484a9cf52",
	"5ca515d4-2e83-4632-b040-ee98f9ef2a4e",
	"6d9f788e-33ca-426f-89c5-0a0df10f6c39");
INSERT INTO SPR_RS
	VALUES ("4431a269-cb83-4b90-b711-1e0484a9cf52",
	'setIndicator',
	'',
	'',
	1,
	0);
INSERT INTO ACT_RSB
	VALUES ("e406da2e-fa78-4308-a9f9-a2b15d52286f",
	"4431a269-cb83-4b90-b711-1e0484a9cf52");
INSERT INTO ACT_ACT
	VALUES ("e406da2e-fa78-4308-a9f9-a2b15d52286f",
	'signal',
	0,
	"5093c447-f542-432d-b718-3df6d8b3dfda",
	"00000000-0000-0000-0000-000000000000",
	0,
	'UI::UI::setIndicator',
	"00000000-0000-0000-0000-000000000000");
INSERT INTO ACT_BLK
	VALUES ("5093c447-f542-432d-b718-3df6d8b3dfda",
	0,
	0,
	0,
	'',
	'',
	'',
	0,
	0,
	0,
	0,
	0,
	0,
	0,
	0,
	0,
	0,
	0,
	0,
	0,
	"e406da2e-fa78-4308-a9f9-a2b15d52286f",
	"00000000-0000-0000-0000-000000000000");
INSERT INTO SPR_REP
	VALUES ("1e0a565b-7282-4f3c-9c8d-1c2ec813455e",
	"6254528a-deb6-494e-889f-c3251a439e85",
	"6d9f788e-33ca-426f-89c5-0a0df10f6c39");
INSERT INTO SPR_RS
	VALUES ("1e0a565b-7282-4f3c-9c8d-1c2ec813455e",
	'setTargetPressed',
	'',
	'::setTargetPressed();',
	1,
	0);
INSERT INTO ACT_RSB
	VALUES ("e33155a5-0058-407a-ac7c-3ec5b2f04d97",
	"1e0a565b-7282-4f3c-9c8d-1c2ec813455e");
INSERT INTO ACT_ACT
	VALUES ("e33155a5-0058-407a-ac7c-3ec5b2f04d97",
	'signal',
	0,
	"4983289c-3ddb-4ddc-a428-d2d7ccbcd312",
	"00000000-0000-0000-0000-000000000000",
	0,
	'UI::UI::setTargetPressed',
	"00000000-0000-0000-0000-000000000000");
INSERT INTO ACT_BLK
	VALUES ("4983289c-3ddb-4ddc-a428-d2d7ccbcd312",
	0,
	0,
	0,
	'',
	'',
	'',
	1,
	1,
	0,
	0,
	0,
	0,
	0,
	0,
	0,
	0,
	0,
	0,
	0,
	"e33155a5-0058-407a-ac7c-3ec5b2f04d97",
	"00000000-0000-0000-0000-000000000000");
INSERT INTO ACT_SMT
	VALUES ("5f0e397b-d615-45c9-99bb-22a2e31e43d5",
	"4983289c-3ddb-4ddc-a428-d2d7ccbcd312",
	"00000000-0000-0000-0000-000000000000",
	1,
	1,
	'UI::UI::setTargetPressed line: 1');
INSERT INTO ACT_FNC
	VALUES ("5f0e397b-d615-45c9-99bb-22a2e31e43d5",
	"3057893e-40f7-4b65-ad5c-84daa26a0d7e",
	1,
	3);
INSERT INTO SPR_REP
	VALUES ("a49df3bd-fe1b-40ea-b5aa-dc318a14793a",
	"33261358-e34d-422e-ac5e-64694cb5c8be",
	"6d9f788e-33ca-426f-89c5-0a0df10f6c39");
INSERT INTO SPR_RS
	VALUES ("a49df3bd-fe1b-40ea-b5aa-dc318a14793a",
	'startStopPressed',
	'',
	'::startStopPressed();',
	1,
	0);
INSERT INTO ACT_RSB
	VALUES ("dfd7bdbb-f473-4a1f-84cd-c9e4bfcd77fc",
	"a49df3bd-fe1b-40ea-b5aa-dc318a14793a");
INSERT INTO ACT_ACT
	VALUES ("dfd7bdbb-f473-4a1f-84cd-c9e4bfcd77fc",
	'signal',
	0,
	"11c6dffa-753f-4311-9806-b9ef79a328c8",
	"00000000-0000-0000-0000-000000000000",
	0,
	'UI::UI::startStopPressed',
	"00000000-0000-0000-0000-000000000000");
INSERT INTO ACT_BLK
	VALUES ("11c6dffa-753f-4311-9806-b9ef79a328c8",
	0,
	0,
	0,
	'',
	'',
	'',
	1,
	1,
	0,
	0,
	0,
	0,
	0,
	0,
	0,
	0,
	0,
	0,
	0,
	"dfd7bdbb-f473-4a1f-84cd-c9e4bfcd77fc",
	"00000000-0000-0000-0000-000000000000");
INSERT INTO ACT_SMT
	VALUES ("c539fa90-58fe-404e-badb-1e28a3a68820",
	"11c6dffa-753f-4311-9806-b9ef79a328c8",
	"00000000-0000-0000-0000-000000000000",
	1,
	1,
	'UI::UI::startStopPressed line: 1');
INSERT INTO ACT_FNC
	VALUES ("c539fa90-58fe-404e-badb-1e28a3a68820",
	"269a9744-3613-4c08-bded-4f1db0a2c2e5",
	1,
	3);
INSERT INTO SPR_REP
	VALUES ("74d94e35-aaf8-497b-bd82-0e2b77389a3d",
	"589b2128-3828-478d-bf59-1bf4f00ff7e2",
	"6d9f788e-33ca-426f-89c5-0a0df10f6c39");
INSERT INTO SPR_RS
	VALUES ("74d94e35-aaf8-497b-bd82-0e2b77389a3d",
	'lapResetPressed',
	'',
	'::lapResetPressed();',
	1,
	0);
INSERT INTO ACT_RSB
	VALUES ("58a87366-31ae-4d99-8165-ebdc95aaa00c",
	"74d94e35-aaf8-497b-bd82-0e2b77389a3d");
INSERT INTO ACT_ACT
	VALUES ("58a87366-31ae-4d99-8165-ebdc95aaa00c",
	'signal',
	0,
	"4c9aca5d-cc38-4a66-97e8-539bb2f7ebfd",
	"00000000-0000-0000-0000-000000000000",
	0,
	'UI::UI::lapResetPressed',
	"00000000-0000-0000-0000-000000000000");
INSERT INTO ACT_BLK
	VALUES ("4c9aca5d-cc38-4a66-97e8-539bb2f7ebfd",
	0,
	0,
	0,
	'',
	'',
	'',
	1,
	1,
	0,
	0,
	0,
	0,
	0,
	0,
	0,
	0,
	0,
	0,
	0,
	"58a87366-31ae-4d99-8165-ebdc95aaa00c",
	"00000000-0000-0000-0000-000000000000");
INSERT INTO ACT_SMT
	VALUES ("a36a5029-d142-4aa2-b294-fec9e43ce6cb",
	"4c9aca5d-cc38-4a66-97e8-539bb2f7ebfd",
	"00000000-0000-0000-0000-000000000000",
	1,
	1,
	'UI::UI::lapResetPressed line: 1');
INSERT INTO ACT_FNC
	VALUES ("a36a5029-d142-4aa2-b294-fec9e43ce6cb",
	"b1ad149c-61a8-427e-b793-a7141bc6bc26",
	1,
	3);
INSERT INTO SPR_REP
	VALUES ("f47e6dfb-5655-4503-a7b4-a4ff23bf71ee",
	"a06f7f09-a3fb-40d8-bedd-21e8ed14a6fe",
	"6d9f788e-33ca-426f-89c5-0a0df10f6c39");
INSERT INTO SPR_RS
	VALUES ("f47e6dfb-5655-4503-a7b4-a4ff23bf71ee",
	'lightPressed',
	'',
	'::lightPressed();',
	1,
	0);
INSERT INTO ACT_RSB
	VALUES ("3de04c8d-7a78-4e6a-ba4e-0a00c0cebad0",
	"f47e6dfb-5655-4503-a7b4-a4ff23bf71ee");
INSERT INTO ACT_ACT
	VALUES ("3de04c8d-7a78-4e6a-ba4e-0a00c0cebad0",
	'signal',
	0,
	"daaf04a1-e177-4dd5-b0c6-2131fd53060c",
	"00000000-0000-0000-0000-000000000000",
	0,
	'UI::UI::lightPressed',
	"00000000-0000-0000-0000-000000000000");
INSERT INTO ACT_BLK
	VALUES ("daaf04a1-e177-4dd5-b0c6-2131fd53060c",
	0,
	0,
	0,
	'',
	'',
	'',
	1,
	1,
	0,
	0,
	0,
	0,
	0,
	0,
	0,
	0,
	0,
	0,
	0,
	"3de04c8d-7a78-4e6a-ba4e-0a00c0cebad0",
	"00000000-0000-0000-0000-000000000000");
INSERT INTO ACT_SMT
	VALUES ("08494008-ec8a-4305-9d9b-5e62c5024d5e",
	"daaf04a1-e177-4dd5-b0c6-2131fd53060c",
	"00000000-0000-0000-0000-000000000000",
	1,
	1,
	'UI::UI::lightPressed line: 1');
INSERT INTO ACT_FNC
	VALUES ("08494008-ec8a-4305-9d9b-5e62c5024d5e",
	"ee09d978-064b-45da-a5d3-2de05dd46417",
	1,
	3);
INSERT INTO SPR_REP
	VALUES ("66158cf6-37a8-4620-9451-86f434d9df24",
	"77337936-fbfd-4e50-af18-4ae2c1684ada",
	"6d9f788e-33ca-426f-89c5-0a0df10f6c39");
INSERT INTO SPR_RS
	VALUES ("66158cf6-37a8-4620-9451-86f434d9df24",
	'modePressed',
	'',
	'::modePressed();',
	1,
	0);
INSERT INTO ACT_RSB
	VALUES ("0a228567-25e9-465d-b666-96f5c2e22c8e",
	"66158cf6-37a8-4620-9451-86f434d9df24");
INSERT INTO ACT_ACT
	VALUES ("0a228567-25e9-465d-b666-96f5c2e22c8e",
	'signal',
	0,
	"baeb6e53-4008-4cd4-8158-c81ee0493ffd",
	"00000000-0000-0000-0000-000000000000",
	0,
	'UI::UI::modePressed',
	"00000000-0000-0000-0000-000000000000");
INSERT INTO ACT_BLK
	VALUES ("baeb6e53-4008-4cd4-8158-c81ee0493ffd",
	0,
	0,
	0,
	'',
	'',
	'',
	1,
	1,
	0,
	0,
	0,
	0,
	0,
	0,
	0,
	0,
	0,
	0,
	0,
	"0a228567-25e9-465d-b666-96f5c2e22c8e",
	"00000000-0000-0000-0000-000000000000");
INSERT INTO ACT_SMT
	VALUES ("b97c28d2-2897-4493-a49d-82dc4b712a8c",
	"baeb6e53-4008-4cd4-8158-c81ee0493ffd",
	"00000000-0000-0000-0000-000000000000",
	1,
	1,
	'UI::UI::modePressed line: 1');
INSERT INTO ACT_FNC
	VALUES ("b97c28d2-2897-4493-a49d-82dc4b712a8c",
	"ad0d93b0-625f-4e5a-a8aa-11008a582f4f",
	1,
	3);
INSERT INTO SPR_REP
	VALUES ("89315a75-e5c9-4302-b730-a0dfd6b4143f",
	"45a6e44b-1246-4ab3-893d-a1761853347b",
	"6d9f788e-33ca-426f-89c5-0a0df10f6c39");
INSERT INTO SPR_RS
	VALUES ("89315a75-e5c9-4302-b730-a0dfd6b4143f",
	'newGoalSpec',
	'',
	'::newGoalSpec( spanType:param.spanType, criteriaType:param.criteriaType, span:param.span, maximum:param.maximum, minimum:param.minimum, sequenceNumber:param.sequenceNumber );',
	1,
	0);
INSERT INTO ACT_RSB
	VALUES ("8620c148-0059-407c-ad50-ee2a6ebfee12",
	"89315a75-e5c9-4302-b730-a0dfd6b4143f");
INSERT INTO ACT_ACT
	VALUES ("8620c148-0059-407c-ad50-ee2a6ebfee12",
	'signal',
	0,
	"395c50da-4754-4564-b339-f3571af153ae",
	"00000000-0000-0000-0000-000000000000",
	0,
	'UI::UI::newGoalSpec',
	"00000000-0000-0000-0000-000000000000");
INSERT INTO ACT_BLK
	VALUES ("395c50da-4754-4564-b339-f3571af153ae",
	0,
	0,
	0,
	'',
	'',
	'',
	1,
	1,
	0,
	0,
	0,
	0,
	0,
	0,
	0,
	0,
	0,
	0,
	0,
	"8620c148-0059-407c-ad50-ee2a6ebfee12",
	"00000000-0000-0000-0000-000000000000");
INSERT INTO ACT_SMT
	VALUES ("401ced2f-822a-46a1-80d1-fd706bd9b980",
	"395c50da-4754-4564-b339-f3571af153ae",
	"00000000-0000-0000-0000-000000000000",
	1,
	1,
	'UI::UI::newGoalSpec line: 1');
INSERT INTO ACT_FNC
	VALUES ("401ced2f-822a-46a1-80d1-fd706bd9b980",
	"2b5b7939-af5c-46dc-abff-7c64296919a1",
	1,
	3);
INSERT INTO V_VAL
	VALUES ("46c4d469-9454-4545-a1e0-8fe8784fc8ce",
	0,
	0,
	1,
	31,
	38,
	0,
	0,
	0,
	0,
	"42487d7d-390d-48d8-a7a5-474cf2d8a900",
	"395c50da-4754-4564-b339-f3571af153ae");
INSERT INTO V_PVL
	VALUES ("46c4d469-9454-4545-a1e0-8fe8784fc8ce",
	"00000000-0000-0000-0000-000000000000",
	"00000000-0000-0000-0000-000000000000",
	"00000000-0000-0000-0000-000000000000",
	"eb86c722-2f40-4e72-8c59-3409536cba17");
INSERT INTO V_PAR
	VALUES ("46c4d469-9454-4545-a1e0-8fe8784fc8ce",
	"401ced2f-822a-46a1-80d1-fd706bd9b980",
	"00000000-0000-0000-0000-000000000000",
	'spanType',
	"95fcce9f-e734-426d-804f-a82b4c473d1f",
	1,
	16);
INSERT INTO V_VAL
	VALUES ("95fcce9f-e734-426d-804f-a82b4c473d1f",
	0,
	0,
	1,
	60,
	71,
	0,
	0,
	0,
	0,
	"cfb9aa72-125a-4d88-9ed9-1af1002d48f0",
	"395c50da-4754-4564-b339-f3571af153ae");
INSERT INTO V_PVL
	VALUES ("95fcce9f-e734-426d-804f-a82b4c473d1f",
	"00000000-0000-0000-0000-000000000000",
	"00000000-0000-0000-0000-000000000000",
	"00000000-0000-0000-0000-000000000000",
	"3790a683-9ce0-49ca-87f9-d1a0a27408ba");
INSERT INTO V_PAR
	VALUES ("95fcce9f-e734-426d-804f-a82b4c473d1f",
	"401ced2f-822a-46a1-80d1-fd706bd9b980",
	"00000000-0000-0000-0000-000000000000",
	'criteriaType',
	"dbf95abb-1d26-4a51-9228-f90f84961812",
	1,
	41);
INSERT INTO V_VAL
	VALUES ("dbf95abb-1d26-4a51-9228-f90f84961812",
	0,
	0,
	1,
	85,
	88,
	0,
	0,
	0,
	0,
	"ba5eda7a-def5-0000-0000-000000000003",
	"395c50da-4754-4564-b339-f3571af153ae");
INSERT INTO V_PVL
	VALUES ("dbf95abb-1d26-4a51-9228-f90f84961812",
	"00000000-0000-0000-0000-000000000000",
	"00000000-0000-0000-0000-000000000000",
	"00000000-0000-0000-0000-000000000000",
	"b8c7071c-f635-4c81-a0ed-ecd4f0053c0e");
INSERT INTO V_PAR
	VALUES ("dbf95abb-1d26-4a51-9228-f90f84961812",
	"401ced2f-822a-46a1-80d1-fd706bd9b980",
	"00000000-0000-0000-0000-000000000000",
	'span',
	"e7746e1c-8c5d-45fb-9c12-4279a0ef7dbc",
	1,
	74);
INSERT INTO V_VAL
	VALUES ("e7746e1c-8c5d-45fb-9c12-4279a0ef7dbc",
	0,
	0,
	1,
	105,
	111,
	0,
	0,
	0,
	0,
	"ba5eda7a-def5-0000-0000-000000000003",
	"395c50da-4754-4564-b339-f3571af153ae");
INSERT INTO V_PVL
	VALUES ("e7746e1c-8c5d-45fb-9c12-4279a0ef7dbc",
	"00000000-0000-0000-0000-000000000000",
	"00000000-0000-0000-0000-000000000000",
	"00000000-0000-0000-0000-000000000000",
	"c85db51c-91b1-4e0c-b1be-a13af186ba5b");
INSERT INTO V_PAR
	VALUES ("e7746e1c-8c5d-45fb-9c12-4279a0ef7dbc",
	"401ced2f-822a-46a1-80d1-fd706bd9b980",
	"00000000-0000-0000-0000-000000000000",
	'maximum',
	"c9dd0524-b0ac-49dd-a709-b45d9c26315b",
	1,
	91);
INSERT INTO V_VAL
	VALUES ("c9dd0524-b0ac-49dd-a709-b45d9c26315b",
	0,
	0,
	1,
	128,
	134,
	0,
	0,
	0,
	0,
	"ba5eda7a-def5-0000-0000-000000000003",
	"395c50da-4754-4564-b339-f3571af153ae");
INSERT INTO V_PVL
	VALUES ("c9dd0524-b0ac-49dd-a709-b45d9c26315b",
	"00000000-0000-0000-0000-000000000000",
	"00000000-0000-0000-0000-000000000000",
	"00000000-0000-0000-0000-000000000000",
	"3334ac99-b913-4acc-928f-7014b567a4e1");
INSERT INTO V_PAR
	VALUES ("c9dd0524-b0ac-49dd-a709-b45d9c26315b",
	"401ced2f-822a-46a1-80d1-fd706bd9b980",
	"00000000-0000-0000-0000-000000000000",
	'minimum',
	"f4ae5ee4-0c31-4cf8-9d81-0b7709a32e5a",
	1,
	114);
INSERT INTO V_VAL
	VALUES ("f4ae5ee4-0c31-4cf8-9d81-0b7709a32e5a",
	0,
	0,
	1,
	158,
	171,
	0,
	0,
	0,
	0,
	"ba5eda7a-def5-0000-0000-000000000002",
	"395c50da-4754-4564-b339-f3571af153ae");
INSERT INTO V_PVL
	VALUES ("f4ae5ee4-0c31-4cf8-9d81-0b7709a32e5a",
	"00000000-0000-0000-0000-000000000000",
	"00000000-0000-0000-0000-000000000000",
	"00000000-0000-0000-0000-000000000000",
	"46d0ad64-83fd-48ae-b477-4e92700ec4d9");
INSERT INTO V_PAR
	VALUES ("f4ae5ee4-0c31-4cf8-9d81-0b7709a32e5a",
	"401ced2f-822a-46a1-80d1-fd706bd9b980",
	"00000000-0000-0000-0000-000000000000",
	'sequenceNumber',
	"00000000-0000-0000-0000-000000000000",
	1,
	137);
INSERT INTO PE_PE
	VALUES ("e325da79-ca5f-4e48-bed9-04a6e859bc01",
	1,
	"00000000-0000-0000-0000-000000000000",
	"7faca62d-bd68-4fa6-8c7d-c02d7890cba2",
	7);
INSERT INTO EP_PKG
	VALUES ("e325da79-ca5f-4e48-bed9-04a6e859bc01",
	"00000000-0000-0000-0000-000000000000",
	"f6183599-e913-4960-ac9a-ad495a6db59f",
	'Shared',
	'',
	0);
INSERT INTO EP_PKGREF
	VALUES ("e325da79-ca5f-4e48-bed9-04a6e859bc01",
	"ad493808-4242-43f2-b94c-96813f06a733");
INSERT INTO PE_PE
	VALUES ("3529874c-83d8-4405-9817-7735a2e4ebbb",
	1,
	"00000000-0000-0000-0000-000000000000",
	"7faca62d-bd68-4fa6-8c7d-c02d7890cba2",
	7);
INSERT INTO EP_PKG
	VALUES ("3529874c-83d8-4405-9817-7735a2e4ebbb",
	"00000000-0000-0000-0000-000000000000",
	"f6183599-e913-4960-ac9a-ad495a6db59f",
	'DistanceUtil',
	'',
	0);
INSERT INTO PE_PE
	VALUES ("287f9996-7d4b-437b-bd81-576c3461361f",
	1,
	"3529874c-83d8-4405-9817-7735a2e4ebbb",
	"00000000-0000-0000-0000-000000000000",
	1);
INSERT INTO S_SYNC
	VALUES ("287f9996-7d4b-437b-bd81-576c3461361f",
	"00000000-0000-0000-0000-000000000000",
	'getDistance',
	'',
	'kmPerDegree = 111.32;
deltaLat = param.toLat - param.fromLat;
deltaLong = param.toLong - param.fromLong; 
deltaXMeters = deltaLat * kmPerDegree * 1000;
deltaYMeters = deltaLong * kmPerDegree * 1000;
sumSquares = (deltaXMeters * deltaXMeters) + (deltaYMeters * deltaYMeters);
return MATH::sqrt( x:sumSquares );',
	"ba5eda7a-def5-0000-0000-000000000003",
	1,
	'',
	0);
INSERT INTO S_SPARM
	VALUES ("828d817a-9111-4fe9-906e-7f963fbd8953",
	"287f9996-7d4b-437b-bd81-576c3461361f",
	'fromLat',
	"ba5eda7a-def5-0000-0000-000000000003",
	0,
	'',
	"00000000-0000-0000-0000-000000000000",
	'');
INSERT INTO S_SPARM
	VALUES ("17df0027-3aa1-4a27-9b47-06ee2928fed9",
	"287f9996-7d4b-437b-bd81-576c3461361f",
	'fromLong',
	"ba5eda7a-def5-0000-0000-000000000003",
	0,
	'',
	"828d817a-9111-4fe9-906e-7f963fbd8953",
	'');
INSERT INTO S_SPARM
	VALUES ("6092fb2d-88e9-46cd-98ca-ccb310c979e4",
	"287f9996-7d4b-437b-bd81-576c3461361f",
	'toLat',
	"ba5eda7a-def5-0000-0000-000000000003",
	0,
	'',
	"17df0027-3aa1-4a27-9b47-06ee2928fed9",
	'');
INSERT INTO S_SPARM
	VALUES ("3a278e81-83be-4c64-8d8e-737730e5388b",
	"287f9996-7d4b-437b-bd81-576c3461361f",
	'toLong',
	"ba5eda7a-def5-0000-0000-000000000003",
	0,
	'',
	"6092fb2d-88e9-46cd-98ca-ccb310c979e4",
	'');
INSERT INTO ACT_FNB
	VALUES ("a19f209b-ef0b-4bc4-adef-b6e76a0696a9",
	"287f9996-7d4b-437b-bd81-576c3461361f");
INSERT INTO ACT_ACT
	VALUES ("a19f209b-ef0b-4bc4-adef-b6e76a0696a9",
	'function',
	0,
	"6205b9d5-937f-4be5-8895-52bfa1d4bd0e",
	"00000000-0000-0000-0000-000000000000",
	0,
	'getDistance',
	"00000000-0000-0000-0000-000000000000");
INSERT INTO ACT_BLK
	VALUES ("6205b9d5-937f-4be5-8895-52bfa1d4bd0e",
	0,
	0,
	0,
	'MATH',
	'',
	'',
	7,
	1,
	7,
	8,
	0,
	0,
	0,
	0,
	0,
	0,
	0,
	0,
	0,
	"a19f209b-ef0b-4bc4-adef-b6e76a0696a9",
	"00000000-0000-0000-0000-000000000000");
INSERT INTO ACT_SMT
	VALUES ("305a9894-7707-4cbb-b586-197113962853",
	"6205b9d5-937f-4be5-8895-52bfa1d4bd0e",
	"91ed328f-95b8-423e-be21-ef59793eb7a9",
	1,
	1,
	'getDistance line: 1');
INSERT INTO ACT_AI
	VALUES ("305a9894-7707-4cbb-b586-197113962853",
	"3f79024e-e39b-42ff-b5a3-2652a0063ec1",
	"0ce841ec-228b-486b-934b-56012efe049b",
	0,
	0);
INSERT INTO ACT_SMT
	VALUES ("91ed328f-95b8-423e-be21-ef59793eb7a9",
	"6205b9d5-937f-4be5-8895-52bfa1d4bd0e",
	"42c078b8-a523-4fd1-908e-0365b7499273",
	2,
	1,
	'getDistance line: 2');
INSERT INTO ACT_AI
	VALUES ("91ed328f-95b8-423e-be21-ef59793eb7a9",
	"99bcd114-c828-4305-807c-40df703fd1b1",
	"153cc7dd-2c11-4510-b6c3-25e6d9dee926",
	0,
	0);
INSERT INTO ACT_SMT
	VALUES ("42c078b8-a523-4fd1-908e-0365b7499273",
	"6205b9d5-937f-4be5-8895-52bfa1d4bd0e",
	"16b986bb-8979-4698-9946-1a7e8bea67fc",
	3,
	1,
	'getDistance line: 3');
INSERT INTO ACT_AI
	VALUES ("42c078b8-a523-4fd1-908e-0365b7499273",
	"b4e85e08-ee68-4f3b-ba0f-0b6bef9336f1",
	"b5e30197-d628-48ea-a312-2563399fe0cc",
	0,
	0);
INSERT INTO ACT_SMT
	VALUES ("16b986bb-8979-4698-9946-1a7e8bea67fc",
	"6205b9d5-937f-4be5-8895-52bfa1d4bd0e",
	"c54c1ef8-5cf4-49ac-ab9a-1bebcf3f1b01",
	4,
	1,
	'getDistance line: 4');
INSERT INTO ACT_AI
	VALUES ("16b986bb-8979-4698-9946-1a7e8bea67fc",
	"97fe038c-8136-4ec5-a08a-a091a48f3f82",
	"b77dda47-f18a-4182-9b7b-0f45078931a7",
	0,
	0);
INSERT INTO ACT_SMT
	VALUES ("c54c1ef8-5cf4-49ac-ab9a-1bebcf3f1b01",
	"6205b9d5-937f-4be5-8895-52bfa1d4bd0e",
	"aa00319d-d5c0-4a22-8b9b-dab80304b41e",
	5,
	1,
	'getDistance line: 5');
INSERT INTO ACT_AI
	VALUES ("c54c1ef8-5cf4-49ac-ab9a-1bebcf3f1b01",
	"e87cd886-c184-491c-adf5-7b7f5f210cf4",
	"7436ac1e-6284-4768-a3d8-260b3c273633",
	0,
	0);
INSERT INTO ACT_SMT
	VALUES ("aa00319d-d5c0-4a22-8b9b-dab80304b41e",
	"6205b9d5-937f-4be5-8895-52bfa1d4bd0e",
	"efcf2a06-af59-4093-a819-9be6a1d638c0",
	6,
	1,
	'getDistance line: 6');
INSERT INTO ACT_AI
	VALUES ("aa00319d-d5c0-4a22-8b9b-dab80304b41e",
	"8d6dad73-efc2-4e4f-9511-2ceba8bedf79",
	"e33570e3-1497-4a4c-9f26-67d3329a6788",
	0,
	0);
INSERT INTO ACT_SMT
	VALUES ("efcf2a06-af59-4093-a819-9be6a1d638c0",
	"6205b9d5-937f-4be5-8895-52bfa1d4bd0e",
	"00000000-0000-0000-0000-000000000000",
	7,
	1,
	'getDistance line: 7');
INSERT INTO ACT_RET
	VALUES ("efcf2a06-af59-4093-a819-9be6a1d638c0",
	"ef8435ee-cc16-4721-88af-a11dc9a6239d");
INSERT INTO V_VAL
	VALUES ("0ce841ec-228b-486b-934b-56012efe049b",
	1,
	1,
	1,
	1,
	11,
	0,
	0,
	0,
	0,
	"ba5eda7a-def5-0000-0000-000000000003",
	"6205b9d5-937f-4be5-8895-52bfa1d4bd0e");
INSERT INTO V_TVL
	VALUES ("0ce841ec-228b-486b-934b-56012efe049b",
	"5dfbafc4-4ee7-471c-b699-1c436297f860");
INSERT INTO V_VAL
	VALUES ("3f79024e-e39b-42ff-b5a3-2652a0063ec1",
	0,
	0,
	1,
	15,
	20,
	0,
	0,
	0,
	0,
	"ba5eda7a-def5-0000-0000-000000000003",
	"6205b9d5-937f-4be5-8895-52bfa1d4bd0e");
INSERT INTO V_LRL
	VALUES ("3f79024e-e39b-42ff-b5a3-2652a0063ec1",
	'111.32');
INSERT INTO V_VAL
	VALUES ("153cc7dd-2c11-4510-b6c3-25e6d9dee926",
	1,
	1,
	2,
	1,
	8,
	0,
	0,
	0,
	0,
	"ba5eda7a-def5-0000-0000-000000000003",
	"6205b9d5-937f-4be5-8895-52bfa1d4bd0e");
INSERT INTO V_TVL
	VALUES ("153cc7dd-2c11-4510-b6c3-25e6d9dee926",
	"0c3372d3-0d88-418a-9a82-260b3144b17a");
INSERT INTO V_VAL
	VALUES ("1c17a9b2-9e6b-48ee-a3f4-4118d4dd3ab3",
	0,
	0,
	2,
	18,
	22,
	0,
	0,
	0,
	0,
	"ba5eda7a-def5-0000-0000-000000000003",
	"6205b9d5-937f-4be5-8895-52bfa1d4bd0e");
INSERT INTO V_PVL
	VALUES ("1c17a9b2-9e6b-48ee-a3f4-4118d4dd3ab3",
	"00000000-0000-0000-0000-000000000000",
	"6092fb2d-88e9-46cd-98ca-ccb310c979e4",
	"00000000-0000-0000-0000-000000000000",
	"00000000-0000-0000-0000-000000000000");
INSERT INTO V_VAL
	VALUES ("99bcd114-c828-4305-807c-40df703fd1b1",
	0,
	0,
	2,
	18,
	38,
	0,
	0,
	0,
	0,
	"ba5eda7a-def5-0000-0000-000000000003",
	"6205b9d5-937f-4be5-8895-52bfa1d4bd0e");
INSERT INTO V_BIN
	VALUES ("99bcd114-c828-4305-807c-40df703fd1b1",
	"84a4df07-f479-4004-b71c-afd96522cda9",
	"1c17a9b2-9e6b-48ee-a3f4-4118d4dd3ab3",
	'-');
INSERT INTO V_VAL
	VALUES ("84a4df07-f479-4004-b71c-afd96522cda9",
	0,
	0,
	2,
	32,
	38,
	0,
	0,
	0,
	0,
	"ba5eda7a-def5-0000-0000-000000000003",
	"6205b9d5-937f-4be5-8895-52bfa1d4bd0e");
INSERT INTO V_PVL
	VALUES ("84a4df07-f479-4004-b71c-afd96522cda9",
	"00000000-0000-0000-0000-000000000000",
	"828d817a-9111-4fe9-906e-7f963fbd8953",
	"00000000-0000-0000-0000-000000000000",
	"00000000-0000-0000-0000-000000000000");
INSERT INTO V_VAL
	VALUES ("b5e30197-d628-48ea-a312-2563399fe0cc",
	1,
	1,
	3,
	1,
	9,
	0,
	0,
	0,
	0,
	"ba5eda7a-def5-0000-0000-000000000003",
	"6205b9d5-937f-4be5-8895-52bfa1d4bd0e");
INSERT INTO V_TVL
	VALUES ("b5e30197-d628-48ea-a312-2563399fe0cc",
	"c2ee7a12-898b-458d-9cb1-ec4260d410d5");
INSERT INTO V_VAL
	VALUES ("68a76902-d91b-411d-8552-29b565706530",
	0,
	0,
	3,
	19,
	24,
	0,
	0,
	0,
	0,
	"ba5eda7a-def5-0000-0000-000000000003",
	"6205b9d5-937f-4be5-8895-52bfa1d4bd0e");
INSERT INTO V_PVL
	VALUES ("68a76902-d91b-411d-8552-29b565706530",
	"00000000-0000-0000-0000-000000000000",
	"3a278e81-83be-4c64-8d8e-737730e5388b",
	"00000000-0000-0000-0000-000000000000",
	"00000000-0000-0000-0000-000000000000");
INSERT INTO V_VAL
	VALUES ("b4e85e08-ee68-4f3b-ba0f-0b6bef9336f1",
	0,
	0,
	3,
	19,
	41,
	0,
	0,
	0,
	0,
	"ba5eda7a-def5-0000-0000-000000000003",
	"6205b9d5-937f-4be5-8895-52bfa1d4bd0e");
INSERT INTO V_BIN
	VALUES ("b4e85e08-ee68-4f3b-ba0f-0b6bef9336f1",
	"3ba99bea-3653-4f3c-88b6-552bb9eb919c",
	"68a76902-d91b-411d-8552-29b565706530",
	'-');
INSERT INTO V_VAL
	VALUES ("3ba99bea-3653-4f3c-88b6-552bb9eb919c",
	0,
	0,
	3,
	34,
	41,
	0,
	0,
	0,
	0,
	"ba5eda7a-def5-0000-0000-000000000003",
	"6205b9d5-937f-4be5-8895-52bfa1d4bd0e");
INSERT INTO V_PVL
	VALUES ("3ba99bea-3653-4f3c-88b6-552bb9eb919c",
	"00000000-0000-0000-0000-000000000000",
	"17df0027-3aa1-4a27-9b47-06ee2928fed9",
	"00000000-0000-0000-0000-000000000000",
	"00000000-0000-0000-0000-000000000000");
INSERT INTO V_VAL
	VALUES ("b77dda47-f18a-4182-9b7b-0f45078931a7",
	1,
	1,
	4,
	1,
	12,
	0,
	0,
	0,
	0,
	"ba5eda7a-def5-0000-0000-000000000003",
	"6205b9d5-937f-4be5-8895-52bfa1d4bd0e");
INSERT INTO V_TVL
	VALUES ("b77dda47-f18a-4182-9b7b-0f45078931a7",
	"ebb1898b-f6c6-4acd-ba78-37e7d3ff55c8");
INSERT INTO V_VAL
	VALUES ("889e6345-e103-49f0-9c56-cf00b323b3af",
	0,
	0,
	4,
	16,
	23,
	0,
	0,
	0,
	0,
	"ba5eda7a-def5-0000-0000-000000000003",
	"6205b9d5-937f-4be5-8895-52bfa1d4bd0e");
INSERT INTO V_TVL
	VALUES ("889e6345-e103-49f0-9c56-cf00b323b3af",
	"0c3372d3-0d88-418a-9a82-260b3144b17a");
INSERT INTO V_VAL
	VALUES ("7b129d15-f7b7-4bd3-bf74-6defd98d0bc1",
	0,
	0,
	4,
	16,
	37,
	0,
	0,
	0,
	0,
	"ba5eda7a-def5-0000-0000-000000000003",
	"6205b9d5-937f-4be5-8895-52bfa1d4bd0e");
INSERT INTO V_BIN
	VALUES ("7b129d15-f7b7-4bd3-bf74-6defd98d0bc1",
	"771c594a-6171-4a9a-9eb3-c619afd0f59e",
	"889e6345-e103-49f0-9c56-cf00b323b3af",
	'*');
INSERT INTO V_VAL
	VALUES ("771c594a-6171-4a9a-9eb3-c619afd0f59e",
	0,
	0,
	4,
	27,
	37,
	0,
	0,
	0,
	0,
	"ba5eda7a-def5-0000-0000-000000000003",
	"6205b9d5-937f-4be5-8895-52bfa1d4bd0e");
INSERT INTO V_TVL
	VALUES ("771c594a-6171-4a9a-9eb3-c619afd0f59e",
	"5dfbafc4-4ee7-471c-b699-1c436297f860");
INSERT INTO V_VAL
	VALUES ("97fe038c-8136-4ec5-a08a-a091a48f3f82",
	0,
	0,
	4,
	16,
	44,
	0,
	0,
	0,
	0,
	"ba5eda7a-def5-0000-0000-000000000003",
	"6205b9d5-937f-4be5-8895-52bfa1d4bd0e");
INSERT INTO V_BIN
	VALUES ("97fe038c-8136-4ec5-a08a-a091a48f3f82",
	"472fe818-fabf-48ec-bfd3-8015b2481070",
	"7b129d15-f7b7-4bd3-bf74-6defd98d0bc1",
	'*');
INSERT INTO V_VAL
	VALUES ("472fe818-fabf-48ec-bfd3-8015b2481070",
	0,
	0,
	4,
	41,
	44,
	0,
	0,
	0,
	0,
	"ba5eda7a-def5-0000-0000-000000000002",
	"6205b9d5-937f-4be5-8895-52bfa1d4bd0e");
INSERT INTO V_LIN
	VALUES ("472fe818-fabf-48ec-bfd3-8015b2481070",
	'1000');
INSERT INTO V_VAL
	VALUES ("7436ac1e-6284-4768-a3d8-260b3c273633",
	1,
	1,
	5,
	1,
	12,
	0,
	0,
	0,
	0,
	"ba5eda7a-def5-0000-0000-000000000003",
	"6205b9d5-937f-4be5-8895-52bfa1d4bd0e");
INSERT INTO V_TVL
	VALUES ("7436ac1e-6284-4768-a3d8-260b3c273633",
	"8e2a1978-01b7-4e51-a7b0-4420621a1a4c");
INSERT INTO V_VAL
	VALUES ("cf3c6a2e-882b-4af3-8f19-333348256ee8",
	0,
	0,
	5,
	16,
	24,
	0,
	0,
	0,
	0,
	"ba5eda7a-def5-0000-0000-000000000003",
	"6205b9d5-937f-4be5-8895-52bfa1d4bd0e");
INSERT INTO V_TVL
	VALUES ("cf3c6a2e-882b-4af3-8f19-333348256ee8",
	"c2ee7a12-898b-458d-9cb1-ec4260d410d5");
INSERT INTO V_VAL
	VALUES ("b6d942ed-3853-4cf7-b626-e11b02ef3c7b",
	0,
	0,
	5,
	16,
	38,
	0,
	0,
	0,
	0,
	"ba5eda7a-def5-0000-0000-000000000003",
	"6205b9d5-937f-4be5-8895-52bfa1d4bd0e");
INSERT INTO V_BIN
	VALUES ("b6d942ed-3853-4cf7-b626-e11b02ef3c7b",
	"8e5ccb8e-fd15-4f93-9e0e-50270f9c8ee2",
	"cf3c6a2e-882b-4af3-8f19-333348256ee8",
	'*');
INSERT INTO V_VAL
	VALUES ("8e5ccb8e-fd15-4f93-9e0e-50270f9c8ee2",
	0,
	0,
	5,
	28,
	38,
	0,
	0,
	0,
	0,
	"ba5eda7a-def5-0000-0000-000000000003",
	"6205b9d5-937f-4be5-8895-52bfa1d4bd0e");
INSERT INTO V_TVL
	VALUES ("8e5ccb8e-fd15-4f93-9e0e-50270f9c8ee2",
	"5dfbafc4-4ee7-471c-b699-1c436297f860");
INSERT INTO V_VAL
	VALUES ("e87cd886-c184-491c-adf5-7b7f5f210cf4",
	0,
	0,
	5,
	16,
	45,
	0,
	0,
	0,
	0,
	"ba5eda7a-def5-0000-0000-000000000003",
	"6205b9d5-937f-4be5-8895-52bfa1d4bd0e");
INSERT INTO V_BIN
	VALUES ("e87cd886-c184-491c-adf5-7b7f5f210cf4",
	"c3c3bb55-e7a4-4d15-a1c2-90916aaa90a3",
	"b6d942ed-3853-4cf7-b626-e11b02ef3c7b",
	'*');
INSERT INTO V_VAL
	VALUES ("c3c3bb55-e7a4-4d15-a1c2-90916aaa90a3",
	0,
	0,
	5,
	42,
	45,
	0,
	0,
	0,
	0,
	"ba5eda7a-def5-0000-0000-000000000002",
	"6205b9d5-937f-4be5-8895-52bfa1d4bd0e");
INSERT INTO V_LIN
	VALUES ("c3c3bb55-e7a4-4d15-a1c2-90916aaa90a3",
	'1000');
INSERT INTO V_VAL
	VALUES ("e33570e3-1497-4a4c-9f26-67d3329a6788",
	1,
	1,
	6,
	1,
	10,
	0,
	0,
	0,
	0,
	"ba5eda7a-def5-0000-0000-000000000003",
	"6205b9d5-937f-4be5-8895-52bfa1d4bd0e");
INSERT INTO V_TVL
	VALUES ("e33570e3-1497-4a4c-9f26-67d3329a6788",
	"aa2db37c-6eb6-4965-9cfb-6a477ca8771c");
INSERT INTO V_VAL
	VALUES ("ab188133-4145-4e15-88ef-91ba3e6ae766",
	0,
	0,
	6,
	15,
	26,
	0,
	0,
	0,
	0,
	"ba5eda7a-def5-0000-0000-000000000003",
	"6205b9d5-937f-4be5-8895-52bfa1d4bd0e");
INSERT INTO V_TVL
	VALUES ("ab188133-4145-4e15-88ef-91ba3e6ae766",
	"ebb1898b-f6c6-4acd-ba78-37e7d3ff55c8");
INSERT INTO V_VAL
	VALUES ("4edb1dde-b7db-4ec2-9fdd-15c92c198851",
	0,
	0,
	6,
	15,
	41,
	0,
	0,
	0,
	0,
	"ba5eda7a-def5-0000-0000-000000000003",
	"6205b9d5-937f-4be5-8895-52bfa1d4bd0e");
INSERT INTO V_BIN
	VALUES ("4edb1dde-b7db-4ec2-9fdd-15c92c198851",
	"34c1a96b-ecb9-4e53-b7bc-0590b51b0091",
	"ab188133-4145-4e15-88ef-91ba3e6ae766",
	'*');
INSERT INTO V_VAL
	VALUES ("34c1a96b-ecb9-4e53-b7bc-0590b51b0091",
	0,
	0,
	6,
	30,
	41,
	0,
	0,
	0,
	0,
	"ba5eda7a-def5-0000-0000-000000000003",
	"6205b9d5-937f-4be5-8895-52bfa1d4bd0e");
INSERT INTO V_TVL
	VALUES ("34c1a96b-ecb9-4e53-b7bc-0590b51b0091",
	"ebb1898b-f6c6-4acd-ba78-37e7d3ff55c8");
INSERT INTO V_VAL
	VALUES ("8d6dad73-efc2-4e4f-9511-2ceba8bedf79",
	0,
	0,
	6,
	15,
	73,
	0,
	0,
	0,
	0,
	"ba5eda7a-def5-0000-0000-000000000003",
	"6205b9d5-937f-4be5-8895-52bfa1d4bd0e");
INSERT INTO V_BIN
	VALUES ("8d6dad73-efc2-4e4f-9511-2ceba8bedf79",
	"e791cc98-35fd-4927-9a9a-46c21002ca1e",
	"4edb1dde-b7db-4ec2-9fdd-15c92c198851",
	'+');
INSERT INTO V_VAL
	VALUES ("c33cda29-27d1-4bd2-9b4e-eefd91159c4e",
	0,
	0,
	6,
	47,
	58,
	0,
	0,
	0,
	0,
	"ba5eda7a-def5-0000-0000-000000000003",
	"6205b9d5-937f-4be5-8895-52bfa1d4bd0e");
INSERT INTO V_TVL
	VALUES ("c33cda29-27d1-4bd2-9b4e-eefd91159c4e",
	"8e2a1978-01b7-4e51-a7b0-4420621a1a4c");
INSERT INTO V_VAL
	VALUES ("e791cc98-35fd-4927-9a9a-46c21002ca1e",
	0,
	0,
	6,
	47,
	73,
	0,
	0,
	0,
	0,
	"ba5eda7a-def5-0000-0000-000000000003",
	"6205b9d5-937f-4be5-8895-52bfa1d4bd0e");
INSERT INTO V_BIN
	VALUES ("e791cc98-35fd-4927-9a9a-46c21002ca1e",
	"91eeab92-e9b6-449d-bb81-2270e235a039",
	"c33cda29-27d1-4bd2-9b4e-eefd91159c4e",
	'*');
INSERT INTO V_VAL
	VALUES ("91eeab92-e9b6-449d-bb81-2270e235a039",
	0,
	0,
	6,
	62,
	73,
	0,
	0,
	0,
	0,
	"ba5eda7a-def5-0000-0000-000000000003",
	"6205b9d5-937f-4be5-8895-52bfa1d4bd0e");
INSERT INTO V_TVL
	VALUES ("91eeab92-e9b6-449d-bb81-2270e235a039",
	"8e2a1978-01b7-4e51-a7b0-4420621a1a4c");
INSERT INTO V_VAL
	VALUES ("ef8435ee-cc16-4721-88af-a11dc9a6239d",
	0,
	0,
	7,
	14,
	-1,
	7,
	20,
	0,
	0,
	"ba5eda7a-def5-0000-0000-000000000003",
	"6205b9d5-937f-4be5-8895-52bfa1d4bd0e");
INSERT INTO V_BRV
	VALUES ("ef8435ee-cc16-4721-88af-a11dc9a6239d",
	"7b593108-9200-42f0-86c7-49dfd1e5d704",
	1,
	7,
	8);
INSERT INTO V_VAL
	VALUES ("d7c37907-4e9f-45fe-bfc9-d58240f857ce",
	0,
	0,
	7,
	22,
	31,
	0,
	0,
	0,
	0,
	"ba5eda7a-def5-0000-0000-000000000003",
	"6205b9d5-937f-4be5-8895-52bfa1d4bd0e");
INSERT INTO V_TVL
	VALUES ("d7c37907-4e9f-45fe-bfc9-d58240f857ce",
	"aa2db37c-6eb6-4965-9cfb-6a477ca8771c");
INSERT INTO V_PAR
	VALUES ("d7c37907-4e9f-45fe-bfc9-d58240f857ce",
	"00000000-0000-0000-0000-000000000000",
	"ef8435ee-cc16-4721-88af-a11dc9a6239d",
	'x',
	"00000000-0000-0000-0000-000000000000",
	7,
	20);
INSERT INTO V_VAR
	VALUES ("5dfbafc4-4ee7-471c-b699-1c436297f860",
	"6205b9d5-937f-4be5-8895-52bfa1d4bd0e",
	'kmPerDegree',
	1,
	"ba5eda7a-def5-0000-0000-000000000003");
INSERT INTO V_TRN
	VALUES ("5dfbafc4-4ee7-471c-b699-1c436297f860",
	"00000000-0000-0000-0000-000000000000",
	'');
INSERT INTO V_VAR
	VALUES ("0c3372d3-0d88-418a-9a82-260b3144b17a",
	"6205b9d5-937f-4be5-8895-52bfa1d4bd0e",
	'deltaLat',
	1,
	"ba5eda7a-def5-0000-0000-000000000003");
INSERT INTO V_TRN
	VALUES ("0c3372d3-0d88-418a-9a82-260b3144b17a",
	"00000000-0000-0000-0000-000000000000",
	'');
INSERT INTO V_VAR
	VALUES ("c2ee7a12-898b-458d-9cb1-ec4260d410d5",
	"6205b9d5-937f-4be5-8895-52bfa1d4bd0e",
	'deltaLong',
	1,
	"ba5eda7a-def5-0000-0000-000000000003");
INSERT INTO V_TRN
	VALUES ("c2ee7a12-898b-458d-9cb1-ec4260d410d5",
	"00000000-0000-0000-0000-000000000000",
	'');
INSERT INTO V_VAR
	VALUES ("ebb1898b-f6c6-4acd-ba78-37e7d3ff55c8",
	"6205b9d5-937f-4be5-8895-52bfa1d4bd0e",
	'deltaXMeters',
	1,
	"ba5eda7a-def5-0000-0000-000000000003");
INSERT INTO V_TRN
	VALUES ("ebb1898b-f6c6-4acd-ba78-37e7d3ff55c8",
	"00000000-0000-0000-0000-000000000000",
	'');
INSERT INTO V_VAR
	VALUES ("8e2a1978-01b7-4e51-a7b0-4420621a1a4c",
	"6205b9d5-937f-4be5-8895-52bfa1d4bd0e",
	'deltaYMeters',
	1,
	"ba5eda7a-def5-0000-0000-000000000003");
INSERT INTO V_TRN
	VALUES ("8e2a1978-01b7-4e51-a7b0-4420621a1a4c",
	"00000000-0000-0000-0000-000000000000",
	'');
INSERT INTO V_VAR
	VALUES ("aa2db37c-6eb6-4965-9cfb-6a477ca8771c",
	"6205b9d5-937f-4be5-8895-52bfa1d4bd0e",
	'sumSquares',
	1,
	"ba5eda7a-def5-0000-0000-000000000003");
INSERT INTO V_TRN
	VALUES ("aa2db37c-6eb6-4965-9cfb-6a477ca8771c",
	"00000000-0000-0000-0000-000000000000",
	'');
INSERT INTO PE_PE
	VALUES ("c8e62fa1-38fe-41a7-8ea1-45511938b3c2",
	1,
	"00000000-0000-0000-0000-000000000000",
	"7faca62d-bd68-4fa6-8c7d-c02d7890cba2",
	7);
INSERT INTO EP_PKG
	VALUES ("c8e62fa1-38fe-41a7-8ea1-45511938b3c2",
	"00000000-0000-0000-0000-000000000000",
	"f6183599-e913-4960-ac9a-ad495a6db59f",
	'TargetTesting',
	'Contains facilities for testing generated code.',
	0);
INSERT INTO PE_PE
	VALUES ("9be821d8-ac5a-40f6-b7f9-6b0982cc1aae",
	1,
	"c8e62fa1-38fe-41a7-8ea1-45511938b3c2",
	"00000000-0000-0000-0000-000000000000",
	1);
INSERT INTO S_SYNC
	VALUES ("9be821d8-ac5a-40f6-b7f9-6b0982cc1aae",
	"00000000-0000-0000-0000-000000000000",
	'Initialize',
	'',
	'// Create a workout session and everything required to support it.
WorkoutSession::initialize();',
	"ba5eda7a-def5-0000-0000-000000000000",
	1,
	'',
	0);
INSERT INTO ACT_FNB
	VALUES ("3b04ea08-9d92-4f16-a868-5b98562efbbe",
	"9be821d8-ac5a-40f6-b7f9-6b0982cc1aae");
INSERT INTO ACT_ACT
	VALUES ("3b04ea08-9d92-4f16-a868-5b98562efbbe",
	'function',
	0,
	"0cea5b57-5e52-4a37-9a6d-032572453e23",
	"00000000-0000-0000-0000-000000000000",
	0,
	'Initialize',
	"00000000-0000-0000-0000-000000000000");
INSERT INTO ACT_BLK
	VALUES ("0cea5b57-5e52-4a37-9a6d-032572453e23",
	0,
	0,
	0,
	'WorkoutSession',
	'',
	'',
	2,
	1,
	2,
	1,
	0,
	0,
	0,
	0,
	0,
	0,
	0,
	0,
	0,
	"3b04ea08-9d92-4f16-a868-5b98562efbbe",
	"00000000-0000-0000-0000-000000000000");
INSERT INTO ACT_SMT
	VALUES ("54ebfdaf-6251-4eaa-a53a-6803a1751174",
	"0cea5b57-5e52-4a37-9a6d-032572453e23",
	"00000000-0000-0000-0000-000000000000",
	2,
	1,
	'Initialize line: 2');
INSERT INTO ACT_TFM
	VALUES ("54ebfdaf-6251-4eaa-a53a-6803a1751174",
	"3c3e9447-7fbe-40c3-835d-aa668b911afa",
	"00000000-0000-0000-0000-000000000000",
	2,
	17,
	2,
	1);
INSERT INTO PE_PE
	VALUES ("dd51def2-7d6b-4ed2-b335-1191a9aa0750",
	1,
	"c8e62fa1-38fe-41a7-8ea1-45511938b3c2",
	"00000000-0000-0000-0000-000000000000",
	1);
INSERT INTO S_SYNC
	VALUES ("dd51def2-7d6b-4ed2-b335-1191a9aa0750",
	"00000000-0000-0000-0000-000000000000",
	'GoalTest_1',
	'',
	'// Initialize the system.
::Initialize();

// Create some goal specifications.
::newGoalSpec( 
  sequenceNumber: 1,
  minimum: 2.0,
  maximum: 8.0,
  span: 150.0,
  criteriaType: GoalCriteria::Pace,
  spanType: GoalSpan::Distance );
  
::newGoalSpec( 
  sequenceNumber: 2,
  minimum: 60.0,
  maximum: 80.0,
  span: 10,
  criteriaType: GoalCriteria::HeartRate,
  spanType: GoalSpan::Time );
  
::newGoalSpec( 
  sequenceNumber: 3,
  minimum: 5.0,
  maximum: 6.0,
  span: 15,
  criteriaType: GoalCriteria::Pace,
  spanType: GoalSpan::Time );
  
::newGoalSpec( 
  sequenceNumber: 4,
  minimum: 1.0,
  maximum: 2.0,
  span: 15,
  criteriaType: GoalCriteria::Pace,
  spanType: GoalSpan::Time );
  ',
	"ba5eda7a-def5-0000-0000-000000000000",
	1,
	'',
	0);
INSERT INTO ACT_FNB
	VALUES ("2d8f92ab-163c-4cc9-adc1-9d4ff83b296a",
	"dd51def2-7d6b-4ed2-b335-1191a9aa0750");
INSERT INTO ACT_ACT
	VALUES ("2d8f92ab-163c-4cc9-adc1-9d4ff83b296a",
	'function',
	0,
	"8a5af748-bda1-4625-a025-eef54ff7158c",
	"00000000-0000-0000-0000-000000000000",
	0,
	'GoalTest_1',
	"00000000-0000-0000-0000-000000000000");
INSERT INTO ACT_BLK
	VALUES ("8a5af748-bda1-4625-a025-eef54ff7158c",
	0,
	0,
	0,
	'',
	'',
	'',
	29,
	1,
	0,
	0,
	0,
	0,
	0,
	0,
	0,
	0,
	35,
	13,
	0,
	"2d8f92ab-163c-4cc9-adc1-9d4ff83b296a",
	"00000000-0000-0000-0000-000000000000");
INSERT INTO ACT_SMT
	VALUES ("97f026db-8a92-4338-9449-665ac6ea297b",
	"8a5af748-bda1-4625-a025-eef54ff7158c",
	"035da7ac-670b-4180-8844-f86d4b183142",
	2,
	1,
	'GoalTest_1 line: 2');
INSERT INTO ACT_FNC
	VALUES ("97f026db-8a92-4338-9449-665ac6ea297b",
	"9be821d8-ac5a-40f6-b7f9-6b0982cc1aae",
	2,
	3);
INSERT INTO ACT_SMT
	VALUES ("035da7ac-670b-4180-8844-f86d4b183142",
	"8a5af748-bda1-4625-a025-eef54ff7158c",
	"25471a3f-9855-4ebf-aa3a-c7535b6e8ef5",
	5,
	1,
	'GoalTest_1 line: 5');
INSERT INTO ACT_FNC
	VALUES ("035da7ac-670b-4180-8844-f86d4b183142",
	"2b5b7939-af5c-46dc-abff-7c64296919a1",
	5,
	3);
INSERT INTO ACT_SMT
	VALUES ("25471a3f-9855-4ebf-aa3a-c7535b6e8ef5",
	"8a5af748-bda1-4625-a025-eef54ff7158c",
	"86506f06-e3c0-4496-9e5b-e1f2b47b3208",
	13,
	1,
	'GoalTest_1 line: 13');
INSERT INTO ACT_FNC
	VALUES ("25471a3f-9855-4ebf-aa3a-c7535b6e8ef5",
	"2b5b7939-af5c-46dc-abff-7c64296919a1",
	13,
	3);
INSERT INTO ACT_SMT
	VALUES ("86506f06-e3c0-4496-9e5b-e1f2b47b3208",
	"8a5af748-bda1-4625-a025-eef54ff7158c",
	"1940e861-93d4-4775-b40f-19c9224dbd94",
	21,
	1,
	'GoalTest_1 line: 21');
INSERT INTO ACT_FNC
	VALUES ("86506f06-e3c0-4496-9e5b-e1f2b47b3208",
	"2b5b7939-af5c-46dc-abff-7c64296919a1",
	21,
	3);
INSERT INTO ACT_SMT
	VALUES ("1940e861-93d4-4775-b40f-19c9224dbd94",
	"8a5af748-bda1-4625-a025-eef54ff7158c",
	"00000000-0000-0000-0000-000000000000",
	29,
	1,
	'GoalTest_1 line: 29');
INSERT INTO ACT_FNC
	VALUES ("1940e861-93d4-4775-b40f-19c9224dbd94",
	"2b5b7939-af5c-46dc-abff-7c64296919a1",
	29,
	3);
INSERT INTO V_VAL
	VALUES ("626c521a-39e7-4e9f-ac88-f772011a0f3b",
	0,
	0,
	6,
	19,
	19,
	0,
	0,
	0,
	0,
	"ba5eda7a-def5-0000-0000-000000000002",
	"8a5af748-bda1-4625-a025-eef54ff7158c");
INSERT INTO V_LIN
	VALUES ("626c521a-39e7-4e9f-ac88-f772011a0f3b",
	'1');
INSERT INTO V_PAR
	VALUES ("626c521a-39e7-4e9f-ac88-f772011a0f3b",
	"035da7ac-670b-4180-8844-f86d4b183142",
	"00000000-0000-0000-0000-000000000000",
	'sequenceNumber',
	"4c52854b-60c6-4184-b069-4fb9a8868089",
	6,
	3);
INSERT INTO V_VAL
	VALUES ("4c52854b-60c6-4184-b069-4fb9a8868089",
	0,
	0,
	7,
	12,
	14,
	0,
	0,
	0,
	0,
	"ba5eda7a-def5-0000-0000-000000000003",
	"8a5af748-bda1-4625-a025-eef54ff7158c");
INSERT INTO V_LRL
	VALUES ("4c52854b-60c6-4184-b069-4fb9a8868089",
	'2.0');
INSERT INTO V_PAR
	VALUES ("4c52854b-60c6-4184-b069-4fb9a8868089",
	"035da7ac-670b-4180-8844-f86d4b183142",
	"00000000-0000-0000-0000-000000000000",
	'minimum',
	"76db25c0-e263-4694-9587-91b54d34359c",
	7,
	3);
INSERT INTO V_VAL
	VALUES ("76db25c0-e263-4694-9587-91b54d34359c",
	0,
	0,
	8,
	12,
	14,
	0,
	0,
	0,
	0,
	"ba5eda7a-def5-0000-0000-000000000003",
	"8a5af748-bda1-4625-a025-eef54ff7158c");
INSERT INTO V_LRL
	VALUES ("76db25c0-e263-4694-9587-91b54d34359c",
	'8.0');
INSERT INTO V_PAR
	VALUES ("76db25c0-e263-4694-9587-91b54d34359c",
	"035da7ac-670b-4180-8844-f86d4b183142",
	"00000000-0000-0000-0000-000000000000",
	'maximum',
	"cacb11e3-2865-425c-ab6f-faead77be963",
	8,
	3);
INSERT INTO V_VAL
	VALUES ("cacb11e3-2865-425c-ab6f-faead77be963",
	0,
	0,
	9,
	9,
	13,
	0,
	0,
	0,
	0,
	"ba5eda7a-def5-0000-0000-000000000003",
	"8a5af748-bda1-4625-a025-eef54ff7158c");
INSERT INTO V_LRL
	VALUES ("cacb11e3-2865-425c-ab6f-faead77be963",
	'150.0');
INSERT INTO V_PAR
	VALUES ("cacb11e3-2865-425c-ab6f-faead77be963",
	"035da7ac-670b-4180-8844-f86d4b183142",
	"00000000-0000-0000-0000-000000000000",
	'span',
	"3d35747d-afab-4629-a6a9-a0d3809a7f13",
	9,
	3);
INSERT INTO V_VAL
	VALUES ("3d35747d-afab-4629-a6a9-a0d3809a7f13",
	0,
	0,
	10,
	31,
	34,
	0,
	0,
	0,
	0,
	"cfb9aa72-125a-4d88-9ed9-1af1002d48f0",
	"8a5af748-bda1-4625-a025-eef54ff7158c");
INSERT INTO V_LEN
	VALUES ("3d35747d-afab-4629-a6a9-a0d3809a7f13",
	"bcc5f6aa-9c0e-4be9-abec-40621b3c6571",
	10,
	17);
INSERT INTO V_PAR
	VALUES ("3d35747d-afab-4629-a6a9-a0d3809a7f13",
	"035da7ac-670b-4180-8844-f86d4b183142",
	"00000000-0000-0000-0000-000000000000",
	'criteriaType',
	"cab39866-8e32-4766-9430-102bcb4de39d",
	10,
	3);
INSERT INTO V_VAL
	VALUES ("cab39866-8e32-4766-9430-102bcb4de39d",
	0,
	0,
	11,
	23,
	30,
	0,
	0,
	0,
	0,
	"42487d7d-390d-48d8-a7a5-474cf2d8a900",
	"8a5af748-bda1-4625-a025-eef54ff7158c");
INSERT INTO V_LEN
	VALUES ("cab39866-8e32-4766-9430-102bcb4de39d",
	"6b1832c1-f200-44e1-abe5-b2417a0f4d5d",
	11,
	13);
INSERT INTO V_PAR
	VALUES ("cab39866-8e32-4766-9430-102bcb4de39d",
	"035da7ac-670b-4180-8844-f86d4b183142",
	"00000000-0000-0000-0000-000000000000",
	'spanType',
	"00000000-0000-0000-0000-000000000000",
	11,
	3);
INSERT INTO V_VAL
	VALUES ("dfda6630-07ff-4315-a1af-2bc32e8a2a14",
	0,
	0,
	14,
	19,
	19,
	0,
	0,
	0,
	0,
	"ba5eda7a-def5-0000-0000-000000000002",
	"8a5af748-bda1-4625-a025-eef54ff7158c");
INSERT INTO V_LIN
	VALUES ("dfda6630-07ff-4315-a1af-2bc32e8a2a14",
	'2');
INSERT INTO V_PAR
	VALUES ("dfda6630-07ff-4315-a1af-2bc32e8a2a14",
	"25471a3f-9855-4ebf-aa3a-c7535b6e8ef5",
	"00000000-0000-0000-0000-000000000000",
	'sequenceNumber',
	"771dfff1-6486-4f0a-893f-2e64dfb7eefd",
	14,
	3);
INSERT INTO V_VAL
	VALUES ("771dfff1-6486-4f0a-893f-2e64dfb7eefd",
	0,
	0,
	15,
	12,
	15,
	0,
	0,
	0,
	0,
	"ba5eda7a-def5-0000-0000-000000000003",
	"8a5af748-bda1-4625-a025-eef54ff7158c");
INSERT INTO V_LRL
	VALUES ("771dfff1-6486-4f0a-893f-2e64dfb7eefd",
	'60.0');
INSERT INTO V_PAR
	VALUES ("771dfff1-6486-4f0a-893f-2e64dfb7eefd",
	"25471a3f-9855-4ebf-aa3a-c7535b6e8ef5",
	"00000000-0000-0000-0000-000000000000",
	'minimum',
	"d531ca28-76be-4040-b701-d0b14dc3e8b3",
	15,
	3);
INSERT INTO V_VAL
	VALUES ("d531ca28-76be-4040-b701-d0b14dc3e8b3",
	0,
	0,
	16,
	12,
	15,
	0,
	0,
	0,
	0,
	"ba5eda7a-def5-0000-0000-000000000003",
	"8a5af748-bda1-4625-a025-eef54ff7158c");
INSERT INTO V_LRL
	VALUES ("d531ca28-76be-4040-b701-d0b14dc3e8b3",
	'80.0');
INSERT INTO V_PAR
	VALUES ("d531ca28-76be-4040-b701-d0b14dc3e8b3",
	"25471a3f-9855-4ebf-aa3a-c7535b6e8ef5",
	"00000000-0000-0000-0000-000000000000",
	'maximum',
	"63a14e81-03fd-483e-bd91-491ed331783d",
	16,
	3);
INSERT INTO V_VAL
	VALUES ("63a14e81-03fd-483e-bd91-491ed331783d",
	0,
	0,
	17,
	9,
	10,
	0,
	0,
	0,
	0,
	"ba5eda7a-def5-0000-0000-000000000002",
	"8a5af748-bda1-4625-a025-eef54ff7158c");
INSERT INTO V_LIN
	VALUES ("63a14e81-03fd-483e-bd91-491ed331783d",
	'10');
INSERT INTO V_PAR
	VALUES ("63a14e81-03fd-483e-bd91-491ed331783d",
	"25471a3f-9855-4ebf-aa3a-c7535b6e8ef5",
	"00000000-0000-0000-0000-000000000000",
	'span',
	"ecc4f0f2-d90a-4c34-a476-2c2c7c76b174",
	17,
	3);
INSERT INTO V_VAL
	VALUES ("ecc4f0f2-d90a-4c34-a476-2c2c7c76b174",
	0,
	0,
	18,
	31,
	39,
	0,
	0,
	0,
	0,
	"cfb9aa72-125a-4d88-9ed9-1af1002d48f0",
	"8a5af748-bda1-4625-a025-eef54ff7158c");
INSERT INTO V_LEN
	VALUES ("ecc4f0f2-d90a-4c34-a476-2c2c7c76b174",
	"e78a25d4-3628-4dbf-9347-9d7be2924102",
	18,
	17);
INSERT INTO V_PAR
	VALUES ("ecc4f0f2-d90a-4c34-a476-2c2c7c76b174",
	"25471a3f-9855-4ebf-aa3a-c7535b6e8ef5",
	"00000000-0000-0000-0000-000000000000",
	'criteriaType',
	"f3e3c52d-46e8-490e-ac47-36e9b6188bfb",
	18,
	3);
INSERT INTO V_VAL
	VALUES ("f3e3c52d-46e8-490e-ac47-36e9b6188bfb",
	0,
	0,
	19,
	23,
	26,
	0,
	0,
	0,
	0,
	"42487d7d-390d-48d8-a7a5-474cf2d8a900",
	"8a5af748-bda1-4625-a025-eef54ff7158c");
INSERT INTO V_LEN
	VALUES ("f3e3c52d-46e8-490e-ac47-36e9b6188bfb",
	"70b8c1c7-75eb-42ab-ba2d-2ff08ea01c45",
	19,
	13);
INSERT INTO V_PAR
	VALUES ("f3e3c52d-46e8-490e-ac47-36e9b6188bfb",
	"25471a3f-9855-4ebf-aa3a-c7535b6e8ef5",
	"00000000-0000-0000-0000-000000000000",
	'spanType',
	"00000000-0000-0000-0000-000000000000",
	19,
	3);
INSERT INTO V_VAL
	VALUES ("b0adc21f-5af2-4c54-87e6-4a1b489c2af9",
	0,
	0,
	22,
	19,
	19,
	0,
	0,
	0,
	0,
	"ba5eda7a-def5-0000-0000-000000000002",
	"8a5af748-bda1-4625-a025-eef54ff7158c");
INSERT INTO V_LIN
	VALUES ("b0adc21f-5af2-4c54-87e6-4a1b489c2af9",
	'3');
INSERT INTO V_PAR
	VALUES ("b0adc21f-5af2-4c54-87e6-4a1b489c2af9",
	"86506f06-e3c0-4496-9e5b-e1f2b47b3208",
	"00000000-0000-0000-0000-000000000000",
	'sequenceNumber',
	"6f896db1-539d-426b-9f0d-67b2592e0e55",
	22,
	3);
INSERT INTO V_VAL
	VALUES ("6f896db1-539d-426b-9f0d-67b2592e0e55",
	0,
	0,
	23,
	12,
	14,
	0,
	0,
	0,
	0,
	"ba5eda7a-def5-0000-0000-000000000003",
	"8a5af748-bda1-4625-a025-eef54ff7158c");
INSERT INTO V_LRL
	VALUES ("6f896db1-539d-426b-9f0d-67b2592e0e55",
	'5.0');
INSERT INTO V_PAR
	VALUES ("6f896db1-539d-426b-9f0d-67b2592e0e55",
	"86506f06-e3c0-4496-9e5b-e1f2b47b3208",
	"00000000-0000-0000-0000-000000000000",
	'minimum',
	"57391dbd-82b4-4cf3-b93e-63c5966a4fc0",
	23,
	3);
INSERT INTO V_VAL
	VALUES ("57391dbd-82b4-4cf3-b93e-63c5966a4fc0",
	0,
	0,
	24,
	12,
	14,
	0,
	0,
	0,
	0,
	"ba5eda7a-def5-0000-0000-000000000003",
	"8a5af748-bda1-4625-a025-eef54ff7158c");
INSERT INTO V_LRL
	VALUES ("57391dbd-82b4-4cf3-b93e-63c5966a4fc0",
	'6.0');
INSERT INTO V_PAR
	VALUES ("57391dbd-82b4-4cf3-b93e-63c5966a4fc0",
	"86506f06-e3c0-4496-9e5b-e1f2b47b3208",
	"00000000-0000-0000-0000-000000000000",
	'maximum',
	"82ba82c6-2078-4470-8104-412dc330f467",
	24,
	3);
INSERT INTO V_VAL
	VALUES ("82ba82c6-2078-4470-8104-412dc330f467",
	0,
	0,
	25,
	9,
	10,
	0,
	0,
	0,
	0,
	"ba5eda7a-def5-0000-0000-000000000002",
	"8a5af748-bda1-4625-a025-eef54ff7158c");
INSERT INTO V_LIN
	VALUES ("82ba82c6-2078-4470-8104-412dc330f467",
	'15');
INSERT INTO V_PAR
	VALUES ("82ba82c6-2078-4470-8104-412dc330f467",
	"86506f06-e3c0-4496-9e5b-e1f2b47b3208",
	"00000000-0000-0000-0000-000000000000",
	'span',
	"9c2e86c3-2d74-49e8-b16f-a28429384f24",
	25,
	3);
INSERT INTO V_VAL
	VALUES ("9c2e86c3-2d74-49e8-b16f-a28429384f24",
	0,
	0,
	26,
	31,
	34,
	0,
	0,
	0,
	0,
	"cfb9aa72-125a-4d88-9ed9-1af1002d48f0",
	"8a5af748-bda1-4625-a025-eef54ff7158c");
INSERT INTO V_LEN
	VALUES ("9c2e86c3-2d74-49e8-b16f-a28429384f24",
	"bcc5f6aa-9c0e-4be9-abec-40621b3c6571",
	26,
	17);
INSERT INTO V_PAR
	VALUES ("9c2e86c3-2d74-49e8-b16f-a28429384f24",
	"86506f06-e3c0-4496-9e5b-e1f2b47b3208",
	"00000000-0000-0000-0000-000000000000",
	'criteriaType',
	"80811ea9-2955-4f63-b85e-09361198c26f",
	26,
	3);
INSERT INTO V_VAL
	VALUES ("80811ea9-2955-4f63-b85e-09361198c26f",
	0,
	0,
	27,
	23,
	26,
	0,
	0,
	0,
	0,
	"42487d7d-390d-48d8-a7a5-474cf2d8a900",
	"8a5af748-bda1-4625-a025-eef54ff7158c");
INSERT INTO V_LEN
	VALUES ("80811ea9-2955-4f63-b85e-09361198c26f",
	"70b8c1c7-75eb-42ab-ba2d-2ff08ea01c45",
	27,
	13);
INSERT INTO V_PAR
	VALUES ("80811ea9-2955-4f63-b85e-09361198c26f",
	"86506f06-e3c0-4496-9e5b-e1f2b47b3208",
	"00000000-0000-0000-0000-000000000000",
	'spanType',
	"00000000-0000-0000-0000-000000000000",
	27,
	3);
INSERT INTO V_VAL
	VALUES ("a5396a1b-0a9c-48cf-8899-be497d97aa1a",
	0,
	0,
	30,
	19,
	19,
	0,
	0,
	0,
	0,
	"ba5eda7a-def5-0000-0000-000000000002",
	"8a5af748-bda1-4625-a025-eef54ff7158c");
INSERT INTO V_LIN
	VALUES ("a5396a1b-0a9c-48cf-8899-be497d97aa1a",
	'4');
INSERT INTO V_PAR
	VALUES ("a5396a1b-0a9c-48cf-8899-be497d97aa1a",
	"1940e861-93d4-4775-b40f-19c9224dbd94",
	"00000000-0000-0000-0000-000000000000",
	'sequenceNumber',
	"4e562947-f978-48b0-9a42-f255da4efa6b",
	30,
	3);
INSERT INTO V_VAL
	VALUES ("4e562947-f978-48b0-9a42-f255da4efa6b",
	0,
	0,
	31,
	12,
	14,
	0,
	0,
	0,
	0,
	"ba5eda7a-def5-0000-0000-000000000003",
	"8a5af748-bda1-4625-a025-eef54ff7158c");
INSERT INTO V_LRL
	VALUES ("4e562947-f978-48b0-9a42-f255da4efa6b",
	'1.0');
INSERT INTO V_PAR
	VALUES ("4e562947-f978-48b0-9a42-f255da4efa6b",
	"1940e861-93d4-4775-b40f-19c9224dbd94",
	"00000000-0000-0000-0000-000000000000",
	'minimum',
	"d7492e32-0a3b-439f-b326-afbf05fbb7ad",
	31,
	3);
INSERT INTO V_VAL
	VALUES ("d7492e32-0a3b-439f-b326-afbf05fbb7ad",
	0,
	0,
	32,
	12,
	14,
	0,
	0,
	0,
	0,
	"ba5eda7a-def5-0000-0000-000000000003",
	"8a5af748-bda1-4625-a025-eef54ff7158c");
INSERT INTO V_LRL
	VALUES ("d7492e32-0a3b-439f-b326-afbf05fbb7ad",
	'2.0');
INSERT INTO V_PAR
	VALUES ("d7492e32-0a3b-439f-b326-afbf05fbb7ad",
	"1940e861-93d4-4775-b40f-19c9224dbd94",
	"00000000-0000-0000-0000-000000000000",
	'maximum',
	"58f58b57-2b93-475f-aeae-189ea2eb29d1",
	32,
	3);
INSERT INTO V_VAL
	VALUES ("58f58b57-2b93-475f-aeae-189ea2eb29d1",
	0,
	0,
	33,
	9,
	10,
	0,
	0,
	0,
	0,
	"ba5eda7a-def5-0000-0000-000000000002",
	"8a5af748-bda1-4625-a025-eef54ff7158c");
INSERT INTO V_LIN
	VALUES ("58f58b57-2b93-475f-aeae-189ea2eb29d1",
	'15');
INSERT INTO V_PAR
	VALUES ("58f58b57-2b93-475f-aeae-189ea2eb29d1",
	"1940e861-93d4-4775-b40f-19c9224dbd94",
	"00000000-0000-0000-0000-000000000000",
	'span',
	"036d69bc-7206-409d-bd5e-bac095f6096c",
	33,
	3);
INSERT INTO V_VAL
	VALUES ("036d69bc-7206-409d-bd5e-bac095f6096c",
	0,
	0,
	34,
	31,
	34,
	0,
	0,
	0,
	0,
	"cfb9aa72-125a-4d88-9ed9-1af1002d48f0",
	"8a5af748-bda1-4625-a025-eef54ff7158c");
INSERT INTO V_LEN
	VALUES ("036d69bc-7206-409d-bd5e-bac095f6096c",
	"bcc5f6aa-9c0e-4be9-abec-40621b3c6571",
	34,
	17);
INSERT INTO V_PAR
	VALUES ("036d69bc-7206-409d-bd5e-bac095f6096c",
	"1940e861-93d4-4775-b40f-19c9224dbd94",
	"00000000-0000-0000-0000-000000000000",
	'criteriaType',
	"9a8c3434-3d88-414f-ace9-48b19abe8eea",
	34,
	3);
INSERT INTO V_VAL
	VALUES ("9a8c3434-3d88-414f-ace9-48b19abe8eea",
	0,
	0,
	35,
	23,
	26,
	0,
	0,
	0,
	0,
	"42487d7d-390d-48d8-a7a5-474cf2d8a900",
	"8a5af748-bda1-4625-a025-eef54ff7158c");
INSERT INTO V_LEN
	VALUES ("9a8c3434-3d88-414f-ace9-48b19abe8eea",
	"70b8c1c7-75eb-42ab-ba2d-2ff08ea01c45",
	35,
	13);
INSERT INTO V_PAR
	VALUES ("9a8c3434-3d88-414f-ace9-48b19abe8eea",
	"1940e861-93d4-4775-b40f-19c9224dbd94",
	"00000000-0000-0000-0000-000000000000",
	'spanType',
	"00000000-0000-0000-0000-000000000000",
	35,
	3);
INSERT INTO PE_PE
	VALUES ("0104edb4-56ff-4f7f-8f85-2b6561da5b91",
	1,
	"00000000-0000-0000-0000-000000000000",
	"7faca62d-bd68-4fa6-8c7d-c02d7890cba2",
	7);
INSERT INTO EP_PKG
	VALUES ("0104edb4-56ff-4f7f-8f85-2b6561da5b91",
	"00000000-0000-0000-0000-000000000000",
	"f6183599-e913-4960-ac9a-ad495a6db59f",
	'functions',
	'',
	0);
INSERT INTO PE_PE
	VALUES ("6a867eb5-2ed9-4284-891f-cfd24cc9c660",
	1,
	"0104edb4-56ff-4f7f-8f85-2b6561da5b91",
	"00000000-0000-0000-0000-000000000000",
	1);
INSERT INTO S_SYNC
	VALUES ("6a867eb5-2ed9-4284-891f-cfd24cc9c660",
	"00000000-0000-0000-0000-000000000000",
	'heartRateChanged',
	'',
	'// Find the singleton instance of the workout session
// and forward this signal, as an event, to it.
// If there is no active workout session, then this 
// sample is simply ignored and not recorded.

select any session from instances of WorkoutSession;
if (not empty session)
  session.addHeartRateSample(heartRate: param.heartRate);
end if;',
	"ba5eda7a-def5-0000-0000-000000000000",
	1,
	'',
	0);
INSERT INTO S_SPARM
	VALUES ("cbe1478c-5eea-4f54-a3ea-ad30abb12ce1",
	"6a867eb5-2ed9-4284-891f-cfd24cc9c660",
	'heartRate',
	"ba5eda7a-def5-0000-0000-000000000002",
	0,
	'',
	"00000000-0000-0000-0000-000000000000",
	'');
INSERT INTO ACT_FNB
	VALUES ("159fa451-5846-4656-bc88-0ba65d4a94a7",
	"6a867eb5-2ed9-4284-891f-cfd24cc9c660");
INSERT INTO ACT_ACT
	VALUES ("159fa451-5846-4656-bc88-0ba65d4a94a7",
	'function',
	0,
	"a3a2a9f0-6934-4cec-b48b-9ba2160a4f00",
	"00000000-0000-0000-0000-000000000000",
	0,
	'heartRateChanged',
	"00000000-0000-0000-0000-000000000000");
INSERT INTO ACT_BLK
	VALUES ("a3a2a9f0-6934-4cec-b48b-9ba2160a4f00",
	1,
	0,
	0,
	'',
	'',
	'',
	7,
	1,
	6,
	38,
	0,
	0,
	0,
	0,
	0,
	0,
	0,
	0,
	0,
	"159fa451-5846-4656-bc88-0ba65d4a94a7",
	"00000000-0000-0000-0000-000000000000");
INSERT INTO ACT_SMT
	VALUES ("67278ff7-ae33-4549-9379-7a7554d3edd3",
	"a3a2a9f0-6934-4cec-b48b-9ba2160a4f00",
	"5df6df55-5d21-45aa-be1e-a26636f66e83",
	6,
	1,
	'heartRateChanged line: 6');
INSERT INTO ACT_FIO
	VALUES ("67278ff7-ae33-4549-9379-7a7554d3edd3",
	"556dbd5c-9dec-47c5-a654-64a4fc3a7f24",
	1,
	'any',
	"2522ffa2-db69-4807-ab45-06acf4cf893a",
	6,
	38);
INSERT INTO ACT_SMT
	VALUES ("5df6df55-5d21-45aa-be1e-a26636f66e83",
	"a3a2a9f0-6934-4cec-b48b-9ba2160a4f00",
	"00000000-0000-0000-0000-000000000000",
	7,
	1,
	'heartRateChanged line: 7');
INSERT INTO ACT_IF
	VALUES ("5df6df55-5d21-45aa-be1e-a26636f66e83",
	"242ad6f1-e5a7-4666-a114-e02afd741676",
	"7272af32-ce98-414d-aac9-4c8a8107d23e",
	"00000000-0000-0000-0000-000000000000",
	"00000000-0000-0000-0000-000000000000");
INSERT INTO V_VAL
	VALUES ("27a8d74e-d5f8-465d-b4ab-86ae9a4fdc82",
	0,
	0,
	7,
	15,
	21,
	0,
	0,
	0,
	0,
	"ba5eda7a-def5-0000-0000-000000000008",
	"a3a2a9f0-6934-4cec-b48b-9ba2160a4f00");
INSERT INTO V_IRF
	VALUES ("27a8d74e-d5f8-465d-b4ab-86ae9a4fdc82",
	"556dbd5c-9dec-47c5-a654-64a4fc3a7f24");
INSERT INTO V_VAL
	VALUES ("bab6037b-cbb4-494c-a4d4-58d36a781440",
	0,
	0,
	-1,
	-1,
	-1,
	0,
	0,
	0,
	0,
	"ba5eda7a-def5-0000-0000-000000000001",
	"a3a2a9f0-6934-4cec-b48b-9ba2160a4f00");
INSERT INTO V_UNY
	VALUES ("bab6037b-cbb4-494c-a4d4-58d36a781440",
	"27a8d74e-d5f8-465d-b4ab-86ae9a4fdc82",
	'empty');
INSERT INTO V_VAL
	VALUES ("7272af32-ce98-414d-aac9-4c8a8107d23e",
	0,
	0,
	-1,
	-1,
	-1,
	0,
	0,
	0,
	0,
	"ba5eda7a-def5-0000-0000-000000000001",
	"a3a2a9f0-6934-4cec-b48b-9ba2160a4f00");
INSERT INTO V_UNY
	VALUES ("7272af32-ce98-414d-aac9-4c8a8107d23e",
	"bab6037b-cbb4-494c-a4d4-58d36a781440",
	'not');
INSERT INTO V_VAR
	VALUES ("556dbd5c-9dec-47c5-a654-64a4fc3a7f24",
	"a3a2a9f0-6934-4cec-b48b-9ba2160a4f00",
	'session',
	1,
	"ba5eda7a-def5-0000-0000-000000000008");
INSERT INTO V_INT
	VALUES ("556dbd5c-9dec-47c5-a654-64a4fc3a7f24",
	0,
	"2522ffa2-db69-4807-ab45-06acf4cf893a");
INSERT INTO ACT_BLK
	VALUES ("242ad6f1-e5a7-4666-a114-e02afd741676",
	0,
	0,
	0,
	'',
	'',
	'',
	8,
	3,
	0,
	0,
	0,
	0,
	0,
	0,
	0,
	0,
	0,
	0,
	0,
	"159fa451-5846-4656-bc88-0ba65d4a94a7",
	"00000000-0000-0000-0000-000000000000");
INSERT INTO ACT_SMT
	VALUES ("f90a322e-3967-4bf9-a079-ba51ed2f3d76",
	"242ad6f1-e5a7-4666-a114-e02afd741676",
	"00000000-0000-0000-0000-000000000000",
	8,
	3,
	'heartRateChanged line: 8');
INSERT INTO ACT_TFM
	VALUES ("f90a322e-3967-4bf9-a079-ba51ed2f3d76",
	"e3f7be53-3ad2-47d3-862a-9a65846facde",
	"556dbd5c-9dec-47c5-a654-64a4fc3a7f24",
	8,
	11,
	0,
	0);
INSERT INTO V_VAL
	VALUES ("93b7994f-9d32-4094-ab0f-8c393792dc4e",
	0,
	0,
	8,
	47,
	55,
	0,
	0,
	0,
	0,
	"ba5eda7a-def5-0000-0000-000000000002",
	"242ad6f1-e5a7-4666-a114-e02afd741676");
INSERT INTO V_PVL
	VALUES ("93b7994f-9d32-4094-ab0f-8c393792dc4e",
	"00000000-0000-0000-0000-000000000000",
	"cbe1478c-5eea-4f54-a3ea-ad30abb12ce1",
	"00000000-0000-0000-0000-000000000000",
	"00000000-0000-0000-0000-000000000000");
INSERT INTO V_PAR
	VALUES ("93b7994f-9d32-4094-ab0f-8c393792dc4e",
	"f90a322e-3967-4bf9-a079-ba51ed2f3d76",
	"00000000-0000-0000-0000-000000000000",
	'heartRate',
	"00000000-0000-0000-0000-000000000000",
	8,
	30);
INSERT INTO PE_PE
	VALUES ("3057893e-40f7-4b65-ad5c-84daa26a0d7e",
	1,
	"0104edb4-56ff-4f7f-8f85-2b6561da5b91",
	"00000000-0000-0000-0000-000000000000",
	1);
INSERT INTO S_SYNC
	VALUES ("3057893e-40f7-4b65-ad5c-84daa26a0d7e",
	"00000000-0000-0000-0000-000000000000",
	'setTargetPressed',
	'',
	'// If a goal is currently executing, advance to the next one,
//   otherwise start the first specified goal, if it exists.
Goal::nextGoal();',
	"ba5eda7a-def5-0000-0000-000000000000",
	1,
	'',
	0);
INSERT INTO ACT_FNB
	VALUES ("7ce4377d-dfbf-4942-a088-8e3c4873012e",
	"3057893e-40f7-4b65-ad5c-84daa26a0d7e");
INSERT INTO ACT_ACT
	VALUES ("7ce4377d-dfbf-4942-a088-8e3c4873012e",
	'function',
	0,
	"9b2b647f-ae44-4329-afdf-67fabf76ec64",
	"00000000-0000-0000-0000-000000000000",
	0,
	'setTargetPressed',
	"00000000-0000-0000-0000-000000000000");
INSERT INTO ACT_BLK
	VALUES ("9b2b647f-ae44-4329-afdf-67fabf76ec64",
	0,
	0,
	0,
	'Goal',
	'',
	'',
	3,
	1,
	3,
	1,
	0,
	0,
	0,
	0,
	0,
	0,
	0,
	0,
	0,
	"7ce4377d-dfbf-4942-a088-8e3c4873012e",
	"00000000-0000-0000-0000-000000000000");
INSERT INTO ACT_SMT
	VALUES ("f3f38594-f1d2-472b-8fb0-bca7b2b1ead3",
	"9b2b647f-ae44-4329-afdf-67fabf76ec64",
	"00000000-0000-0000-0000-000000000000",
	3,
	1,
	'setTargetPressed line: 3');
INSERT INTO ACT_TFM
	VALUES ("f3f38594-f1d2-472b-8fb0-bca7b2b1ead3",
	"902f97d2-b056-4461-89c5-6454f9f253d7",
	"00000000-0000-0000-0000-000000000000",
	3,
	7,
	3,
	1);
INSERT INTO PE_PE
	VALUES ("269a9744-3613-4c08-bded-4f1db0a2c2e5",
	1,
	"0104edb4-56ff-4f7f-8f85-2b6561da5b91",
	"00000000-0000-0000-0000-000000000000",
	1);
INSERT INTO S_SYNC
	VALUES ("269a9744-3613-4c08-bded-4f1db0a2c2e5",
	"00000000-0000-0000-0000-000000000000",
	'startStopPressed',
	'',
	'// If necessary, create a workout session and everything required to 
// support it.  Then, forward this signal to the workout timer.

WorkoutSession::initialize();

// Forward this signal, as an event, to the singleton instance of WorkoutTimer.
select any workoutTimer from instances of WorkoutTimer;
generate WorkoutTimer1:startStopPressed() to workoutTimer;',
	"ba5eda7a-def5-0000-0000-000000000000",
	1,
	'',
	0);
INSERT INTO ACT_FNB
	VALUES ("a26b88e4-f9ab-4f1f-8fd4-16e6da2d7e6f",
	"269a9744-3613-4c08-bded-4f1db0a2c2e5");
INSERT INTO ACT_ACT
	VALUES ("a26b88e4-f9ab-4f1f-8fd4-16e6da2d7e6f",
	'function',
	0,
	"b040afc6-6539-4044-bcae-711dd50cef60",
	"00000000-0000-0000-0000-000000000000",
	0,
	'startStopPressed',
	"00000000-0000-0000-0000-000000000000");
INSERT INTO ACT_BLK
	VALUES ("b040afc6-6539-4044-bcae-711dd50cef60",
	1,
	0,
	0,
	'V_VAR.Var_ID',
	'',
	'',
	8,
	1,
	7,
	43,
	0,
	0,
	0,
	0,
	0,
	0,
	0,
	0,
	0,
	"a26b88e4-f9ab-4f1f-8fd4-16e6da2d7e6f",
	"00000000-0000-0000-0000-000000000000");
INSERT INTO ACT_SMT
	VALUES ("4e227e22-0dbd-457c-806a-58fa291dd22f",
	"b040afc6-6539-4044-bcae-711dd50cef60",
	"359506f5-2285-4bb3-88e0-710878902895",
	4,
	1,
	'startStopPressed line: 4');
INSERT INTO ACT_TFM
	VALUES ("4e227e22-0dbd-457c-806a-58fa291dd22f",
	"3c3e9447-7fbe-40c3-835d-aa668b911afa",
	"00000000-0000-0000-0000-000000000000",
	4,
	17,
	4,
	1);
INSERT INTO ACT_SMT
	VALUES ("359506f5-2285-4bb3-88e0-710878902895",
	"b040afc6-6539-4044-bcae-711dd50cef60",
	"78408429-55f5-43db-bc48-3bf600f071de",
	7,
	1,
	'startStopPressed line: 7');
INSERT INTO ACT_FIO
	VALUES ("359506f5-2285-4bb3-88e0-710878902895",
	"ee55d1c1-5115-437a-ab51-7bb9a6be33c7",
	1,
	'any',
	"8d4b82cf-ec16-4fd9-925b-0e51eb64a2f7",
	7,
	43);
INSERT INTO ACT_SMT
	VALUES ("78408429-55f5-43db-bc48-3bf600f071de",
	"b040afc6-6539-4044-bcae-711dd50cef60",
	"00000000-0000-0000-0000-000000000000",
	8,
	1,
	'startStopPressed line: 8');
INSERT INTO E_ESS
	VALUES ("78408429-55f5-43db-bc48-3bf600f071de",
	1,
	0,
	8,
	10,
	8,
	24,
	7,
	43,
	0,
	0,
	0,
	0);
INSERT INTO E_GES
	VALUES ("78408429-55f5-43db-bc48-3bf600f071de");
INSERT INTO E_GSME
	VALUES ("78408429-55f5-43db-bc48-3bf600f071de",
	"d20f019c-a3b7-4b4b-bcdf-307cf6b0b71a");
INSERT INTO E_GEN
	VALUES ("78408429-55f5-43db-bc48-3bf600f071de",
	"ee55d1c1-5115-437a-ab51-7bb9a6be33c7");
INSERT INTO V_VAR
	VALUES ("ee55d1c1-5115-437a-ab51-7bb9a6be33c7",
	"b040afc6-6539-4044-bcae-711dd50cef60",
	'workoutTimer',
	1,
	"ba5eda7a-def5-0000-0000-000000000008");
INSERT INTO V_INT
	VALUES ("ee55d1c1-5115-437a-ab51-7bb9a6be33c7",
	0,
	"8d4b82cf-ec16-4fd9-925b-0e51eb64a2f7");
INSERT INTO PE_PE
	VALUES ("b1ad149c-61a8-427e-b793-a7141bc6bc26",
	1,
	"0104edb4-56ff-4f7f-8f85-2b6561da5b91",
	"00000000-0000-0000-0000-000000000000",
	1);
INSERT INTO S_SYNC
	VALUES ("b1ad149c-61a8-427e-b793-a7141bc6bc26",
	"00000000-0000-0000-0000-000000000000",
	'lapResetPressed',
	'',
	'// Find the singleton instance of the workout timer 
// and forward this signal, as an event, to it.

select any workoutTimer from instances of WorkoutTimer;
if (not empty workoutTimer)
  generate WorkoutTimer2:lapResetPressed() to workoutTimer;
else
  LOG::LogFailure( message:"Tracking:UI:lapResetPressed - No WorkoutTimer, so nothing to do." );
end if;
',
	"ba5eda7a-def5-0000-0000-000000000000",
	1,
	'',
	0);
INSERT INTO ACT_FNB
	VALUES ("6ec29112-ce39-4913-ae1b-a40056f2b039",
	"b1ad149c-61a8-427e-b793-a7141bc6bc26");
INSERT INTO ACT_ACT
	VALUES ("6ec29112-ce39-4913-ae1b-a40056f2b039",
	'function',
	0,
	"1eddbf8d-aaef-4976-83d0-b23a9b6e465c",
	"00000000-0000-0000-0000-000000000000",
	0,
	'lapResetPressed',
	"00000000-0000-0000-0000-000000000000");
INSERT INTO ACT_BLK
	VALUES ("1eddbf8d-aaef-4976-83d0-b23a9b6e465c",
	1,
	0,
	0,
	'',
	'',
	'',
	7,
	1,
	4,
	43,
	0,
	0,
	0,
	0,
	0,
	0,
	0,
	0,
	0,
	"6ec29112-ce39-4913-ae1b-a40056f2b039",
	"00000000-0000-0000-0000-000000000000");
INSERT INTO ACT_SMT
	VALUES ("80d730c8-9609-4146-96a0-1b235f8e3b27",
	"1eddbf8d-aaef-4976-83d0-b23a9b6e465c",
	"dcc6871f-fab1-4d42-a4b9-df04795b1e54",
	4,
	1,
	'lapResetPressed line: 4');
INSERT INTO ACT_FIO
	VALUES ("80d730c8-9609-4146-96a0-1b235f8e3b27",
	"edc00ee3-4f08-4317-853a-512e6e4c56d2",
	1,
	'any',
	"8d4b82cf-ec16-4fd9-925b-0e51eb64a2f7",
	4,
	43);
INSERT INTO ACT_SMT
	VALUES ("dcc6871f-fab1-4d42-a4b9-df04795b1e54",
	"1eddbf8d-aaef-4976-83d0-b23a9b6e465c",
	"00000000-0000-0000-0000-000000000000",
	5,
	1,
	'lapResetPressed line: 5');
INSERT INTO ACT_IF
	VALUES ("dcc6871f-fab1-4d42-a4b9-df04795b1e54",
	"5c80f2a2-1f30-4bf8-bf33-392beebebaac",
	"998f9581-996e-4027-baf2-a9b277218d2a",
	"00000000-0000-0000-0000-000000000000",
	"00000000-0000-0000-0000-000000000000");
INSERT INTO ACT_SMT
	VALUES ("9b50ba75-4321-4f05-9721-56ede623dd34",
	"1eddbf8d-aaef-4976-83d0-b23a9b6e465c",
	"00000000-0000-0000-0000-000000000000",
	7,
	1,
	'lapResetPressed line: 7');
INSERT INTO ACT_E
	VALUES ("9b50ba75-4321-4f05-9721-56ede623dd34",
	"88e97e16-512e-406c-91fb-11924bde9581",
	"dcc6871f-fab1-4d42-a4b9-df04795b1e54");
INSERT INTO V_VAL
	VALUES ("07e99acb-d906-4fb5-96e4-2a9fbf92d043",
	0,
	0,
	5,
	15,
	26,
	0,
	0,
	0,
	0,
	"ba5eda7a-def5-0000-0000-000000000008",
	"1eddbf8d-aaef-4976-83d0-b23a9b6e465c");
INSERT INTO V_IRF
	VALUES ("07e99acb-d906-4fb5-96e4-2a9fbf92d043",
	"edc00ee3-4f08-4317-853a-512e6e4c56d2");
INSERT INTO V_VAL
	VALUES ("aabbc42f-7236-471e-a34b-e02621ac9c47",
	0,
	0,
	-1,
	-1,
	-1,
	0,
	0,
	0,
	0,
	"ba5eda7a-def5-0000-0000-000000000001",
	"1eddbf8d-aaef-4976-83d0-b23a9b6e465c");
INSERT INTO V_UNY
	VALUES ("aabbc42f-7236-471e-a34b-e02621ac9c47",
	"07e99acb-d906-4fb5-96e4-2a9fbf92d043",
	'empty');
INSERT INTO V_VAL
	VALUES ("998f9581-996e-4027-baf2-a9b277218d2a",
	0,
	0,
	-1,
	-1,
	-1,
	0,
	0,
	0,
	0,
	"ba5eda7a-def5-0000-0000-000000000001",
	"1eddbf8d-aaef-4976-83d0-b23a9b6e465c");
INSERT INTO V_UNY
	VALUES ("998f9581-996e-4027-baf2-a9b277218d2a",
	"aabbc42f-7236-471e-a34b-e02621ac9c47",
	'not');
INSERT INTO V_VAR
	VALUES ("edc00ee3-4f08-4317-853a-512e6e4c56d2",
	"1eddbf8d-aaef-4976-83d0-b23a9b6e465c",
	'workoutTimer',
	1,
	"ba5eda7a-def5-0000-0000-000000000008");
INSERT INTO V_INT
	VALUES ("edc00ee3-4f08-4317-853a-512e6e4c56d2",
	0,
	"8d4b82cf-ec16-4fd9-925b-0e51eb64a2f7");
INSERT INTO ACT_BLK
	VALUES ("5c80f2a2-1f30-4bf8-bf33-392beebebaac",
	0,
	0,
	0,
	'V_VAR.Var_ID',
	'',
	'',
	6,
	3,
	0,
	0,
	0,
	0,
	0,
	0,
	0,
	0,
	0,
	0,
	0,
	"6ec29112-ce39-4913-ae1b-a40056f2b039",
	"00000000-0000-0000-0000-000000000000");
INSERT INTO ACT_SMT
	VALUES ("3c34150e-6085-4022-91a9-7126578e16c4",
	"5c80f2a2-1f30-4bf8-bf33-392beebebaac",
	"00000000-0000-0000-0000-000000000000",
	6,
	3,
	'lapResetPressed line: 6');
INSERT INTO E_ESS
	VALUES ("3c34150e-6085-4022-91a9-7126578e16c4",
	1,
	0,
	6,
	12,
	6,
	26,
	0,
	0,
	0,
	0,
	0,
	0);
INSERT INTO E_GES
	VALUES ("3c34150e-6085-4022-91a9-7126578e16c4");
INSERT INTO E_GSME
	VALUES ("3c34150e-6085-4022-91a9-7126578e16c4",
	"035ffc2c-74da-485c-b8f0-00278230b1b4");
INSERT INTO E_GEN
	VALUES ("3c34150e-6085-4022-91a9-7126578e16c4",
	"edc00ee3-4f08-4317-853a-512e6e4c56d2");
INSERT INTO ACT_BLK
	VALUES ("88e97e16-512e-406c-91fb-11924bde9581",
	0,
	0,
	0,
	'LOG',
	'',
	'',
	8,
	3,
	8,
	3,
	0,
	0,
	0,
	0,
	0,
	0,
	0,
	0,
	0,
	"6ec29112-ce39-4913-ae1b-a40056f2b039",
	"00000000-0000-0000-0000-000000000000");
INSERT INTO ACT_SMT
	VALUES ("7d99165d-e3a3-4467-999f-1fc31e5c9173",
	"88e97e16-512e-406c-91fb-11924bde9581",
	"00000000-0000-0000-0000-000000000000",
	8,
	3,
	'lapResetPressed line: 8');
INSERT INTO ACT_BRG
	VALUES ("7d99165d-e3a3-4467-999f-1fc31e5c9173",
	"2dcf3e84-1208-4e7f-a70c-a54d15f1ce77",
	8,
	8,
	8,
	3);
INSERT INTO V_VAL
	VALUES ("ce5ea37f-a75c-4a12-aef1-6c913e0e707c",
	0,
	0,
	8,
	28,
	92,
	0,
	0,
	0,
	0,
	"ba5eda7a-def5-0000-0000-000000000004",
	"88e97e16-512e-406c-91fb-11924bde9581");
INSERT INTO V_LST
	VALUES ("ce5ea37f-a75c-4a12-aef1-6c913e0e707c",
	'Tracking:UI:lapResetPressed - No WorkoutTimer, so nothing to do.');
INSERT INTO V_PAR
	VALUES ("ce5ea37f-a75c-4a12-aef1-6c913e0e707c",
	"7d99165d-e3a3-4467-999f-1fc31e5c9173",
	"00000000-0000-0000-0000-000000000000",
	'message',
	"00000000-0000-0000-0000-000000000000",
	8,
	20);
INSERT INTO PE_PE
	VALUES ("ee09d978-064b-45da-a5d3-2de05dd46417",
	1,
	"0104edb4-56ff-4f7f-8f85-2b6561da5b91",
	"00000000-0000-0000-0000-000000000000",
	1);
INSERT INTO S_SYNC
	VALUES ("ee09d978-064b-45da-a5d3-2de05dd46417",
	"00000000-0000-0000-0000-000000000000",
	'lightPressed',
	'',
	'ARCH::shutdown();',
	"ba5eda7a-def5-0000-0000-000000000000",
	1,
	'',
	0);
INSERT INTO ACT_FNB
	VALUES ("d184148e-b6da-40ea-bb14-6f45fe2f50e1",
	"ee09d978-064b-45da-a5d3-2de05dd46417");
INSERT INTO ACT_ACT
	VALUES ("d184148e-b6da-40ea-bb14-6f45fe2f50e1",
	'function',
	0,
	"f3e9ec4d-09fe-434a-ad4a-755939a541d5",
	"00000000-0000-0000-0000-000000000000",
	0,
	'lightPressed',
	"00000000-0000-0000-0000-000000000000");
INSERT INTO ACT_BLK
	VALUES ("f3e9ec4d-09fe-434a-ad4a-755939a541d5",
	0,
	0,
	0,
	'ARCH',
	'',
	'',
	1,
	1,
	1,
	1,
	0,
	0,
	0,
	0,
	0,
	0,
	0,
	0,
	0,
	"d184148e-b6da-40ea-bb14-6f45fe2f50e1",
	"00000000-0000-0000-0000-000000000000");
INSERT INTO ACT_SMT
	VALUES ("ab6e9b2e-1604-44ae-a49d-55779c6c1513",
	"f3e9ec4d-09fe-434a-ad4a-755939a541d5",
	"00000000-0000-0000-0000-000000000000",
	1,
	1,
	'lightPressed line: 1');
INSERT INTO ACT_BRG
	VALUES ("ab6e9b2e-1604-44ae-a49d-55779c6c1513",
	"112f319f-4c8e-482c-a552-276f1b56bc8d",
	1,
	7,
	1,
	1);
INSERT INTO PE_PE
	VALUES ("ad0d93b0-625f-4e5a-a8aa-11008a582f4f",
	1,
	"0104edb4-56ff-4f7f-8f85-2b6561da5b91",
	"00000000-0000-0000-0000-000000000000",
	1);
INSERT INTO S_SYNC
	VALUES ("ad0d93b0-625f-4e5a-a8aa-11008a582f4f",
	"00000000-0000-0000-0000-000000000000",
	'modePressed',
	'',
	'// Notify the display to change modes.

// Find the display related to the singleton instance of 
//   workout session (if it exists), and notify it.
select any session from instances of WorkoutSession;
if ( not empty session )
  select one display related by session->Display[R7.''current_status_indicated_on''];
  generate Display1:modeChange to display;
end if;',
	"ba5eda7a-def5-0000-0000-000000000000",
	1,
	'',
	0);
INSERT INTO ACT_FNB
	VALUES ("f51ee752-9a58-424a-b450-08f5250b74b0",
	"ad0d93b0-625f-4e5a-a8aa-11008a582f4f");
INSERT INTO ACT_ACT
	VALUES ("f51ee752-9a58-424a-b450-08f5250b74b0",
	'function',
	0,
	"fffdd43f-5fb5-481f-8b2c-bfd8d64406ca",
	"00000000-0000-0000-0000-000000000000",
	0,
	'modePressed',
	"00000000-0000-0000-0000-000000000000");
INSERT INTO ACT_BLK
	VALUES ("fffdd43f-5fb5-481f-8b2c-bfd8d64406ca",
	1,
	0,
	0,
	'',
	'',
	'',
	6,
	1,
	5,
	38,
	0,
	0,
	0,
	0,
	0,
	0,
	0,
	0,
	0,
	"f51ee752-9a58-424a-b450-08f5250b74b0",
	"00000000-0000-0000-0000-000000000000");
INSERT INTO ACT_SMT
	VALUES ("fd028863-f0db-4020-beb5-750c347b1f41",
	"fffdd43f-5fb5-481f-8b2c-bfd8d64406ca",
	"1f8f8fb9-0721-4bfa-94da-12fb08bc4fda",
	5,
	1,
	'modePressed line: 5');
INSERT INTO ACT_FIO
	VALUES ("fd028863-f0db-4020-beb5-750c347b1f41",
	"3ebafa17-b6a1-451a-81fd-adead211c8c1",
	1,
	'any',
	"2522ffa2-db69-4807-ab45-06acf4cf893a",
	5,
	38);
INSERT INTO ACT_SMT
	VALUES ("1f8f8fb9-0721-4bfa-94da-12fb08bc4fda",
	"fffdd43f-5fb5-481f-8b2c-bfd8d64406ca",
	"00000000-0000-0000-0000-000000000000",
	6,
	1,
	'modePressed line: 6');
INSERT INTO ACT_IF
	VALUES ("1f8f8fb9-0721-4bfa-94da-12fb08bc4fda",
	"d70a9514-f0e3-4dd8-ad61-18eff7d57df1",
	"add63302-a46b-459c-a835-0bfedf20e431",
	"00000000-0000-0000-0000-000000000000",
	"00000000-0000-0000-0000-000000000000");
INSERT INTO V_VAL
	VALUES ("089bf67e-1ba1-4093-99ec-c805366a9af5",
	0,
	0,
	6,
	16,
	22,
	0,
	0,
	0,
	0,
	"ba5eda7a-def5-0000-0000-000000000008",
	"fffdd43f-5fb5-481f-8b2c-bfd8d64406ca");
INSERT INTO V_IRF
	VALUES ("089bf67e-1ba1-4093-99ec-c805366a9af5",
	"3ebafa17-b6a1-451a-81fd-adead211c8c1");
INSERT INTO V_VAL
	VALUES ("9e87ff61-bb25-4ead-9a86-e837e9abf204",
	0,
	0,
	-1,
	-1,
	-1,
	0,
	0,
	0,
	0,
	"ba5eda7a-def5-0000-0000-000000000001",
	"fffdd43f-5fb5-481f-8b2c-bfd8d64406ca");
INSERT INTO V_UNY
	VALUES ("9e87ff61-bb25-4ead-9a86-e837e9abf204",
	"089bf67e-1ba1-4093-99ec-c805366a9af5",
	'empty');
INSERT INTO V_VAL
	VALUES ("add63302-a46b-459c-a835-0bfedf20e431",
	0,
	0,
	-1,
	-1,
	-1,
	0,
	0,
	0,
	0,
	"ba5eda7a-def5-0000-0000-000000000001",
	"fffdd43f-5fb5-481f-8b2c-bfd8d64406ca");
INSERT INTO V_UNY
	VALUES ("add63302-a46b-459c-a835-0bfedf20e431",
	"9e87ff61-bb25-4ead-9a86-e837e9abf204",
	'not');
INSERT INTO V_VAR
	VALUES ("3ebafa17-b6a1-451a-81fd-adead211c8c1",
	"fffdd43f-5fb5-481f-8b2c-bfd8d64406ca",
	'session',
	1,
	"ba5eda7a-def5-0000-0000-000000000008");
INSERT INTO V_INT
	VALUES ("3ebafa17-b6a1-451a-81fd-adead211c8c1",
	0,
	"2522ffa2-db69-4807-ab45-06acf4cf893a");
INSERT INTO ACT_BLK
	VALUES ("d70a9514-f0e3-4dd8-ad61-18eff7d57df1",
	1,
	0,
	0,
	'V_VAR.Var_ID',
	'',
	'',
	8,
	3,
	7,
	42,
	0,
	0,
	7,
	50,
	7,
	53,
	0,
	0,
	0,
	"f51ee752-9a58-424a-b450-08f5250b74b0",
	"00000000-0000-0000-0000-000000000000");
INSERT INTO ACT_SMT
	VALUES ("5ad4a457-0ad7-4b13-8c9c-d2d658974b63",
	"d70a9514-f0e3-4dd8-ad61-18eff7d57df1",
	"bffc453c-3ddc-4c2f-9d7e-b8f13f45abf4",
	7,
	3,
	'modePressed line: 7');
INSERT INTO ACT_SEL
	VALUES ("5ad4a457-0ad7-4b13-8c9c-d2d658974b63",
	"e7d93a89-656f-4928-a978-23ec671f6e7d",
	1,
	'one',
	"734115ad-875b-4aca-97bb-ffe1dfe49cfd");
INSERT INTO ACT_SR
	VALUES ("5ad4a457-0ad7-4b13-8c9c-d2d658974b63");
INSERT INTO ACT_LNK
	VALUES ("38827609-9795-4268-8603-be6a519e9cbd",
	'''current_status_indicated_on''',
	"5ad4a457-0ad7-4b13-8c9c-d2d658974b63",
	"624a7f7e-f307-4c75-9412-3258327be18a",
	"00000000-0000-0000-0000-000000000000",
	2,
	"e4f33430-b3cd-4e2a-8dff-b91094d7d095",
	7,
	42,
	7,
	50,
	7,
	53);
INSERT INTO ACT_SMT
	VALUES ("bffc453c-3ddc-4c2f-9d7e-b8f13f45abf4",
	"d70a9514-f0e3-4dd8-ad61-18eff7d57df1",
	"00000000-0000-0000-0000-000000000000",
	8,
	3,
	'modePressed line: 8');
INSERT INTO E_ESS
	VALUES ("bffc453c-3ddc-4c2f-9d7e-b8f13f45abf4",
	1,
	0,
	8,
	12,
	8,
	21,
	7,
	42,
	0,
	0,
	0,
	0);
INSERT INTO E_GES
	VALUES ("bffc453c-3ddc-4c2f-9d7e-b8f13f45abf4");
INSERT INTO E_GSME
	VALUES ("bffc453c-3ddc-4c2f-9d7e-b8f13f45abf4",
	"27b4cf0c-e6fb-4c0a-a58f-551ab6c11bdd");
INSERT INTO E_GEN
	VALUES ("bffc453c-3ddc-4c2f-9d7e-b8f13f45abf4",
	"e7d93a89-656f-4928-a978-23ec671f6e7d");
INSERT INTO V_VAL
	VALUES ("734115ad-875b-4aca-97bb-ffe1dfe49cfd",
	0,
	0,
	7,
	33,
	39,
	0,
	0,
	0,
	0,
	"ba5eda7a-def5-0000-0000-000000000008",
	"d70a9514-f0e3-4dd8-ad61-18eff7d57df1");
INSERT INTO V_IRF
	VALUES ("734115ad-875b-4aca-97bb-ffe1dfe49cfd",
	"3ebafa17-b6a1-451a-81fd-adead211c8c1");
INSERT INTO V_VAR
	VALUES ("e7d93a89-656f-4928-a978-23ec671f6e7d",
	"d70a9514-f0e3-4dd8-ad61-18eff7d57df1",
	'display',
	1,
	"ba5eda7a-def5-0000-0000-000000000008");
INSERT INTO V_INT
	VALUES ("e7d93a89-656f-4928-a978-23ec671f6e7d",
	0,
	"e4f33430-b3cd-4e2a-8dff-b91094d7d095");
INSERT INTO PE_PE
	VALUES ("2b5b7939-af5c-46dc-abff-7c64296919a1",
	1,
	"0104edb4-56ff-4f7f-8f85-2b6561da5b91",
	"00000000-0000-0000-0000-000000000000",
	1);
INSERT INTO S_SYNC
	VALUES ("2b5b7939-af5c-46dc-abff-7c64296919a1",
	"00000000-0000-0000-0000-000000000000",
	'newGoalSpec',
	'',
	'// Create a new goal specification and relate it to the
//   singleton instance of workout session if it exists.
select any session from instances of WorkoutSession;
if ( not empty session )
  create object instance goalSpec of GoalSpec;
  goalSpec.sequenceNumber = param.sequenceNumber;
  goalSpec.minimum = param.minimum;
  goalSpec.maximum = param.maximum;
  goalSpec.span = param.span;
  goalSpec.criteriaType = param.criteriaType;
  goalSpec.spanType = param.spanType;
  relate goalSpec to session across R10.''included_in'';
end if;',
	"ba5eda7a-def5-0000-0000-000000000000",
	1,
	'',
	0);
INSERT INTO S_SPARM
	VALUES ("d3402b8e-d681-45ff-9a25-138ffb6d7620",
	"2b5b7939-af5c-46dc-abff-7c64296919a1",
	'spanType',
	"42487d7d-390d-48d8-a7a5-474cf2d8a900",
	0,
	'',
	"00000000-0000-0000-0000-000000000000",
	'');
INSERT INTO S_SPARM
	VALUES ("4e364445-ab06-4423-8402-5ca3464ff23d",
	"2b5b7939-af5c-46dc-abff-7c64296919a1",
	'criteriaType',
	"cfb9aa72-125a-4d88-9ed9-1af1002d48f0",
	0,
	'',
	"d3402b8e-d681-45ff-9a25-138ffb6d7620",
	'');
INSERT INTO S_SPARM
	VALUES ("99478b16-a37c-4bb2-926e-04410b028401",
	"2b5b7939-af5c-46dc-abff-7c64296919a1",
	'span',
	"ba5eda7a-def5-0000-0000-000000000003",
	0,
	'',
	"4e364445-ab06-4423-8402-5ca3464ff23d",
	'');
INSERT INTO S_SPARM
	VALUES ("5ccc8dd6-809f-46a3-98c9-7977fe7f00ef",
	"2b5b7939-af5c-46dc-abff-7c64296919a1",
	'maximum',
	"ba5eda7a-def5-0000-0000-000000000003",
	0,
	'',
	"99478b16-a37c-4bb2-926e-04410b028401",
	'');
INSERT INTO S_SPARM
	VALUES ("d192273e-9353-4a48-9ac0-2c67604ae3aa",
	"2b5b7939-af5c-46dc-abff-7c64296919a1",
	'minimum',
	"ba5eda7a-def5-0000-0000-000000000003",
	0,
	'',
	"5ccc8dd6-809f-46a3-98c9-7977fe7f00ef",
	'');
INSERT INTO S_SPARM
	VALUES ("cbd9721e-6108-4097-ac8b-47be316bf03d",
	"2b5b7939-af5c-46dc-abff-7c64296919a1",
	'sequenceNumber',
	"ba5eda7a-def5-0000-0000-000000000002",
	0,
	'',
	"d192273e-9353-4a48-9ac0-2c67604ae3aa",
	'');
INSERT INTO ACT_FNB
	VALUES ("66eca366-b4a2-4346-8c37-df7a385048af",
	"2b5b7939-af5c-46dc-abff-7c64296919a1");
INSERT INTO ACT_ACT
	VALUES ("66eca366-b4a2-4346-8c37-df7a385048af",
	'function',
	0,
	"058fe2e6-1d9f-4373-bdda-7bd9de9b8b87",
	"00000000-0000-0000-0000-000000000000",
	0,
	'newGoalSpec',
	"00000000-0000-0000-0000-000000000000");
INSERT INTO ACT_BLK
	VALUES ("058fe2e6-1d9f-4373-bdda-7bd9de9b8b87",
	1,
	0,
	0,
	'',
	'',
	'',
	4,
	1,
	3,
	38,
	0,
	0,
	0,
	0,
	0,
	0,
	0,
	0,
	0,
	"66eca366-b4a2-4346-8c37-df7a385048af",
	"00000000-0000-0000-0000-000000000000");
INSERT INTO ACT_SMT
	VALUES ("21c2826b-8cc6-46b4-a603-7ef932589701",
	"058fe2e6-1d9f-4373-bdda-7bd9de9b8b87",
	"b1f36144-5ed5-4258-82bc-dd513a3b3cfd",
	3,
	1,
	'newGoalSpec line: 3');
INSERT INTO ACT_FIO
	VALUES ("21c2826b-8cc6-46b4-a603-7ef932589701",
	"2d8ac7b6-87e5-474b-99f6-8b792d58b984",
	1,
	'any',
	"2522ffa2-db69-4807-ab45-06acf4cf893a",
	3,
	38);
INSERT INTO ACT_SMT
	VALUES ("b1f36144-5ed5-4258-82bc-dd513a3b3cfd",
	"058fe2e6-1d9f-4373-bdda-7bd9de9b8b87",
	"00000000-0000-0000-0000-000000000000",
	4,
	1,
	'newGoalSpec line: 4');
INSERT INTO ACT_IF
	VALUES ("b1f36144-5ed5-4258-82bc-dd513a3b3cfd",
	"fea2463d-4bbf-411f-a146-1a7d90b77f30",
	"db9c88f8-cbc6-4036-a7d6-968d9e63382a",
	"00000000-0000-0000-0000-000000000000",
	"00000000-0000-0000-0000-000000000000");
INSERT INTO V_VAL
	VALUES ("95e7a6bc-b7c4-4130-9c82-d55f80603dbc",
	0,
	0,
	4,
	16,
	22,
	0,
	0,
	0,
	0,
	"ba5eda7a-def5-0000-0000-000000000008",
	"058fe2e6-1d9f-4373-bdda-7bd9de9b8b87");
INSERT INTO V_IRF
	VALUES ("95e7a6bc-b7c4-4130-9c82-d55f80603dbc",
	"2d8ac7b6-87e5-474b-99f6-8b792d58b984");
INSERT INTO V_VAL
	VALUES ("81710528-e5e0-49ea-ba4a-8091109ce863",
	0,
	0,
	-1,
	-1,
	-1,
	0,
	0,
	0,
	0,
	"ba5eda7a-def5-0000-0000-000000000001",
	"058fe2e6-1d9f-4373-bdda-7bd9de9b8b87");
INSERT INTO V_UNY
	VALUES ("81710528-e5e0-49ea-ba4a-8091109ce863",
	"95e7a6bc-b7c4-4130-9c82-d55f80603dbc",
	'empty');
INSERT INTO V_VAL
	VALUES ("db9c88f8-cbc6-4036-a7d6-968d9e63382a",
	0,
	0,
	-1,
	-1,
	-1,
	0,
	0,
	0,
	0,
	"ba5eda7a-def5-0000-0000-000000000001",
	"058fe2e6-1d9f-4373-bdda-7bd9de9b8b87");
INSERT INTO V_UNY
	VALUES ("db9c88f8-cbc6-4036-a7d6-968d9e63382a",
	"81710528-e5e0-49ea-ba4a-8091109ce863",
	'not');
INSERT INTO V_VAR
	VALUES ("2d8ac7b6-87e5-474b-99f6-8b792d58b984",
	"058fe2e6-1d9f-4373-bdda-7bd9de9b8b87",
	'session',
	1,
	"ba5eda7a-def5-0000-0000-000000000008");
INSERT INTO V_INT
	VALUES ("2d8ac7b6-87e5-474b-99f6-8b792d58b984",
	0,
	"2522ffa2-db69-4807-ab45-06acf4cf893a");
INSERT INTO ACT_BLK
	VALUES ("fea2463d-4bbf-411f-a146-1a7d90b77f30",
	0,
	0,
	0,
	'''included_in''',
	'',
	'',
	12,
	3,
	5,
	38,
	0,
	0,
	12,
	37,
	12,
	41,
	0,
	0,
	0,
	"66eca366-b4a2-4346-8c37-df7a385048af",
	"00000000-0000-0000-0000-000000000000");
INSERT INTO ACT_SMT
	VALUES ("20b13c98-4667-4a26-8e9c-1794ef9fbd29",
	"fea2463d-4bbf-411f-a146-1a7d90b77f30",
	"420948e1-15d5-4463-a345-303c8010abcf",
	5,
	3,
	'newGoalSpec line: 5');
INSERT INTO ACT_CR
	VALUES ("20b13c98-4667-4a26-8e9c-1794ef9fbd29",
	"255545d2-4126-4a99-a247-7d454ffdba8a",
	1,
	"be6ddd8b-37a5-4534-961b-772bb1d940ac",
	5,
	38);
INSERT INTO ACT_SMT
	VALUES ("420948e1-15d5-4463-a345-303c8010abcf",
	"fea2463d-4bbf-411f-a146-1a7d90b77f30",
	"41112e40-fcdd-4e48-9da1-f2e9b943e68b",
	6,
	3,
	'newGoalSpec line: 6');
INSERT INTO ACT_AI
	VALUES ("420948e1-15d5-4463-a345-303c8010abcf",
	"b969a46d-ebcb-48f6-b802-2f22d52ef3a4",
	"ed2e6c34-ac70-4da3-b36c-8e810e88ff2d",
	0,
	0);
INSERT INTO ACT_SMT
	VALUES ("41112e40-fcdd-4e48-9da1-f2e9b943e68b",
	"fea2463d-4bbf-411f-a146-1a7d90b77f30",
	"749bf6aa-3932-4165-80ff-92a682a2f528",
	7,
	3,
	'newGoalSpec line: 7');
INSERT INTO ACT_AI
	VALUES ("41112e40-fcdd-4e48-9da1-f2e9b943e68b",
	"cabdced4-93a7-4999-ae25-3e9a6656e746",
	"060b110c-48c8-42ec-9ad3-508d95bcc122",
	0,
	0);
INSERT INTO ACT_SMT
	VALUES ("749bf6aa-3932-4165-80ff-92a682a2f528",
	"fea2463d-4bbf-411f-a146-1a7d90b77f30",
	"733f593f-f8f6-49c8-abed-2b36b6b6cd79",
	8,
	3,
	'newGoalSpec line: 8');
INSERT INTO ACT_AI
	VALUES ("749bf6aa-3932-4165-80ff-92a682a2f528",
	"bf6c1a00-9239-46e5-be91-7ae2d2c3cf8e",
	"90e41dc8-70cf-439c-9668-7b36bf3918cc",
	0,
	0);
INSERT INTO ACT_SMT
	VALUES ("733f593f-f8f6-49c8-abed-2b36b6b6cd79",
	"fea2463d-4bbf-411f-a146-1a7d90b77f30",
	"b02c621e-93f7-43c6-aa11-f0af493237a9",
	9,
	3,
	'newGoalSpec line: 9');
INSERT INTO ACT_AI
	VALUES ("733f593f-f8f6-49c8-abed-2b36b6b6cd79",
	"23181d61-6d2c-4747-abc2-ce40d28f387e",
	"dddcd183-7d16-461d-b03c-c03db3e4498f",
	0,
	0);
INSERT INTO ACT_SMT
	VALUES ("b02c621e-93f7-43c6-aa11-f0af493237a9",
	"fea2463d-4bbf-411f-a146-1a7d90b77f30",
	"91dd3f86-362c-4da9-8809-23307f2602a6",
	10,
	3,
	'newGoalSpec line: 10');
INSERT INTO ACT_AI
	VALUES ("b02c621e-93f7-43c6-aa11-f0af493237a9",
	"7bd5d94e-1a87-4493-a748-e98a76790b5f",
	"f761749e-2381-4fb0-a0f1-38b3ddd06e6f",
	0,
	0);
INSERT INTO ACT_SMT
	VALUES ("91dd3f86-362c-4da9-8809-23307f2602a6",
	"fea2463d-4bbf-411f-a146-1a7d90b77f30",
	"32992498-c23d-4d85-bb10-26963c2465ca",
	11,
	3,
	'newGoalSpec line: 11');
INSERT INTO ACT_AI
	VALUES ("91dd3f86-362c-4da9-8809-23307f2602a6",
	"4f30fff0-ee43-4f41-aa18-6ae233d71055",
	"6443244e-49a5-49fb-b236-2b3cc13de6dc",
	0,
	0);
INSERT INTO ACT_SMT
	VALUES ("32992498-c23d-4d85-bb10-26963c2465ca",
	"fea2463d-4bbf-411f-a146-1a7d90b77f30",
	"00000000-0000-0000-0000-000000000000",
	12,
	3,
	'newGoalSpec line: 12');
INSERT INTO ACT_REL
	VALUES ("32992498-c23d-4d85-bb10-26963c2465ca",
	"255545d2-4126-4a99-a247-7d454ffdba8a",
	"2d8ac7b6-87e5-474b-99f6-8b792d58b984",
	'''included_in''',
	"c43c8e88-54fd-4de3-9adf-b324850fd9ec",
	12,
	37,
	12,
	41);
INSERT INTO V_VAL
	VALUES ("e08989ea-0e16-4454-9d47-db94061a3787",
	1,
	0,
	6,
	3,
	10,
	0,
	0,
	0,
	0,
	"ba5eda7a-def5-0000-0000-000000000008",
	"fea2463d-4bbf-411f-a146-1a7d90b77f30");
INSERT INTO V_IRF
	VALUES ("e08989ea-0e16-4454-9d47-db94061a3787",
	"255545d2-4126-4a99-a247-7d454ffdba8a");
INSERT INTO V_VAL
	VALUES ("ed2e6c34-ac70-4da3-b36c-8e810e88ff2d",
	1,
	0,
	6,
	12,
	25,
	0,
	0,
	0,
	0,
	"ba5eda7a-def5-0000-0000-000000000002",
	"fea2463d-4bbf-411f-a146-1a7d90b77f30");
INSERT INTO V_AVL
	VALUES ("ed2e6c34-ac70-4da3-b36c-8e810e88ff2d",
	"e08989ea-0e16-4454-9d47-db94061a3787",
	"be6ddd8b-37a5-4534-961b-772bb1d940ac",
	"f568c69e-b0ba-41ee-aef1-25eb2c07142f");
INSERT INTO V_VAL
	VALUES ("b969a46d-ebcb-48f6-b802-2f22d52ef3a4",
	0,
	0,
	6,
	35,
	48,
	0,
	0,
	0,
	0,
	"ba5eda7a-def5-0000-0000-000000000002",
	"fea2463d-4bbf-411f-a146-1a7d90b77f30");
INSERT INTO V_PVL
	VALUES ("b969a46d-ebcb-48f6-b802-2f22d52ef3a4",
	"00000000-0000-0000-0000-000000000000",
	"cbd9721e-6108-4097-ac8b-47be316bf03d",
	"00000000-0000-0000-0000-000000000000",
	"00000000-0000-0000-0000-000000000000");
INSERT INTO V_VAL
	VALUES ("150da505-14de-4bab-babc-0c68cf901fdf",
	1,
	0,
	7,
	3,
	10,
	0,
	0,
	0,
	0,
	"ba5eda7a-def5-0000-0000-000000000008",
	"fea2463d-4bbf-411f-a146-1a7d90b77f30");
INSERT INTO V_IRF
	VALUES ("150da505-14de-4bab-babc-0c68cf901fdf",
	"255545d2-4126-4a99-a247-7d454ffdba8a");
INSERT INTO V_VAL
	VALUES ("060b110c-48c8-42ec-9ad3-508d95bcc122",
	1,
	0,
	7,
	12,
	18,
	0,
	0,
	0,
	0,
	"ba5eda7a-def5-0000-0000-000000000003",
	"fea2463d-4bbf-411f-a146-1a7d90b77f30");
INSERT INTO V_AVL
	VALUES ("060b110c-48c8-42ec-9ad3-508d95bcc122",
	"150da505-14de-4bab-babc-0c68cf901fdf",
	"be6ddd8b-37a5-4534-961b-772bb1d940ac",
	"a0ebe4b4-e0e7-422f-a981-574f075629d3");
INSERT INTO V_VAL
	VALUES ("cabdced4-93a7-4999-ae25-3e9a6656e746",
	0,
	0,
	7,
	28,
	34,
	0,
	0,
	0,
	0,
	"ba5eda7a-def5-0000-0000-000000000003",
	"fea2463d-4bbf-411f-a146-1a7d90b77f30");
INSERT INTO V_PVL
	VALUES ("cabdced4-93a7-4999-ae25-3e9a6656e746",
	"00000000-0000-0000-0000-000000000000",
	"d192273e-9353-4a48-9ac0-2c67604ae3aa",
	"00000000-0000-0000-0000-000000000000",
	"00000000-0000-0000-0000-000000000000");
INSERT INTO V_VAL
	VALUES ("39bf755d-452a-4c05-bc23-3113b8b0a537",
	1,
	0,
	8,
	3,
	10,
	0,
	0,
	0,
	0,
	"ba5eda7a-def5-0000-0000-000000000008",
	"fea2463d-4bbf-411f-a146-1a7d90b77f30");
INSERT INTO V_IRF
	VALUES ("39bf755d-452a-4c05-bc23-3113b8b0a537",
	"255545d2-4126-4a99-a247-7d454ffdba8a");
INSERT INTO V_VAL
	VALUES ("90e41dc8-70cf-439c-9668-7b36bf3918cc",
	1,
	0,
	8,
	12,
	18,
	0,
	0,
	0,
	0,
	"ba5eda7a-def5-0000-0000-000000000003",
	"fea2463d-4bbf-411f-a146-1a7d90b77f30");
INSERT INTO V_AVL
	VALUES ("90e41dc8-70cf-439c-9668-7b36bf3918cc",
	"39bf755d-452a-4c05-bc23-3113b8b0a537",
	"be6ddd8b-37a5-4534-961b-772bb1d940ac",
	"1fb4cc85-9e90-4738-8de1-2abd6505cb8c");
INSERT INTO V_VAL
	VALUES ("bf6c1a00-9239-46e5-be91-7ae2d2c3cf8e",
	0,
	0,
	8,
	28,
	34,
	0,
	0,
	0,
	0,
	"ba5eda7a-def5-0000-0000-000000000003",
	"fea2463d-4bbf-411f-a146-1a7d90b77f30");
INSERT INTO V_PVL
	VALUES ("bf6c1a00-9239-46e5-be91-7ae2d2c3cf8e",
	"00000000-0000-0000-0000-000000000000",
	"5ccc8dd6-809f-46a3-98c9-7977fe7f00ef",
	"00000000-0000-0000-0000-000000000000",
	"00000000-0000-0000-0000-000000000000");
INSERT INTO V_VAL
	VALUES ("c49fc136-2026-4ede-9ba8-86a54c8b8f9e",
	1,
	0,
	9,
	3,
	10,
	0,
	0,
	0,
	0,
	"ba5eda7a-def5-0000-0000-000000000008",
	"fea2463d-4bbf-411f-a146-1a7d90b77f30");
INSERT INTO V_IRF
	VALUES ("c49fc136-2026-4ede-9ba8-86a54c8b8f9e",
	"255545d2-4126-4a99-a247-7d454ffdba8a");
INSERT INTO V_VAL
	VALUES ("dddcd183-7d16-461d-b03c-c03db3e4498f",
	1,
	0,
	9,
	12,
	15,
	0,
	0,
	0,
	0,
	"ba5eda7a-def5-0000-0000-000000000003",
	"fea2463d-4bbf-411f-a146-1a7d90b77f30");
INSERT INTO V_AVL
	VALUES ("dddcd183-7d16-461d-b03c-c03db3e4498f",
	"c49fc136-2026-4ede-9ba8-86a54c8b8f9e",
	"be6ddd8b-37a5-4534-961b-772bb1d940ac",
	"1b9ff6a6-df69-4c3f-acfc-6dc3554b1098");
INSERT INTO V_VAL
	VALUES ("23181d61-6d2c-4747-abc2-ce40d28f387e",
	0,
	0,
	9,
	25,
	28,
	0,
	0,
	0,
	0,
	"ba5eda7a-def5-0000-0000-000000000003",
	"fea2463d-4bbf-411f-a146-1a7d90b77f30");
INSERT INTO V_PVL
	VALUES ("23181d61-6d2c-4747-abc2-ce40d28f387e",
	"00000000-0000-0000-0000-000000000000",
	"99478b16-a37c-4bb2-926e-04410b028401",
	"00000000-0000-0000-0000-000000000000",
	"00000000-0000-0000-0000-000000000000");
INSERT INTO V_VAL
	VALUES ("9ad24aa5-aa9f-4ece-aafc-3037297fe112",
	1,
	0,
	10,
	3,
	10,
	0,
	0,
	0,
	0,
	"ba5eda7a-def5-0000-0000-000000000008",
	"fea2463d-4bbf-411f-a146-1a7d90b77f30");
INSERT INTO V_IRF
	VALUES ("9ad24aa5-aa9f-4ece-aafc-3037297fe112",
	"255545d2-4126-4a99-a247-7d454ffdba8a");
INSERT INTO V_VAL
	VALUES ("f761749e-2381-4fb0-a0f1-38b3ddd06e6f",
	1,
	0,
	10,
	12,
	23,
	0,
	0,
	0,
	0,
	"cfb9aa72-125a-4d88-9ed9-1af1002d48f0",
	"fea2463d-4bbf-411f-a146-1a7d90b77f30");
INSERT INTO V_AVL
	VALUES ("f761749e-2381-4fb0-a0f1-38b3ddd06e6f",
	"9ad24aa5-aa9f-4ece-aafc-3037297fe112",
	"be6ddd8b-37a5-4534-961b-772bb1d940ac",
	"dbe9b50c-a53f-4c36-951b-baea959bb4e7");
INSERT INTO V_VAL
	VALUES ("7bd5d94e-1a87-4493-a748-e98a76790b5f",
	0,
	0,
	10,
	33,
	44,
	0,
	0,
	0,
	0,
	"cfb9aa72-125a-4d88-9ed9-1af1002d48f0",
	"fea2463d-4bbf-411f-a146-1a7d90b77f30");
INSERT INTO V_PVL
	VALUES ("7bd5d94e-1a87-4493-a748-e98a76790b5f",
	"00000000-0000-0000-0000-000000000000",
	"4e364445-ab06-4423-8402-5ca3464ff23d",
	"00000000-0000-0000-0000-000000000000",
	"00000000-0000-0000-0000-000000000000");
INSERT INTO V_VAL
	VALUES ("0cc9a38a-ea81-4dfb-8abd-c60c29d727b6",
	1,
	0,
	11,
	3,
	10,
	0,
	0,
	0,
	0,
	"ba5eda7a-def5-0000-0000-000000000008",
	"fea2463d-4bbf-411f-a146-1a7d90b77f30");
INSERT INTO V_IRF
	VALUES ("0cc9a38a-ea81-4dfb-8abd-c60c29d727b6",
	"255545d2-4126-4a99-a247-7d454ffdba8a");
INSERT INTO V_VAL
	VALUES ("6443244e-49a5-49fb-b236-2b3cc13de6dc",
	1,
	0,
	11,
	12,
	19,
	0,
	0,
	0,
	0,
	"42487d7d-390d-48d8-a7a5-474cf2d8a900",
	"fea2463d-4bbf-411f-a146-1a7d90b77f30");
INSERT INTO V_AVL
	VALUES ("6443244e-49a5-49fb-b236-2b3cc13de6dc",
	"0cc9a38a-ea81-4dfb-8abd-c60c29d727b6",
	"be6ddd8b-37a5-4534-961b-772bb1d940ac",
	"1d622105-74c9-41c3-8547-4323b5540107");
INSERT INTO V_VAL
	VALUES ("4f30fff0-ee43-4f41-aa18-6ae233d71055",
	0,
	0,
	11,
	29,
	36,
	0,
	0,
	0,
	0,
	"42487d7d-390d-48d8-a7a5-474cf2d8a900",
	"fea2463d-4bbf-411f-a146-1a7d90b77f30");
INSERT INTO V_PVL
	VALUES ("4f30fff0-ee43-4f41-aa18-6ae233d71055",
	"00000000-0000-0000-0000-000000000000",
	"d3402b8e-d681-45ff-9a25-138ffb6d7620",
	"00000000-0000-0000-0000-000000000000",
	"00000000-0000-0000-0000-000000000000");
INSERT INTO V_VAR
	VALUES ("255545d2-4126-4a99-a247-7d454ffdba8a",
	"fea2463d-4bbf-411f-a146-1a7d90b77f30",
	'goalSpec',
	1,
	"ba5eda7a-def5-0000-0000-000000000008");
INSERT INTO V_INT
	VALUES ("255545d2-4126-4a99-a247-7d454ffdba8a",
	0,
	"be6ddd8b-37a5-4534-961b-772bb1d940ac");
INSERT INTO PE_PE
	VALUES ("0a569d47-a387-4f09-bbbd-615971f150eb",
	1,
	"0104edb4-56ff-4f7f-8f85-2b6561da5b91",
	"00000000-0000-0000-0000-000000000000",
	1);
INSERT INTO S_SYNC
	VALUES ("0a569d47-a387-4f09-bbbd-615971f150eb",
	"00000000-0000-0000-0000-000000000000",
	'locationChanged',
	'',
	'// Store a new track point.
select any session from instances of WorkoutSession;
if (not empty session)
  select one trackLog related by session->TrackLog[R4.''captures_path_in''];
  trackLog.addTrackPoint( latitude:param.latitude, longitude:param.longitude );
end if;',
	"ba5eda7a-def5-0000-0000-000000000000",
	1,
	'',
	0);
INSERT INTO S_SPARM
	VALUES ("72b00aef-dc83-41ff-9824-10638522bbd6",
	"0a569d47-a387-4f09-bbbd-615971f150eb",
	'latitude',
	"ba5eda7a-def5-0000-0000-000000000003",
	0,
	'',
	"00000000-0000-0000-0000-000000000000",
	'');
INSERT INTO S_SPARM
	VALUES ("96694159-bc75-4d3d-84e6-95436f2af6de",
	"0a569d47-a387-4f09-bbbd-615971f150eb",
	'longitude',
	"ba5eda7a-def5-0000-0000-000000000003",
	0,
	'',
	"72b00aef-dc83-41ff-9824-10638522bbd6",
	'');
INSERT INTO ACT_FNB
	VALUES ("b5050a12-d401-4a27-8c9b-032937045780",
	"0a569d47-a387-4f09-bbbd-615971f150eb");
INSERT INTO ACT_ACT
	VALUES ("b5050a12-d401-4a27-8c9b-032937045780",
	'function',
	0,
	"15d3c10d-4aab-4cfd-9b02-43aadb224f37",
	"00000000-0000-0000-0000-000000000000",
	0,
	'locationChanged',
	"00000000-0000-0000-0000-000000000000");
INSERT INTO ACT_BLK
	VALUES ("15d3c10d-4aab-4cfd-9b02-43aadb224f37",
	1,
	0,
	0,
	'',
	'',
	'',
	3,
	1,
	2,
	38,
	0,
	0,
	0,
	0,
	0,
	0,
	0,
	0,
	0,
	"b5050a12-d401-4a27-8c9b-032937045780",
	"00000000-0000-0000-0000-000000000000");
INSERT INTO ACT_SMT
	VALUES ("533ac77c-9a5b-43e8-8017-097a4a2ba819",
	"15d3c10d-4aab-4cfd-9b02-43aadb224f37",
	"ee932009-257c-497b-a78a-afb057202ec9",
	2,
	1,
	'locationChanged line: 2');
INSERT INTO ACT_FIO
	VALUES ("533ac77c-9a5b-43e8-8017-097a4a2ba819",
	"aa8eee6a-5ef6-4b85-9659-432f9f1c66db",
	1,
	'any',
	"2522ffa2-db69-4807-ab45-06acf4cf893a",
	2,
	38);
INSERT INTO ACT_SMT
	VALUES ("ee932009-257c-497b-a78a-afb057202ec9",
	"15d3c10d-4aab-4cfd-9b02-43aadb224f37",
	"00000000-0000-0000-0000-000000000000",
	3,
	1,
	'locationChanged line: 3');
INSERT INTO ACT_IF
	VALUES ("ee932009-257c-497b-a78a-afb057202ec9",
	"1ac0edaf-30a7-442c-b9a6-15472179af0c",
	"d5df7991-e069-47d6-8a1a-aa94cd01181e",
	"00000000-0000-0000-0000-000000000000",
	"00000000-0000-0000-0000-000000000000");
INSERT INTO V_VAL
	VALUES ("df7245dc-ba62-470d-9511-1b594c7582e8",
	0,
	0,
	3,
	15,
	21,
	0,
	0,
	0,
	0,
	"ba5eda7a-def5-0000-0000-000000000008",
	"15d3c10d-4aab-4cfd-9b02-43aadb224f37");
INSERT INTO V_IRF
	VALUES ("df7245dc-ba62-470d-9511-1b594c7582e8",
	"aa8eee6a-5ef6-4b85-9659-432f9f1c66db");
INSERT INTO V_VAL
	VALUES ("4802f916-d3ce-4ae3-9c01-44473a1af848",
	0,
	0,
	-1,
	-1,
	-1,
	0,
	0,
	0,
	0,
	"ba5eda7a-def5-0000-0000-000000000001",
	"15d3c10d-4aab-4cfd-9b02-43aadb224f37");
INSERT INTO V_UNY
	VALUES ("4802f916-d3ce-4ae3-9c01-44473a1af848",
	"df7245dc-ba62-470d-9511-1b594c7582e8",
	'empty');
INSERT INTO V_VAL
	VALUES ("d5df7991-e069-47d6-8a1a-aa94cd01181e",
	0,
	0,
	-1,
	-1,
	-1,
	0,
	0,
	0,
	0,
	"ba5eda7a-def5-0000-0000-000000000001",
	"15d3c10d-4aab-4cfd-9b02-43aadb224f37");
INSERT INTO V_UNY
	VALUES ("d5df7991-e069-47d6-8a1a-aa94cd01181e",
	"4802f916-d3ce-4ae3-9c01-44473a1af848",
	'not');
INSERT INTO V_VAR
	VALUES ("aa8eee6a-5ef6-4b85-9659-432f9f1c66db",
	"15d3c10d-4aab-4cfd-9b02-43aadb224f37",
	'session',
	1,
	"ba5eda7a-def5-0000-0000-000000000008");
INSERT INTO V_INT
	VALUES ("aa8eee6a-5ef6-4b85-9659-432f9f1c66db",
	0,
	"2522ffa2-db69-4807-ab45-06acf4cf893a");
INSERT INTO ACT_BLK
	VALUES ("1ac0edaf-30a7-442c-b9a6-15472179af0c",
	1,
	0,
	0,
	'',
	'',
	'',
	5,
	3,
	4,
	43,
	0,
	0,
	4,
	52,
	4,
	55,
	0,
	0,
	0,
	"b5050a12-d401-4a27-8c9b-032937045780",
	"00000000-0000-0000-0000-000000000000");
INSERT INTO ACT_SMT
	VALUES ("7be239d1-14bb-4c65-98a6-13073c2aaa3e",
	"1ac0edaf-30a7-442c-b9a6-15472179af0c",
	"7bbbe118-efea-40de-82e1-4de755794b54",
	4,
	3,
	'locationChanged line: 4');
INSERT INTO ACT_SEL
	VALUES ("7be239d1-14bb-4c65-98a6-13073c2aaa3e",
	"9ac60ecf-c3c8-4e49-9801-92d7ee73960f",
	1,
	'one',
	"43279868-ea36-492e-b90a-ab516b762afa");
INSERT INTO ACT_SR
	VALUES ("7be239d1-14bb-4c65-98a6-13073c2aaa3e");
INSERT INTO ACT_LNK
	VALUES ("25bc2ec7-12da-4b5e-b095-6adaefa889d0",
	'''captures_path_in''',
	"7be239d1-14bb-4c65-98a6-13073c2aaa3e",
	"f84935c8-946a-434d-91c1-1a845ca84868",
	"00000000-0000-0000-0000-000000000000",
	2,
	"d2828038-110a-4559-8452-91651af0adcb",
	4,
	43,
	4,
	52,
	4,
	55);
INSERT INTO ACT_SMT
	VALUES ("7bbbe118-efea-40de-82e1-4de755794b54",
	"1ac0edaf-30a7-442c-b9a6-15472179af0c",
	"00000000-0000-0000-0000-000000000000",
	5,
	3,
	'locationChanged line: 5');
INSERT INTO ACT_TFM
	VALUES ("7bbbe118-efea-40de-82e1-4de755794b54",
	"0f45bbc6-da36-4b5b-a2dd-f739a6f0cbdd",
	"9ac60ecf-c3c8-4e49-9801-92d7ee73960f",
	5,
	12,
	0,
	0);
INSERT INTO V_VAL
	VALUES ("43279868-ea36-492e-b90a-ab516b762afa",
	0,
	0,
	4,
	34,
	40,
	0,
	0,
	0,
	0,
	"ba5eda7a-def5-0000-0000-000000000008",
	"1ac0edaf-30a7-442c-b9a6-15472179af0c");
INSERT INTO V_IRF
	VALUES ("43279868-ea36-492e-b90a-ab516b762afa",
	"aa8eee6a-5ef6-4b85-9659-432f9f1c66db");
INSERT INTO V_VAL
	VALUES ("67a1320b-43a6-49c1-9fc8-ab8b4e2f1290",
	0,
	0,
	5,
	42,
	49,
	0,
	0,
	0,
	0,
	"ba5eda7a-def5-0000-0000-000000000003",
	"1ac0edaf-30a7-442c-b9a6-15472179af0c");
INSERT INTO V_PVL
	VALUES ("67a1320b-43a6-49c1-9fc8-ab8b4e2f1290",
	"00000000-0000-0000-0000-000000000000",
	"72b00aef-dc83-41ff-9824-10638522bbd6",
	"00000000-0000-0000-0000-000000000000",
	"00000000-0000-0000-0000-000000000000");
INSERT INTO V_PAR
	VALUES ("67a1320b-43a6-49c1-9fc8-ab8b4e2f1290",
	"7bbbe118-efea-40de-82e1-4de755794b54",
	"00000000-0000-0000-0000-000000000000",
	'latitude',
	"06b95dae-6952-451a-8644-d488fda1cb9a",
	5,
	27);
INSERT INTO V_VAL
	VALUES ("06b95dae-6952-451a-8644-d488fda1cb9a",
	0,
	0,
	5,
	68,
	76,
	0,
	0,
	0,
	0,
	"ba5eda7a-def5-0000-0000-000000000003",
	"1ac0edaf-30a7-442c-b9a6-15472179af0c");
INSERT INTO V_PVL
	VALUES ("06b95dae-6952-451a-8644-d488fda1cb9a",
	"00000000-0000-0000-0000-000000000000",
	"96694159-bc75-4d3d-84e6-95436f2af6de",
	"00000000-0000-0000-0000-000000000000",
	"00000000-0000-0000-0000-000000000000");
INSERT INTO V_PAR
	VALUES ("06b95dae-6952-451a-8644-d488fda1cb9a",
	"7bbbe118-efea-40de-82e1-4de755794b54",
	"00000000-0000-0000-0000-000000000000",
	'longitude',
	"00000000-0000-0000-0000-000000000000",
	5,
	52);
INSERT INTO V_VAR
	VALUES ("9ac60ecf-c3c8-4e49-9801-92d7ee73960f",
	"1ac0edaf-30a7-442c-b9a6-15472179af0c",
	'trackLog',
	1,
	"ba5eda7a-def5-0000-0000-000000000008");
INSERT INTO V_INT
	VALUES ("9ac60ecf-c3c8-4e49-9801-92d7ee73960f",
	0,
	"d2828038-110a-4559-8452-91651af0adcb");
INSERT INTO PE_PE
	VALUES ("a09220a4-d685-4338-83fd-0d42f7c7e308",
	1,
	"00000000-0000-0000-0000-000000000000",
	"7faca62d-bd68-4fa6-8c7d-c02d7890cba2",
	7);
INSERT INTO EP_PKG
	VALUES ("a09220a4-d685-4338-83fd-0d42f7c7e308",
	"00000000-0000-0000-0000-000000000000",
	"f6183599-e913-4960-ac9a-ad495a6db59f",
	'Tracking',
	'',
	0);
INSERT INTO PE_PE
	VALUES ("66920350-b77d-4876-9b05-0c545b5437ae",
	1,
	"a09220a4-d685-4338-83fd-0d42f7c7e308",
	"00000000-0000-0000-0000-000000000000",
	4);
INSERT INTO O_OBJ
	VALUES ("66920350-b77d-4876-9b05-0c545b5437ae",
	'TrackPoint',
	3,
	'TrackPoint',
	'Each instance represents a single location through which the device
passed during a workout session.',
	"00000000-0000-0000-0000-000000000000");
INSERT INTO O_NBATTR
	VALUES ("7080b4f6-ebf6-47fe-be82-a1c2cf39143c",
	"66920350-b77d-4876-9b05-0c545b5437ae");
INSERT INTO O_BATTR
	VALUES ("7080b4f6-ebf6-47fe-be82-a1c2cf39143c",
	"66920350-b77d-4876-9b05-0c545b5437ae");
INSERT INTO O_ATTR
	VALUES ("7080b4f6-ebf6-47fe-be82-a1c2cf39143c",
	"66920350-b77d-4876-9b05-0c545b5437ae",
	"00000000-0000-0000-0000-000000000000",
	'time',
	'Number of seconds between start time for the associated workout and recording of this location.
',
	'',
	'time',
	0,
	"ba5eda7a-def5-0000-0000-000000000002",
	'',
	'');
INSERT INTO O_NBATTR
	VALUES ("e20254f9-1d38-4562-bba0-f7f597acd02d",
	"66920350-b77d-4876-9b05-0c545b5437ae");
INSERT INTO O_BATTR
	VALUES ("e20254f9-1d38-4562-bba0-f7f597acd02d",
	"66920350-b77d-4876-9b05-0c545b5437ae");
INSERT INTO O_ATTR
	VALUES ("e20254f9-1d38-4562-bba0-f7f597acd02d",
	"66920350-b77d-4876-9b05-0c545b5437ae",
	"7080b4f6-ebf6-47fe-be82-a1c2cf39143c",
	'longitude',
	'Longitude, expressed in decimal degrees where eastern figures are positve
and western ones are negative.',
	'',
	'longitude',
	0,
	"ba5eda7a-def5-0000-0000-000000000003",
	'',
	'');
INSERT INTO O_NBATTR
	VALUES ("0e9b613a-bc28-4a41-96e5-f6838133fe3e",
	"66920350-b77d-4876-9b05-0c545b5437ae");
INSERT INTO O_BATTR
	VALUES ("0e9b613a-bc28-4a41-96e5-f6838133fe3e",
	"66920350-b77d-4876-9b05-0c545b5437ae");
INSERT INTO O_ATTR
	VALUES ("0e9b613a-bc28-4a41-96e5-f6838133fe3e",
	"66920350-b77d-4876-9b05-0c545b5437ae",
	"e20254f9-1d38-4562-bba0-f7f597acd02d",
	'latitude',
	'Latitude, expressed in decimal degrees, where northern figures are positive
and southern ones are negative.',
	'',
	'latitude',
	0,
	"ba5eda7a-def5-0000-0000-000000000003",
	'',
	'');
INSERT INTO O_REF
	VALUES ("66920350-b77d-4876-9b05-0c545b5437ae",
	"66920350-b77d-4876-9b05-0c545b5437ae",
	0,
	"7080b4f6-ebf6-47fe-be82-a1c2cf39143c",
	"b5d1ed4c-39ee-437a-9c92-ec8cb996b239",
	"0370725c-ae01-4a3f-a743-6fd74c0d3a92",
	"3c6f0427-d831-4f22-bf9b-ac9ea2ec95e5",
	"b6a51d5d-2709-4de2-a207-cb30d1fdc307",
	"fb0829dc-81f2-4330-9f79-b14731740399",
	"00000000-0000-0000-0000-000000000000",
	0,
	'',
	'TrackPoint',
	'time',
	'R2.''preceeds''');
INSERT INTO O_RATTR
	VALUES ("b6a51d5d-2709-4de2-a207-cb30d1fdc307",
	"66920350-b77d-4876-9b05-0c545b5437ae",
	"7080b4f6-ebf6-47fe-be82-a1c2cf39143c",
	"66920350-b77d-4876-9b05-0c545b5437ae",
	1,
	'time');
INSERT INTO O_ATTR
	VALUES ("b6a51d5d-2709-4de2-a207-cb30d1fdc307",
	"66920350-b77d-4876-9b05-0c545b5437ae",
	"0e9b613a-bc28-4a41-96e5-f6838133fe3e",
	'next_time',
	'',
	'next_',
	'time',
	1,
	"ba5eda7a-def5-0000-0000-000000000007",
	'',
	'');
INSERT INTO O_ID
	VALUES (0,
	"66920350-b77d-4876-9b05-0c545b5437ae");
INSERT INTO O_OIDA
	VALUES ("7080b4f6-ebf6-47fe-be82-a1c2cf39143c",
	"66920350-b77d-4876-9b05-0c545b5437ae",
	0,
	'time');
INSERT INTO O_ID
	VALUES (1,
	"66920350-b77d-4876-9b05-0c545b5437ae");
INSERT INTO O_ID
	VALUES (2,
	"66920350-b77d-4876-9b05-0c545b5437ae");
INSERT INTO PE_PE
	VALUES ("2522ffa2-db69-4807-ab45-06acf4cf893a",
	1,
	"a09220a4-d685-4338-83fd-0d42f7c7e308",
	"00000000-0000-0000-0000-000000000000",
	4);
INSERT INTO O_OBJ
	VALUES ("2522ffa2-db69-4807-ab45-06acf4cf893a",
	'WorkoutSession',
	7,
	'WorkoutSession',
	'Each instance represents a single workout session.  

Presently, the device supports only a single session, 
but future releases may support multiple sessions.  
Even in that case, only a single session is executing 
at any given time.  Other sessions represent completed
or planned workout sessions.',
	"00000000-0000-0000-0000-000000000000");
INSERT INTO O_TFR
	VALUES ("e3f7be53-3ad2-47d3-862a-9a65846facde",
	"2522ffa2-db69-4807-ab45-06acf4cf893a",
	'addHeartRateSample',
	'',
	"ba5eda7a-def5-0000-0000-000000000000",
	1,
	'// Add a new heart-rate sample and notify the UI of the current heart rate.

select one workoutTimer related by self->WorkoutTimer[R8.''is_timed_by''];

// Create and initialize a new heart-rate sample.
create object instance sample of HeartRateSample; sample.time = workoutTimer.time;
sample.heartRate = param.heartRate;
relate self to sample across R6.''tracks_heart_rate_over_time_as'';

// Notify UI of the new heart rate.
select one display related by self->Display[R7.''current_status_indicated_on''];
generate Display2:refresh to display;',
	1,
	'',
	"00000000-0000-0000-0000-000000000000",
	0);
INSERT INTO O_TPARM
	VALUES ("fb21bcee-d537-40df-a3aa-021f49c90722",
	"e3f7be53-3ad2-47d3-862a-9a65846facde",
	'heartRate',
	"ba5eda7a-def5-0000-0000-000000000002",
	0,
	'',
	"00000000-0000-0000-0000-000000000000",
	'');
INSERT INTO ACT_OPB
	VALUES ("d1d72650-b3e3-4c03-8e40-bbb336c68ccb",
	"e3f7be53-3ad2-47d3-862a-9a65846facde");
INSERT INTO ACT_ACT
	VALUES ("d1d72650-b3e3-4c03-8e40-bbb336c68ccb",
	'operation',
	0,
	"27aaabf5-3b70-46da-bab5-d8ec6816239d",
	"00000000-0000-0000-0000-000000000000",
	0,
	'WorkoutSession::addHeartRateSample',
	"00000000-0000-0000-0000-000000000000");
INSERT INTO ACT_BLK
	VALUES ("27aaabf5-3b70-46da-bab5-d8ec6816239d",
	1,
	0,
	0,
	'V_VAR.Var_ID',
	'',
	'',
	12,
	1,
	11,
	37,
	0,
	0,
	11,
	45,
	11,
	48,
	0,
	0,
	0,
	"d1d72650-b3e3-4c03-8e40-bbb336c68ccb",
	"00000000-0000-0000-0000-000000000000");
INSERT INTO ACT_SMT
	VALUES ("2ee3d307-95d8-42a9-a5ad-bc2cf454af6e",
	"27aaabf5-3b70-46da-bab5-d8ec6816239d",
	"fb82b91e-4ac6-4579-96b9-11f0dc4d3f77",
	3,
	1,
	'WorkoutSession::addHeartRateSample line: 3');
INSERT INTO ACT_SEL
	VALUES ("2ee3d307-95d8-42a9-a5ad-bc2cf454af6e",
	"591b9643-dc61-4a3e-99b1-f9d4513a75de",
	1,
	'one',
	"0731a783-1ff9-4cfc-8597-39c72f12367a");
INSERT INTO ACT_SR
	VALUES ("2ee3d307-95d8-42a9-a5ad-bc2cf454af6e");
INSERT INTO ACT_LNK
	VALUES ("fdb06638-f5e8-4642-a0c2-36f880455bc7",
	'''is_timed_by''',
	"2ee3d307-95d8-42a9-a5ad-bc2cf454af6e",
	"b04987ba-d80b-4527-a1fd-894139a710d8",
	"00000000-0000-0000-0000-000000000000",
	2,
	"8d4b82cf-ec16-4fd9-925b-0e51eb64a2f7",
	3,
	42,
	3,
	55,
	3,
	58);
INSERT INTO ACT_SMT
	VALUES ("fb82b91e-4ac6-4579-96b9-11f0dc4d3f77",
	"27aaabf5-3b70-46da-bab5-d8ec6816239d",
	"e80f31fe-330e-404d-a15a-79bad418c36b",
	6,
	1,
	'WorkoutSession::addHeartRateSample line: 6');
INSERT INTO ACT_CR
	VALUES ("fb82b91e-4ac6-4579-96b9-11f0dc4d3f77",
	"71375508-53fc-4cb4-bd41-15a8c1ce9f84",
	1,
	"33894e85-2ad5-4d7d-a0be-aa0cf2025ab7",
	6,
	34);
INSERT INTO ACT_SMT
	VALUES ("e80f31fe-330e-404d-a15a-79bad418c36b",
	"27aaabf5-3b70-46da-bab5-d8ec6816239d",
	"753473b4-9b1a-4e9d-a5b8-32a83f8861ae",
	6,
	51,
	'WorkoutSession::addHeartRateSample line: 6');
INSERT INTO ACT_AI
	VALUES ("e80f31fe-330e-404d-a15a-79bad418c36b",
	"50d79def-3683-4bdd-a049-188feebf4e6d",
	"d0ccface-a8a2-4336-8351-8268fc582d2b",
	0,
	0);
INSERT INTO ACT_SMT
	VALUES ("753473b4-9b1a-4e9d-a5b8-32a83f8861ae",
	"27aaabf5-3b70-46da-bab5-d8ec6816239d",
	"86fc445b-a0d2-44af-a5d9-52897a8aced1",
	7,
	1,
	'WorkoutSession::addHeartRateSample line: 7');
INSERT INTO ACT_AI
	VALUES ("753473b4-9b1a-4e9d-a5b8-32a83f8861ae",
	"2a5d7b33-0297-451f-964b-d100b7c36fdd",
	"240199c3-cfb8-46e1-ba36-941e3e8f952f",
	0,
	0);
INSERT INTO ACT_SMT
	VALUES ("86fc445b-a0d2-44af-a5d9-52897a8aced1",
	"27aaabf5-3b70-46da-bab5-d8ec6816239d",
	"125c3895-eaa1-47b2-a808-01cfbbd2da27",
	8,
	1,
	'WorkoutSession::addHeartRateSample line: 8');
INSERT INTO ACT_REL
	VALUES ("86fc445b-a0d2-44af-a5d9-52897a8aced1",
	"2549e26e-d573-4bf9-b028-aaa076f555b1",
	"71375508-53fc-4cb4-bd41-15a8c1ce9f84",
	'''tracks_heart_rate_over_time_as''',
	"8d48a562-6b17-4277-80b8-dbf2efbb84f7",
	8,
	30,
	8,
	33);
INSERT INTO ACT_SMT
	VALUES ("125c3895-eaa1-47b2-a808-01cfbbd2da27",
	"27aaabf5-3b70-46da-bab5-d8ec6816239d",
	"54e0cb9b-f03a-47e2-92e7-4315095b1db2",
	11,
	1,
	'WorkoutSession::addHeartRateSample line: 11');
INSERT INTO ACT_SEL
	VALUES ("125c3895-eaa1-47b2-a808-01cfbbd2da27",
	"2477e705-d5d2-4167-a7dc-c4e80920c420",
	1,
	'one',
	"e6143c53-810e-4446-a170-ec8b3cdf8316");
INSERT INTO ACT_SR
	VALUES ("125c3895-eaa1-47b2-a808-01cfbbd2da27");
INSERT INTO ACT_LNK
	VALUES ("08199aba-acbf-4ebb-9496-b24ab9ac8038",
	'''current_status_indicated_on''',
	"125c3895-eaa1-47b2-a808-01cfbbd2da27",
	"624a7f7e-f307-4c75-9412-3258327be18a",
	"00000000-0000-0000-0000-000000000000",
	2,
	"e4f33430-b3cd-4e2a-8dff-b91094d7d095",
	11,
	37,
	11,
	45,
	11,
	48);
INSERT INTO ACT_SMT
	VALUES ("54e0cb9b-f03a-47e2-92e7-4315095b1db2",
	"27aaabf5-3b70-46da-bab5-d8ec6816239d",
	"00000000-0000-0000-0000-000000000000",
	12,
	1,
	'WorkoutSession::addHeartRateSample line: 12');
INSERT INTO E_ESS
	VALUES ("54e0cb9b-f03a-47e2-92e7-4315095b1db2",
	1,
	0,
	12,
	10,
	12,
	19,
	11,
	37,
	0,
	0,
	0,
	0);
INSERT INTO E_GES
	VALUES ("54e0cb9b-f03a-47e2-92e7-4315095b1db2");
INSERT INTO E_GSME
	VALUES ("54e0cb9b-f03a-47e2-92e7-4315095b1db2",
	"1f99c5a4-1b49-435a-b1af-470e1a85ac18");
INSERT INTO E_GEN
	VALUES ("54e0cb9b-f03a-47e2-92e7-4315095b1db2",
	"2477e705-d5d2-4167-a7dc-c4e80920c420");
INSERT INTO V_VAL
	VALUES ("0731a783-1ff9-4cfc-8597-39c72f12367a",
	0,
	0,
	3,
	36,
	39,
	0,
	0,
	0,
	0,
	"ba5eda7a-def5-0000-0000-000000000008",
	"27aaabf5-3b70-46da-bab5-d8ec6816239d");
INSERT INTO V_IRF
	VALUES ("0731a783-1ff9-4cfc-8597-39c72f12367a",
	"2549e26e-d573-4bf9-b028-aaa076f555b1");
INSERT INTO V_VAL
	VALUES ("e89f631f-d9e5-44f8-8a89-870bfc33b72b",
	1,
	0,
	6,
	51,
	56,
	0,
	0,
	0,
	0,
	"ba5eda7a-def5-0000-0000-000000000008",
	"27aaabf5-3b70-46da-bab5-d8ec6816239d");
INSERT INTO V_IRF
	VALUES ("e89f631f-d9e5-44f8-8a89-870bfc33b72b",
	"71375508-53fc-4cb4-bd41-15a8c1ce9f84");
INSERT INTO V_VAL
	VALUES ("d0ccface-a8a2-4336-8351-8268fc582d2b",
	1,
	0,
	6,
	58,
	61,
	0,
	0,
	0,
	0,
	"ba5eda7a-def5-0000-0000-000000000002",
	"27aaabf5-3b70-46da-bab5-d8ec6816239d");
INSERT INTO V_AVL
	VALUES ("d0ccface-a8a2-4336-8351-8268fc582d2b",
	"e89f631f-d9e5-44f8-8a89-870bfc33b72b",
	"33894e85-2ad5-4d7d-a0be-aa0cf2025ab7",
	"01ea7ec4-7045-4839-a37f-48e099805970");
INSERT INTO V_VAL
	VALUES ("eee0c7f1-8070-49cd-a549-7002ff1f7f35",
	0,
	0,
	6,
	65,
	76,
	0,
	0,
	0,
	0,
	"ba5eda7a-def5-0000-0000-000000000008",
	"27aaabf5-3b70-46da-bab5-d8ec6816239d");
INSERT INTO V_IRF
	VALUES ("eee0c7f1-8070-49cd-a549-7002ff1f7f35",
	"591b9643-dc61-4a3e-99b1-f9d4513a75de");
INSERT INTO V_VAL
	VALUES ("50d79def-3683-4bdd-a049-188feebf4e6d",
	0,
	0,
	6,
	78,
	81,
	0,
	0,
	0,
	0,
	"ba5eda7a-def5-0000-0000-000000000002",
	"27aaabf5-3b70-46da-bab5-d8ec6816239d");
INSERT INTO V_AVL
	VALUES ("50d79def-3683-4bdd-a049-188feebf4e6d",
	"eee0c7f1-8070-49cd-a549-7002ff1f7f35",
	"8d4b82cf-ec16-4fd9-925b-0e51eb64a2f7",
	"e4e19783-1a13-4049-a49c-6e687000fdb9");
INSERT INTO V_VAL
	VALUES ("77707e02-a358-4920-8854-2b4867113d08",
	1,
	0,
	7,
	1,
	6,
	0,
	0,
	0,
	0,
	"ba5eda7a-def5-0000-0000-000000000008",
	"27aaabf5-3b70-46da-bab5-d8ec6816239d");
INSERT INTO V_IRF
	VALUES ("77707e02-a358-4920-8854-2b4867113d08",
	"71375508-53fc-4cb4-bd41-15a8c1ce9f84");
INSERT INTO V_VAL
	VALUES ("240199c3-cfb8-46e1-ba36-941e3e8f952f",
	1,
	0,
	7,
	8,
	16,
	0,
	0,
	0,
	0,
	"ba5eda7a-def5-0000-0000-000000000002",
	"27aaabf5-3b70-46da-bab5-d8ec6816239d");
INSERT INTO V_AVL
	VALUES ("240199c3-cfb8-46e1-ba36-941e3e8f952f",
	"77707e02-a358-4920-8854-2b4867113d08",
	"33894e85-2ad5-4d7d-a0be-aa0cf2025ab7",
	"12f72ec0-2d92-4710-b09d-01bcbf365008");
INSERT INTO V_VAL
	VALUES ("2a5d7b33-0297-451f-964b-d100b7c36fdd",
	0,
	0,
	7,
	26,
	34,
	0,
	0,
	0,
	0,
	"ba5eda7a-def5-0000-0000-000000000002",
	"27aaabf5-3b70-46da-bab5-d8ec6816239d");
INSERT INTO V_PVL
	VALUES ("2a5d7b33-0297-451f-964b-d100b7c36fdd",
	"00000000-0000-0000-0000-000000000000",
	"00000000-0000-0000-0000-000000000000",
	"fb21bcee-d537-40df-a3aa-021f49c90722",
	"00000000-0000-0000-0000-000000000000");
INSERT INTO V_VAL
	VALUES ("e6143c53-810e-4446-a170-ec8b3cdf8316",
	0,
	0,
	11,
	31,
	34,
	0,
	0,
	0,
	0,
	"ba5eda7a-def5-0000-0000-000000000008",
	"27aaabf5-3b70-46da-bab5-d8ec6816239d");
INSERT INTO V_IRF
	VALUES ("e6143c53-810e-4446-a170-ec8b3cdf8316",
	"2549e26e-d573-4bf9-b028-aaa076f555b1");
INSERT INTO V_VAR
	VALUES ("591b9643-dc61-4a3e-99b1-f9d4513a75de",
	"27aaabf5-3b70-46da-bab5-d8ec6816239d",
	'workoutTimer',
	1,
	"ba5eda7a-def5-0000-0000-000000000008");
INSERT INTO V_INT
	VALUES ("591b9643-dc61-4a3e-99b1-f9d4513a75de",
	0,
	"8d4b82cf-ec16-4fd9-925b-0e51eb64a2f7");
INSERT INTO V_VAR
	VALUES ("2549e26e-d573-4bf9-b028-aaa076f555b1",
	"27aaabf5-3b70-46da-bab5-d8ec6816239d",
	'self',
	1,
	"ba5eda7a-def5-0000-0000-000000000008");
INSERT INTO V_INT
	VALUES ("2549e26e-d573-4bf9-b028-aaa076f555b1",
	0,
	"2522ffa2-db69-4807-ab45-06acf4cf893a");
INSERT INTO V_VAR
	VALUES ("71375508-53fc-4cb4-bd41-15a8c1ce9f84",
	"27aaabf5-3b70-46da-bab5-d8ec6816239d",
	'sample',
	1,
	"ba5eda7a-def5-0000-0000-000000000008");
INSERT INTO V_INT
	VALUES ("71375508-53fc-4cb4-bd41-15a8c1ce9f84",
	0,
	"33894e85-2ad5-4d7d-a0be-aa0cf2025ab7");
INSERT INTO V_VAR
	VALUES ("2477e705-d5d2-4167-a7dc-c4e80920c420",
	"27aaabf5-3b70-46da-bab5-d8ec6816239d",
	'display',
	1,
	"ba5eda7a-def5-0000-0000-000000000008");
INSERT INTO V_INT
	VALUES ("2477e705-d5d2-4167-a7dc-c4e80920c420",
	0,
	"e4f33430-b3cd-4e2a-8dff-b91094d7d095");
INSERT INTO O_TFR
	VALUES ("0a3c180b-9d9a-457a-ab39-2114964b5908",
	"2522ffa2-db69-4807-ab45-06acf4cf893a",
	'clearHeartRateSamples',
	'',
	"ba5eda7a-def5-0000-0000-000000000000",
	1,
	'select many samples related by self->HeartRateSample[R6];
for each sample in samples
  unrelate self from sample across R6;
  delete object instance sample;
end for;',
	1,
	'',
	"e3f7be53-3ad2-47d3-862a-9a65846facde",
	0);
INSERT INTO ACT_OPB
	VALUES ("03265ee8-2657-4e97-bb52-1c64576d6ce1",
	"0a3c180b-9d9a-457a-ab39-2114964b5908");
INSERT INTO ACT_ACT
	VALUES ("03265ee8-2657-4e97-bb52-1c64576d6ce1",
	'operation',
	0,
	"4cdfeff1-0307-4490-8975-ffac4105c3a4",
	"00000000-0000-0000-0000-000000000000",
	0,
	'WorkoutSession::clearHeartRateSamples',
	"00000000-0000-0000-0000-000000000000");
INSERT INTO ACT_BLK
	VALUES ("4cdfeff1-0307-4490-8975-ffac4105c3a4",
	1,
	0,
	0,
	'',
	'',
	'',
	2,
	1,
	1,
	38,
	0,
	0,
	1,
	54,
	0,
	0,
	0,
	0,
	0,
	"03265ee8-2657-4e97-bb52-1c64576d6ce1",
	"00000000-0000-0000-0000-000000000000");
INSERT INTO ACT_SMT
	VALUES ("65193b10-ab7f-4373-bbcf-772c62b6b87e",
	"4cdfeff1-0307-4490-8975-ffac4105c3a4",
	"ba5ec2be-da86-4200-9758-9f72e835ee9f",
	1,
	1,
	'WorkoutSession::clearHeartRateSamples line: 1');
INSERT INTO ACT_SEL
	VALUES ("65193b10-ab7f-4373-bbcf-772c62b6b87e",
	"dc85b0fe-bfd7-4b5d-ad24-4ff2799ed758",
	1,
	'many',
	"1c8d0fad-fe7c-415e-8b52-752881add889");
INSERT INTO ACT_SR
	VALUES ("65193b10-ab7f-4373-bbcf-772c62b6b87e");
INSERT INTO ACT_LNK
	VALUES ("0a19f16c-d85c-4fc1-a6bc-d3b2a774633e",
	'',
	"65193b10-ab7f-4373-bbcf-772c62b6b87e",
	"8d48a562-6b17-4277-80b8-dbf2efbb84f7",
	"00000000-0000-0000-0000-000000000000",
	3,
	"33894e85-2ad5-4d7d-a0be-aa0cf2025ab7",
	1,
	38,
	1,
	54,
	0,
	0);
INSERT INTO ACT_SMT
	VALUES ("ba5ec2be-da86-4200-9758-9f72e835ee9f",
	"4cdfeff1-0307-4490-8975-ffac4105c3a4",
	"00000000-0000-0000-0000-000000000000",
	2,
	1,
	'WorkoutSession::clearHeartRateSamples line: 2');
INSERT INTO ACT_FOR
	VALUES ("ba5ec2be-da86-4200-9758-9f72e835ee9f",
	"b0310c1f-e3af-443f-b690-38f0b3a55974",
	1,
	"7efeb135-b73c-4b76-9329-df2d6e980359",
	"dc85b0fe-bfd7-4b5d-ad24-4ff2799ed758",
	"33894e85-2ad5-4d7d-a0be-aa0cf2025ab7");
INSERT INTO V_VAL
	VALUES ("1c8d0fad-fe7c-415e-8b52-752881add889",
	0,
	0,
	1,
	32,
	35,
	0,
	0,
	0,
	0,
	"ba5eda7a-def5-0000-0000-000000000008",
	"4cdfeff1-0307-4490-8975-ffac4105c3a4");
INSERT INTO V_IRF
	VALUES ("1c8d0fad-fe7c-415e-8b52-752881add889",
	"7d7536af-2f6e-4f4f-a086-f41320579fd1");
INSERT INTO V_VAR
	VALUES ("dc85b0fe-bfd7-4b5d-ad24-4ff2799ed758",
	"4cdfeff1-0307-4490-8975-ffac4105c3a4",
	'samples',
	1,
	"ba5eda7a-def5-0000-0000-000000000009");
INSERT INTO V_INS
	VALUES ("dc85b0fe-bfd7-4b5d-ad24-4ff2799ed758",
	"33894e85-2ad5-4d7d-a0be-aa0cf2025ab7");
INSERT INTO V_VAR
	VALUES ("7d7536af-2f6e-4f4f-a086-f41320579fd1",
	"4cdfeff1-0307-4490-8975-ffac4105c3a4",
	'self',
	1,
	"ba5eda7a-def5-0000-0000-000000000008");
INSERT INTO V_INT
	VALUES ("7d7536af-2f6e-4f4f-a086-f41320579fd1",
	0,
	"2522ffa2-db69-4807-ab45-06acf4cf893a");
INSERT INTO V_VAR
	VALUES ("7efeb135-b73c-4b76-9329-df2d6e980359",
	"4cdfeff1-0307-4490-8975-ffac4105c3a4",
	'sample',
	1,
	"ba5eda7a-def5-0000-0000-000000000008");
INSERT INTO V_INT
	VALUES ("7efeb135-b73c-4b76-9329-df2d6e980359",
	1,
	"33894e85-2ad5-4d7d-a0be-aa0cf2025ab7");
INSERT INTO ACT_BLK
	VALUES ("b0310c1f-e3af-443f-b690-38f0b3a55974",
	0,
	0,
	0,
	'',
	'',
	'',
	4,
	3,
	0,
	0,
	0,
	0,
	3,
	36,
	0,
	0,
	0,
	0,
	0,
	"03265ee8-2657-4e97-bb52-1c64576d6ce1",
	"00000000-0000-0000-0000-000000000000");
INSERT INTO ACT_SMT
	VALUES ("f304c813-498e-4b77-83c2-114f6aaa63f9",
	"b0310c1f-e3af-443f-b690-38f0b3a55974",
	"d2d86442-f3e6-4bb3-bd4a-c3b226b13d49",
	3,
	3,
	'WorkoutSession::clearHeartRateSamples line: 3');
INSERT INTO ACT_UNR
	VALUES ("f304c813-498e-4b77-83c2-114f6aaa63f9",
	"7d7536af-2f6e-4f4f-a086-f41320579fd1",
	"7efeb135-b73c-4b76-9329-df2d6e980359",
	'',
	"8d48a562-6b17-4277-80b8-dbf2efbb84f7",
	3,
	36,
	0,
	0);
INSERT INTO ACT_SMT
	VALUES ("d2d86442-f3e6-4bb3-bd4a-c3b226b13d49",
	"b0310c1f-e3af-443f-b690-38f0b3a55974",
	"00000000-0000-0000-0000-000000000000",
	4,
	3,
	'WorkoutSession::clearHeartRateSamples line: 4');
INSERT INTO ACT_DEL
	VALUES ("d2d86442-f3e6-4bb3-bd4a-c3b226b13d49",
	"7efeb135-b73c-4b76-9329-df2d6e980359");
INSERT INTO O_TFR
	VALUES ("3c3e9447-7fbe-40c3-835d-aa668b911afa",
	"2522ffa2-db69-4807-ab45-06acf4cf893a",
	'initialize',
	'',
	"ba5eda7a-def5-0000-0000-000000000000",
	0,
	'// Unless a workout session already exists, create and initialize a 
// workout session, workout timer, and tracklog, and relate them all.

select any session from instances of WorkoutSession;

if ( empty session )

  // Create a workout session.
  create object instance session of WorkoutSession;
  session.startTime = TIM::current_clock();
  session.accumulatedDistance = 0.0;

  // Create a workout timer.
  create object instance workoutTimer of WorkoutTimer;
  workoutTimer.initialize();

  // Create a track log.
  create object instance trackLog of TrackLog;
  
  // Create a display.
  create object instance display of Display;

  // Relate them all together.
  relate trackLog to session across R4.''represents_path_for'';
  relate workoutTimer to session across R8.''acts_as_the_stopwatch_for'';
  relate display to session across R7.''indicates_current_status_of'';
  
end if;
',
	1,
	'',
	"0a3c180b-9d9a-457a-ab39-2114964b5908",
	0);
INSERT INTO ACT_OPB
	VALUES ("3e00f178-da9e-4355-81fe-5ff40dff5a5f",
	"3c3e9447-7fbe-40c3-835d-aa668b911afa");
INSERT INTO ACT_ACT
	VALUES ("3e00f178-da9e-4355-81fe-5ff40dff5a5f",
	'class operation',
	0,
	"a3ef0a94-52a0-48d1-a2ca-45ae988c81d3",
	"00000000-0000-0000-0000-000000000000",
	0,
	'WorkoutSession::initialize',
	"00000000-0000-0000-0000-000000000000");
INSERT INTO ACT_BLK
	VALUES ("a3ef0a94-52a0-48d1-a2ca-45ae988c81d3",
	1,
	0,
	0,
	'',
	'',
	'',
	6,
	1,
	4,
	38,
	0,
	0,
	0,
	0,
	0,
	0,
	0,
	0,
	0,
	"3e00f178-da9e-4355-81fe-5ff40dff5a5f",
	"00000000-0000-0000-0000-000000000000");
INSERT INTO ACT_SMT
	VALUES ("8146b595-1115-4191-9554-f5cd8ab21574",
	"a3ef0a94-52a0-48d1-a2ca-45ae988c81d3",
	"564ab4ee-9364-4214-ab85-22ee4e5215f9",
	4,
	1,
	'WorkoutSession::initialize line: 4');
INSERT INTO ACT_FIO
	VALUES ("8146b595-1115-4191-9554-f5cd8ab21574",
	"cf1cb70f-7ed6-466c-b8c6-d9ecea23ece3",
	1,
	'any',
	"2522ffa2-db69-4807-ab45-06acf4cf893a",
	4,
	38);
INSERT INTO ACT_SMT
	VALUES ("564ab4ee-9364-4214-ab85-22ee4e5215f9",
	"a3ef0a94-52a0-48d1-a2ca-45ae988c81d3",
	"00000000-0000-0000-0000-000000000000",
	6,
	1,
	'WorkoutSession::initialize line: 6');
INSERT INTO ACT_IF
	VALUES ("564ab4ee-9364-4214-ab85-22ee4e5215f9",
	"a8e02a52-a66f-424a-b47b-cae0c597408c",
	"7ae2e54e-4d74-4e7c-99d4-d020672db633",
	"00000000-0000-0000-0000-000000000000",
	"00000000-0000-0000-0000-000000000000");
INSERT INTO V_VAL
	VALUES ("06786242-4103-4427-acca-a7c1ad721cc7",
	0,
	0,
	6,
	12,
	18,
	0,
	0,
	0,
	0,
	"ba5eda7a-def5-0000-0000-000000000008",
	"a3ef0a94-52a0-48d1-a2ca-45ae988c81d3");
INSERT INTO V_IRF
	VALUES ("06786242-4103-4427-acca-a7c1ad721cc7",
	"cf1cb70f-7ed6-466c-b8c6-d9ecea23ece3");
INSERT INTO V_VAL
	VALUES ("7ae2e54e-4d74-4e7c-99d4-d020672db633",
	0,
	0,
	-1,
	-1,
	-1,
	0,
	0,
	0,
	0,
	"ba5eda7a-def5-0000-0000-000000000001",
	"a3ef0a94-52a0-48d1-a2ca-45ae988c81d3");
INSERT INTO V_UNY
	VALUES ("7ae2e54e-4d74-4e7c-99d4-d020672db633",
	"06786242-4103-4427-acca-a7c1ad721cc7",
	'empty');
INSERT INTO V_VAR
	VALUES ("cf1cb70f-7ed6-466c-b8c6-d9ecea23ece3",
	"a3ef0a94-52a0-48d1-a2ca-45ae988c81d3",
	'session',
	1,
	"ba5eda7a-def5-0000-0000-000000000008");
INSERT INTO V_INT
	VALUES ("cf1cb70f-7ed6-466c-b8c6-d9ecea23ece3",
	0,
	"2522ffa2-db69-4807-ab45-06acf4cf893a");
INSERT INTO ACT_BLK
	VALUES ("a8e02a52-a66f-424a-b47b-cae0c597408c",
	0,
	0,
	0,
	'''indicates_current_status_of''',
	'',
	'',
	26,
	3,
	21,
	37,
	0,
	0,
	26,
	36,
	26,
	39,
	0,
	0,
	0,
	"3e00f178-da9e-4355-81fe-5ff40dff5a5f",
	"00000000-0000-0000-0000-000000000000");
INSERT INTO ACT_SMT
	VALUES ("f5a7a9a1-1e8d-4fdc-b403-a3b3d4f6dd69",
	"a8e02a52-a66f-424a-b47b-cae0c597408c",
	"184c5287-d18c-4380-afc5-616aaf53cc0d",
	9,
	3,
	'WorkoutSession::initialize line: 9');
INSERT INTO ACT_CR
	VALUES ("f5a7a9a1-1e8d-4fdc-b403-a3b3d4f6dd69",
	"cf1cb70f-7ed6-466c-b8c6-d9ecea23ece3",
	0,
	"2522ffa2-db69-4807-ab45-06acf4cf893a",
	9,
	37);
INSERT INTO ACT_SMT
	VALUES ("184c5287-d18c-4380-afc5-616aaf53cc0d",
	"a8e02a52-a66f-424a-b47b-cae0c597408c",
	"c07cbc6a-7e8a-4f87-a2d4-d9de9a8b3531",
	10,
	3,
	'WorkoutSession::initialize line: 10');
INSERT INTO ACT_AI
	VALUES ("184c5287-d18c-4380-afc5-616aaf53cc0d",
	"cb90fd69-0689-490d-8fc6-b2495483f60d",
	"89aa0484-8fce-49c0-9a13-a0709e15f5a0",
	0,
	0);
INSERT INTO ACT_SMT
	VALUES ("c07cbc6a-7e8a-4f87-a2d4-d9de9a8b3531",
	"a8e02a52-a66f-424a-b47b-cae0c597408c",
	"55e42a0b-0937-4add-a42d-29baa80b8777",
	11,
	3,
	'WorkoutSession::initialize line: 11');
INSERT INTO ACT_AI
	VALUES ("c07cbc6a-7e8a-4f87-a2d4-d9de9a8b3531",
	"30e9507c-9d94-4013-ba7d-272d13fa7bc3",
	"3fbd9ddf-88b4-4e4e-beae-3d3fe451a13d",
	0,
	0);
INSERT INTO ACT_SMT
	VALUES ("55e42a0b-0937-4add-a42d-29baa80b8777",
	"a8e02a52-a66f-424a-b47b-cae0c597408c",
	"752d148e-71d6-40db-8e63-ca97e295c385",
	14,
	3,
	'WorkoutSession::initialize line: 14');
INSERT INTO ACT_CR
	VALUES ("55e42a0b-0937-4add-a42d-29baa80b8777",
	"cba8786c-386f-4999-b573-4d49d92a1ddd",
	1,
	"8d4b82cf-ec16-4fd9-925b-0e51eb64a2f7",
	14,
	42);
INSERT INTO ACT_SMT
	VALUES ("752d148e-71d6-40db-8e63-ca97e295c385",
	"a8e02a52-a66f-424a-b47b-cae0c597408c",
	"11cf929b-4fb9-43a4-9415-f00a3063fa7b",
	15,
	3,
	'WorkoutSession::initialize line: 15');
INSERT INTO ACT_TFM
	VALUES ("752d148e-71d6-40db-8e63-ca97e295c385",
	"e8f31568-926d-492c-b21d-afc08ba9b69c",
	"cba8786c-386f-4999-b573-4d49d92a1ddd",
	15,
	16,
	0,
	0);
INSERT INTO ACT_SMT
	VALUES ("11cf929b-4fb9-43a4-9415-f00a3063fa7b",
	"a8e02a52-a66f-424a-b47b-cae0c597408c",
	"daffd43e-86ec-441a-af83-002a73e25a4e",
	18,
	3,
	'WorkoutSession::initialize line: 18');
INSERT INTO ACT_CR
	VALUES ("11cf929b-4fb9-43a4-9415-f00a3063fa7b",
	"9fd8a403-f813-49a2-9afe-2a97d3ad3fc0",
	1,
	"d2828038-110a-4559-8452-91651af0adcb",
	18,
	38);
INSERT INTO ACT_SMT
	VALUES ("daffd43e-86ec-441a-af83-002a73e25a4e",
	"a8e02a52-a66f-424a-b47b-cae0c597408c",
	"0638a67a-7f54-44d4-b048-a803ece7dae1",
	21,
	3,
	'WorkoutSession::initialize line: 21');
INSERT INTO ACT_CR
	VALUES ("daffd43e-86ec-441a-af83-002a73e25a4e",
	"e6dc7859-ae3e-4ec8-b3ea-bed8e0cb8243",
	1,
	"e4f33430-b3cd-4e2a-8dff-b91094d7d095",
	21,
	37);
INSERT INTO ACT_SMT
	VALUES ("0638a67a-7f54-44d4-b048-a803ece7dae1",
	"a8e02a52-a66f-424a-b47b-cae0c597408c",
	"25976945-0a3a-40f4-bd0f-a092ab187355",
	24,
	3,
	'WorkoutSession::initialize line: 24');
INSERT INTO ACT_REL
	VALUES ("0638a67a-7f54-44d4-b048-a803ece7dae1",
	"9fd8a403-f813-49a2-9afe-2a97d3ad3fc0",
	"cf1cb70f-7ed6-466c-b8c6-d9ecea23ece3",
	'''represents_path_for''',
	"f84935c8-946a-434d-91c1-1a845ca84868",
	24,
	37,
	24,
	40);
INSERT INTO ACT_SMT
	VALUES ("25976945-0a3a-40f4-bd0f-a092ab187355",
	"a8e02a52-a66f-424a-b47b-cae0c597408c",
	"f4ccec83-843a-4266-9d12-bb8104dd0dde",
	25,
	3,
	'WorkoutSession::initialize line: 25');
INSERT INTO ACT_REL
	VALUES ("25976945-0a3a-40f4-bd0f-a092ab187355",
	"cba8786c-386f-4999-b573-4d49d92a1ddd",
	"cf1cb70f-7ed6-466c-b8c6-d9ecea23ece3",
	'''acts_as_the_stopwatch_for''',
	"b04987ba-d80b-4527-a1fd-894139a710d8",
	25,
	41,
	25,
	44);
INSERT INTO ACT_SMT
	VALUES ("f4ccec83-843a-4266-9d12-bb8104dd0dde",
	"a8e02a52-a66f-424a-b47b-cae0c597408c",
	"00000000-0000-0000-0000-000000000000",
	26,
	3,
	'WorkoutSession::initialize line: 26');
INSERT INTO ACT_REL
	VALUES ("f4ccec83-843a-4266-9d12-bb8104dd0dde",
	"e6dc7859-ae3e-4ec8-b3ea-bed8e0cb8243",
	"cf1cb70f-7ed6-466c-b8c6-d9ecea23ece3",
	'''indicates_current_status_of''',
	"624a7f7e-f307-4c75-9412-3258327be18a",
	26,
	36,
	26,
	39);
INSERT INTO V_VAL
	VALUES ("ce4d7909-2431-4ece-be31-ae8eebb8b37c",
	1,
	0,
	10,
	3,
	9,
	0,
	0,
	0,
	0,
	"ba5eda7a-def5-0000-0000-000000000008",
	"a8e02a52-a66f-424a-b47b-cae0c597408c");
INSERT INTO V_IRF
	VALUES ("ce4d7909-2431-4ece-be31-ae8eebb8b37c",
	"cf1cb70f-7ed6-466c-b8c6-d9ecea23ece3");
INSERT INTO V_VAL
	VALUES ("89aa0484-8fce-49c0-9a13-a0709e15f5a0",
	1,
	0,
	10,
	11,
	19,
	0,
	0,
	0,
	0,
	"ba5eda7a-def5-0000-0000-000000000010",
	"a8e02a52-a66f-424a-b47b-cae0c597408c");
INSERT INTO V_AVL
	VALUES ("89aa0484-8fce-49c0-9a13-a0709e15f5a0",
	"ce4d7909-2431-4ece-be31-ae8eebb8b37c",
	"2522ffa2-db69-4807-ab45-06acf4cf893a",
	"7f25f45e-231c-4cfe-9481-7a86cabddbc6");
INSERT INTO V_VAL
	VALUES ("cb90fd69-0689-490d-8fc6-b2495483f60d",
	0,
	0,
	10,
	28,
	-1,
	0,
	0,
	0,
	0,
	"ba5eda7a-def5-0000-0000-000000000010",
	"a8e02a52-a66f-424a-b47b-cae0c597408c");
INSERT INTO V_BRV
	VALUES ("cb90fd69-0689-490d-8fc6-b2495483f60d",
	"f3a7f92c-3c6b-4d36-8f32-849ae8fce50a",
	1,
	10,
	23);
INSERT INTO V_VAL
	VALUES ("c8910f69-6cb9-458b-9781-2c9225074683",
	1,
	0,
	11,
	3,
	9,
	0,
	0,
	0,
	0,
	"ba5eda7a-def5-0000-0000-000000000008",
	"a8e02a52-a66f-424a-b47b-cae0c597408c");
INSERT INTO V_IRF
	VALUES ("c8910f69-6cb9-458b-9781-2c9225074683",
	"cf1cb70f-7ed6-466c-b8c6-d9ecea23ece3");
INSERT INTO V_VAL
	VALUES ("3fbd9ddf-88b4-4e4e-beae-3d3fe451a13d",
	1,
	0,
	11,
	11,
	29,
	0,
	0,
	0,
	0,
	"ba5eda7a-def5-0000-0000-000000000003",
	"a8e02a52-a66f-424a-b47b-cae0c597408c");
INSERT INTO V_AVL
	VALUES ("3fbd9ddf-88b4-4e4e-beae-3d3fe451a13d",
	"c8910f69-6cb9-458b-9781-2c9225074683",
	"2522ffa2-db69-4807-ab45-06acf4cf893a",
	"d1d48d20-03f1-4c3c-b920-f64ef7b8a4d3");
INSERT INTO V_VAL
	VALUES ("30e9507c-9d94-4013-ba7d-272d13fa7bc3",
	0,
	0,
	11,
	33,
	35,
	0,
	0,
	0,
	0,
	"ba5eda7a-def5-0000-0000-000000000003",
	"a8e02a52-a66f-424a-b47b-cae0c597408c");
INSERT INTO V_LRL
	VALUES ("30e9507c-9d94-4013-ba7d-272d13fa7bc3",
	'0.0');
INSERT INTO V_VAR
	VALUES ("cba8786c-386f-4999-b573-4d49d92a1ddd",
	"a8e02a52-a66f-424a-b47b-cae0c597408c",
	'workoutTimer',
	1,
	"ba5eda7a-def5-0000-0000-000000000008");
INSERT INTO V_INT
	VALUES ("cba8786c-386f-4999-b573-4d49d92a1ddd",
	0,
	"8d4b82cf-ec16-4fd9-925b-0e51eb64a2f7");
INSERT INTO V_VAR
	VALUES ("9fd8a403-f813-49a2-9afe-2a97d3ad3fc0",
	"a8e02a52-a66f-424a-b47b-cae0c597408c",
	'trackLog',
	1,
	"ba5eda7a-def5-0000-0000-000000000008");
INSERT INTO V_INT
	VALUES ("9fd8a403-f813-49a2-9afe-2a97d3ad3fc0",
	0,
	"d2828038-110a-4559-8452-91651af0adcb");
INSERT INTO V_VAR
	VALUES ("e6dc7859-ae3e-4ec8-b3ea-bed8e0cb8243",
	"a8e02a52-a66f-424a-b47b-cae0c597408c",
	'display',
	1,
	"ba5eda7a-def5-0000-0000-000000000008");
INSERT INTO V_INT
	VALUES ("e6dc7859-ae3e-4ec8-b3ea-bed8e0cb8243",
	0,
	"e4f33430-b3cd-4e2a-8dff-b91094d7d095");
INSERT INTO O_TFR
	VALUES ("a20ddab3-779d-44fd-bea2-d5477b04a7b3",
	"2522ffa2-db69-4807-ab45-06acf4cf893a",
	'reset',
	'',
	"ba5eda7a-def5-0000-0000-000000000000",
	1,
	'// Reset this session, including the timer, track log, goal specifications,
// goals, and achievement records.

// Reset the timer.
select one workoutTimer related by self->WorkoutTimer[R8.''is_timed_by''];
workoutTimer.initialize();

// Reset the track log.
select one trackLog related by self->TrackLog[R4.''captures_path_in''];
trackLog.clearTrackPoints();
trackLog.clearLapMarkers();

// Remove all goal specifications.
select many goalSpecs related by self->GoalSpec[R10.''includes''];
for each goalSpec in goalSpecs
  unrelate self from goalSpec across R10.''includes'';
  delete object instance goalSpec;
end for;

// Remove any currently executing goal and open achievement record.
select one executingGoal related by self->Goal[R11.''is_currently_executing''];
if ( not empty executingGoal )
  select one openAchievement related by executingGoal->Achievement[R14.''has_open''];
  if ( not empty openAchievement )
    unrelate openAchievement from executingGoal across R14.''is_open_for'';
    delete object instance openAchievement;
  end if;
  unrelate self from executingGoal across R11.''is_currently_executing'';
  delete object instance executingGoal;
end if;

// Remove all other goals and achievement records.
select many goals related by self->Goal[R13.''has_executed''];
for each goal in goals
  select many achievements related by goal->Achievement[R12.''has_recorded''];
  for each achievement in achievements
    unrelate goal from achievement across R12.''has_recorded'';
    delete object instance achievement;
  end for;
  unrelate self from goal across R13.''has_executed'';
  delete object instance goal;
end for;

// Reset the session.
self.accumulatedDistance = 0.0;
self.clearHeartRateSamples();
',
	1,
	'',
	"3c3e9447-7fbe-40c3-835d-aa668b911afa",
	0);
INSERT INTO ACT_OPB
	VALUES ("19f6a747-f500-4b00-bf6c-8f3d20cb219d",
	"a20ddab3-779d-44fd-bea2-d5477b04a7b3");
INSERT INTO ACT_ACT
	VALUES ("19f6a747-f500-4b00-bf6c-8f3d20cb219d",
	'operation',
	0,
	"c919449a-78fa-4594-8669-9a5720526a05",
	"00000000-0000-0000-0000-000000000000",
	0,
	'WorkoutSession::reset',
	"00000000-0000-0000-0000-000000000000");
INSERT INTO ACT_BLK
	VALUES ("c919449a-78fa-4594-8669-9a5720526a05",
	1,
	0,
	0,
	'',
	'',
	'',
	46,
	1,
	33,
	36,
	0,
	0,
	33,
	41,
	33,
	45,
	0,
	0,
	0,
	"19f6a747-f500-4b00-bf6c-8f3d20cb219d",
	"00000000-0000-0000-0000-000000000000");
INSERT INTO ACT_SMT
	VALUES ("c2043eb6-2234-4288-a77c-2de33d510465",
	"c919449a-78fa-4594-8669-9a5720526a05",
	"098c6f7d-1e11-43b4-aa79-66e5a8b9a54b",
	5,
	1,
	'WorkoutSession::reset line: 5');
INSERT INTO ACT_SEL
	VALUES ("c2043eb6-2234-4288-a77c-2de33d510465",
	"754175a6-abd0-432a-ade9-97fec3f514d7",
	1,
	'one',
	"835d5861-a210-48d4-a0a0-f028e417ad54");
INSERT INTO ACT_SR
	VALUES ("c2043eb6-2234-4288-a77c-2de33d510465");
INSERT INTO ACT_LNK
	VALUES ("edaa50e6-db3e-4867-b3d3-9da28308a51c",
	'''is_timed_by''',
	"c2043eb6-2234-4288-a77c-2de33d510465",
	"b04987ba-d80b-4527-a1fd-894139a710d8",
	"00000000-0000-0000-0000-000000000000",
	2,
	"8d4b82cf-ec16-4fd9-925b-0e51eb64a2f7",
	5,
	42,
	5,
	55,
	5,
	58);
INSERT INTO ACT_SMT
	VALUES ("098c6f7d-1e11-43b4-aa79-66e5a8b9a54b",
	"c919449a-78fa-4594-8669-9a5720526a05",
	"5f59ec2e-2eb6-40eb-87e4-e0511e8e6e77",
	6,
	1,
	'WorkoutSession::reset line: 6');
INSERT INTO ACT_TFM
	VALUES ("098c6f7d-1e11-43b4-aa79-66e5a8b9a54b",
	"e8f31568-926d-492c-b21d-afc08ba9b69c",
	"754175a6-abd0-432a-ade9-97fec3f514d7",
	6,
	14,
	0,
	0);
INSERT INTO ACT_SMT
	VALUES ("5f59ec2e-2eb6-40eb-87e4-e0511e8e6e77",
	"c919449a-78fa-4594-8669-9a5720526a05",
	"5fa372e9-b327-42e8-9f33-159ad2e4cd5a",
	9,
	1,
	'WorkoutSession::reset line: 9');
INSERT INTO ACT_SEL
	VALUES ("5f59ec2e-2eb6-40eb-87e4-e0511e8e6e77",
	"7ceb64fc-ae08-4bfa-bb28-5a77e61d08b6",
	1,
	'one',
	"23287be1-13f7-43b9-aa90-4d0efab0ee4a");
INSERT INTO ACT_SR
	VALUES ("5f59ec2e-2eb6-40eb-87e4-e0511e8e6e77");
INSERT INTO ACT_LNK
	VALUES ("99678c26-b23b-4253-98ea-3d4834882575",
	'''captures_path_in''',
	"5f59ec2e-2eb6-40eb-87e4-e0511e8e6e77",
	"f84935c8-946a-434d-91c1-1a845ca84868",
	"00000000-0000-0000-0000-000000000000",
	2,
	"d2828038-110a-4559-8452-91651af0adcb",
	9,
	38,
	9,
	47,
	9,
	50);
INSERT INTO ACT_SMT
	VALUES ("5fa372e9-b327-42e8-9f33-159ad2e4cd5a",
	"c919449a-78fa-4594-8669-9a5720526a05",
	"a2427606-6091-48f3-a1aa-349ecd956893",
	10,
	1,
	'WorkoutSession::reset line: 10');
INSERT INTO ACT_TFM
	VALUES ("5fa372e9-b327-42e8-9f33-159ad2e4cd5a",
	"7dbac40f-6e89-4ad2-a576-0f1fcfbe2dc5",
	"7ceb64fc-ae08-4bfa-bb28-5a77e61d08b6",
	10,
	10,
	0,
	0);
INSERT INTO ACT_SMT
	VALUES ("a2427606-6091-48f3-a1aa-349ecd956893",
	"c919449a-78fa-4594-8669-9a5720526a05",
	"cc2df858-c1d0-4f07-8df6-20b989a3b7eb",
	11,
	1,
	'WorkoutSession::reset line: 11');
INSERT INTO ACT_TFM
	VALUES ("a2427606-6091-48f3-a1aa-349ecd956893",
	"9d05da67-cf3d-4220-b15a-0f2e28652584",
	"7ceb64fc-ae08-4bfa-bb28-5a77e61d08b6",
	11,
	10,
	0,
	0);
INSERT INTO ACT_SMT
	VALUES ("cc2df858-c1d0-4f07-8df6-20b989a3b7eb",
	"c919449a-78fa-4594-8669-9a5720526a05",
	"5fb833d6-1636-43d6-a0c5-0f4a6aeaaf1c",
	14,
	1,
	'WorkoutSession::reset line: 14');
INSERT INTO ACT_SEL
	VALUES ("cc2df858-c1d0-4f07-8df6-20b989a3b7eb",
	"7cc40515-ee1e-4fbe-9356-d52bf3dde096",
	1,
	'many',
	"30fba2db-c86b-4093-a19d-e61588283995");
INSERT INTO ACT_SR
	VALUES ("cc2df858-c1d0-4f07-8df6-20b989a3b7eb");
INSERT INTO ACT_LNK
	VALUES ("45cc90e6-a92b-4261-b0f5-426ed3ab855b",
	'''includes''',
	"cc2df858-c1d0-4f07-8df6-20b989a3b7eb",
	"c43c8e88-54fd-4de3-9adf-b324850fd9ec",
	"00000000-0000-0000-0000-000000000000",
	3,
	"be6ddd8b-37a5-4534-961b-772bb1d940ac",
	14,
	40,
	14,
	49,
	14,
	53);
INSERT INTO ACT_SMT
	VALUES ("5fb833d6-1636-43d6-a0c5-0f4a6aeaaf1c",
	"c919449a-78fa-4594-8669-9a5720526a05",
	"3d048620-cac0-4434-847e-b869de3b4315",
	15,
	1,
	'WorkoutSession::reset line: 15');
INSERT INTO ACT_FOR
	VALUES ("5fb833d6-1636-43d6-a0c5-0f4a6aeaaf1c",
	"00bb4444-11a6-4d8b-8968-6d8b44aa8192",
	1,
	"133f13ae-ddeb-4420-90cb-ecb0cbf8bb9d",
	"7cc40515-ee1e-4fbe-9356-d52bf3dde096",
	"be6ddd8b-37a5-4534-961b-772bb1d940ac");
INSERT INTO ACT_SMT
	VALUES ("3d048620-cac0-4434-847e-b869de3b4315",
	"c919449a-78fa-4594-8669-9a5720526a05",
	"3785774a-8a70-45d4-9d7e-74059551fc08",
	21,
	1,
	'WorkoutSession::reset line: 21');
INSERT INTO ACT_SEL
	VALUES ("3d048620-cac0-4434-847e-b869de3b4315",
	"8dfb4037-b28a-4866-b6d5-97f67aab6e64",
	1,
	'one',
	"ac7b23d8-21ef-4dc9-8318-4de25f514b09");
INSERT INTO ACT_SR
	VALUES ("3d048620-cac0-4434-847e-b869de3b4315");
INSERT INTO ACT_LNK
	VALUES ("fbeecf32-e4ad-4d1d-95ec-eb041b73312d",
	'''is_currently_executing''',
	"3d048620-cac0-4434-847e-b869de3b4315",
	"50d628e2-9d2f-4810-93d9-44fb62bf9031",
	"00000000-0000-0000-0000-000000000000",
	2,
	"c1022670-c44d-401e-bb23-dfcef6084fba",
	21,
	43,
	21,
	48,
	21,
	52);
INSERT INTO ACT_SMT
	VALUES ("3785774a-8a70-45d4-9d7e-74059551fc08",
	"c919449a-78fa-4594-8669-9a5720526a05",
	"93b10cab-2610-49a0-ab5e-fe050de0d9c0",
	22,
	1,
	'WorkoutSession::reset line: 22');
INSERT INTO ACT_IF
	VALUES ("3785774a-8a70-45d4-9d7e-74059551fc08",
	"233805df-5856-485b-91cd-db5a1d584978",
	"b424548a-8313-4573-a5e1-456a309566c8",
	"00000000-0000-0000-0000-000000000000",
	"00000000-0000-0000-0000-000000000000");
INSERT INTO ACT_SMT
	VALUES ("93b10cab-2610-49a0-ab5e-fe050de0d9c0",
	"c919449a-78fa-4594-8669-9a5720526a05",
	"40e418ee-77d9-4114-af3e-0c6b11d8ab16",
	33,
	1,
	'WorkoutSession::reset line: 33');
INSERT INTO ACT_SEL
	VALUES ("93b10cab-2610-49a0-ab5e-fe050de0d9c0",
	"d1ddf9ec-04d7-4772-a70e-1850c6ae5d4d",
	1,
	'many',
	"1bd1fcba-28ee-4e77-af50-19433afdd21b");
INSERT INTO ACT_SR
	VALUES ("93b10cab-2610-49a0-ab5e-fe050de0d9c0");
INSERT INTO ACT_LNK
	VALUES ("353696ca-46c4-42dc-847f-06ee5b5e1df7",
	'''has_executed''',
	"93b10cab-2610-49a0-ab5e-fe050de0d9c0",
	"3755f3e3-3d22-4f05-a9f0-c93d3c6abd63",
	"00000000-0000-0000-0000-000000000000",
	3,
	"c1022670-c44d-401e-bb23-dfcef6084fba",
	33,
	36,
	33,
	41,
	33,
	45);
INSERT INTO ACT_SMT
	VALUES ("40e418ee-77d9-4114-af3e-0c6b11d8ab16",
	"c919449a-78fa-4594-8669-9a5720526a05",
	"2c950272-dc3f-4338-8c3c-639cb6ad78ae",
	34,
	1,
	'WorkoutSession::reset line: 34');
INSERT INTO ACT_FOR
	VALUES ("40e418ee-77d9-4114-af3e-0c6b11d8ab16",
	"0e1a2044-1883-4e2b-887b-3adca21132e4",
	1,
	"6e82d224-2a15-47d8-a294-02dba13008ee",
	"d1ddf9ec-04d7-4772-a70e-1850c6ae5d4d",
	"c1022670-c44d-401e-bb23-dfcef6084fba");
INSERT INTO ACT_SMT
	VALUES ("2c950272-dc3f-4338-8c3c-639cb6ad78ae",
	"c919449a-78fa-4594-8669-9a5720526a05",
	"6990fba2-4a01-413b-98bc-7328ed31dc43",
	45,
	1,
	'WorkoutSession::reset line: 45');
INSERT INTO ACT_AI
	VALUES ("2c950272-dc3f-4338-8c3c-639cb6ad78ae",
	"01eb8a02-6f8e-4cac-b91a-b050d5d6bad2",
	"96d9b105-e71e-4fcf-beb3-f7fe107fff12",
	0,
	0);
INSERT INTO ACT_SMT
	VALUES ("6990fba2-4a01-413b-98bc-7328ed31dc43",
	"c919449a-78fa-4594-8669-9a5720526a05",
	"00000000-0000-0000-0000-000000000000",
	46,
	1,
	'WorkoutSession::reset line: 46');
INSERT INTO ACT_TFM
	VALUES ("6990fba2-4a01-413b-98bc-7328ed31dc43",
	"0a3c180b-9d9a-457a-ab39-2114964b5908",
	"22278ba7-99d1-49da-9559-b93958a7f99c",
	46,
	6,
	0,
	0);
INSERT INTO V_VAL
	VALUES ("835d5861-a210-48d4-a0a0-f028e417ad54",
	0,
	0,
	5,
	36,
	39,
	0,
	0,
	0,
	0,
	"ba5eda7a-def5-0000-0000-000000000008",
	"c919449a-78fa-4594-8669-9a5720526a05");
INSERT INTO V_IRF
	VALUES ("835d5861-a210-48d4-a0a0-f028e417ad54",
	"22278ba7-99d1-49da-9559-b93958a7f99c");
INSERT INTO V_VAL
	VALUES ("23287be1-13f7-43b9-aa90-4d0efab0ee4a",
	0,
	0,
	9,
	32,
	35,
	0,
	0,
	0,
	0,
	"ba5eda7a-def5-0000-0000-000000000008",
	"c919449a-78fa-4594-8669-9a5720526a05");
INSERT INTO V_IRF
	VALUES ("23287be1-13f7-43b9-aa90-4d0efab0ee4a",
	"22278ba7-99d1-49da-9559-b93958a7f99c");
INSERT INTO V_VAL
	VALUES ("30fba2db-c86b-4093-a19d-e61588283995",
	0,
	0,
	14,
	34,
	37,
	0,
	0,
	0,
	0,
	"ba5eda7a-def5-0000-0000-000000000008",
	"c919449a-78fa-4594-8669-9a5720526a05");
INSERT INTO V_IRF
	VALUES ("30fba2db-c86b-4093-a19d-e61588283995",
	"22278ba7-99d1-49da-9559-b93958a7f99c");
INSERT INTO V_VAL
	VALUES ("ac7b23d8-21ef-4dc9-8318-4de25f514b09",
	0,
	0,
	21,
	37,
	40,
	0,
	0,
	0,
	0,
	"ba5eda7a-def5-0000-0000-000000000008",
	"c919449a-78fa-4594-8669-9a5720526a05");
INSERT INTO V_IRF
	VALUES ("ac7b23d8-21ef-4dc9-8318-4de25f514b09",
	"22278ba7-99d1-49da-9559-b93958a7f99c");
INSERT INTO V_VAL
	VALUES ("4b01fa20-4aeb-43ea-8bba-96a9670654c7",
	0,
	0,
	22,
	16,
	28,
	0,
	0,
	0,
	0,
	"ba5eda7a-def5-0000-0000-000000000008",
	"c919449a-78fa-4594-8669-9a5720526a05");
INSERT INTO V_IRF
	VALUES ("4b01fa20-4aeb-43ea-8bba-96a9670654c7",
	"8dfb4037-b28a-4866-b6d5-97f67aab6e64");
INSERT INTO V_VAL
	VALUES ("c091e183-25e3-416e-822d-682a01460b6d",
	0,
	0,
	-1,
	-1,
	-1,
	0,
	0,
	0,
	0,
	"ba5eda7a-def5-0000-0000-000000000001",
	"c919449a-78fa-4594-8669-9a5720526a05");
INSERT INTO V_UNY
	VALUES ("c091e183-25e3-416e-822d-682a01460b6d",
	"4b01fa20-4aeb-43ea-8bba-96a9670654c7",
	'empty');
INSERT INTO V_VAL
	VALUES ("b424548a-8313-4573-a5e1-456a309566c8",
	0,
	0,
	-1,
	-1,
	-1,
	0,
	0,
	0,
	0,
	"ba5eda7a-def5-0000-0000-000000000001",
	"c919449a-78fa-4594-8669-9a5720526a05");
INSERT INTO V_UNY
	VALUES ("b424548a-8313-4573-a5e1-456a309566c8",
	"c091e183-25e3-416e-822d-682a01460b6d",
	'not');
INSERT INTO V_VAL
	VALUES ("1bd1fcba-28ee-4e77-af50-19433afdd21b",
	0,
	0,
	33,
	30,
	33,
	0,
	0,
	0,
	0,
	"ba5eda7a-def5-0000-0000-000000000008",
	"c919449a-78fa-4594-8669-9a5720526a05");
INSERT INTO V_IRF
	VALUES ("1bd1fcba-28ee-4e77-af50-19433afdd21b",
	"22278ba7-99d1-49da-9559-b93958a7f99c");
INSERT INTO V_VAL
	VALUES ("e5f8c8c7-2a11-48bd-bd5d-c3cee11ec948",
	1,
	0,
	45,
	1,
	4,
	0,
	0,
	0,
	0,
	"ba5eda7a-def5-0000-0000-000000000008",
	"c919449a-78fa-4594-8669-9a5720526a05");
INSERT INTO V_IRF
	VALUES ("e5f8c8c7-2a11-48bd-bd5d-c3cee11ec948",
	"22278ba7-99d1-49da-9559-b93958a7f99c");
INSERT INTO V_VAL
	VALUES ("96d9b105-e71e-4fcf-beb3-f7fe107fff12",
	1,
	0,
	45,
	6,
	24,
	0,
	0,
	0,
	0,
	"ba5eda7a-def5-0000-0000-000000000003",
	"c919449a-78fa-4594-8669-9a5720526a05");
INSERT INTO V_AVL
	VALUES ("96d9b105-e71e-4fcf-beb3-f7fe107fff12",
	"e5f8c8c7-2a11-48bd-bd5d-c3cee11ec948",
	"2522ffa2-db69-4807-ab45-06acf4cf893a",
	"d1d48d20-03f1-4c3c-b920-f64ef7b8a4d3");
INSERT INTO V_VAL
	VALUES ("01eb8a02-6f8e-4cac-b91a-b050d5d6bad2",
	0,
	0,
	45,
	28,
	30,
	0,
	0,
	0,
	0,
	"ba5eda7a-def5-0000-0000-000000000003",
	"c919449a-78fa-4594-8669-9a5720526a05");
INSERT INTO V_LRL
	VALUES ("01eb8a02-6f8e-4cac-b91a-b050d5d6bad2",
	'0.0');
INSERT INTO V_VAR
	VALUES ("754175a6-abd0-432a-ade9-97fec3f514d7",
	"c919449a-78fa-4594-8669-9a5720526a05",
	'workoutTimer',
	1,
	"ba5eda7a-def5-0000-0000-000000000008");
INSERT INTO V_INT
	VALUES ("754175a6-abd0-432a-ade9-97fec3f514d7",
	0,
	"8d4b82cf-ec16-4fd9-925b-0e51eb64a2f7");
INSERT INTO V_VAR
	VALUES ("22278ba7-99d1-49da-9559-b93958a7f99c",
	"c919449a-78fa-4594-8669-9a5720526a05",
	'self',
	1,
	"ba5eda7a-def5-0000-0000-000000000008");
INSERT INTO V_INT
	VALUES ("22278ba7-99d1-49da-9559-b93958a7f99c",
	0,
	"2522ffa2-db69-4807-ab45-06acf4cf893a");
INSERT INTO V_VAR
	VALUES ("7ceb64fc-ae08-4bfa-bb28-5a77e61d08b6",
	"c919449a-78fa-4594-8669-9a5720526a05",
	'trackLog',
	1,
	"ba5eda7a-def5-0000-0000-000000000008");
INSERT INTO V_INT
	VALUES ("7ceb64fc-ae08-4bfa-bb28-5a77e61d08b6",
	0,
	"d2828038-110a-4559-8452-91651af0adcb");
INSERT INTO V_VAR
	VALUES ("7cc40515-ee1e-4fbe-9356-d52bf3dde096",
	"c919449a-78fa-4594-8669-9a5720526a05",
	'goalSpecs',
	1,
	"ba5eda7a-def5-0000-0000-000000000009");
INSERT INTO V_INS
	VALUES ("7cc40515-ee1e-4fbe-9356-d52bf3dde096",
	"be6ddd8b-37a5-4534-961b-772bb1d940ac");
INSERT INTO V_VAR
	VALUES ("133f13ae-ddeb-4420-90cb-ecb0cbf8bb9d",
	"c919449a-78fa-4594-8669-9a5720526a05",
	'goalSpec',
	1,
	"ba5eda7a-def5-0000-0000-000000000008");
INSERT INTO V_INT
	VALUES ("133f13ae-ddeb-4420-90cb-ecb0cbf8bb9d",
	1,
	"be6ddd8b-37a5-4534-961b-772bb1d940ac");
INSERT INTO V_VAR
	VALUES ("8dfb4037-b28a-4866-b6d5-97f67aab6e64",
	"c919449a-78fa-4594-8669-9a5720526a05",
	'executingGoal',
	1,
	"ba5eda7a-def5-0000-0000-000000000008");
INSERT INTO V_INT
	VALUES ("8dfb4037-b28a-4866-b6d5-97f67aab6e64",
	0,
	"c1022670-c44d-401e-bb23-dfcef6084fba");
INSERT INTO V_VAR
	VALUES ("d1ddf9ec-04d7-4772-a70e-1850c6ae5d4d",
	"c919449a-78fa-4594-8669-9a5720526a05",
	'goals',
	1,
	"ba5eda7a-def5-0000-0000-000000000009");
INSERT INTO V_INS
	VALUES ("d1ddf9ec-04d7-4772-a70e-1850c6ae5d4d",
	"c1022670-c44d-401e-bb23-dfcef6084fba");
INSERT INTO V_VAR
	VALUES ("6e82d224-2a15-47d8-a294-02dba13008ee",
	"c919449a-78fa-4594-8669-9a5720526a05",
	'goal',
	1,
	"ba5eda7a-def5-0000-0000-000000000008");
INSERT INTO V_INT
	VALUES ("6e82d224-2a15-47d8-a294-02dba13008ee",
	1,
	"c1022670-c44d-401e-bb23-dfcef6084fba");
INSERT INTO ACT_BLK
	VALUES ("00bb4444-11a6-4d8b-8968-6d8b44aa8192",
	0,
	0,
	0,
	'''includes''',
	'',
	'',
	17,
	3,
	0,
	0,
	0,
	0,
	16,
	38,
	16,
	42,
	0,
	0,
	0,
	"19f6a747-f500-4b00-bf6c-8f3d20cb219d",
	"00000000-0000-0000-0000-000000000000");
INSERT INTO ACT_SMT
	VALUES ("f9e931e1-9983-44eb-8eaf-c85c34cd88f5",
	"00bb4444-11a6-4d8b-8968-6d8b44aa8192",
	"54891352-8689-4b55-bd12-f75073fbc247",
	16,
	3,
	'WorkoutSession::reset line: 16');
INSERT INTO ACT_UNR
	VALUES ("f9e931e1-9983-44eb-8eaf-c85c34cd88f5",
	"22278ba7-99d1-49da-9559-b93958a7f99c",
	"133f13ae-ddeb-4420-90cb-ecb0cbf8bb9d",
	'''includes''',
	"c43c8e88-54fd-4de3-9adf-b324850fd9ec",
	16,
	38,
	16,
	42);
INSERT INTO ACT_SMT
	VALUES ("54891352-8689-4b55-bd12-f75073fbc247",
	"00bb4444-11a6-4d8b-8968-6d8b44aa8192",
	"00000000-0000-0000-0000-000000000000",
	17,
	3,
	'WorkoutSession::reset line: 17');
INSERT INTO ACT_DEL
	VALUES ("54891352-8689-4b55-bd12-f75073fbc247",
	"133f13ae-ddeb-4420-90cb-ecb0cbf8bb9d");
INSERT INTO ACT_BLK
	VALUES ("233805df-5856-485b-91cd-db5a1d584978",
	1,
	0,
	0,
	'''is_currently_executing''',
	'',
	'',
	29,
	3,
	23,
	56,
	0,
	0,
	28,
	43,
	28,
	47,
	0,
	0,
	0,
	"19f6a747-f500-4b00-bf6c-8f3d20cb219d",
	"00000000-0000-0000-0000-000000000000");
INSERT INTO ACT_SMT
	VALUES ("bd4135ef-41bd-45ed-b86d-2e4092c010d8",
	"233805df-5856-485b-91cd-db5a1d584978",
	"2623f63a-4740-4b1a-9846-2c0b5072bcfd",
	23,
	3,
	'WorkoutSession::reset line: 23');
INSERT INTO ACT_SEL
	VALUES ("bd4135ef-41bd-45ed-b86d-2e4092c010d8",
	"a06bdb37-d6ff-4bec-87d1-e16dccc02aea",
	1,
	'one',
	"a81c964c-ec82-4b8e-9f7e-1e531252bb58");
INSERT INTO ACT_SR
	VALUES ("bd4135ef-41bd-45ed-b86d-2e4092c010d8");
INSERT INTO ACT_LNK
	VALUES ("8f7fe36f-ee71-4440-8fe6-e68499f75ea8",
	'''has_open''',
	"bd4135ef-41bd-45ed-b86d-2e4092c010d8",
	"bc95f1bf-69a4-4013-ab97-58e1c1b23b15",
	"00000000-0000-0000-0000-000000000000",
	2,
	"313e48f7-0516-49bd-9401-5c67c2e55db9",
	23,
	56,
	23,
	68,
	23,
	72);
INSERT INTO ACT_SMT
	VALUES ("2623f63a-4740-4b1a-9846-2c0b5072bcfd",
	"233805df-5856-485b-91cd-db5a1d584978",
	"1d377d23-c0f7-4d9f-9845-2fe55b4c6f40",
	24,
	3,
	'WorkoutSession::reset line: 24');
INSERT INTO ACT_IF
	VALUES ("2623f63a-4740-4b1a-9846-2c0b5072bcfd",
	"61a04e12-e93e-4584-92d2-a7cd01c56c2d",
	"cf084dab-e039-4f53-998f-06a0247bd6cc",
	"00000000-0000-0000-0000-000000000000",
	"00000000-0000-0000-0000-000000000000");
INSERT INTO ACT_SMT
	VALUES ("1d377d23-c0f7-4d9f-9845-2fe55b4c6f40",
	"233805df-5856-485b-91cd-db5a1d584978",
	"9dcb6fda-229b-45be-b1ff-861abe449af4",
	28,
	3,
	'WorkoutSession::reset line: 28');
INSERT INTO ACT_UNR
	VALUES ("1d377d23-c0f7-4d9f-9845-2fe55b4c6f40",
	"22278ba7-99d1-49da-9559-b93958a7f99c",
	"8dfb4037-b28a-4866-b6d5-97f67aab6e64",
	'''is_currently_executing''',
	"50d628e2-9d2f-4810-93d9-44fb62bf9031",
	28,
	43,
	28,
	47);
INSERT INTO ACT_SMT
	VALUES ("9dcb6fda-229b-45be-b1ff-861abe449af4",
	"233805df-5856-485b-91cd-db5a1d584978",
	"00000000-0000-0000-0000-000000000000",
	29,
	3,
	'WorkoutSession::reset line: 29');
INSERT INTO ACT_DEL
	VALUES ("9dcb6fda-229b-45be-b1ff-861abe449af4",
	"8dfb4037-b28a-4866-b6d5-97f67aab6e64");
INSERT INTO V_VAL
	VALUES ("a81c964c-ec82-4b8e-9f7e-1e531252bb58",
	0,
	0,
	23,
	41,
	53,
	0,
	0,
	0,
	0,
	"ba5eda7a-def5-0000-0000-000000000008",
	"233805df-5856-485b-91cd-db5a1d584978");
INSERT INTO V_IRF
	VALUES ("a81c964c-ec82-4b8e-9f7e-1e531252bb58",
	"8dfb4037-b28a-4866-b6d5-97f67aab6e64");
INSERT INTO V_VAL
	VALUES ("4b3906d3-7062-43f3-b0e5-7a23ddb3e7d8",
	0,
	0,
	24,
	18,
	32,
	0,
	0,
	0,
	0,
	"ba5eda7a-def5-0000-0000-000000000008",
	"233805df-5856-485b-91cd-db5a1d584978");
INSERT INTO V_IRF
	VALUES ("4b3906d3-7062-43f3-b0e5-7a23ddb3e7d8",
	"a06bdb37-d6ff-4bec-87d1-e16dccc02aea");
INSERT INTO V_VAL
	VALUES ("42b2b4f7-0be9-4fbd-93b3-c76865526635",
	0,
	0,
	-1,
	-1,
	-1,
	0,
	0,
	0,
	0,
	"ba5eda7a-def5-0000-0000-000000000001",
	"233805df-5856-485b-91cd-db5a1d584978");
INSERT INTO V_UNY
	VALUES ("42b2b4f7-0be9-4fbd-93b3-c76865526635",
	"4b3906d3-7062-43f3-b0e5-7a23ddb3e7d8",
	'empty');
INSERT INTO V_VAL
	VALUES ("cf084dab-e039-4f53-998f-06a0247bd6cc",
	0,
	0,
	-1,
	-1,
	-1,
	0,
	0,
	0,
	0,
	"ba5eda7a-def5-0000-0000-000000000001",
	"233805df-5856-485b-91cd-db5a1d584978");
INSERT INTO V_UNY
	VALUES ("cf084dab-e039-4f53-998f-06a0247bd6cc",
	"42b2b4f7-0be9-4fbd-93b3-c76865526635",
	'not');
INSERT INTO V_VAR
	VALUES ("a06bdb37-d6ff-4bec-87d1-e16dccc02aea",
	"233805df-5856-485b-91cd-db5a1d584978",
	'openAchievement',
	1,
	"ba5eda7a-def5-0000-0000-000000000008");
INSERT INTO V_INT
	VALUES ("a06bdb37-d6ff-4bec-87d1-e16dccc02aea",
	0,
	"313e48f7-0516-49bd-9401-5c67c2e55db9");
INSERT INTO ACT_BLK
	VALUES ("61a04e12-e93e-4584-92d2-a7cd01c56c2d",
	0,
	0,
	0,
	'''is_open_for''',
	'',
	'',
	26,
	5,
	0,
	0,
	0,
	0,
	25,
	56,
	25,
	60,
	0,
	0,
	0,
	"19f6a747-f500-4b00-bf6c-8f3d20cb219d",
	"00000000-0000-0000-0000-000000000000");
INSERT INTO ACT_SMT
	VALUES ("4a1af568-892d-4b75-807d-189cc2bfdea1",
	"61a04e12-e93e-4584-92d2-a7cd01c56c2d",
	"6c6f7f3c-5279-4efc-bec5-943af3a6ee75",
	25,
	5,
	'WorkoutSession::reset line: 25');
INSERT INTO ACT_UNR
	VALUES ("4a1af568-892d-4b75-807d-189cc2bfdea1",
	"a06bdb37-d6ff-4bec-87d1-e16dccc02aea",
	"8dfb4037-b28a-4866-b6d5-97f67aab6e64",
	'''is_open_for''',
	"bc95f1bf-69a4-4013-ab97-58e1c1b23b15",
	25,
	56,
	25,
	60);
INSERT INTO ACT_SMT
	VALUES ("6c6f7f3c-5279-4efc-bec5-943af3a6ee75",
	"61a04e12-e93e-4584-92d2-a7cd01c56c2d",
	"00000000-0000-0000-0000-000000000000",
	26,
	5,
	'WorkoutSession::reset line: 26');
INSERT INTO ACT_DEL
	VALUES ("6c6f7f3c-5279-4efc-bec5-943af3a6ee75",
	"a06bdb37-d6ff-4bec-87d1-e16dccc02aea");
INSERT INTO ACT_BLK
	VALUES ("0e1a2044-1883-4e2b-887b-3adca21132e4",
	1,
	0,
	0,
	'''has_executed''',
	'',
	'',
	41,
	3,
	35,
	45,
	0,
	0,
	40,
	34,
	40,
	38,
	0,
	0,
	0,
	"19f6a747-f500-4b00-bf6c-8f3d20cb219d",
	"00000000-0000-0000-0000-000000000000");
INSERT INTO ACT_SMT
	VALUES ("6941985b-472f-43c5-b855-82ae85ea3690",
	"0e1a2044-1883-4e2b-887b-3adca21132e4",
	"74c5d213-5615-4f7f-ae67-60497332d0a7",
	35,
	3,
	'WorkoutSession::reset line: 35');
INSERT INTO ACT_SEL
	VALUES ("6941985b-472f-43c5-b855-82ae85ea3690",
	"33f92e7e-f0b4-4cbc-93a1-b2ab6be7ec63",
	1,
	'many',
	"b4ab717e-3d9f-45ef-a313-960cdb8d1879");
INSERT INTO ACT_SR
	VALUES ("6941985b-472f-43c5-b855-82ae85ea3690");
INSERT INTO ACT_LNK
	VALUES ("34e86003-e5d9-4a38-acee-0d4dfc9070d0",
	'''has_recorded''',
	"6941985b-472f-43c5-b855-82ae85ea3690",
	"b8328a39-3292-4b79-9990-82aae21a82e6",
	"00000000-0000-0000-0000-000000000000",
	3,
	"313e48f7-0516-49bd-9401-5c67c2e55db9",
	35,
	45,
	35,
	57,
	35,
	61);
INSERT INTO ACT_SMT
	VALUES ("74c5d213-5615-4f7f-ae67-60497332d0a7",
	"0e1a2044-1883-4e2b-887b-3adca21132e4",
	"750aea57-60d4-4547-85fd-79a63a797d71",
	36,
	3,
	'WorkoutSession::reset line: 36');
INSERT INTO ACT_FOR
	VALUES ("74c5d213-5615-4f7f-ae67-60497332d0a7",
	"8d9de479-19d3-4b21-b471-f9f69c957098",
	1,
	"52e72441-463f-44ad-8deb-a9a55aa7c942",
	"33f92e7e-f0b4-4cbc-93a1-b2ab6be7ec63",
	"313e48f7-0516-49bd-9401-5c67c2e55db9");
INSERT INTO ACT_SMT
	VALUES ("750aea57-60d4-4547-85fd-79a63a797d71",
	"0e1a2044-1883-4e2b-887b-3adca21132e4",
	"69daf7ce-d4e7-45bf-a5fe-4da95c2771cf",
	40,
	3,
	'WorkoutSession::reset line: 40');
INSERT INTO ACT_UNR
	VALUES ("750aea57-60d4-4547-85fd-79a63a797d71",
	"22278ba7-99d1-49da-9559-b93958a7f99c",
	"6e82d224-2a15-47d8-a294-02dba13008ee",
	'''has_executed''',
	"3755f3e3-3d22-4f05-a9f0-c93d3c6abd63",
	40,
	34,
	40,
	38);
INSERT INTO ACT_SMT
	VALUES ("69daf7ce-d4e7-45bf-a5fe-4da95c2771cf",
	"0e1a2044-1883-4e2b-887b-3adca21132e4",
	"00000000-0000-0000-0000-000000000000",
	41,
	3,
	'WorkoutSession::reset line: 41');
INSERT INTO ACT_DEL
	VALUES ("69daf7ce-d4e7-45bf-a5fe-4da95c2771cf",
	"6e82d224-2a15-47d8-a294-02dba13008ee");
INSERT INTO V_VAL
	VALUES ("b4ab717e-3d9f-45ef-a313-960cdb8d1879",
	0,
	0,
	35,
	39,
	42,
	0,
	0,
	0,
	0,
	"ba5eda7a-def5-0000-0000-000000000008",
	"0e1a2044-1883-4e2b-887b-3adca21132e4");
INSERT INTO V_IRF
	VALUES ("b4ab717e-3d9f-45ef-a313-960cdb8d1879",
	"6e82d224-2a15-47d8-a294-02dba13008ee");
INSERT INTO V_VAR
	VALUES ("33f92e7e-f0b4-4cbc-93a1-b2ab6be7ec63",
	"0e1a2044-1883-4e2b-887b-3adca21132e4",
	'achievements',
	1,
	"ba5eda7a-def5-0000-0000-000000000009");
INSERT INTO V_INS
	VALUES ("33f92e7e-f0b4-4cbc-93a1-b2ab6be7ec63",
	"313e48f7-0516-49bd-9401-5c67c2e55db9");
INSERT INTO V_VAR
	VALUES ("52e72441-463f-44ad-8deb-a9a55aa7c942",
	"0e1a2044-1883-4e2b-887b-3adca21132e4",
	'achievement',
	1,
	"ba5eda7a-def5-0000-0000-000000000008");
INSERT INTO V_INT
	VALUES ("52e72441-463f-44ad-8deb-a9a55aa7c942",
	1,
	"313e48f7-0516-49bd-9401-5c67c2e55db9");
INSERT INTO ACT_BLK
	VALUES ("8d9de479-19d3-4b21-b471-f9f69c957098",
	0,
	0,
	0,
	'''has_recorded''',
	'',
	'',
	38,
	5,
	0,
	0,
	0,
	0,
	37,
	43,
	37,
	47,
	0,
	0,
	0,
	"19f6a747-f500-4b00-bf6c-8f3d20cb219d",
	"00000000-0000-0000-0000-000000000000");
INSERT INTO ACT_SMT
	VALUES ("8eaa4372-4dc2-4e37-8142-eccac69c96e8",
	"8d9de479-19d3-4b21-b471-f9f69c957098",
	"edf9a9b6-277c-4823-b975-f34be2a8f077",
	37,
	5,
	'WorkoutSession::reset line: 37');
INSERT INTO ACT_UNR
	VALUES ("8eaa4372-4dc2-4e37-8142-eccac69c96e8",
	"6e82d224-2a15-47d8-a294-02dba13008ee",
	"52e72441-463f-44ad-8deb-a9a55aa7c942",
	'''has_recorded''',
	"b8328a39-3292-4b79-9990-82aae21a82e6",
	37,
	43,
	37,
	47);
INSERT INTO ACT_SMT
	VALUES ("edf9a9b6-277c-4823-b975-f34be2a8f077",
	"8d9de479-19d3-4b21-b471-f9f69c957098",
	"00000000-0000-0000-0000-000000000000",
	38,
	5,
	'WorkoutSession::reset line: 38');
INSERT INTO ACT_DEL
	VALUES ("edf9a9b6-277c-4823-b975-f34be2a8f077",
	"52e72441-463f-44ad-8deb-a9a55aa7c942");
INSERT INTO O_TFR
	VALUES ("e96224fd-c698-497e-b876-5d78df9890a3",
	"2522ffa2-db69-4807-ab45-06acf4cf893a",
	'getCurrentSpeed',
	'',
	"ba5eda7a-def5-0000-0000-000000000003",
	1,
	'// Calculate the current speed, expressed in km per hour, by summing 
// the straight-line distance between each of several of the most recent 
// track points and then dividing that sum by the elapsed time between 
// the first and last point in the subset used for the calculation.

select one lastPoint related by self->TrackLog[R4.''captures_path_in'']->TrackPoint[R3.''has_last''];
select one nextToLastPoint related by lastPoint->TrackPoint[R2.''preceeds''];
speed = 0.0;
if ( not empty lastPoint and not empty nextToLastPoint )
  cursor = lastPoint;
  Speed::initialize();
  select any spd from instances of Speed;
  index = spd.SpeedAveragingWindow;  // Number of track points to use when calculating average speed.
  totalDistance = 0.0;
  elapsedTime = 0.0;  // Explicit delcaration because a Real is required for a later calculation.
  elapsedTime = lastPoint.time;
  while ( index > 0 )
    select one previousPoint related by cursor->TrackPoint[R2.preceeds];
    if ( empty previousPoint )
      break;
    end if;
    distance = ::getDistance( fromLat:cursor.latitude, fromLong: cursor.longitude, toLat: previousPoint.latitude, toLong: previousPoint.longitude );
    totalDistance = totalDistance + distance;
    index = index - 1;
    cursor = previousPoint;
  end while;
  elapsedTime = elapsedTime - cursor.time;
  //speed = (totalDistance / 1000) / (elapsedTime / spd.SecondsPerHour); TODO issue #32
  kmDist = totalDistance / 1000;
  hourTm = elapsedTime / spd.SecondsPerHour;
  speed = kmDist / hourTm;
end if;

return speed;',
	1,
	'',
	"a20ddab3-779d-44fd-bea2-d5477b04a7b3",
	0);
INSERT INTO ACT_OPB
	VALUES ("98f1bf71-d494-446c-b224-ac720406881e",
	"e96224fd-c698-497e-b876-5d78df9890a3");
INSERT INTO ACT_ACT
	VALUES ("98f1bf71-d494-446c-b224-ac720406881e",
	'operation',
	0,
	"1917bf59-15bd-496c-8917-279e1684d935",
	"00000000-0000-0000-0000-000000000000",
	0,
	'WorkoutSession::getCurrentSpeed',
	"00000000-0000-0000-0000-000000000000");
INSERT INTO ACT_BLK
	VALUES ("1917bf59-15bd-496c-8917-279e1684d935",
	1,
	0,
	0,
	'',
	'',
	'',
	34,
	1,
	7,
	50,
	0,
	0,
	7,
	61,
	7,
	64,
	0,
	0,
	0,
	"98f1bf71-d494-446c-b224-ac720406881e",
	"00000000-0000-0000-0000-000000000000");
INSERT INTO ACT_SMT
	VALUES ("fa47c622-aee4-4e4f-b9b7-b8551be21f68",
	"1917bf59-15bd-496c-8917-279e1684d935",
	"f420b758-54d0-40ef-a7b9-fae655efaf08",
	6,
	1,
	'WorkoutSession::getCurrentSpeed line: 6');
INSERT INTO ACT_SEL
	VALUES ("fa47c622-aee4-4e4f-b9b7-b8551be21f68",
	"fa7f6118-ac95-4ee0-ae1d-c404f43212d9",
	1,
	'one',
	"9e37f2a5-d872-4939-8430-8d420b4f0953");
INSERT INTO ACT_SR
	VALUES ("fa47c622-aee4-4e4f-b9b7-b8551be21f68");
INSERT INTO ACT_LNK
	VALUES ("92eaef7c-f028-4bb7-861b-a8510952d38c",
	'''captures_path_in''',
	"fa47c622-aee4-4e4f-b9b7-b8551be21f68",
	"f84935c8-946a-434d-91c1-1a845ca84868",
	"b5215744-f15c-45d8-a46b-52b3e638b619",
	2,
	"d2828038-110a-4559-8452-91651af0adcb",
	6,
	39,
	6,
	48,
	6,
	51);
INSERT INTO ACT_LNK
	VALUES ("b5215744-f15c-45d8-a46b-52b3e638b619",
	'''has_last''',
	"00000000-0000-0000-0000-000000000000",
	"aa6b0d93-73c8-47bd-8bb3-254041981d6a",
	"00000000-0000-0000-0000-000000000000",
	2,
	"66920350-b77d-4876-9b05-0c545b5437ae",
	6,
	72,
	6,
	83,
	6,
	86);
INSERT INTO ACT_SMT
	VALUES ("f420b758-54d0-40ef-a7b9-fae655efaf08",
	"1917bf59-15bd-496c-8917-279e1684d935",
	"590a75f5-bf65-4e74-b5c5-85832e9f8581",
	7,
	1,
	'WorkoutSession::getCurrentSpeed line: 7');
INSERT INTO ACT_SEL
	VALUES ("f420b758-54d0-40ef-a7b9-fae655efaf08",
	"260c4b81-2f0c-4ee2-927c-5faff722252c",
	1,
	'one',
	"26902af3-1d95-4e1d-b130-2ef87b34d657");
INSERT INTO ACT_SR
	VALUES ("f420b758-54d0-40ef-a7b9-fae655efaf08");
INSERT INTO ACT_LNK
	VALUES ("df8dcf5f-5814-4de3-b529-e89f9d0545f5",
	'''preceeds''',
	"f420b758-54d0-40ef-a7b9-fae655efaf08",
	"b5d1ed4c-39ee-437a-9c92-ec8cb996b239",
	"00000000-0000-0000-0000-000000000000",
	2,
	"66920350-b77d-4876-9b05-0c545b5437ae",
	7,
	50,
	7,
	61,
	7,
	64);
INSERT INTO ACT_SMT
	VALUES ("590a75f5-bf65-4e74-b5c5-85832e9f8581",
	"1917bf59-15bd-496c-8917-279e1684d935",
	"e4b6d523-0477-429b-aa1f-1b02a13117c0",
	8,
	1,
	'WorkoutSession::getCurrentSpeed line: 8');
INSERT INTO ACT_AI
	VALUES ("590a75f5-bf65-4e74-b5c5-85832e9f8581",
	"71c503c2-4c72-4f3a-9ac9-6d5b99486853",
	"307e37a9-2e39-4893-bef6-024c39f40cd6",
	0,
	0);
INSERT INTO ACT_SMT
	VALUES ("e4b6d523-0477-429b-aa1f-1b02a13117c0",
	"1917bf59-15bd-496c-8917-279e1684d935",
	"10f4eed7-7c69-4314-9673-8077a18eff25",
	9,
	1,
	'WorkoutSession::getCurrentSpeed line: 9');
INSERT INTO ACT_IF
	VALUES ("e4b6d523-0477-429b-aa1f-1b02a13117c0",
	"e31cf7f3-c687-45fa-bbf2-937e305fb64a",
	"a793fdbc-b08b-45c4-966f-dd01726354b3",
	"00000000-0000-0000-0000-000000000000",
	"00000000-0000-0000-0000-000000000000");
INSERT INTO ACT_SMT
	VALUES ("10f4eed7-7c69-4314-9673-8077a18eff25",
	"1917bf59-15bd-496c-8917-279e1684d935",
	"00000000-0000-0000-0000-000000000000",
	34,
	1,
	'WorkoutSession::getCurrentSpeed line: 34');
INSERT INTO ACT_RET
	VALUES ("10f4eed7-7c69-4314-9673-8077a18eff25",
	"9eace08f-f0c1-4157-bf49-a8a501573d0a");
INSERT INTO V_VAL
	VALUES ("9e37f2a5-d872-4939-8430-8d420b4f0953",
	0,
	0,
	6,
	33,
	36,
	0,
	0,
	0,
	0,
	"ba5eda7a-def5-0000-0000-000000000008",
	"1917bf59-15bd-496c-8917-279e1684d935");
INSERT INTO V_IRF
	VALUES ("9e37f2a5-d872-4939-8430-8d420b4f0953",
	"ff2f6a7c-33e7-474f-a805-b4f1a1fcf85e");
INSERT INTO V_VAL
	VALUES ("26902af3-1d95-4e1d-b130-2ef87b34d657",
	0,
	0,
	7,
	39,
	47,
	0,
	0,
	0,
	0,
	"ba5eda7a-def5-0000-0000-000000000008",
	"1917bf59-15bd-496c-8917-279e1684d935");
INSERT INTO V_IRF
	VALUES ("26902af3-1d95-4e1d-b130-2ef87b34d657",
	"fa7f6118-ac95-4ee0-ae1d-c404f43212d9");
INSERT INTO V_VAL
	VALUES ("307e37a9-2e39-4893-bef6-024c39f40cd6",
	1,
	1,
	8,
	1,
	5,
	0,
	0,
	0,
	0,
	"ba5eda7a-def5-0000-0000-000000000003",
	"1917bf59-15bd-496c-8917-279e1684d935");
INSERT INTO V_TVL
	VALUES ("307e37a9-2e39-4893-bef6-024c39f40cd6",
	"1a709bf8-12f5-4bf0-bc4b-a0125f66c349");
INSERT INTO V_VAL
	VALUES ("71c503c2-4c72-4f3a-9ac9-6d5b99486853",
	0,
	0,
	8,
	9,
	11,
	0,
	0,
	0,
	0,
	"ba5eda7a-def5-0000-0000-000000000003",
	"1917bf59-15bd-496c-8917-279e1684d935");
INSERT INTO V_LRL
	VALUES ("71c503c2-4c72-4f3a-9ac9-6d5b99486853",
	'0.0');
INSERT INTO V_VAL
	VALUES ("71365cfe-fe90-4cc7-b167-50e851df17ea",
	0,
	0,
	9,
	16,
	24,
	0,
	0,
	0,
	0,
	"ba5eda7a-def5-0000-0000-000000000008",
	"1917bf59-15bd-496c-8917-279e1684d935");
INSERT INTO V_IRF
	VALUES ("71365cfe-fe90-4cc7-b167-50e851df17ea",
	"fa7f6118-ac95-4ee0-ae1d-c404f43212d9");
INSERT INTO V_VAL
	VALUES ("5e12e0f8-ebb9-433b-b0b9-2430055206a2",
	0,
	0,
	-1,
	-1,
	-1,
	0,
	0,
	0,
	0,
	"ba5eda7a-def5-0000-0000-000000000001",
	"1917bf59-15bd-496c-8917-279e1684d935");
INSERT INTO V_UNY
	VALUES ("5e12e0f8-ebb9-433b-b0b9-2430055206a2",
	"71365cfe-fe90-4cc7-b167-50e851df17ea",
	'empty');
INSERT INTO V_VAL
	VALUES ("a18609c4-abb6-4578-ba06-64200e5ee737",
	0,
	0,
	-1,
	-1,
	-1,
	0,
	0,
	0,
	0,
	"ba5eda7a-def5-0000-0000-000000000001",
	"1917bf59-15bd-496c-8917-279e1684d935");
INSERT INTO V_UNY
	VALUES ("a18609c4-abb6-4578-ba06-64200e5ee737",
	"5e12e0f8-ebb9-433b-b0b9-2430055206a2",
	'not');
INSERT INTO V_VAL
	VALUES ("e1e18b39-006d-4ea7-95cf-ba7a3996ca9e",
	0,
	0,
	9,
	40,
	54,
	0,
	0,
	0,
	0,
	"ba5eda7a-def5-0000-0000-000000000008",
	"1917bf59-15bd-496c-8917-279e1684d935");
INSERT INTO V_IRF
	VALUES ("e1e18b39-006d-4ea7-95cf-ba7a3996ca9e",
	"260c4b81-2f0c-4ee2-927c-5faff722252c");
INSERT INTO V_VAL
	VALUES ("51f0c754-7a46-4eed-8343-b47c609b4ce9",
	0,
	0,
	-1,
	-1,
	-1,
	0,
	0,
	0,
	0,
	"ba5eda7a-def5-0000-0000-000000000001",
	"1917bf59-15bd-496c-8917-279e1684d935");
INSERT INTO V_UNY
	VALUES ("51f0c754-7a46-4eed-8343-b47c609b4ce9",
	"e1e18b39-006d-4ea7-95cf-ba7a3996ca9e",
	'empty');
INSERT INTO V_VAL
	VALUES ("75d27161-d8e0-4eb6-9ee7-a9570959c497",
	0,
	0,
	-1,
	-1,
	-1,
	0,
	0,
	0,
	0,
	"ba5eda7a-def5-0000-0000-000000000001",
	"1917bf59-15bd-496c-8917-279e1684d935");
INSERT INTO V_UNY
	VALUES ("75d27161-d8e0-4eb6-9ee7-a9570959c497",
	"51f0c754-7a46-4eed-8343-b47c609b4ce9",
	'not');
INSERT INTO V_VAL
	VALUES ("a793fdbc-b08b-45c4-966f-dd01726354b3",
	0,
	0,
	-1,
	-1,
	-1,
	0,
	0,
	0,
	0,
	"ba5eda7a-def5-0000-0000-000000000001",
	"1917bf59-15bd-496c-8917-279e1684d935");
INSERT INTO V_BIN
	VALUES ("a793fdbc-b08b-45c4-966f-dd01726354b3",
	"75d27161-d8e0-4eb6-9ee7-a9570959c497",
	"a18609c4-abb6-4578-ba06-64200e5ee737",
	'and');
INSERT INTO V_VAL
	VALUES ("9eace08f-f0c1-4157-bf49-a8a501573d0a",
	0,
	0,
	34,
	8,
	12,
	0,
	0,
	0,
	0,
	"ba5eda7a-def5-0000-0000-000000000003",
	"1917bf59-15bd-496c-8917-279e1684d935");
INSERT INTO V_TVL
	VALUES ("9eace08f-f0c1-4157-bf49-a8a501573d0a",
	"1a709bf8-12f5-4bf0-bc4b-a0125f66c349");
INSERT INTO V_VAR
	VALUES ("fa7f6118-ac95-4ee0-ae1d-c404f43212d9",
	"1917bf59-15bd-496c-8917-279e1684d935",
	'lastPoint',
	1,
	"ba5eda7a-def5-0000-0000-000000000008");
INSERT INTO V_INT
	VALUES ("fa7f6118-ac95-4ee0-ae1d-c404f43212d9",
	0,
	"66920350-b77d-4876-9b05-0c545b5437ae");
INSERT INTO V_VAR
	VALUES ("ff2f6a7c-33e7-474f-a805-b4f1a1fcf85e",
	"1917bf59-15bd-496c-8917-279e1684d935",
	'self',
	1,
	"ba5eda7a-def5-0000-0000-000000000008");
INSERT INTO V_INT
	VALUES ("ff2f6a7c-33e7-474f-a805-b4f1a1fcf85e",
	0,
	"2522ffa2-db69-4807-ab45-06acf4cf893a");
INSERT INTO V_VAR
	VALUES ("260c4b81-2f0c-4ee2-927c-5faff722252c",
	"1917bf59-15bd-496c-8917-279e1684d935",
	'nextToLastPoint',
	1,
	"ba5eda7a-def5-0000-0000-000000000008");
INSERT INTO V_INT
	VALUES ("260c4b81-2f0c-4ee2-927c-5faff722252c",
	0,
	"66920350-b77d-4876-9b05-0c545b5437ae");
INSERT INTO V_VAR
	VALUES ("1a709bf8-12f5-4bf0-bc4b-a0125f66c349",
	"1917bf59-15bd-496c-8917-279e1684d935",
	'speed',
	1,
	"ba5eda7a-def5-0000-0000-000000000003");
INSERT INTO V_TRN
	VALUES ("1a709bf8-12f5-4bf0-bc4b-a0125f66c349",
	"00000000-0000-0000-0000-000000000000",
	'');
INSERT INTO ACT_BLK
	VALUES ("e31cf7f3-c687-45fa-bbf2-937e305fb64a",
	1,
	0,
	0,
	'Speed',
	'',
	'',
	31,
	3,
	12,
	36,
	0,
	0,
	0,
	0,
	0,
	0,
	0,
	0,
	0,
	"98f1bf71-d494-446c-b224-ac720406881e",
	"00000000-0000-0000-0000-000000000000");
INSERT INTO ACT_SMT
	VALUES ("1e56a4a9-4899-4ce8-9d01-44c9849f57ce",
	"e31cf7f3-c687-45fa-bbf2-937e305fb64a",
	"79d5d22c-75f8-4e3d-8399-d7f2d7c09bed",
	10,
	3,
	'WorkoutSession::getCurrentSpeed line: 10');
INSERT INTO ACT_AI
	VALUES ("1e56a4a9-4899-4ce8-9d01-44c9849f57ce",
	"6f90408f-00a8-40c3-ac47-9cd715a6a4bc",
	"297e5443-c524-449c-961b-6b4ff2585dd9",
	0,
	0);
INSERT INTO ACT_SMT
	VALUES ("79d5d22c-75f8-4e3d-8399-d7f2d7c09bed",
	"e31cf7f3-c687-45fa-bbf2-937e305fb64a",
	"35564cbf-82ba-46ce-91f8-f8f7edad87e3",
	11,
	3,
	'WorkoutSession::getCurrentSpeed line: 11');
INSERT INTO ACT_TFM
	VALUES ("79d5d22c-75f8-4e3d-8399-d7f2d7c09bed",
	"705b176d-9fe0-4f92-81a6-01b9114f764e",
	"00000000-0000-0000-0000-000000000000",
	11,
	10,
	11,
	3);
INSERT INTO ACT_SMT
	VALUES ("35564cbf-82ba-46ce-91f8-f8f7edad87e3",
	"e31cf7f3-c687-45fa-bbf2-937e305fb64a",
	"d58264cc-01a8-4377-92b9-a6ff151e5747",
	12,
	3,
	'WorkoutSession::getCurrentSpeed line: 12');
INSERT INTO ACT_FIO
	VALUES ("35564cbf-82ba-46ce-91f8-f8f7edad87e3",
	"fab4c3a6-c4c5-447f-8b48-c308070f062d",
	1,
	'any',
	"ac60c465-05e8-4fc6-96c0-a74ff51548b3",
	12,
	36);
INSERT INTO ACT_SMT
	VALUES ("d58264cc-01a8-4377-92b9-a6ff151e5747",
	"e31cf7f3-c687-45fa-bbf2-937e305fb64a",
	"b217b0e5-564b-4c35-80d4-fdb99cd942c1",
	13,
	3,
	'WorkoutSession::getCurrentSpeed line: 13');
INSERT INTO ACT_AI
	VALUES ("d58264cc-01a8-4377-92b9-a6ff151e5747",
	"3a2817a3-da57-48a2-bb5c-97a3ded6d3ad",
	"575929b1-dda2-492e-bc1f-d0290b71cce5",
	0,
	0);
INSERT INTO ACT_SMT
	VALUES ("b217b0e5-564b-4c35-80d4-fdb99cd942c1",
	"e31cf7f3-c687-45fa-bbf2-937e305fb64a",
	"2f5f70c2-71f0-419b-ac4e-1ba93bda991c",
	14,
	3,
	'WorkoutSession::getCurrentSpeed line: 14');
INSERT INTO ACT_AI
	VALUES ("b217b0e5-564b-4c35-80d4-fdb99cd942c1",
	"3cfb682a-7412-4832-ad0f-6b476f701b58",
	"a67120ec-e2e0-4574-8850-866fbdf660d0",
	0,
	0);
INSERT INTO ACT_SMT
	VALUES ("2f5f70c2-71f0-419b-ac4e-1ba93bda991c",
	"e31cf7f3-c687-45fa-bbf2-937e305fb64a",
	"27952a96-fc61-4686-9816-9d4f29ea559f",
	15,
	3,
	'WorkoutSession::getCurrentSpeed line: 15');
INSERT INTO ACT_AI
	VALUES ("2f5f70c2-71f0-419b-ac4e-1ba93bda991c",
	"91bd7d34-597c-449c-bf81-de18b20d6d5d",
	"fd64c295-af23-4a06-a7f0-fcdfc7aabb2d",
	0,
	0);
INSERT INTO ACT_SMT
	VALUES ("27952a96-fc61-4686-9816-9d4f29ea559f",
	"e31cf7f3-c687-45fa-bbf2-937e305fb64a",
	"2582ec1c-8130-4aab-ac2a-ee48a165b621",
	16,
	3,
	'WorkoutSession::getCurrentSpeed line: 16');
INSERT INTO ACT_AI
	VALUES ("27952a96-fc61-4686-9816-9d4f29ea559f",
	"b8418ae0-d8ab-4ece-a3cd-6e4fe9c6f07c",
	"1260939d-f0ec-413c-bf98-d1f0f53ff41f",
	0,
	0);
INSERT INTO ACT_SMT
	VALUES ("2582ec1c-8130-4aab-ac2a-ee48a165b621",
	"e31cf7f3-c687-45fa-bbf2-937e305fb64a",
	"d3a789c4-a7e5-416a-aaef-3bf70b854be2",
	17,
	3,
	'WorkoutSession::getCurrentSpeed line: 17');
INSERT INTO ACT_WHL
	VALUES ("2582ec1c-8130-4aab-ac2a-ee48a165b621",
	"76161350-de73-41b2-81cb-be8f85cc53c8",
	"518f888d-542a-4cff-b8ed-ca24d21363ed");
INSERT INTO ACT_SMT
	VALUES ("d3a789c4-a7e5-416a-aaef-3bf70b854be2",
	"e31cf7f3-c687-45fa-bbf2-937e305fb64a",
	"c93b7696-2cf8-4a3d-8818-e07aa68bc1bc",
	27,
	3,
	'WorkoutSession::getCurrentSpeed line: 27');
INSERT INTO ACT_AI
	VALUES ("d3a789c4-a7e5-416a-aaef-3bf70b854be2",
	"2ea5fc23-f059-40cc-b2fe-269a34fdf7a8",
	"dcaf4aec-5139-49d4-b531-19e22698731b",
	0,
	0);
INSERT INTO ACT_SMT
	VALUES ("c93b7696-2cf8-4a3d-8818-e07aa68bc1bc",
	"e31cf7f3-c687-45fa-bbf2-937e305fb64a",
	"befb6d33-b6ac-4dee-ac66-361c4b850846",
	29,
	3,
	'WorkoutSession::getCurrentSpeed line: 29');
INSERT INTO ACT_AI
	VALUES ("c93b7696-2cf8-4a3d-8818-e07aa68bc1bc",
	"af1eb62f-6f58-4caf-8fff-1f1c860d308d",
	"f7227465-43cc-4cc9-bfc4-91c57a7084e5",
	0,
	0);
INSERT INTO ACT_SMT
	VALUES ("befb6d33-b6ac-4dee-ac66-361c4b850846",
	"e31cf7f3-c687-45fa-bbf2-937e305fb64a",
	"7bc9db98-9752-4b88-ae16-a25caf94d08b",
	30,
	3,
	'WorkoutSession::getCurrentSpeed line: 30');
INSERT INTO ACT_AI
	VALUES ("befb6d33-b6ac-4dee-ac66-361c4b850846",
	"cab969d0-0969-467f-8ce4-9d222e41a115",
	"7ba57462-fcf5-4527-805c-a7706b472824",
	0,
	0);
INSERT INTO ACT_SMT
	VALUES ("7bc9db98-9752-4b88-ae16-a25caf94d08b",
	"e31cf7f3-c687-45fa-bbf2-937e305fb64a",
	"00000000-0000-0000-0000-000000000000",
	31,
	3,
	'WorkoutSession::getCurrentSpeed line: 31');
INSERT INTO ACT_AI
	VALUES ("7bc9db98-9752-4b88-ae16-a25caf94d08b",
	"3cb10b7d-655c-407c-9c7e-44bfa1b6c582",
	"3c34c0b1-2d3e-431e-b175-0149252a74ce",
	0,
	0);
INSERT INTO V_VAL
	VALUES ("297e5443-c524-449c-961b-6b4ff2585dd9",
	1,
	1,
	10,
	3,
	8,
	0,
	0,
	0,
	0,
	"ba5eda7a-def5-0000-0000-000000000008",
	"e31cf7f3-c687-45fa-bbf2-937e305fb64a");
INSERT INTO V_IRF
	VALUES ("297e5443-c524-449c-961b-6b4ff2585dd9",
	"5829c1a5-2e7c-4276-95ff-80c317cb17a3");
INSERT INTO V_VAL
	VALUES ("6f90408f-00a8-40c3-ac47-9cd715a6a4bc",
	0,
	0,
	10,
	12,
	20,
	0,
	0,
	0,
	0,
	"ba5eda7a-def5-0000-0000-000000000008",
	"e31cf7f3-c687-45fa-bbf2-937e305fb64a");
INSERT INTO V_IRF
	VALUES ("6f90408f-00a8-40c3-ac47-9cd715a6a4bc",
	"fa7f6118-ac95-4ee0-ae1d-c404f43212d9");
INSERT INTO V_VAL
	VALUES ("575929b1-dda2-492e-bc1f-d0290b71cce5",
	1,
	1,
	13,
	3,
	7,
	0,
	0,
	0,
	0,
	"ba5eda7a-def5-0000-0000-000000000002",
	"e31cf7f3-c687-45fa-bbf2-937e305fb64a");
INSERT INTO V_TVL
	VALUES ("575929b1-dda2-492e-bc1f-d0290b71cce5",
	"8ea4b323-eb55-4b18-9605-2223320fd933");
INSERT INTO V_VAL
	VALUES ("8c85d557-d654-4cc3-839b-dd3aa69718ee",
	0,
	0,
	13,
	11,
	13,
	0,
	0,
	0,
	0,
	"ba5eda7a-def5-0000-0000-000000000008",
	"e31cf7f3-c687-45fa-bbf2-937e305fb64a");
INSERT INTO V_IRF
	VALUES ("8c85d557-d654-4cc3-839b-dd3aa69718ee",
	"fab4c3a6-c4c5-447f-8b48-c308070f062d");
INSERT INTO V_VAL
	VALUES ("3a2817a3-da57-48a2-bb5c-97a3ded6d3ad",
	0,
	0,
	13,
	15,
	34,
	0,
	0,
	0,
	0,
	"ba5eda7a-def5-0000-0000-000000000002",
	"e31cf7f3-c687-45fa-bbf2-937e305fb64a");
INSERT INTO V_AVL
	VALUES ("3a2817a3-da57-48a2-bb5c-97a3ded6d3ad",
	"8c85d557-d654-4cc3-839b-dd3aa69718ee",
	"ac60c465-05e8-4fc6-96c0-a74ff51548b3",
	"587a6d8c-30ab-4c76-b10a-6b0cf1582689");
INSERT INTO V_VAL
	VALUES ("a67120ec-e2e0-4574-8850-866fbdf660d0",
	1,
	1,
	14,
	3,
	15,
	0,
	0,
	0,
	0,
	"ba5eda7a-def5-0000-0000-000000000003",
	"e31cf7f3-c687-45fa-bbf2-937e305fb64a");
INSERT INTO V_TVL
	VALUES ("a67120ec-e2e0-4574-8850-866fbdf660d0",
	"d379553a-fcbb-4e20-b1d8-ffe959ada476");
INSERT INTO V_VAL
	VALUES ("3cfb682a-7412-4832-ad0f-6b476f701b58",
	0,
	0,
	14,
	19,
	21,
	0,
	0,
	0,
	0,
	"ba5eda7a-def5-0000-0000-000000000003",
	"e31cf7f3-c687-45fa-bbf2-937e305fb64a");
INSERT INTO V_LRL
	VALUES ("3cfb682a-7412-4832-ad0f-6b476f701b58",
	'0.0');
INSERT INTO V_VAL
	VALUES ("fd64c295-af23-4a06-a7f0-fcdfc7aabb2d",
	1,
	1,
	15,
	3,
	13,
	0,
	0,
	0,
	0,
	"ba5eda7a-def5-0000-0000-000000000003",
	"e31cf7f3-c687-45fa-bbf2-937e305fb64a");
INSERT INTO V_TVL
	VALUES ("fd64c295-af23-4a06-a7f0-fcdfc7aabb2d",
	"28dd3a8a-07a4-4f2c-9eae-7801d56a6d16");
INSERT INTO V_VAL
	VALUES ("91bd7d34-597c-449c-bf81-de18b20d6d5d",
	0,
	0,
	15,
	17,
	19,
	0,
	0,
	0,
	0,
	"ba5eda7a-def5-0000-0000-000000000003",
	"e31cf7f3-c687-45fa-bbf2-937e305fb64a");
INSERT INTO V_LRL
	VALUES ("91bd7d34-597c-449c-bf81-de18b20d6d5d",
	'0.0');
INSERT INTO V_VAL
	VALUES ("1260939d-f0ec-413c-bf98-d1f0f53ff41f",
	1,
	0,
	16,
	3,
	13,
	0,
	0,
	0,
	0,
	"ba5eda7a-def5-0000-0000-000000000003",
	"e31cf7f3-c687-45fa-bbf2-937e305fb64a");
INSERT INTO V_TVL
	VALUES ("1260939d-f0ec-413c-bf98-d1f0f53ff41f",
	"28dd3a8a-07a4-4f2c-9eae-7801d56a6d16");
INSERT INTO V_VAL
	VALUES ("c23e1a0e-2eca-49d0-9321-00e4dbde309b",
	0,
	0,
	16,
	17,
	25,
	0,
	0,
	0,
	0,
	"ba5eda7a-def5-0000-0000-000000000008",
	"e31cf7f3-c687-45fa-bbf2-937e305fb64a");
INSERT INTO V_IRF
	VALUES ("c23e1a0e-2eca-49d0-9321-00e4dbde309b",
	"fa7f6118-ac95-4ee0-ae1d-c404f43212d9");
INSERT INTO V_VAL
	VALUES ("b8418ae0-d8ab-4ece-a3cd-6e4fe9c6f07c",
	0,
	0,
	16,
	27,
	30,
	0,
	0,
	0,
	0,
	"ba5eda7a-def5-0000-0000-000000000002",
	"e31cf7f3-c687-45fa-bbf2-937e305fb64a");
INSERT INTO V_AVL
	VALUES ("b8418ae0-d8ab-4ece-a3cd-6e4fe9c6f07c",
	"c23e1a0e-2eca-49d0-9321-00e4dbde309b",
	"66920350-b77d-4876-9b05-0c545b5437ae",
	"7080b4f6-ebf6-47fe-be82-a1c2cf39143c");
INSERT INTO V_VAL
	VALUES ("44f5049d-a1c8-4525-bb85-230d9699a2a7",
	0,
	0,
	17,
	11,
	15,
	0,
	0,
	0,
	0,
	"ba5eda7a-def5-0000-0000-000000000002",
	"e31cf7f3-c687-45fa-bbf2-937e305fb64a");
INSERT INTO V_TVL
	VALUES ("44f5049d-a1c8-4525-bb85-230d9699a2a7",
	"8ea4b323-eb55-4b18-9605-2223320fd933");
INSERT INTO V_VAL
	VALUES ("76161350-de73-41b2-81cb-be8f85cc53c8",
	0,
	0,
	17,
	11,
	19,
	0,
	0,
	0,
	0,
	"ba5eda7a-def5-0000-0000-000000000001",
	"e31cf7f3-c687-45fa-bbf2-937e305fb64a");
INSERT INTO V_BIN
	VALUES ("76161350-de73-41b2-81cb-be8f85cc53c8",
	"6eebceba-db0b-4103-8b8a-c6bc36419e2e",
	"44f5049d-a1c8-4525-bb85-230d9699a2a7",
	'>');
INSERT INTO V_VAL
	VALUES ("6eebceba-db0b-4103-8b8a-c6bc36419e2e",
	0,
	0,
	17,
	19,
	19,
	0,
	0,
	0,
	0,
	"ba5eda7a-def5-0000-0000-000000000002",
	"e31cf7f3-c687-45fa-bbf2-937e305fb64a");
INSERT INTO V_LIN
	VALUES ("6eebceba-db0b-4103-8b8a-c6bc36419e2e",
	'0');
INSERT INTO V_VAL
	VALUES ("dcaf4aec-5139-49d4-b531-19e22698731b",
	1,
	0,
	27,
	3,
	13,
	0,
	0,
	0,
	0,
	"ba5eda7a-def5-0000-0000-000000000003",
	"e31cf7f3-c687-45fa-bbf2-937e305fb64a");
INSERT INTO V_TVL
	VALUES ("dcaf4aec-5139-49d4-b531-19e22698731b",
	"28dd3a8a-07a4-4f2c-9eae-7801d56a6d16");
INSERT INTO V_VAL
	VALUES ("e1cdd941-2cee-47c4-829a-19ac924f324e",
	0,
	0,
	27,
	17,
	27,
	0,
	0,
	0,
	0,
	"ba5eda7a-def5-0000-0000-000000000003",
	"e31cf7f3-c687-45fa-bbf2-937e305fb64a");
INSERT INTO V_TVL
	VALUES ("e1cdd941-2cee-47c4-829a-19ac924f324e",
	"28dd3a8a-07a4-4f2c-9eae-7801d56a6d16");
INSERT INTO V_VAL
	VALUES ("2ea5fc23-f059-40cc-b2fe-269a34fdf7a8",
	0,
	0,
	27,
	17,
	41,
	0,
	0,
	0,
	0,
	"ba5eda7a-def5-0000-0000-000000000003",
	"e31cf7f3-c687-45fa-bbf2-937e305fb64a");
INSERT INTO V_BIN
	VALUES ("2ea5fc23-f059-40cc-b2fe-269a34fdf7a8",
	"ad665e5d-077e-4713-befb-998a6e476876",
	"e1cdd941-2cee-47c4-829a-19ac924f324e",
	'-');
INSERT INTO V_VAL
	VALUES ("9aca824c-c99d-4bc9-8c0d-030031bb9241",
	0,
	0,
	27,
	31,
	36,
	0,
	0,
	0,
	0,
	"ba5eda7a-def5-0000-0000-000000000008",
	"e31cf7f3-c687-45fa-bbf2-937e305fb64a");
INSERT INTO V_IRF
	VALUES ("9aca824c-c99d-4bc9-8c0d-030031bb9241",
	"5829c1a5-2e7c-4276-95ff-80c317cb17a3");
INSERT INTO V_VAL
	VALUES ("ad665e5d-077e-4713-befb-998a6e476876",
	0,
	0,
	27,
	38,
	41,
	0,
	0,
	0,
	0,
	"ba5eda7a-def5-0000-0000-000000000002",
	"e31cf7f3-c687-45fa-bbf2-937e305fb64a");
INSERT INTO V_AVL
	VALUES ("ad665e5d-077e-4713-befb-998a6e476876",
	"9aca824c-c99d-4bc9-8c0d-030031bb9241",
	"66920350-b77d-4876-9b05-0c545b5437ae",
	"7080b4f6-ebf6-47fe-be82-a1c2cf39143c");
INSERT INTO V_VAL
	VALUES ("f7227465-43cc-4cc9-bfc4-91c57a7084e5",
	1,
	1,
	29,
	3,
	8,
	0,
	0,
	0,
	0,
	"ba5eda7a-def5-0000-0000-000000000003",
	"e31cf7f3-c687-45fa-bbf2-937e305fb64a");
INSERT INTO V_TVL
	VALUES ("f7227465-43cc-4cc9-bfc4-91c57a7084e5",
	"34daf94a-4137-449c-864c-5982de01dfde");
INSERT INTO V_VAL
	VALUES ("439cd232-a6a3-4de1-aa09-6ea8602ad9c6",
	0,
	0,
	29,
	12,
	24,
	0,
	0,
	0,
	0,
	"ba5eda7a-def5-0000-0000-000000000003",
	"e31cf7f3-c687-45fa-bbf2-937e305fb64a");
INSERT INTO V_TVL
	VALUES ("439cd232-a6a3-4de1-aa09-6ea8602ad9c6",
	"d379553a-fcbb-4e20-b1d8-ffe959ada476");
INSERT INTO V_VAL
	VALUES ("af1eb62f-6f58-4caf-8fff-1f1c860d308d",
	0,
	0,
	29,
	12,
	31,
	0,
	0,
	0,
	0,
	"ba5eda7a-def5-0000-0000-000000000003",
	"e31cf7f3-c687-45fa-bbf2-937e305fb64a");
INSERT INTO V_BIN
	VALUES ("af1eb62f-6f58-4caf-8fff-1f1c860d308d",
	"1c358151-2b9a-4b9c-b18b-a16ecaff4eaa",
	"439cd232-a6a3-4de1-aa09-6ea8602ad9c6",
	'/');
INSERT INTO V_VAL
	VALUES ("1c358151-2b9a-4b9c-b18b-a16ecaff4eaa",
	0,
	0,
	29,
	28,
	31,
	0,
	0,
	0,
	0,
	"ba5eda7a-def5-0000-0000-000000000002",
	"e31cf7f3-c687-45fa-bbf2-937e305fb64a");
INSERT INTO V_LIN
	VALUES ("1c358151-2b9a-4b9c-b18b-a16ecaff4eaa",
	'1000');
INSERT INTO V_VAL
	VALUES ("7ba57462-fcf5-4527-805c-a7706b472824",
	1,
	1,
	30,
	3,
	8,
	0,
	0,
	0,
	0,
	"ba5eda7a-def5-0000-0000-000000000003",
	"e31cf7f3-c687-45fa-bbf2-937e305fb64a");
INSERT INTO V_TVL
	VALUES ("7ba57462-fcf5-4527-805c-a7706b472824",
	"61d30a97-731c-4d78-8dd8-55eb22b59290");
INSERT INTO V_VAL
	VALUES ("206ea412-6cbe-433e-8f55-11bb90f323c2",
	0,
	0,
	30,
	12,
	22,
	0,
	0,
	0,
	0,
	"ba5eda7a-def5-0000-0000-000000000003",
	"e31cf7f3-c687-45fa-bbf2-937e305fb64a");
INSERT INTO V_TVL
	VALUES ("206ea412-6cbe-433e-8f55-11bb90f323c2",
	"28dd3a8a-07a4-4f2c-9eae-7801d56a6d16");
INSERT INTO V_VAL
	VALUES ("cab969d0-0969-467f-8ce4-9d222e41a115",
	0,
	0,
	30,
	12,
	43,
	0,
	0,
	0,
	0,
	"ba5eda7a-def5-0000-0000-000000000003",
	"e31cf7f3-c687-45fa-bbf2-937e305fb64a");
INSERT INTO V_BIN
	VALUES ("cab969d0-0969-467f-8ce4-9d222e41a115",
	"7f1c94f9-3397-4719-af01-0ba061d10985",
	"206ea412-6cbe-433e-8f55-11bb90f323c2",
	'/');
INSERT INTO V_VAL
	VALUES ("ce96c948-1976-41df-883e-977c31b35dda",
	0,
	0,
	30,
	26,
	28,
	0,
	0,
	0,
	0,
	"ba5eda7a-def5-0000-0000-000000000008",
	"e31cf7f3-c687-45fa-bbf2-937e305fb64a");
INSERT INTO V_IRF
	VALUES ("ce96c948-1976-41df-883e-977c31b35dda",
	"fab4c3a6-c4c5-447f-8b48-c308070f062d");
INSERT INTO V_VAL
	VALUES ("7f1c94f9-3397-4719-af01-0ba061d10985",
	0,
	0,
	30,
	30,
	43,
	0,
	0,
	0,
	0,
	"ba5eda7a-def5-0000-0000-000000000002",
	"e31cf7f3-c687-45fa-bbf2-937e305fb64a");
INSERT INTO V_AVL
	VALUES ("7f1c94f9-3397-4719-af01-0ba061d10985",
	"ce96c948-1976-41df-883e-977c31b35dda",
	"ac60c465-05e8-4fc6-96c0-a74ff51548b3",
	"a45705f0-d3a1-41c4-8acd-2bdcaed06a05");
INSERT INTO V_VAL
	VALUES ("3c34c0b1-2d3e-431e-b175-0149252a74ce",
	1,
	0,
	31,
	3,
	7,
	0,
	0,
	0,
	0,
	"ba5eda7a-def5-0000-0000-000000000003",
	"e31cf7f3-c687-45fa-bbf2-937e305fb64a");
INSERT INTO V_TVL
	VALUES ("3c34c0b1-2d3e-431e-b175-0149252a74ce",
	"1a709bf8-12f5-4bf0-bc4b-a0125f66c349");
INSERT INTO V_VAL
	VALUES ("ac8070b4-9770-4ed1-bdf3-9db974a5dc1b",
	0,
	0,
	31,
	11,
	16,
	0,
	0,
	0,
	0,
	"ba5eda7a-def5-0000-0000-000000000003",
	"e31cf7f3-c687-45fa-bbf2-937e305fb64a");
INSERT INTO V_TVL
	VALUES ("ac8070b4-9770-4ed1-bdf3-9db974a5dc1b",
	"34daf94a-4137-449c-864c-5982de01dfde");
INSERT INTO V_VAL
	VALUES ("3cb10b7d-655c-407c-9c7e-44bfa1b6c582",
	0,
	0,
	31,
	11,
	25,
	0,
	0,
	0,
	0,
	"ba5eda7a-def5-0000-0000-000000000003",
	"e31cf7f3-c687-45fa-bbf2-937e305fb64a");
INSERT INTO V_BIN
	VALUES ("3cb10b7d-655c-407c-9c7e-44bfa1b6c582",
	"793ce959-a620-4267-bef8-ef7808e0e2cf",
	"ac8070b4-9770-4ed1-bdf3-9db974a5dc1b",
	'/');
INSERT INTO V_VAL
	VALUES ("793ce959-a620-4267-bef8-ef7808e0e2cf",
	0,
	0,
	31,
	20,
	25,
	0,
	0,
	0,
	0,
	"ba5eda7a-def5-0000-0000-000000000003",
	"e31cf7f3-c687-45fa-bbf2-937e305fb64a");
INSERT INTO V_TVL
	VALUES ("793ce959-a620-4267-bef8-ef7808e0e2cf",
	"61d30a97-731c-4d78-8dd8-55eb22b59290");
INSERT INTO V_VAR
	VALUES ("5829c1a5-2e7c-4276-95ff-80c317cb17a3",
	"e31cf7f3-c687-45fa-bbf2-937e305fb64a",
	'cursor',
	1,
	"ba5eda7a-def5-0000-0000-000000000008");
INSERT INTO V_INT
	VALUES ("5829c1a5-2e7c-4276-95ff-80c317cb17a3",
	0,
	"66920350-b77d-4876-9b05-0c545b5437ae");
INSERT INTO V_VAR
	VALUES ("fab4c3a6-c4c5-447f-8b48-c308070f062d",
	"e31cf7f3-c687-45fa-bbf2-937e305fb64a",
	'spd',
	1,
	"ba5eda7a-def5-0000-0000-000000000008");
INSERT INTO V_INT
	VALUES ("fab4c3a6-c4c5-447f-8b48-c308070f062d",
	0,
	"ac60c465-05e8-4fc6-96c0-a74ff51548b3");
INSERT INTO V_VAR
	VALUES ("8ea4b323-eb55-4b18-9605-2223320fd933",
	"e31cf7f3-c687-45fa-bbf2-937e305fb64a",
	'index',
	1,
	"ba5eda7a-def5-0000-0000-000000000002");
INSERT INTO V_TRN
	VALUES ("8ea4b323-eb55-4b18-9605-2223320fd933",
	"00000000-0000-0000-0000-000000000000",
	'');
INSERT INTO V_VAR
	VALUES ("d379553a-fcbb-4e20-b1d8-ffe959ada476",
	"e31cf7f3-c687-45fa-bbf2-937e305fb64a",
	'totalDistance',
	1,
	"ba5eda7a-def5-0000-0000-000000000003");
INSERT INTO V_TRN
	VALUES ("d379553a-fcbb-4e20-b1d8-ffe959ada476",
	"00000000-0000-0000-0000-000000000000",
	'');
INSERT INTO V_VAR
	VALUES ("28dd3a8a-07a4-4f2c-9eae-7801d56a6d16",
	"e31cf7f3-c687-45fa-bbf2-937e305fb64a",
	'elapsedTime',
	1,
	"ba5eda7a-def5-0000-0000-000000000003");
INSERT INTO V_TRN
	VALUES ("28dd3a8a-07a4-4f2c-9eae-7801d56a6d16",
	"00000000-0000-0000-0000-000000000000",
	'');
INSERT INTO V_VAR
	VALUES ("34daf94a-4137-449c-864c-5982de01dfde",
	"e31cf7f3-c687-45fa-bbf2-937e305fb64a",
	'kmDist',
	1,
	"ba5eda7a-def5-0000-0000-000000000003");
INSERT INTO V_TRN
	VALUES ("34daf94a-4137-449c-864c-5982de01dfde",
	"00000000-0000-0000-0000-000000000000",
	'');
INSERT INTO V_VAR
	VALUES ("61d30a97-731c-4d78-8dd8-55eb22b59290",
	"e31cf7f3-c687-45fa-bbf2-937e305fb64a",
	'hourTm',
	1,
	"ba5eda7a-def5-0000-0000-000000000003");
INSERT INTO V_TRN
	VALUES ("61d30a97-731c-4d78-8dd8-55eb22b59290",
	"00000000-0000-0000-0000-000000000000",
	'');
INSERT INTO ACT_BLK
	VALUES ("518f888d-542a-4cff-b8ed-ca24d21363ed",
	1,
	0,
	0,
	'',
	'',
	'',
	25,
	5,
	18,
	49,
	0,
	0,
	18,
	60,
	18,
	63,
	0,
	0,
	0,
	"98f1bf71-d494-446c-b224-ac720406881e",
	"00000000-0000-0000-0000-000000000000");
INSERT INTO ACT_SMT
	VALUES ("58af853c-a32c-49ff-973f-f4288ff190b2",
	"518f888d-542a-4cff-b8ed-ca24d21363ed",
	"94ca09e9-5155-416c-ac83-7e7db8459297",
	18,
	5,
	'WorkoutSession::getCurrentSpeed line: 18');
INSERT INTO ACT_SEL
	VALUES ("58af853c-a32c-49ff-973f-f4288ff190b2",
	"e0952a6f-89fb-4516-82d2-a8d75c298657",
	1,
	'one',
	"a9077f91-2ccf-4b3c-9242-939bcc413d3b");
INSERT INTO ACT_SR
	VALUES ("58af853c-a32c-49ff-973f-f4288ff190b2");
INSERT INTO ACT_LNK
	VALUES ("389c037f-ea68-4114-b796-bb3e0d575f8d",
	'preceeds',
	"58af853c-a32c-49ff-973f-f4288ff190b2",
	"b5d1ed4c-39ee-437a-9c92-ec8cb996b239",
	"00000000-0000-0000-0000-000000000000",
	2,
	"66920350-b77d-4876-9b05-0c545b5437ae",
	18,
	49,
	18,
	60,
	18,
	63);
INSERT INTO ACT_SMT
	VALUES ("94ca09e9-5155-416c-ac83-7e7db8459297",
	"518f888d-542a-4cff-b8ed-ca24d21363ed",
	"05aafd64-4442-48f7-9de8-a46749fe15e0",
	19,
	5,
	'WorkoutSession::getCurrentSpeed line: 19');
INSERT INTO ACT_IF
	VALUES ("94ca09e9-5155-416c-ac83-7e7db8459297",
	"5a092f84-ab62-4e78-9034-1db47134491e",
	"624b2e1a-0234-4703-8886-8cf5e6bfca2b",
	"00000000-0000-0000-0000-000000000000",
	"00000000-0000-0000-0000-000000000000");
INSERT INTO ACT_SMT
	VALUES ("05aafd64-4442-48f7-9de8-a46749fe15e0",
	"518f888d-542a-4cff-b8ed-ca24d21363ed",
	"b476282c-9c62-42cc-b0a9-b514f9c5e4b0",
	22,
	5,
	'WorkoutSession::getCurrentSpeed line: 22');
INSERT INTO ACT_AI
	VALUES ("05aafd64-4442-48f7-9de8-a46749fe15e0",
	"adf7ea75-5b6b-4596-b70e-e7360eebdaba",
	"9fe98ee4-e9df-45cc-83fc-4cde413e1bee",
	0,
	0);
INSERT INTO ACT_SMT
	VALUES ("b476282c-9c62-42cc-b0a9-b514f9c5e4b0",
	"518f888d-542a-4cff-b8ed-ca24d21363ed",
	"dba9e3ca-4390-42ce-8211-54a79d81bf7f",
	23,
	5,
	'WorkoutSession::getCurrentSpeed line: 23');
INSERT INTO ACT_AI
	VALUES ("b476282c-9c62-42cc-b0a9-b514f9c5e4b0",
	"b164a399-d00c-4fee-92ea-b69c06404148",
	"55045904-238c-4464-8a06-b1b4fcc87973",
	0,
	0);
INSERT INTO ACT_SMT
	VALUES ("dba9e3ca-4390-42ce-8211-54a79d81bf7f",
	"518f888d-542a-4cff-b8ed-ca24d21363ed",
	"e5b2da03-284c-41aa-848f-cd9aaaa06068",
	24,
	5,
	'WorkoutSession::getCurrentSpeed line: 24');
INSERT INTO ACT_AI
	VALUES ("dba9e3ca-4390-42ce-8211-54a79d81bf7f",
	"c89ce299-6241-4374-88b1-0e09958b0eac",
	"a968d9e1-b037-4ee2-877a-bebcbd60ee47",
	0,
	0);
INSERT INTO ACT_SMT
	VALUES ("e5b2da03-284c-41aa-848f-cd9aaaa06068",
	"518f888d-542a-4cff-b8ed-ca24d21363ed",
	"00000000-0000-0000-0000-000000000000",
	25,
	5,
	'WorkoutSession::getCurrentSpeed line: 25');
INSERT INTO ACT_AI
	VALUES ("e5b2da03-284c-41aa-848f-cd9aaaa06068",
	"54b1edfb-7aca-42bf-bb4d-ac6faec6a3e6",
	"d78064a0-5428-4f5e-a5a2-f3b35aed0563",
	0,
	0);
INSERT INTO V_VAL
	VALUES ("a9077f91-2ccf-4b3c-9242-939bcc413d3b",
	0,
	0,
	18,
	41,
	46,
	0,
	0,
	0,
	0,
	"ba5eda7a-def5-0000-0000-000000000008",
	"518f888d-542a-4cff-b8ed-ca24d21363ed");
INSERT INTO V_IRF
	VALUES ("a9077f91-2ccf-4b3c-9242-939bcc413d3b",
	"5829c1a5-2e7c-4276-95ff-80c317cb17a3");
INSERT INTO V_VAL
	VALUES ("6a9aec8b-1bfc-4656-a70b-c33c0e518f20",
	0,
	0,
	19,
	16,
	28,
	0,
	0,
	0,
	0,
	"ba5eda7a-def5-0000-0000-000000000008",
	"518f888d-542a-4cff-b8ed-ca24d21363ed");
INSERT INTO V_IRF
	VALUES ("6a9aec8b-1bfc-4656-a70b-c33c0e518f20",
	"e0952a6f-89fb-4516-82d2-a8d75c298657");
INSERT INTO V_VAL
	VALUES ("624b2e1a-0234-4703-8886-8cf5e6bfca2b",
	0,
	0,
	-1,
	-1,
	-1,
	0,
	0,
	0,
	0,
	"ba5eda7a-def5-0000-0000-000000000001",
	"518f888d-542a-4cff-b8ed-ca24d21363ed");
INSERT INTO V_UNY
	VALUES ("624b2e1a-0234-4703-8886-8cf5e6bfca2b",
	"6a9aec8b-1bfc-4656-a70b-c33c0e518f20",
	'empty');
INSERT INTO V_VAL
	VALUES ("9fe98ee4-e9df-45cc-83fc-4cde413e1bee",
	1,
	1,
	22,
	5,
	12,
	0,
	0,
	0,
	0,
	"ba5eda7a-def5-0000-0000-000000000003",
	"518f888d-542a-4cff-b8ed-ca24d21363ed");
INSERT INTO V_TVL
	VALUES ("9fe98ee4-e9df-45cc-83fc-4cde413e1bee",
	"41d4516d-a925-47f3-9892-67f81f047036");
INSERT INTO V_VAL
	VALUES ("adf7ea75-5b6b-4596-b70e-e7360eebdaba",
	0,
	0,
	22,
	18,
	-1,
	22,
	31,
	22,
	115,
	"ba5eda7a-def5-0000-0000-000000000003",
	"518f888d-542a-4cff-b8ed-ca24d21363ed");
INSERT INTO V_FNV
	VALUES ("adf7ea75-5b6b-4596-b70e-e7360eebdaba",
	"287f9996-7d4b-437b-bd81-576c3461361f",
	1);
INSERT INTO V_VAL
	VALUES ("76a7d413-5de7-456c-b70f-c85e6df2a3a8",
	0,
	0,
	22,
	39,
	44,
	0,
	0,
	0,
	0,
	"ba5eda7a-def5-0000-0000-000000000008",
	"518f888d-542a-4cff-b8ed-ca24d21363ed");
INSERT INTO V_IRF
	VALUES ("76a7d413-5de7-456c-b70f-c85e6df2a3a8",
	"5829c1a5-2e7c-4276-95ff-80c317cb17a3");
INSERT INTO V_VAL
	VALUES ("90c60d79-5927-45e4-9f6d-a0be4d3225b1",
	0,
	0,
	22,
	46,
	53,
	0,
	0,
	0,
	0,
	"ba5eda7a-def5-0000-0000-000000000003",
	"518f888d-542a-4cff-b8ed-ca24d21363ed");
INSERT INTO V_AVL
	VALUES ("90c60d79-5927-45e4-9f6d-a0be4d3225b1",
	"76a7d413-5de7-456c-b70f-c85e6df2a3a8",
	"66920350-b77d-4876-9b05-0c545b5437ae",
	"0e9b613a-bc28-4a41-96e5-f6838133fe3e");
INSERT INTO V_PAR
	VALUES ("90c60d79-5927-45e4-9f6d-a0be4d3225b1",
	"00000000-0000-0000-0000-000000000000",
	"adf7ea75-5b6b-4596-b70e-e7360eebdaba",
	'fromLat',
	"5ad3e41d-ddb9-4224-a4d8-7480a2662286",
	22,
	31);
INSERT INTO V_VAL
	VALUES ("c9a2211d-56da-4486-a293-68fdac65114c",
	0,
	0,
	22,
	66,
	71,
	0,
	0,
	0,
	0,
	"ba5eda7a-def5-0000-0000-000000000008",
	"518f888d-542a-4cff-b8ed-ca24d21363ed");
INSERT INTO V_IRF
	VALUES ("c9a2211d-56da-4486-a293-68fdac65114c",
	"5829c1a5-2e7c-4276-95ff-80c317cb17a3");
INSERT INTO V_VAL
	VALUES ("5ad3e41d-ddb9-4224-a4d8-7480a2662286",
	0,
	0,
	22,
	73,
	81,
	0,
	0,
	0,
	0,
	"ba5eda7a-def5-0000-0000-000000000003",
	"518f888d-542a-4cff-b8ed-ca24d21363ed");
INSERT INTO V_AVL
	VALUES ("5ad3e41d-ddb9-4224-a4d8-7480a2662286",
	"c9a2211d-56da-4486-a293-68fdac65114c",
	"66920350-b77d-4876-9b05-0c545b5437ae",
	"e20254f9-1d38-4562-bba0-f7f597acd02d");
INSERT INTO V_PAR
	VALUES ("5ad3e41d-ddb9-4224-a4d8-7480a2662286",
	"00000000-0000-0000-0000-000000000000",
	"adf7ea75-5b6b-4596-b70e-e7360eebdaba",
	'fromLong',
	"0545d147-a38a-4263-bc46-9986868317e5",
	22,
	56);
INSERT INTO V_VAL
	VALUES ("165d3b0b-b729-4b80-94e6-58f0baed978f",
	0,
	0,
	22,
	91,
	103,
	0,
	0,
	0,
	0,
	"ba5eda7a-def5-0000-0000-000000000008",
	"518f888d-542a-4cff-b8ed-ca24d21363ed");
INSERT INTO V_IRF
	VALUES ("165d3b0b-b729-4b80-94e6-58f0baed978f",
	"e0952a6f-89fb-4516-82d2-a8d75c298657");
INSERT INTO V_VAL
	VALUES ("0545d147-a38a-4263-bc46-9986868317e5",
	0,
	0,
	22,
	105,
	112,
	0,
	0,
	0,
	0,
	"ba5eda7a-def5-0000-0000-000000000003",
	"518f888d-542a-4cff-b8ed-ca24d21363ed");
INSERT INTO V_AVL
	VALUES ("0545d147-a38a-4263-bc46-9986868317e5",
	"165d3b0b-b729-4b80-94e6-58f0baed978f",
	"66920350-b77d-4876-9b05-0c545b5437ae",
	"0e9b613a-bc28-4a41-96e5-f6838133fe3e");
INSERT INTO V_PAR
	VALUES ("0545d147-a38a-4263-bc46-9986868317e5",
	"00000000-0000-0000-0000-000000000000",
	"adf7ea75-5b6b-4596-b70e-e7360eebdaba",
	'toLat',
	"6f89653e-57fb-4c01-b802-9dc6c2385c5a",
	22,
	84);
INSERT INTO V_VAL
	VALUES ("a002985c-b0ac-4561-ae1f-af86b5667c51",
	0,
	0,
	22,
	123,
	135,
	0,
	0,
	0,
	0,
	"ba5eda7a-def5-0000-0000-000000000008",
	"518f888d-542a-4cff-b8ed-ca24d21363ed");
INSERT INTO V_IRF
	VALUES ("a002985c-b0ac-4561-ae1f-af86b5667c51",
	"e0952a6f-89fb-4516-82d2-a8d75c298657");
INSERT INTO V_VAL
	VALUES ("6f89653e-57fb-4c01-b802-9dc6c2385c5a",
	0,
	0,
	22,
	137,
	145,
	0,
	0,
	0,
	0,
	"ba5eda7a-def5-0000-0000-000000000003",
	"518f888d-542a-4cff-b8ed-ca24d21363ed");
INSERT INTO V_AVL
	VALUES ("6f89653e-57fb-4c01-b802-9dc6c2385c5a",
	"a002985c-b0ac-4561-ae1f-af86b5667c51",
	"66920350-b77d-4876-9b05-0c545b5437ae",
	"e20254f9-1d38-4562-bba0-f7f597acd02d");
INSERT INTO V_PAR
	VALUES ("6f89653e-57fb-4c01-b802-9dc6c2385c5a",
	"00000000-0000-0000-0000-000000000000",
	"adf7ea75-5b6b-4596-b70e-e7360eebdaba",
	'toLong',
	"00000000-0000-0000-0000-000000000000",
	22,
	115);
INSERT INTO V_VAL
	VALUES ("55045904-238c-4464-8a06-b1b4fcc87973",
	1,
	0,
	23,
	5,
	17,
	0,
	0,
	0,
	0,
	"ba5eda7a-def5-0000-0000-000000000003",
	"518f888d-542a-4cff-b8ed-ca24d21363ed");
INSERT INTO V_TVL
	VALUES ("55045904-238c-4464-8a06-b1b4fcc87973",
	"d379553a-fcbb-4e20-b1d8-ffe959ada476");
INSERT INTO V_VAL
	VALUES ("b8eaa25e-25ed-4ec5-9cb0-a9137fa09ba2",
	0,
	0,
	23,
	21,
	33,
	0,
	0,
	0,
	0,
	"ba5eda7a-def5-0000-0000-000000000003",
	"518f888d-542a-4cff-b8ed-ca24d21363ed");
INSERT INTO V_TVL
	VALUES ("b8eaa25e-25ed-4ec5-9cb0-a9137fa09ba2",
	"d379553a-fcbb-4e20-b1d8-ffe959ada476");
INSERT INTO V_VAL
	VALUES ("b164a399-d00c-4fee-92ea-b69c06404148",
	0,
	0,
	23,
	21,
	44,
	0,
	0,
	0,
	0,
	"ba5eda7a-def5-0000-0000-000000000003",
	"518f888d-542a-4cff-b8ed-ca24d21363ed");
INSERT INTO V_BIN
	VALUES ("b164a399-d00c-4fee-92ea-b69c06404148",
	"b19103bb-7d39-4962-b544-c1a1826beb5a",
	"b8eaa25e-25ed-4ec5-9cb0-a9137fa09ba2",
	'+');
INSERT INTO V_VAL
	VALUES ("b19103bb-7d39-4962-b544-c1a1826beb5a",
	0,
	0,
	23,
	37,
	44,
	0,
	0,
	0,
	0,
	"ba5eda7a-def5-0000-0000-000000000003",
	"518f888d-542a-4cff-b8ed-ca24d21363ed");
INSERT INTO V_TVL
	VALUES ("b19103bb-7d39-4962-b544-c1a1826beb5a",
	"41d4516d-a925-47f3-9892-67f81f047036");
INSERT INTO V_VAL
	VALUES ("a968d9e1-b037-4ee2-877a-bebcbd60ee47",
	1,
	0,
	24,
	5,
	9,
	0,
	0,
	0,
	0,
	"ba5eda7a-def5-0000-0000-000000000002",
	"518f888d-542a-4cff-b8ed-ca24d21363ed");
INSERT INTO V_TVL
	VALUES ("a968d9e1-b037-4ee2-877a-bebcbd60ee47",
	"8ea4b323-eb55-4b18-9605-2223320fd933");
INSERT INTO V_VAL
	VALUES ("34d835ee-2b38-49c0-9713-6c1542868abe",
	0,
	0,
	24,
	13,
	17,
	0,
	0,
	0,
	0,
	"ba5eda7a-def5-0000-0000-000000000002",
	"518f888d-542a-4cff-b8ed-ca24d21363ed");
INSERT INTO V_TVL
	VALUES ("34d835ee-2b38-49c0-9713-6c1542868abe",
	"8ea4b323-eb55-4b18-9605-2223320fd933");
INSERT INTO V_VAL
	VALUES ("c89ce299-6241-4374-88b1-0e09958b0eac",
	0,
	0,
	24,
	13,
	21,
	0,
	0,
	0,
	0,
	"ba5eda7a-def5-0000-0000-000000000002",
	"518f888d-542a-4cff-b8ed-ca24d21363ed");
INSERT INTO V_BIN
	VALUES ("c89ce299-6241-4374-88b1-0e09958b0eac",
	"365e3836-abde-491b-9fed-302c67adea16",
	"34d835ee-2b38-49c0-9713-6c1542868abe",
	'-');
INSERT INTO V_VAL
	VALUES ("365e3836-abde-491b-9fed-302c67adea16",
	0,
	0,
	24,
	21,
	21,
	0,
	0,
	0,
	0,
	"ba5eda7a-def5-0000-0000-000000000002",
	"518f888d-542a-4cff-b8ed-ca24d21363ed");
INSERT INTO V_LIN
	VALUES ("365e3836-abde-491b-9fed-302c67adea16",
	'1');
INSERT INTO V_VAL
	VALUES ("d78064a0-5428-4f5e-a5a2-f3b35aed0563",
	1,
	0,
	25,
	5,
	10,
	0,
	0,
	0,
	0,
	"ba5eda7a-def5-0000-0000-000000000008",
	"518f888d-542a-4cff-b8ed-ca24d21363ed");
INSERT INTO V_IRF
	VALUES ("d78064a0-5428-4f5e-a5a2-f3b35aed0563",
	"5829c1a5-2e7c-4276-95ff-80c317cb17a3");
INSERT INTO V_VAL
	VALUES ("54b1edfb-7aca-42bf-bb4d-ac6faec6a3e6",
	0,
	0,
	25,
	14,
	26,
	0,
	0,
	0,
	0,
	"ba5eda7a-def5-0000-0000-000000000008",
	"518f888d-542a-4cff-b8ed-ca24d21363ed");
INSERT INTO V_IRF
	VALUES ("54b1edfb-7aca-42bf-bb4d-ac6faec6a3e6",
	"e0952a6f-89fb-4516-82d2-a8d75c298657");
INSERT INTO V_VAR
	VALUES ("e0952a6f-89fb-4516-82d2-a8d75c298657",
	"518f888d-542a-4cff-b8ed-ca24d21363ed",
	'previousPoint',
	1,
	"ba5eda7a-def5-0000-0000-000000000008");
INSERT INTO V_INT
	VALUES ("e0952a6f-89fb-4516-82d2-a8d75c298657",
	0,
	"66920350-b77d-4876-9b05-0c545b5437ae");
INSERT INTO V_VAR
	VALUES ("41d4516d-a925-47f3-9892-67f81f047036",
	"518f888d-542a-4cff-b8ed-ca24d21363ed",
	'distance',
	1,
	"ba5eda7a-def5-0000-0000-000000000003");
INSERT INTO V_TRN
	VALUES ("41d4516d-a925-47f3-9892-67f81f047036",
	"00000000-0000-0000-0000-000000000000",
	'');
INSERT INTO ACT_BLK
	VALUES ("5a092f84-ab62-4e78-9034-1db47134491e",
	0,
	0,
	0,
	'',
	'',
	'',
	20,
	7,
	0,
	0,
	0,
	0,
	0,
	0,
	0,
	0,
	0,
	0,
	0,
	"98f1bf71-d494-446c-b224-ac720406881e",
	"00000000-0000-0000-0000-000000000000");
INSERT INTO ACT_SMT
	VALUES ("414b5870-9e02-4237-a180-a887cf5e9e2a",
	"5a092f84-ab62-4e78-9034-1db47134491e",
	"00000000-0000-0000-0000-000000000000",
	20,
	7,
	'WorkoutSession::getCurrentSpeed line: 20');
INSERT INTO ACT_BRK
	VALUES ("414b5870-9e02-4237-a180-a887cf5e9e2a");
INSERT INTO O_TFR
	VALUES ("8a49c77a-61a5-4d4e-b83c-04ba076f93ea",
	"2522ffa2-db69-4807-ab45-06acf4cf893a",
	'getCurrentPace',
	'',
	"ba5eda7a-def5-0000-0000-000000000003",
	1,
	'// Calculate current pace from current speed, converting from km/hour to minutes/km.
result = 0.0;
if ( self.getCurrentSpeed() != 0.0 )
  result = 60.0 / self.getCurrentSpeed();
else
  result = 0.0;
end if;

return result;',
	1,
	'',
	"e96224fd-c698-497e-b876-5d78df9890a3",
	0);
INSERT INTO ACT_OPB
	VALUES ("32837d7b-28ac-4e03-a0ed-1805519b472c",
	"8a49c77a-61a5-4d4e-b83c-04ba076f93ea");
INSERT INTO ACT_ACT
	VALUES ("32837d7b-28ac-4e03-a0ed-1805519b472c",
	'operation',
	0,
	"0884b973-5a0b-4096-93fd-79e88e52bb5a",
	"00000000-0000-0000-0000-000000000000",
	0,
	'WorkoutSession::getCurrentPace',
	"00000000-0000-0000-0000-000000000000");
INSERT INTO ACT_BLK
	VALUES ("0884b973-5a0b-4096-93fd-79e88e52bb5a",
	0,
	0,
	0,
	'',
	'',
	'',
	9,
	1,
	0,
	0,
	0,
	0,
	0,
	0,
	0,
	0,
	0,
	0,
	0,
	"32837d7b-28ac-4e03-a0ed-1805519b472c",
	"00000000-0000-0000-0000-000000000000");
INSERT INTO ACT_SMT
	VALUES ("369b3814-cd94-413a-8606-063be7fd14e4",
	"0884b973-5a0b-4096-93fd-79e88e52bb5a",
	"64ec6438-c903-4076-83c7-ff6a9fca2c59",
	2,
	1,
	'WorkoutSession::getCurrentPace line: 2');
INSERT INTO ACT_AI
	VALUES ("369b3814-cd94-413a-8606-063be7fd14e4",
	"afc7a257-86a1-417a-b89b-9f21800b2b30",
	"ceb05619-d4ee-457d-888b-b95f8145c792",
	0,
	0);
INSERT INTO ACT_SMT
	VALUES ("64ec6438-c903-4076-83c7-ff6a9fca2c59",
	"0884b973-5a0b-4096-93fd-79e88e52bb5a",
	"1e3213c1-a27a-4bd7-914e-8cf21274a423",
	3,
	1,
	'WorkoutSession::getCurrentPace line: 3');
INSERT INTO ACT_IF
	VALUES ("64ec6438-c903-4076-83c7-ff6a9fca2c59",
	"b1c7fdb7-b7f7-4c21-97fb-162d03e6b155",
	"42faa633-d377-4810-b68c-23b00b8ba5ed",
	"00000000-0000-0000-0000-000000000000",
	"00000000-0000-0000-0000-000000000000");
INSERT INTO ACT_SMT
	VALUES ("fbf14687-8184-4eca-b786-dcc8062d5336",
	"0884b973-5a0b-4096-93fd-79e88e52bb5a",
	"00000000-0000-0000-0000-000000000000",
	5,
	1,
	'WorkoutSession::getCurrentPace line: 5');
INSERT INTO ACT_E
	VALUES ("fbf14687-8184-4eca-b786-dcc8062d5336",
	"8db85ae5-ff1f-4e8f-b89a-7353ce6412ae",
	"64ec6438-c903-4076-83c7-ff6a9fca2c59");
INSERT INTO ACT_SMT
	VALUES ("1e3213c1-a27a-4bd7-914e-8cf21274a423",
	"0884b973-5a0b-4096-93fd-79e88e52bb5a",
	"00000000-0000-0000-0000-000000000000",
	9,
	1,
	'WorkoutSession::getCurrentPace line: 9');
INSERT INTO ACT_RET
	VALUES ("1e3213c1-a27a-4bd7-914e-8cf21274a423",
	"965c5d2b-c6fe-4ff5-9fee-b9f5f4ad8f03");
INSERT INTO V_VAL
	VALUES ("ceb05619-d4ee-457d-888b-b95f8145c792",
	1,
	1,
	2,
	1,
	6,
	0,
	0,
	0,
	0,
	"ba5eda7a-def5-0000-0000-000000000003",
	"0884b973-5a0b-4096-93fd-79e88e52bb5a");
INSERT INTO V_TVL
	VALUES ("ceb05619-d4ee-457d-888b-b95f8145c792",
	"8a081ee1-19cd-4109-8c57-c24daa3de119");
INSERT INTO V_VAL
	VALUES ("afc7a257-86a1-417a-b89b-9f21800b2b30",
	0,
	0,
	2,
	10,
	12,
	0,
	0,
	0,
	0,
	"ba5eda7a-def5-0000-0000-000000000003",
	"0884b973-5a0b-4096-93fd-79e88e52bb5a");
INSERT INTO V_LRL
	VALUES ("afc7a257-86a1-417a-b89b-9f21800b2b30",
	'0.0');
INSERT INTO V_VAL
	VALUES ("e354139f-0b66-42d3-b019-a8f4a8da13d4",
	0,
	0,
	3,
	11,
	-1,
	0,
	0,
	0,
	0,
	"ba5eda7a-def5-0000-0000-000000000003",
	"0884b973-5a0b-4096-93fd-79e88e52bb5a");
INSERT INTO V_TRV
	VALUES ("e354139f-0b66-42d3-b019-a8f4a8da13d4",
	"e96224fd-c698-497e-b876-5d78df9890a3",
	"d286f4f7-0de4-4853-b240-944988891793",
	1,
	0,
	0);
INSERT INTO V_VAL
	VALUES ("42faa633-d377-4810-b68c-23b00b8ba5ed",
	0,
	0,
	3,
	11,
	34,
	0,
	0,
	0,
	0,
	"ba5eda7a-def5-0000-0000-000000000001",
	"0884b973-5a0b-4096-93fd-79e88e52bb5a");
INSERT INTO V_BIN
	VALUES ("42faa633-d377-4810-b68c-23b00b8ba5ed",
	"854ef143-c16c-4166-bc9d-36acff97226d",
	"e354139f-0b66-42d3-b019-a8f4a8da13d4",
	'!=');
INSERT INTO V_VAL
	VALUES ("854ef143-c16c-4166-bc9d-36acff97226d",
	0,
	0,
	3,
	32,
	34,
	0,
	0,
	0,
	0,
	"ba5eda7a-def5-0000-0000-000000000003",
	"0884b973-5a0b-4096-93fd-79e88e52bb5a");
INSERT INTO V_LRL
	VALUES ("854ef143-c16c-4166-bc9d-36acff97226d",
	'0.0');
INSERT INTO V_VAL
	VALUES ("965c5d2b-c6fe-4ff5-9fee-b9f5f4ad8f03",
	0,
	0,
	9,
	8,
	13,
	0,
	0,
	0,
	0,
	"ba5eda7a-def5-0000-0000-000000000003",
	"0884b973-5a0b-4096-93fd-79e88e52bb5a");
INSERT INTO V_TVL
	VALUES ("965c5d2b-c6fe-4ff5-9fee-b9f5f4ad8f03",
	"8a081ee1-19cd-4109-8c57-c24daa3de119");
INSERT INTO V_VAR
	VALUES ("8a081ee1-19cd-4109-8c57-c24daa3de119",
	"0884b973-5a0b-4096-93fd-79e88e52bb5a",
	'result',
	1,
	"ba5eda7a-def5-0000-0000-000000000003");
INSERT INTO V_TRN
	VALUES ("8a081ee1-19cd-4109-8c57-c24daa3de119",
	"00000000-0000-0000-0000-000000000000",
	'');
INSERT INTO V_VAR
	VALUES ("d286f4f7-0de4-4853-b240-944988891793",
	"0884b973-5a0b-4096-93fd-79e88e52bb5a",
	'self',
	1,
	"ba5eda7a-def5-0000-0000-000000000008");
INSERT INTO V_INT
	VALUES ("d286f4f7-0de4-4853-b240-944988891793",
	0,
	"2522ffa2-db69-4807-ab45-06acf4cf893a");
INSERT INTO ACT_BLK
	VALUES ("b1c7fdb7-b7f7-4c21-97fb-162d03e6b155",
	0,
	0,
	0,
	'',
	'',
	'',
	4,
	3,
	0,
	0,
	0,
	0,
	0,
	0,
	0,
	0,
	0,
	0,
	0,
	"32837d7b-28ac-4e03-a0ed-1805519b472c",
	"00000000-0000-0000-0000-000000000000");
INSERT INTO ACT_SMT
	VALUES ("74dfb536-05e4-4495-9bd4-2c9ad8f349ec",
	"b1c7fdb7-b7f7-4c21-97fb-162d03e6b155",
	"00000000-0000-0000-0000-000000000000",
	4,
	3,
	'WorkoutSession::getCurrentPace line: 4');
INSERT INTO ACT_AI
	VALUES ("74dfb536-05e4-4495-9bd4-2c9ad8f349ec",
	"55e0e04a-70af-4aac-a415-828b8374d103",
	"e155e330-54d7-402e-b808-f9c7a23cdd0c",
	0,
	0);
INSERT INTO V_VAL
	VALUES ("e155e330-54d7-402e-b808-f9c7a23cdd0c",
	1,
	0,
	4,
	3,
	8,
	0,
	0,
	0,
	0,
	"ba5eda7a-def5-0000-0000-000000000003",
	"b1c7fdb7-b7f7-4c21-97fb-162d03e6b155");
INSERT INTO V_TVL
	VALUES ("e155e330-54d7-402e-b808-f9c7a23cdd0c",
	"8a081ee1-19cd-4109-8c57-c24daa3de119");
INSERT INTO V_VAL
	VALUES ("de2ee255-c056-4b17-9436-17849e443e56",
	0,
	0,
	4,
	12,
	15,
	0,
	0,
	0,
	0,
	"ba5eda7a-def5-0000-0000-000000000003",
	"b1c7fdb7-b7f7-4c21-97fb-162d03e6b155");
INSERT INTO V_LRL
	VALUES ("de2ee255-c056-4b17-9436-17849e443e56",
	'60.0');
INSERT INTO V_VAL
	VALUES ("55e0e04a-70af-4aac-a415-828b8374d103",
	0,
	0,
	4,
	12,
	-1,
	0,
	0,
	0,
	0,
	"ba5eda7a-def5-0000-0000-000000000003",
	"b1c7fdb7-b7f7-4c21-97fb-162d03e6b155");
INSERT INTO V_BIN
	VALUES ("55e0e04a-70af-4aac-a415-828b8374d103",
	"91eefbc3-5d15-4700-977f-632c35234284",
	"de2ee255-c056-4b17-9436-17849e443e56",
	'/');
INSERT INTO V_VAL
	VALUES ("91eefbc3-5d15-4700-977f-632c35234284",
	0,
	0,
	4,
	24,
	-1,
	0,
	0,
	0,
	0,
	"ba5eda7a-def5-0000-0000-000000000003",
	"b1c7fdb7-b7f7-4c21-97fb-162d03e6b155");
INSERT INTO V_TRV
	VALUES ("91eefbc3-5d15-4700-977f-632c35234284",
	"e96224fd-c698-497e-b876-5d78df9890a3",
	"d286f4f7-0de4-4853-b240-944988891793",
	1,
	0,
	0);
INSERT INTO ACT_BLK
	VALUES ("8db85ae5-ff1f-4e8f-b89a-7353ce6412ae",
	0,
	0,
	0,
	'',
	'',
	'',
	6,
	3,
	0,
	0,
	0,
	0,
	0,
	0,
	0,
	0,
	0,
	0,
	0,
	"32837d7b-28ac-4e03-a0ed-1805519b472c",
	"00000000-0000-0000-0000-000000000000");
INSERT INTO ACT_SMT
	VALUES ("5dfccb8c-6feb-46cd-a09d-616b96a68a38",
	"8db85ae5-ff1f-4e8f-b89a-7353ce6412ae",
	"00000000-0000-0000-0000-000000000000",
	6,
	3,
	'WorkoutSession::getCurrentPace line: 6');
INSERT INTO ACT_AI
	VALUES ("5dfccb8c-6feb-46cd-a09d-616b96a68a38",
	"53a6d2a9-87fd-4435-b177-13e42094365a",
	"181066e2-9b0e-4aa5-a41c-4e1b4bf51ea6",
	0,
	0);
INSERT INTO V_VAL
	VALUES ("181066e2-9b0e-4aa5-a41c-4e1b4bf51ea6",
	1,
	0,
	6,
	3,
	8,
	0,
	0,
	0,
	0,
	"ba5eda7a-def5-0000-0000-000000000003",
	"8db85ae5-ff1f-4e8f-b89a-7353ce6412ae");
INSERT INTO V_TVL
	VALUES ("181066e2-9b0e-4aa5-a41c-4e1b4bf51ea6",
	"8a081ee1-19cd-4109-8c57-c24daa3de119");
INSERT INTO V_VAL
	VALUES ("53a6d2a9-87fd-4435-b177-13e42094365a",
	0,
	0,
	6,
	12,
	14,
	0,
	0,
	0,
	0,
	"ba5eda7a-def5-0000-0000-000000000003",
	"8db85ae5-ff1f-4e8f-b89a-7353ce6412ae");
INSERT INTO V_LRL
	VALUES ("53a6d2a9-87fd-4435-b177-13e42094365a",
	'0.0');
INSERT INTO O_TFR
	VALUES ("d88b756e-d419-4489-921e-2296c1f113b6",
	"2522ffa2-db69-4807-ab45-06acf4cf893a",
	'getCurrentHeartRate',
	'',
	"ba5eda7a-def5-0000-0000-000000000002",
	1,
	'// Calculate sliding average using the most recent samples.

HeartRateConstants::initialize();
select any hrc from instances of HeartRateConstants;
select one workoutTimer related by self->WorkoutTimer[R8.''is_timed_by''];
select many samples related by self->HeartRateSample[R6.''tracks_heart_rate_over_time_as''] where ( selected.time >= ( workoutTimer.time - (hrc.HeartRateSamplingPeriod * hrc.HeartRateAveragingWindow) ) );
numberOfSamples = 0;
sum = 0;
result = 0;
for each sample in samples
  numberOfSamples = numberOfSamples + 1;
  sum = sum + sample.heartRate;
end for;
if ( numberOfSamples > 0 )
  result = sum / numberOfSamples;
end if;

return result;',
	1,
	'',
	"8a49c77a-61a5-4d4e-b83c-04ba076f93ea",
	0);
INSERT INTO ACT_OPB
	VALUES ("924f5f85-fc4d-4f1f-be5d-4b316dee06f7",
	"d88b756e-d419-4489-921e-2296c1f113b6");
INSERT INTO ACT_ACT
	VALUES ("924f5f85-fc4d-4f1f-be5d-4b316dee06f7",
	'operation',
	0,
	"cd615437-e0ac-40dc-8863-18e4cd64b766",
	"00000000-0000-0000-0000-000000000000",
	0,
	'WorkoutSession::getCurrentHeartRate',
	"00000000-0000-0000-0000-000000000000");
INSERT INTO ACT_BLK
	VALUES ("cd615437-e0ac-40dc-8863-18e4cd64b766",
	1,
	0,
	1,
	'',
	'',
	'',
	18,
	1,
	6,
	38,
	0,
	0,
	6,
	54,
	6,
	57,
	0,
	0,
	0,
	"924f5f85-fc4d-4f1f-be5d-4b316dee06f7",
	"00000000-0000-0000-0000-000000000000");
INSERT INTO ACT_SMT
	VALUES ("d1327540-6825-486b-bf83-d67478997184",
	"cd615437-e0ac-40dc-8863-18e4cd64b766",
	"bf63dc59-c6f3-4d9d-a104-bddcad5b8b10",
	3,
	1,
	'WorkoutSession::getCurrentHeartRate line: 3');
INSERT INTO ACT_TFM
	VALUES ("d1327540-6825-486b-bf83-d67478997184",
	"80138b30-4d2d-4ff4-b7ea-0c3e4ea9cd96",
	"00000000-0000-0000-0000-000000000000",
	3,
	21,
	3,
	1);
INSERT INTO ACT_SMT
	VALUES ("bf63dc59-c6f3-4d9d-a104-bddcad5b8b10",
	"cd615437-e0ac-40dc-8863-18e4cd64b766",
	"fe5fa539-5a63-46a3-9daf-b2c53caeab2c",
	4,
	1,
	'WorkoutSession::getCurrentHeartRate line: 4');
INSERT INTO ACT_FIO
	VALUES ("bf63dc59-c6f3-4d9d-a104-bddcad5b8b10",
	"69f931f8-e226-43cc-ae91-922aa4360481",
	1,
	'any',
	"2ffede6f-ddd0-4d78-9129-3ca571333d48",
	4,
	34);
INSERT INTO ACT_SMT
	VALUES ("fe5fa539-5a63-46a3-9daf-b2c53caeab2c",
	"cd615437-e0ac-40dc-8863-18e4cd64b766",
	"6950e3de-8686-44b6-a6a0-1cfaa74cb341",
	5,
	1,
	'WorkoutSession::getCurrentHeartRate line: 5');
INSERT INTO ACT_SEL
	VALUES ("fe5fa539-5a63-46a3-9daf-b2c53caeab2c",
	"0efbb715-9cf5-4397-8531-8263671b358e",
	1,
	'one',
	"0cfe613a-a6e9-4bbc-956b-8047870c5f8e");
INSERT INTO ACT_SR
	VALUES ("fe5fa539-5a63-46a3-9daf-b2c53caeab2c");
INSERT INTO ACT_LNK
	VALUES ("b238f0cc-4b56-44ff-9b95-88fbba2de573",
	'''is_timed_by''',
	"fe5fa539-5a63-46a3-9daf-b2c53caeab2c",
	"b04987ba-d80b-4527-a1fd-894139a710d8",
	"00000000-0000-0000-0000-000000000000",
	2,
	"8d4b82cf-ec16-4fd9-925b-0e51eb64a2f7",
	5,
	42,
	5,
	55,
	5,
	58);
INSERT INTO ACT_SMT
	VALUES ("6950e3de-8686-44b6-a6a0-1cfaa74cb341",
	"cd615437-e0ac-40dc-8863-18e4cd64b766",
	"899aba52-f292-4868-b844-1ac78ef7a594",
	6,
	1,
	'WorkoutSession::getCurrentHeartRate line: 6');
INSERT INTO ACT_SEL
	VALUES ("6950e3de-8686-44b6-a6a0-1cfaa74cb341",
	"e457bc4b-e46e-4b89-95b6-6d42cbcdb610",
	1,
	'many',
	"fbc19307-0677-4d54-b431-d8862a8b001f");
INSERT INTO ACT_SRW
	VALUES ("6950e3de-8686-44b6-a6a0-1cfaa74cb341",
	"7f78618c-a8f7-4488-a71a-2b3fcf905b45");
INSERT INTO ACT_LNK
	VALUES ("360fac34-bc3d-49e9-86b0-069234fe6e0c",
	'''tracks_heart_rate_over_time_as''',
	"6950e3de-8686-44b6-a6a0-1cfaa74cb341",
	"8d48a562-6b17-4277-80b8-dbf2efbb84f7",
	"00000000-0000-0000-0000-000000000000",
	3,
	"33894e85-2ad5-4d7d-a0be-aa0cf2025ab7",
	6,
	38,
	6,
	54,
	6,
	57);
INSERT INTO ACT_SMT
	VALUES ("899aba52-f292-4868-b844-1ac78ef7a594",
	"cd615437-e0ac-40dc-8863-18e4cd64b766",
	"a1670bea-44c6-4bdd-948a-370380b09cb4",
	7,
	1,
	'WorkoutSession::getCurrentHeartRate line: 7');
INSERT INTO ACT_AI
	VALUES ("899aba52-f292-4868-b844-1ac78ef7a594",
	"6c597f05-8517-4fb6-95bd-1935c1fb801f",
	"b1b53c28-0bf8-4f67-b555-38c96ef87900",
	0,
	0);
INSERT INTO ACT_SMT
	VALUES ("a1670bea-44c6-4bdd-948a-370380b09cb4",
	"cd615437-e0ac-40dc-8863-18e4cd64b766",
	"1416877f-3f3a-4a91-a456-ab6e57602209",
	8,
	1,
	'WorkoutSession::getCurrentHeartRate line: 8');
INSERT INTO ACT_AI
	VALUES ("a1670bea-44c6-4bdd-948a-370380b09cb4",
	"f681e7c5-8250-4c2b-9732-f4b18de35a0e",
	"50f56cb7-b0a7-4061-be04-d6d2ac8baa8b",
	0,
	0);
INSERT INTO ACT_SMT
	VALUES ("1416877f-3f3a-4a91-a456-ab6e57602209",
	"cd615437-e0ac-40dc-8863-18e4cd64b766",
	"adfcd3ea-f7a1-48b6-b364-e481f13de8c8",
	9,
	1,
	'WorkoutSession::getCurrentHeartRate line: 9');
INSERT INTO ACT_AI
	VALUES ("1416877f-3f3a-4a91-a456-ab6e57602209",
	"6fd40878-84f6-4055-b8ce-127ad1d6e93f",
	"4899a1a1-4b2d-45af-a8d7-28d2f97d5fa9",
	0,
	0);
INSERT INTO ACT_SMT
	VALUES ("adfcd3ea-f7a1-48b6-b364-e481f13de8c8",
	"cd615437-e0ac-40dc-8863-18e4cd64b766",
	"c453a82e-7232-454d-8159-94d8abf58792",
	10,
	1,
	'WorkoutSession::getCurrentHeartRate line: 10');
INSERT INTO ACT_FOR
	VALUES ("adfcd3ea-f7a1-48b6-b364-e481f13de8c8",
	"785e4dbb-305d-4878-9d4f-181ffc4a5d2e",
	1,
	"23e4f202-961f-4c14-98d2-ca26480764cc",
	"e457bc4b-e46e-4b89-95b6-6d42cbcdb610",
	"33894e85-2ad5-4d7d-a0be-aa0cf2025ab7");
INSERT INTO ACT_SMT
	VALUES ("c453a82e-7232-454d-8159-94d8abf58792",
	"cd615437-e0ac-40dc-8863-18e4cd64b766",
	"9c54fbc9-0660-40ef-8ff3-a0332d057fdf",
	14,
	1,
	'WorkoutSession::getCurrentHeartRate line: 14');
INSERT INTO ACT_IF
	VALUES ("c453a82e-7232-454d-8159-94d8abf58792",
	"ee35be9a-e101-4224-b3b6-80f90f5e09fe",
	"10cb72df-01d2-4b88-be85-450783ed80ec",
	"00000000-0000-0000-0000-000000000000",
	"00000000-0000-0000-0000-000000000000");
INSERT INTO ACT_SMT
	VALUES ("9c54fbc9-0660-40ef-8ff3-a0332d057fdf",
	"cd615437-e0ac-40dc-8863-18e4cd64b766",
	"00000000-0000-0000-0000-000000000000",
	18,
	1,
	'WorkoutSession::getCurrentHeartRate line: 18');
INSERT INTO ACT_RET
	VALUES ("9c54fbc9-0660-40ef-8ff3-a0332d057fdf",
	"323d684c-23b6-4b68-afd4-adf5207a7255");
INSERT INTO V_VAL
	VALUES ("0cfe613a-a6e9-4bbc-956b-8047870c5f8e",
	0,
	0,
	5,
	36,
	39,
	0,
	0,
	0,
	0,
	"ba5eda7a-def5-0000-0000-000000000008",
	"cd615437-e0ac-40dc-8863-18e4cd64b766");
INSERT INTO V_IRF
	VALUES ("0cfe613a-a6e9-4bbc-956b-8047870c5f8e",
	"d5b0f3d9-acfd-4303-a776-7631b2c8c639");
INSERT INTO V_VAL
	VALUES ("fbc19307-0677-4d54-b431-d8862a8b001f",
	0,
	0,
	6,
	32,
	35,
	0,
	0,
	0,
	0,
	"ba5eda7a-def5-0000-0000-000000000008",
	"cd615437-e0ac-40dc-8863-18e4cd64b766");
INSERT INTO V_IRF
	VALUES ("fbc19307-0677-4d54-b431-d8862a8b001f",
	"d5b0f3d9-acfd-4303-a776-7631b2c8c639");
INSERT INTO V_VAL
	VALUES ("ea49ef43-eb89-4391-afe6-3fbe7d1d333c",
	0,
	0,
	6,
	99,
	-1,
	0,
	0,
	0,
	0,
	"ba5eda7a-def5-0000-0000-000000000008",
	"cd615437-e0ac-40dc-8863-18e4cd64b766");
INSERT INTO V_SLR
	VALUES ("ea49ef43-eb89-4391-afe6-3fbe7d1d333c",
	"00000000-0000-0000-0000-000000000000",
	"00000000-0000-0000-0000-000000000000",
	"00000000-0000-0000-0000-000000000000");
INSERT INTO V_VAL
	VALUES ("2797897e-1d50-4d33-828a-aa5cffda1dcd",
	0,
	0,
	6,
	108,
	111,
	0,
	0,
	0,
	0,
	"ba5eda7a-def5-0000-0000-000000000002",
	"cd615437-e0ac-40dc-8863-18e4cd64b766");
INSERT INTO V_AVL
	VALUES ("2797897e-1d50-4d33-828a-aa5cffda1dcd",
	"ea49ef43-eb89-4391-afe6-3fbe7d1d333c",
	"33894e85-2ad5-4d7d-a0be-aa0cf2025ab7",
	"01ea7ec4-7045-4839-a37f-48e099805970");
INSERT INTO V_VAL
	VALUES ("7f78618c-a8f7-4488-a71a-2b3fcf905b45",
	0,
	0,
	6,
	108,
	196,
	0,
	0,
	0,
	0,
	"ba5eda7a-def5-0000-0000-000000000001",
	"cd615437-e0ac-40dc-8863-18e4cd64b766");
INSERT INTO V_BIN
	VALUES ("7f78618c-a8f7-4488-a71a-2b3fcf905b45",
	"3a28dd9a-6146-4c80-bf9f-d8e8cfca5169",
	"2797897e-1d50-4d33-828a-aa5cffda1dcd",
	'>=');
INSERT INTO V_VAL
	VALUES ("ef1deb61-b30e-4547-acd5-6e333b3a7d39",
	0,
	0,
	6,
	118,
	129,
	0,
	0,
	0,
	0,
	"ba5eda7a-def5-0000-0000-000000000008",
	"cd615437-e0ac-40dc-8863-18e4cd64b766");
INSERT INTO V_IRF
	VALUES ("ef1deb61-b30e-4547-acd5-6e333b3a7d39",
	"0efbb715-9cf5-4397-8531-8263671b358e");
INSERT INTO V_VAL
	VALUES ("c4583212-3983-44b6-a797-947a6d90beac",
	0,
	0,
	6,
	131,
	134,
	0,
	0,
	0,
	0,
	"ba5eda7a-def5-0000-0000-000000000002",
	"cd615437-e0ac-40dc-8863-18e4cd64b766");
INSERT INTO V_AVL
	VALUES ("c4583212-3983-44b6-a797-947a6d90beac",
	"ef1deb61-b30e-4547-acd5-6e333b3a7d39",
	"8d4b82cf-ec16-4fd9-925b-0e51eb64a2f7",
	"e4e19783-1a13-4049-a49c-6e687000fdb9");
INSERT INTO V_VAL
	VALUES ("3a28dd9a-6146-4c80-bf9f-d8e8cfca5169",
	0,
	0,
	6,
	131,
	196,
	0,
	0,
	0,
	0,
	"ba5eda7a-def5-0000-0000-000000000002",
	"cd615437-e0ac-40dc-8863-18e4cd64b766");
INSERT INTO V_BIN
	VALUES ("3a28dd9a-6146-4c80-bf9f-d8e8cfca5169",
	"3930abd6-1995-4b1f-a954-82f9c417f4e3",
	"c4583212-3983-44b6-a797-947a6d90beac",
	'-');
INSERT INTO V_VAL
	VALUES ("db66dab3-00d4-4891-ace3-ff544a84b9b3",
	0,
	0,
	6,
	139,
	141,
	0,
	0,
	0,
	0,
	"ba5eda7a-def5-0000-0000-000000000008",
	"cd615437-e0ac-40dc-8863-18e4cd64b766");
INSERT INTO V_IRF
	VALUES ("db66dab3-00d4-4891-ace3-ff544a84b9b3",
	"69f931f8-e226-43cc-ae91-922aa4360481");
INSERT INTO V_VAL
	VALUES ("b3a1c3d1-2ac4-43dd-b20f-17add33abf37",
	0,
	0,
	6,
	143,
	165,
	0,
	0,
	0,
	0,
	"ba5eda7a-def5-0000-0000-000000000002",
	"cd615437-e0ac-40dc-8863-18e4cd64b766");
INSERT INTO V_AVL
	VALUES ("b3a1c3d1-2ac4-43dd-b20f-17add33abf37",
	"db66dab3-00d4-4891-ace3-ff544a84b9b3",
	"2ffede6f-ddd0-4d78-9129-3ca571333d48",
	"d2aac683-6d85-4ad7-8d0a-b598905442d5");
INSERT INTO V_VAL
	VALUES ("3930abd6-1995-4b1f-a954-82f9c417f4e3",
	0,
	0,
	6,
	143,
	196,
	0,
	0,
	0,
	0,
	"ba5eda7a-def5-0000-0000-000000000002",
	"cd615437-e0ac-40dc-8863-18e4cd64b766");
INSERT INTO V_BIN
	VALUES ("3930abd6-1995-4b1f-a954-82f9c417f4e3",
	"4a55d313-303d-4384-8099-640670235577",
	"b3a1c3d1-2ac4-43dd-b20f-17add33abf37",
	'*');
INSERT INTO V_VAL
	VALUES ("95a20442-4e11-43b0-b9d0-cb097c8a09c7",
	0,
	0,
	6,
	169,
	171,
	0,
	0,
	0,
	0,
	"ba5eda7a-def5-0000-0000-000000000008",
	"cd615437-e0ac-40dc-8863-18e4cd64b766");
INSERT INTO V_IRF
	VALUES ("95a20442-4e11-43b0-b9d0-cb097c8a09c7",
	"69f931f8-e226-43cc-ae91-922aa4360481");
INSERT INTO V_VAL
	VALUES ("4a55d313-303d-4384-8099-640670235577",
	0,
	0,
	6,
	173,
	196,
	0,
	0,
	0,
	0,
	"ba5eda7a-def5-0000-0000-000000000002",
	"cd615437-e0ac-40dc-8863-18e4cd64b766");
INSERT INTO V_AVL
	VALUES ("4a55d313-303d-4384-8099-640670235577",
	"95a20442-4e11-43b0-b9d0-cb097c8a09c7",
	"2ffede6f-ddd0-4d78-9129-3ca571333d48",
	"811fbd46-e39f-404d-82ff-c7a2f2e82fe9");
INSERT INTO V_VAL
	VALUES ("b1b53c28-0bf8-4f67-b555-38c96ef87900",
	1,
	1,
	7,
	1,
	15,
	0,
	0,
	0,
	0,
	"ba5eda7a-def5-0000-0000-000000000002",
	"cd615437-e0ac-40dc-8863-18e4cd64b766");
INSERT INTO V_TVL
	VALUES ("b1b53c28-0bf8-4f67-b555-38c96ef87900",
	"4de20236-f7f8-47e3-9361-282cc310a726");
INSERT INTO V_VAL
	VALUES ("6c597f05-8517-4fb6-95bd-1935c1fb801f",
	0,
	0,
	7,
	19,
	19,
	0,
	0,
	0,
	0,
	"ba5eda7a-def5-0000-0000-000000000002",
	"cd615437-e0ac-40dc-8863-18e4cd64b766");
INSERT INTO V_LIN
	VALUES ("6c597f05-8517-4fb6-95bd-1935c1fb801f",
	'0');
INSERT INTO V_VAL
	VALUES ("50f56cb7-b0a7-4061-be04-d6d2ac8baa8b",
	1,
	1,
	8,
	1,
	3,
	0,
	0,
	0,
	0,
	"ba5eda7a-def5-0000-0000-000000000002",
	"cd615437-e0ac-40dc-8863-18e4cd64b766");
INSERT INTO V_TVL
	VALUES ("50f56cb7-b0a7-4061-be04-d6d2ac8baa8b",
	"940ccc92-6b8a-4654-aacb-c45805c1de16");
INSERT INTO V_VAL
	VALUES ("f681e7c5-8250-4c2b-9732-f4b18de35a0e",
	0,
	0,
	8,
	7,
	7,
	0,
	0,
	0,
	0,
	"ba5eda7a-def5-0000-0000-000000000002",
	"cd615437-e0ac-40dc-8863-18e4cd64b766");
INSERT INTO V_LIN
	VALUES ("f681e7c5-8250-4c2b-9732-f4b18de35a0e",
	'0');
INSERT INTO V_VAL
	VALUES ("4899a1a1-4b2d-45af-a8d7-28d2f97d5fa9",
	1,
	1,
	9,
	1,
	6,
	0,
	0,
	0,
	0,
	"ba5eda7a-def5-0000-0000-000000000002",
	"cd615437-e0ac-40dc-8863-18e4cd64b766");
INSERT INTO V_TVL
	VALUES ("4899a1a1-4b2d-45af-a8d7-28d2f97d5fa9",
	"9d2e8ae3-9e26-46b3-bde9-4e562a158672");
INSERT INTO V_VAL
	VALUES ("6fd40878-84f6-4055-b8ce-127ad1d6e93f",
	0,
	0,
	9,
	10,
	10,
	0,
	0,
	0,
	0,
	"ba5eda7a-def5-0000-0000-000000000002",
	"cd615437-e0ac-40dc-8863-18e4cd64b766");
INSERT INTO V_LIN
	VALUES ("6fd40878-84f6-4055-b8ce-127ad1d6e93f",
	'0');
INSERT INTO V_VAL
	VALUES ("df0db3c7-5280-4c66-8411-baf7f24883b7",
	0,
	0,
	14,
	6,
	20,
	0,
	0,
	0,
	0,
	"ba5eda7a-def5-0000-0000-000000000002",
	"cd615437-e0ac-40dc-8863-18e4cd64b766");
INSERT INTO V_TVL
	VALUES ("df0db3c7-5280-4c66-8411-baf7f24883b7",
	"4de20236-f7f8-47e3-9361-282cc310a726");
INSERT INTO V_VAL
	VALUES ("10cb72df-01d2-4b88-be85-450783ed80ec",
	0,
	0,
	14,
	6,
	24,
	0,
	0,
	0,
	0,
	"ba5eda7a-def5-0000-0000-000000000001",
	"cd615437-e0ac-40dc-8863-18e4cd64b766");
INSERT INTO V_BIN
	VALUES ("10cb72df-01d2-4b88-be85-450783ed80ec",
	"ee534c27-2c9f-4bef-8271-dc08b90794be",
	"df0db3c7-5280-4c66-8411-baf7f24883b7",
	'>');
INSERT INTO V_VAL
	VALUES ("ee534c27-2c9f-4bef-8271-dc08b90794be",
	0,
	0,
	14,
	24,
	24,
	0,
	0,
	0,
	0,
	"ba5eda7a-def5-0000-0000-000000000002",
	"cd615437-e0ac-40dc-8863-18e4cd64b766");
INSERT INTO V_LIN
	VALUES ("ee534c27-2c9f-4bef-8271-dc08b90794be",
	'0');
INSERT INTO V_VAL
	VALUES ("323d684c-23b6-4b68-afd4-adf5207a7255",
	0,
	0,
	18,
	8,
	13,
	0,
	0,
	0,
	0,
	"ba5eda7a-def5-0000-0000-000000000002",
	"cd615437-e0ac-40dc-8863-18e4cd64b766");
INSERT INTO V_TVL
	VALUES ("323d684c-23b6-4b68-afd4-adf5207a7255",
	"9d2e8ae3-9e26-46b3-bde9-4e562a158672");
INSERT INTO V_VAR
	VALUES ("69f931f8-e226-43cc-ae91-922aa4360481",
	"cd615437-e0ac-40dc-8863-18e4cd64b766",
	'hrc',
	1,
	"ba5eda7a-def5-0000-0000-000000000008");
INSERT INTO V_INT
	VALUES ("69f931f8-e226-43cc-ae91-922aa4360481",
	0,
	"2ffede6f-ddd0-4d78-9129-3ca571333d48");
INSERT INTO V_VAR
	VALUES ("0efbb715-9cf5-4397-8531-8263671b358e",
	"cd615437-e0ac-40dc-8863-18e4cd64b766",
	'workoutTimer',
	1,
	"ba5eda7a-def5-0000-0000-000000000008");
INSERT INTO V_INT
	VALUES ("0efbb715-9cf5-4397-8531-8263671b358e",
	0,
	"8d4b82cf-ec16-4fd9-925b-0e51eb64a2f7");
INSERT INTO V_VAR
	VALUES ("d5b0f3d9-acfd-4303-a776-7631b2c8c639",
	"cd615437-e0ac-40dc-8863-18e4cd64b766",
	'self',
	1,
	"ba5eda7a-def5-0000-0000-000000000008");
INSERT INTO V_INT
	VALUES ("d5b0f3d9-acfd-4303-a776-7631b2c8c639",
	0,
	"2522ffa2-db69-4807-ab45-06acf4cf893a");
INSERT INTO V_VAR
	VALUES ("e457bc4b-e46e-4b89-95b6-6d42cbcdb610",
	"cd615437-e0ac-40dc-8863-18e4cd64b766",
	'samples',
	1,
	"ba5eda7a-def5-0000-0000-000000000009");
INSERT INTO V_INS
	VALUES ("e457bc4b-e46e-4b89-95b6-6d42cbcdb610",
	"33894e85-2ad5-4d7d-a0be-aa0cf2025ab7");
INSERT INTO V_VAR
	VALUES ("4de20236-f7f8-47e3-9361-282cc310a726",
	"cd615437-e0ac-40dc-8863-18e4cd64b766",
	'numberOfSamples',
	1,
	"ba5eda7a-def5-0000-0000-000000000002");
INSERT INTO V_TRN
	VALUES ("4de20236-f7f8-47e3-9361-282cc310a726",
	"00000000-0000-0000-0000-000000000000",
	'');
INSERT INTO V_VAR
	VALUES ("940ccc92-6b8a-4654-aacb-c45805c1de16",
	"cd615437-e0ac-40dc-8863-18e4cd64b766",
	'sum',
	1,
	"ba5eda7a-def5-0000-0000-000000000002");
INSERT INTO V_TRN
	VALUES ("940ccc92-6b8a-4654-aacb-c45805c1de16",
	"00000000-0000-0000-0000-000000000000",
	'');
INSERT INTO V_VAR
	VALUES ("9d2e8ae3-9e26-46b3-bde9-4e562a158672",
	"cd615437-e0ac-40dc-8863-18e4cd64b766",
	'result',
	1,
	"ba5eda7a-def5-0000-0000-000000000002");
INSERT INTO V_TRN
	VALUES ("9d2e8ae3-9e26-46b3-bde9-4e562a158672",
	"00000000-0000-0000-0000-000000000000",
	'');
INSERT INTO V_VAR
	VALUES ("23e4f202-961f-4c14-98d2-ca26480764cc",
	"cd615437-e0ac-40dc-8863-18e4cd64b766",
	'sample',
	1,
	"ba5eda7a-def5-0000-0000-000000000008");
INSERT INTO V_INT
	VALUES ("23e4f202-961f-4c14-98d2-ca26480764cc",
	1,
	"33894e85-2ad5-4d7d-a0be-aa0cf2025ab7");
INSERT INTO ACT_BLK
	VALUES ("785e4dbb-305d-4878-9d4f-181ffc4a5d2e",
	0,
	0,
	0,
	'',
	'',
	'',
	12,
	3,
	0,
	0,
	0,
	0,
	0,
	0,
	0,
	0,
	0,
	0,
	0,
	"924f5f85-fc4d-4f1f-be5d-4b316dee06f7",
	"00000000-0000-0000-0000-000000000000");
INSERT INTO ACT_SMT
	VALUES ("9432d4ba-fe06-48bc-8d5d-d5370309a200",
	"785e4dbb-305d-4878-9d4f-181ffc4a5d2e",
	"a0a3e863-beb5-42ad-a978-6edaac2a95c4",
	11,
	3,
	'WorkoutSession::getCurrentHeartRate line: 11');
INSERT INTO ACT_AI
	VALUES ("9432d4ba-fe06-48bc-8d5d-d5370309a200",
	"1e8e28af-71e3-42f9-8c24-7a724c363cc4",
	"844ec669-a6a9-415b-b5f9-984efc204b47",
	0,
	0);
INSERT INTO ACT_SMT
	VALUES ("a0a3e863-beb5-42ad-a978-6edaac2a95c4",
	"785e4dbb-305d-4878-9d4f-181ffc4a5d2e",
	"00000000-0000-0000-0000-000000000000",
	12,
	3,
	'WorkoutSession::getCurrentHeartRate line: 12');
INSERT INTO ACT_AI
	VALUES ("a0a3e863-beb5-42ad-a978-6edaac2a95c4",
	"a0549a8c-b8f4-4c8f-9792-12c31cc9c075",
	"333062cf-bc07-4895-9cf0-47c310a9055d",
	0,
	0);
INSERT INTO V_VAL
	VALUES ("844ec669-a6a9-415b-b5f9-984efc204b47",
	1,
	0,
	11,
	3,
	17,
	0,
	0,
	0,
	0,
	"ba5eda7a-def5-0000-0000-000000000002",
	"785e4dbb-305d-4878-9d4f-181ffc4a5d2e");
INSERT INTO V_TVL
	VALUES ("844ec669-a6a9-415b-b5f9-984efc204b47",
	"4de20236-f7f8-47e3-9361-282cc310a726");
INSERT INTO V_VAL
	VALUES ("b5b3a7a0-b0b9-4b32-bbc9-4e574470e246",
	0,
	0,
	11,
	21,
	35,
	0,
	0,
	0,
	0,
	"ba5eda7a-def5-0000-0000-000000000002",
	"785e4dbb-305d-4878-9d4f-181ffc4a5d2e");
INSERT INTO V_TVL
	VALUES ("b5b3a7a0-b0b9-4b32-bbc9-4e574470e246",
	"4de20236-f7f8-47e3-9361-282cc310a726");
INSERT INTO V_VAL
	VALUES ("1e8e28af-71e3-42f9-8c24-7a724c363cc4",
	0,
	0,
	11,
	21,
	39,
	0,
	0,
	0,
	0,
	"ba5eda7a-def5-0000-0000-000000000002",
	"785e4dbb-305d-4878-9d4f-181ffc4a5d2e");
INSERT INTO V_BIN
	VALUES ("1e8e28af-71e3-42f9-8c24-7a724c363cc4",
	"a2a886ed-7d00-471a-a714-520db68e15d9",
	"b5b3a7a0-b0b9-4b32-bbc9-4e574470e246",
	'+');
INSERT INTO V_VAL
	VALUES ("a2a886ed-7d00-471a-a714-520db68e15d9",
	0,
	0,
	11,
	39,
	39,
	0,
	0,
	0,
	0,
	"ba5eda7a-def5-0000-0000-000000000002",
	"785e4dbb-305d-4878-9d4f-181ffc4a5d2e");
INSERT INTO V_LIN
	VALUES ("a2a886ed-7d00-471a-a714-520db68e15d9",
	'1');
INSERT INTO V_VAL
	VALUES ("333062cf-bc07-4895-9cf0-47c310a9055d",
	1,
	0,
	12,
	3,
	5,
	0,
	0,
	0,
	0,
	"ba5eda7a-def5-0000-0000-000000000002",
	"785e4dbb-305d-4878-9d4f-181ffc4a5d2e");
INSERT INTO V_TVL
	VALUES ("333062cf-bc07-4895-9cf0-47c310a9055d",
	"940ccc92-6b8a-4654-aacb-c45805c1de16");
INSERT INTO V_VAL
	VALUES ("5d511acd-da03-47d2-81d5-e78fdc4700cf",
	0,
	0,
	12,
	9,
	11,
	0,
	0,
	0,
	0,
	"ba5eda7a-def5-0000-0000-000000000002",
	"785e4dbb-305d-4878-9d4f-181ffc4a5d2e");
INSERT INTO V_TVL
	VALUES ("5d511acd-da03-47d2-81d5-e78fdc4700cf",
	"940ccc92-6b8a-4654-aacb-c45805c1de16");
INSERT INTO V_VAL
	VALUES ("a0549a8c-b8f4-4c8f-9792-12c31cc9c075",
	0,
	0,
	12,
	9,
	30,
	0,
	0,
	0,
	0,
	"ba5eda7a-def5-0000-0000-000000000002",
	"785e4dbb-305d-4878-9d4f-181ffc4a5d2e");
INSERT INTO V_BIN
	VALUES ("a0549a8c-b8f4-4c8f-9792-12c31cc9c075",
	"640182e7-052b-43e2-8f76-4bd9023bed88",
	"5d511acd-da03-47d2-81d5-e78fdc4700cf",
	'+');
INSERT INTO V_VAL
	VALUES ("642eb965-1071-44a3-9e2b-9af3f224f06f",
	0,
	0,
	12,
	15,
	20,
	0,
	0,
	0,
	0,
	"ba5eda7a-def5-0000-0000-000000000008",
	"785e4dbb-305d-4878-9d4f-181ffc4a5d2e");
INSERT INTO V_IRF
	VALUES ("642eb965-1071-44a3-9e2b-9af3f224f06f",
	"23e4f202-961f-4c14-98d2-ca26480764cc");
INSERT INTO V_VAL
	VALUES ("640182e7-052b-43e2-8f76-4bd9023bed88",
	0,
	0,
	12,
	22,
	30,
	0,
	0,
	0,
	0,
	"ba5eda7a-def5-0000-0000-000000000002",
	"785e4dbb-305d-4878-9d4f-181ffc4a5d2e");
INSERT INTO V_AVL
	VALUES ("640182e7-052b-43e2-8f76-4bd9023bed88",
	"642eb965-1071-44a3-9e2b-9af3f224f06f",
	"33894e85-2ad5-4d7d-a0be-aa0cf2025ab7",
	"12f72ec0-2d92-4710-b09d-01bcbf365008");
INSERT INTO ACT_BLK
	VALUES ("ee35be9a-e101-4224-b3b6-80f90f5e09fe",
	0,
	0,
	0,
	'',
	'',
	'',
	15,
	3,
	0,
	0,
	0,
	0,
	0,
	0,
	0,
	0,
	0,
	0,
	0,
	"924f5f85-fc4d-4f1f-be5d-4b316dee06f7",
	"00000000-0000-0000-0000-000000000000");
INSERT INTO ACT_SMT
	VALUES ("3c50cf17-bf75-4a6d-ae19-d2a3b4391610",
	"ee35be9a-e101-4224-b3b6-80f90f5e09fe",
	"00000000-0000-0000-0000-000000000000",
	15,
	3,
	'WorkoutSession::getCurrentHeartRate line: 15');
INSERT INTO ACT_AI
	VALUES ("3c50cf17-bf75-4a6d-ae19-d2a3b4391610",
	"30c6d7bb-ed96-4d8a-a612-a419e31dfde1",
	"dfcd1f49-f3e0-4e4a-a034-3c9e46684cca",
	0,
	0);
INSERT INTO V_VAL
	VALUES ("dfcd1f49-f3e0-4e4a-a034-3c9e46684cca",
	1,
	0,
	15,
	3,
	8,
	0,
	0,
	0,
	0,
	"ba5eda7a-def5-0000-0000-000000000002",
	"ee35be9a-e101-4224-b3b6-80f90f5e09fe");
INSERT INTO V_TVL
	VALUES ("dfcd1f49-f3e0-4e4a-a034-3c9e46684cca",
	"9d2e8ae3-9e26-46b3-bde9-4e562a158672");
INSERT INTO V_VAL
	VALUES ("ee33d6b2-530b-404b-888d-61131fa79624",
	0,
	0,
	15,
	12,
	14,
	0,
	0,
	0,
	0,
	"ba5eda7a-def5-0000-0000-000000000002",
	"ee35be9a-e101-4224-b3b6-80f90f5e09fe");
INSERT INTO V_TVL
	VALUES ("ee33d6b2-530b-404b-888d-61131fa79624",
	"940ccc92-6b8a-4654-aacb-c45805c1de16");
INSERT INTO V_VAL
	VALUES ("30c6d7bb-ed96-4d8a-a612-a419e31dfde1",
	0,
	0,
	15,
	12,
	32,
	0,
	0,
	0,
	0,
	"ba5eda7a-def5-0000-0000-000000000002",
	"ee35be9a-e101-4224-b3b6-80f90f5e09fe");
INSERT INTO V_BIN
	VALUES ("30c6d7bb-ed96-4d8a-a612-a419e31dfde1",
	"e5e50040-617f-4ddd-a18e-21734b0d56bd",
	"ee33d6b2-530b-404b-888d-61131fa79624",
	'/');
INSERT INTO V_VAL
	VALUES ("e5e50040-617f-4ddd-a18e-21734b0d56bd",
	0,
	0,
	15,
	18,
	32,
	0,
	0,
	0,
	0,
	"ba5eda7a-def5-0000-0000-000000000002",
	"ee35be9a-e101-4224-b3b6-80f90f5e09fe");
INSERT INTO V_TVL
	VALUES ("e5e50040-617f-4ddd-a18e-21734b0d56bd",
	"4de20236-f7f8-47e3-9361-282cc310a726");
INSERT INTO O_NBATTR
	VALUES ("7f25f45e-231c-4cfe-9481-7a86cabddbc6",
	"2522ffa2-db69-4807-ab45-06acf4cf893a");
INSERT INTO O_BATTR
	VALUES ("7f25f45e-231c-4cfe-9481-7a86cabddbc6",
	"2522ffa2-db69-4807-ab45-06acf4cf893a");
INSERT INTO O_ATTR
	VALUES ("7f25f45e-231c-4cfe-9481-7a86cabddbc6",
	"2522ffa2-db69-4807-ab45-06acf4cf893a",
	"00000000-0000-0000-0000-000000000000",
	'startTime',
	'UTC time at which this session commenced.',
	'',
	'startTime',
	0,
	"ba5eda7a-def5-0000-0000-000000000010",
	'',
	'');
INSERT INTO O_NBATTR
	VALUES ("d1d48d20-03f1-4c3c-b920-f64ef7b8a4d3",
	"2522ffa2-db69-4807-ab45-06acf4cf893a");
INSERT INTO O_BATTR
	VALUES ("d1d48d20-03f1-4c3c-b920-f64ef7b8a4d3",
	"2522ffa2-db69-4807-ab45-06acf4cf893a");
INSERT INTO O_ATTR
	VALUES ("d1d48d20-03f1-4c3c-b920-f64ef7b8a4d3",
	"2522ffa2-db69-4807-ab45-06acf4cf893a",
	"7f25f45e-231c-4cfe-9481-7a86cabddbc6",
	'accumulatedDistance',
	'Accumulated distance, expressed in meters, for this workout session.',
	'',
	'accumulatedDistance',
	0,
	"ba5eda7a-def5-0000-0000-000000000003",
	'',
	'');
INSERT INTO O_ID
	VALUES (0,
	"2522ffa2-db69-4807-ab45-06acf4cf893a");
INSERT INTO O_OIDA
	VALUES ("7f25f45e-231c-4cfe-9481-7a86cabddbc6",
	"2522ffa2-db69-4807-ab45-06acf4cf893a",
	0,
	'startTime');
INSERT INTO O_ID
	VALUES (1,
	"2522ffa2-db69-4807-ab45-06acf4cf893a");
INSERT INTO O_ID
	VALUES (2,
	"2522ffa2-db69-4807-ab45-06acf4cf893a");
INSERT INTO PE_PE
	VALUES ("8d4b82cf-ec16-4fd9-925b-0e51eb64a2f7",
	1,
	"a09220a4-d685-4338-83fd-0d42f7c7e308",
	"00000000-0000-0000-0000-000000000000",
	4);
INSERT INTO O_OBJ
	VALUES ("8d4b82cf-ec16-4fd9-925b-0e51eb64a2f7",
	'WorkoutTimer',
	1,
	'WorkoutTimer',
	'Represents the stopwatch portion of the device.
This class also knows:
- Track points are stored only when the stopwatch is running.
- If a goal is executing, evaluation of it must be paused when
the timer pauses.
- How to handle the lap/reset signal based on whether the 
stopwatch is currently running.

This is a singleton instance.
',
	"00000000-0000-0000-0000-000000000000");
INSERT INTO O_TFR
	VALUES ("1363f0df-e630-4deb-a831-ed6cbcc9a974",
	"8d4b82cf-ec16-4fd9-925b-0e51eb64a2f7",
	'activate',
	'',
	"ba5eda7a-def5-0000-0000-000000000000",
	1,
	'// Start the underlying timer that drives the workout timer.
WorkoutTimerConstants::initialize();
select any wtc from instances of WorkoutTimerConstants;
create event instance evt of WorkoutTimer3:tick() to self; 
self.timer = TIM::timer_start_recurring( event_inst: evt, microseconds: (wtc.timerPeriod * 1000000) );

// Resume evaluation of the currently executing goal, if there is one.
select one executingGoal related by self->WorkoutSession[R8.''acts_as_the_stopwatch_for'']->Goal[R11.''is_currently_executing''];
if ( not empty executingGoal )
  generate Goal2:Evaluate to executingGoal;
end if;

// Resume listening for updates from the GPS and heart monitor.
send LOC::registerListener();
send HR::registerListener();',
	1,
	'',
	"00000000-0000-0000-0000-000000000000",
	0);
INSERT INTO ACT_OPB
	VALUES ("ce0601e0-cdd9-48e0-9f3c-86e7021683f6",
	"1363f0df-e630-4deb-a831-ed6cbcc9a974");
INSERT INTO ACT_ACT
	VALUES ("ce0601e0-cdd9-48e0-9f3c-86e7021683f6",
	'operation',
	0,
	"cf2898f6-4516-4ad0-bb86-934ba55f09ff",
	"00000000-0000-0000-0000-000000000000",
	0,
	'WorkoutTimer::activate',
	"00000000-0000-0000-0000-000000000000");
INSERT INTO ACT_BLK
	VALUES ("cf2898f6-4516-4ad0-bb86-934ba55f09ff",
	1,
	0,
	0,
	'HR',
	'',
	'',
	15,
	1,
	15,
	6,
	0,
	0,
	8,
	96,
	8,
	100,
	0,
	0,
	0,
	"ce0601e0-cdd9-48e0-9f3c-86e7021683f6",
	"00000000-0000-0000-0000-000000000000");
INSERT INTO ACT_SMT
	VALUES ("3cfe712c-f218-499d-9d65-a35b4207cc9c",
	"cf2898f6-4516-4ad0-bb86-934ba55f09ff",
	"52160f48-afe7-4e9a-bdef-553453bdc250",
	2,
	1,
	'WorkoutTimer::activate line: 2');
INSERT INTO ACT_TFM
	VALUES ("3cfe712c-f218-499d-9d65-a35b4207cc9c",
	"bccaa7bb-2dfd-43aa-82b3-87b4d3767a2f",
	"00000000-0000-0000-0000-000000000000",
	2,
	24,
	2,
	1);
INSERT INTO ACT_SMT
	VALUES ("52160f48-afe7-4e9a-bdef-553453bdc250",
	"cf2898f6-4516-4ad0-bb86-934ba55f09ff",
	"511f560b-afe0-4f17-b18c-e50707c53757",
	3,
	1,
	'WorkoutTimer::activate line: 3');
INSERT INTO ACT_FIO
	VALUES ("52160f48-afe7-4e9a-bdef-553453bdc250",
	"7bb50750-ee3f-41a0-aab1-da0df7ceaaa8",
	1,
	'any',
	"17e74bc8-2fe2-41d4-9ca1-908471be35f1",
	3,
	34);
INSERT INTO ACT_SMT
	VALUES ("511f560b-afe0-4f17-b18c-e50707c53757",
	"cf2898f6-4516-4ad0-bb86-934ba55f09ff",
	"f6a10a2f-fc73-455e-8f45-0f3d01bb760a",
	4,
	1,
	'WorkoutTimer::activate line: 4');
INSERT INTO E_ESS
	VALUES ("511f560b-afe0-4f17-b18c-e50707c53757",
	1,
	0,
	4,
	30,
	4,
	44,
	3,
	34,
	0,
	0,
	0,
	0);
INSERT INTO E_CES
	VALUES ("511f560b-afe0-4f17-b18c-e50707c53757",
	1,
	"0c95da6e-7e8d-4e8f-94c4-04d1f5c5c8a0");
INSERT INTO E_CSME
	VALUES ("511f560b-afe0-4f17-b18c-e50707c53757",
	"6bdfdd94-2378-4869-b76c-32d7f4a2f038");
INSERT INTO E_CEI
	VALUES ("511f560b-afe0-4f17-b18c-e50707c53757",
	"aeeb7033-fbca-4546-a109-201bb723a212");
INSERT INTO ACT_SMT
	VALUES ("f6a10a2f-fc73-455e-8f45-0f3d01bb760a",
	"cf2898f6-4516-4ad0-bb86-934ba55f09ff",
	"7c05e151-4edf-4ce3-9112-c4dc34709988",
	5,
	1,
	'WorkoutTimer::activate line: 5');
INSERT INTO ACT_AI
	VALUES ("f6a10a2f-fc73-455e-8f45-0f3d01bb760a",
	"1394855a-7c67-41f7-acfe-1609d19a333c",
	"4f08e417-96bc-46e2-bff9-77d5a07b2d81",
	0,
	0);
INSERT INTO ACT_SMT
	VALUES ("7c05e151-4edf-4ce3-9112-c4dc34709988",
	"cf2898f6-4516-4ad0-bb86-934ba55f09ff",
	"a69cea92-6377-4410-8b5b-b446d25db53c",
	8,
	1,
	'WorkoutTimer::activate line: 8');
INSERT INTO ACT_SEL
	VALUES ("7c05e151-4edf-4ce3-9112-c4dc34709988",
	"18c47c25-12f7-46de-b219-384f52dad61a",
	1,
	'one',
	"943c7a55-f8bd-4e19-a513-da3b09420092");
INSERT INTO ACT_SR
	VALUES ("7c05e151-4edf-4ce3-9112-c4dc34709988");
INSERT INTO ACT_LNK
	VALUES ("7c689c78-b19d-4a63-9433-2dc68ac2e54f",
	'''acts_as_the_stopwatch_for''',
	"7c05e151-4edf-4ce3-9112-c4dc34709988",
	"b04987ba-d80b-4527-a1fd-894139a710d8",
	"c2d1dfa4-07a2-47dd-a33c-261f8c8f5fb6",
	2,
	"2522ffa2-db69-4807-ab45-06acf4cf893a",
	8,
	43,
	8,
	58,
	8,
	61);
INSERT INTO ACT_LNK
	VALUES ("c2d1dfa4-07a2-47dd-a33c-261f8c8f5fb6",
	'''is_currently_executing''',
	"00000000-0000-0000-0000-000000000000",
	"50d628e2-9d2f-4810-93d9-44fb62bf9031",
	"00000000-0000-0000-0000-000000000000",
	2,
	"c1022670-c44d-401e-bb23-dfcef6084fba",
	8,
	91,
	8,
	96,
	8,
	100);
INSERT INTO ACT_SMT
	VALUES ("a69cea92-6377-4410-8b5b-b446d25db53c",
	"cf2898f6-4516-4ad0-bb86-934ba55f09ff",
	"131d6c59-5a14-4dfc-929d-2fe98dc7b13f",
	9,
	1,
	'WorkoutTimer::activate line: 9');
INSERT INTO ACT_IF
	VALUES ("a69cea92-6377-4410-8b5b-b446d25db53c",
	"80bfcb58-58b2-4048-8680-28aa3e5c5549",
	"4bf0f77f-5024-428f-8fef-717035577098",
	"00000000-0000-0000-0000-000000000000",
	"00000000-0000-0000-0000-000000000000");
INSERT INTO ACT_SMT
	VALUES ("131d6c59-5a14-4dfc-929d-2fe98dc7b13f",
	"cf2898f6-4516-4ad0-bb86-934ba55f09ff",
	"d3873e7b-4258-4c2e-a3eb-3c817d805628",
	14,
	1,
	'WorkoutTimer::activate line: 14');
INSERT INTO ACT_SGN
	VALUES ("131d6c59-5a14-4dfc-929d-2fe98dc7b13f",
	14,
	11,
	14,
	6,
	"00000000-0000-0000-0000-000000000000",
	"0c65d576-9625-4911-a6bf-eeee00bc43c6",
	"00000000-0000-0000-0000-000000000000");
INSERT INTO ACT_SMT
	VALUES ("d3873e7b-4258-4c2e-a3eb-3c817d805628",
	"cf2898f6-4516-4ad0-bb86-934ba55f09ff",
	"00000000-0000-0000-0000-000000000000",
	15,
	1,
	'WorkoutTimer::activate line: 15');
INSERT INTO ACT_SGN
	VALUES ("d3873e7b-4258-4c2e-a3eb-3c817d805628",
	15,
	10,
	15,
	6,
	"00000000-0000-0000-0000-000000000000",
	"4cbd0d8d-2de2-40fa-9802-9b1dcfd37e12",
	"00000000-0000-0000-0000-000000000000");
INSERT INTO V_VAL
	VALUES ("bea919e8-4f9e-47dc-b8bf-8919f9968312",
	1,
	0,
	5,
	1,
	4,
	0,
	0,
	0,
	0,
	"ba5eda7a-def5-0000-0000-000000000008",
	"cf2898f6-4516-4ad0-bb86-934ba55f09ff");
INSERT INTO V_IRF
	VALUES ("bea919e8-4f9e-47dc-b8bf-8919f9968312",
	"aeeb7033-fbca-4546-a109-201bb723a212");
INSERT INTO V_VAL
	VALUES ("4f08e417-96bc-46e2-bff9-77d5a07b2d81",
	1,
	0,
	5,
	6,
	10,
	0,
	0,
	0,
	0,
	"ba5eda7a-def5-0000-0000-00000000000f",
	"cf2898f6-4516-4ad0-bb86-934ba55f09ff");
INSERT INTO V_AVL
	VALUES ("4f08e417-96bc-46e2-bff9-77d5a07b2d81",
	"bea919e8-4f9e-47dc-b8bf-8919f9968312",
	"8d4b82cf-ec16-4fd9-925b-0e51eb64a2f7",
	"028a1fbf-af1a-4cf1-b6de-f791fa44e73e");
INSERT INTO V_VAL
	VALUES ("1394855a-7c67-41f7-acfe-1609d19a333c",
	0,
	0,
	5,
	19,
	-1,
	5,
	42,
	5,
	59,
	"ba5eda7a-def5-0000-0000-00000000000f",
	"cf2898f6-4516-4ad0-bb86-934ba55f09ff");
INSERT INTO V_BRV
	VALUES ("1394855a-7c67-41f7-acfe-1609d19a333c",
	"16322409-ab18-4a8a-8189-42924b6ad4c7",
	1,
	5,
	14);
INSERT INTO V_VAL
	VALUES ("175a9d80-b4d0-42f8-a0db-51e988cb2211",
	0,
	0,
	5,
	54,
	56,
	0,
	0,
	0,
	0,
	"ba5eda7a-def5-0000-0000-00000000000a",
	"cf2898f6-4516-4ad0-bb86-934ba55f09ff");
INSERT INTO V_TVL
	VALUES ("175a9d80-b4d0-42f8-a0db-51e988cb2211",
	"0c95da6e-7e8d-4e8f-94c4-04d1f5c5c8a0");
INSERT INTO V_PAR
	VALUES ("175a9d80-b4d0-42f8-a0db-51e988cb2211",
	"00000000-0000-0000-0000-000000000000",
	"1394855a-7c67-41f7-acfe-1609d19a333c",
	'event_inst',
	"60d4034f-123c-4898-9d5f-39793bc33311",
	5,
	42);
INSERT INTO V_VAL
	VALUES ("c7b1fa9c-b4c0-4738-b09b-80dc854afeda",
	0,
	0,
	5,
	74,
	76,
	0,
	0,
	0,
	0,
	"ba5eda7a-def5-0000-0000-000000000008",
	"cf2898f6-4516-4ad0-bb86-934ba55f09ff");
INSERT INTO V_IRF
	VALUES ("c7b1fa9c-b4c0-4738-b09b-80dc854afeda",
	"7bb50750-ee3f-41a0-aab1-da0df7ceaaa8");
INSERT INTO V_VAL
	VALUES ("b675fa6e-f5fe-4489-b3fa-790acb658a9a",
	0,
	0,
	5,
	78,
	88,
	0,
	0,
	0,
	0,
	"ba5eda7a-def5-0000-0000-000000000002",
	"cf2898f6-4516-4ad0-bb86-934ba55f09ff");
INSERT INTO V_AVL
	VALUES ("b675fa6e-f5fe-4489-b3fa-790acb658a9a",
	"c7b1fa9c-b4c0-4738-b09b-80dc854afeda",
	"17e74bc8-2fe2-41d4-9ca1-908471be35f1",
	"16b3076b-7ab6-4cd8-8965-252836ca551d");
INSERT INTO V_VAL
	VALUES ("60d4034f-123c-4898-9d5f-39793bc33311",
	0,
	0,
	5,
	78,
	98,
	0,
	0,
	0,
	0,
	"ba5eda7a-def5-0000-0000-000000000002",
	"cf2898f6-4516-4ad0-bb86-934ba55f09ff");
INSERT INTO V_BIN
	VALUES ("60d4034f-123c-4898-9d5f-39793bc33311",
	"78b801e3-5e16-4a30-ae37-17bd998b16ca",
	"b675fa6e-f5fe-4489-b3fa-790acb658a9a",
	'*');
INSERT INTO V_PAR
	VALUES ("60d4034f-123c-4898-9d5f-39793bc33311",
	"00000000-0000-0000-0000-000000000000",
	"1394855a-7c67-41f7-acfe-1609d19a333c",
	'microseconds',
	"00000000-0000-0000-0000-000000000000",
	5,
	59);
INSERT INTO V_VAL
	VALUES ("78b801e3-5e16-4a30-ae37-17bd998b16ca",
	0,
	0,
	5,
	92,
	98,
	0,
	0,
	0,
	0,
	"ba5eda7a-def5-0000-0000-000000000002",
	"cf2898f6-4516-4ad0-bb86-934ba55f09ff");
INSERT INTO V_LIN
	VALUES ("78b801e3-5e16-4a30-ae37-17bd998b16ca",
	'1000000');
INSERT INTO V_VAL
	VALUES ("943c7a55-f8bd-4e19-a513-da3b09420092",
	0,
	0,
	8,
	37,
	40,
	0,
	0,
	0,
	0,
	"ba5eda7a-def5-0000-0000-000000000008",
	"cf2898f6-4516-4ad0-bb86-934ba55f09ff");
INSERT INTO V_IRF
	VALUES ("943c7a55-f8bd-4e19-a513-da3b09420092",
	"aeeb7033-fbca-4546-a109-201bb723a212");
INSERT INTO V_VAL
	VALUES ("0208f6f9-b320-4dd8-a39e-7404110941c1",
	0,
	0,
	9,
	16,
	28,
	0,
	0,
	0,
	0,
	"ba5eda7a-def5-0000-0000-000000000008",
	"cf2898f6-4516-4ad0-bb86-934ba55f09ff");
INSERT INTO V_IRF
	VALUES ("0208f6f9-b320-4dd8-a39e-7404110941c1",
	"18c47c25-12f7-46de-b219-384f52dad61a");
INSERT INTO V_VAL
	VALUES ("960daef0-6ff6-426b-b4f9-fd16383d8f2e",
	0,
	0,
	-1,
	-1,
	-1,
	0,
	0,
	0,
	0,
	"ba5eda7a-def5-0000-0000-000000000001",
	"cf2898f6-4516-4ad0-bb86-934ba55f09ff");
INSERT INTO V_UNY
	VALUES ("960daef0-6ff6-426b-b4f9-fd16383d8f2e",
	"0208f6f9-b320-4dd8-a39e-7404110941c1",
	'empty');
INSERT INTO V_VAL
	VALUES ("4bf0f77f-5024-428f-8fef-717035577098",
	0,
	0,
	-1,
	-1,
	-1,
	0,
	0,
	0,
	0,
	"ba5eda7a-def5-0000-0000-000000000001",
	"cf2898f6-4516-4ad0-bb86-934ba55f09ff");
INSERT INTO V_UNY
	VALUES ("4bf0f77f-5024-428f-8fef-717035577098",
	"960daef0-6ff6-426b-b4f9-fd16383d8f2e",
	'not');
INSERT INTO V_VAR
	VALUES ("7bb50750-ee3f-41a0-aab1-da0df7ceaaa8",
	"cf2898f6-4516-4ad0-bb86-934ba55f09ff",
	'wtc',
	1,
	"ba5eda7a-def5-0000-0000-000000000008");
INSERT INTO V_INT
	VALUES ("7bb50750-ee3f-41a0-aab1-da0df7ceaaa8",
	0,
	"17e74bc8-2fe2-41d4-9ca1-908471be35f1");
INSERT INTO V_VAR
	VALUES ("0c95da6e-7e8d-4e8f-94c4-04d1f5c5c8a0",
	"cf2898f6-4516-4ad0-bb86-934ba55f09ff",
	'evt',
	1,
	"ba5eda7a-def5-0000-0000-00000000000a");
INSERT INTO V_TRN
	VALUES ("0c95da6e-7e8d-4e8f-94c4-04d1f5c5c8a0",
	"00000000-0000-0000-0000-000000000000",
	'');
INSERT INTO V_VAR
	VALUES ("aeeb7033-fbca-4546-a109-201bb723a212",
	"cf2898f6-4516-4ad0-bb86-934ba55f09ff",
	'self',
	1,
	"ba5eda7a-def5-0000-0000-000000000008");
INSERT INTO V_INT
	VALUES ("aeeb7033-fbca-4546-a109-201bb723a212",
	0,
	"8d4b82cf-ec16-4fd9-925b-0e51eb64a2f7");
INSERT INTO V_VAR
	VALUES ("18c47c25-12f7-46de-b219-384f52dad61a",
	"cf2898f6-4516-4ad0-bb86-934ba55f09ff",
	'executingGoal',
	1,
	"ba5eda7a-def5-0000-0000-000000000008");
INSERT INTO V_INT
	VALUES ("18c47c25-12f7-46de-b219-384f52dad61a",
	0,
	"c1022670-c44d-401e-bb23-dfcef6084fba");
INSERT INTO ACT_BLK
	VALUES ("80bfcb58-58b2-4048-8680-28aa3e5c5549",
	0,
	0,
	0,
	'V_VAR.Var_ID',
	'',
	'',
	10,
	3,
	0,
	0,
	0,
	0,
	0,
	0,
	0,
	0,
	0,
	0,
	0,
	"ce0601e0-cdd9-48e0-9f3c-86e7021683f6",
	"00000000-0000-0000-0000-000000000000");
INSERT INTO ACT_SMT
	VALUES ("51ffdfa8-7e87-45f5-a46d-4d62aab96511",
	"80bfcb58-58b2-4048-8680-28aa3e5c5549",
	"00000000-0000-0000-0000-000000000000",
	10,
	3,
	'WorkoutTimer::activate line: 10');
INSERT INTO E_ESS
	VALUES ("51ffdfa8-7e87-45f5-a46d-4d62aab96511",
	1,
	0,
	10,
	12,
	10,
	18,
	0,
	0,
	0,
	0,
	0,
	0);
INSERT INTO E_GES
	VALUES ("51ffdfa8-7e87-45f5-a46d-4d62aab96511");
INSERT INTO E_GSME
	VALUES ("51ffdfa8-7e87-45f5-a46d-4d62aab96511",
	"5706c37b-a57c-4258-ad16-eba5b972f5bf");
INSERT INTO E_GEN
	VALUES ("51ffdfa8-7e87-45f5-a46d-4d62aab96511",
	"18c47c25-12f7-46de-b219-384f52dad61a");
INSERT INTO O_TFR
	VALUES ("e44223c1-ae4c-4d58-a2d6-8d8f3cd56581",
	"8d4b82cf-ec16-4fd9-925b-0e51eb64a2f7",
	'deactivate',
	'',
	"ba5eda7a-def5-0000-0000-000000000000",
	1,
	'// Cancel the timer driving the workout timer, ignoring the return code.
cancelSucceeded = TIM::timer_cancel(timer_inst_ref: self.timer);

// Pause evaluation of the currently executing goal, if there is one.
select one executingGoal related by self->WorkoutSession[R8.''acts_as_the_stopwatch_for'']->Goal[R11.''is_currently_executing''];
if ( not empty executingGoal )
  generate Goal3:Pause to executingGoal;
end if;

// Stop listening for updates from the GPS and heart monitor.
send LOC::unregisterListener();
send HR::unregisterListener();',
	1,
	'',
	"1363f0df-e630-4deb-a831-ed6cbcc9a974",
	0);
INSERT INTO ACT_OPB
	VALUES ("fa76a694-a478-4647-a7ba-a50f0de4c397",
	"e44223c1-ae4c-4d58-a2d6-8d8f3cd56581");
INSERT INTO ACT_ACT
	VALUES ("fa76a694-a478-4647-a7ba-a50f0de4c397",
	'operation',
	0,
	"ece22876-01f9-47a6-a371-ffe5f14e0f89",
	"00000000-0000-0000-0000-000000000000",
	0,
	'WorkoutTimer::deactivate',
	"00000000-0000-0000-0000-000000000000");
INSERT INTO ACT_BLK
	VALUES ("ece22876-01f9-47a6-a371-ffe5f14e0f89",
	1,
	0,
	0,
	'HR',
	'',
	'',
	12,
	1,
	12,
	6,
	0,
	0,
	5,
	96,
	5,
	100,
	0,
	0,
	0,
	"fa76a694-a478-4647-a7ba-a50f0de4c397",
	"00000000-0000-0000-0000-000000000000");
INSERT INTO ACT_SMT
	VALUES ("d9cf5a90-40d9-4e5c-8260-8ceb8b4eae23",
	"ece22876-01f9-47a6-a371-ffe5f14e0f89",
	"e13bde78-0b52-45f9-a86a-543dab6015ee",
	2,
	1,
	'WorkoutTimer::deactivate line: 2');
INSERT INTO ACT_AI
	VALUES ("d9cf5a90-40d9-4e5c-8260-8ceb8b4eae23",
	"7ce70338-c562-499d-89b0-85750b74b76c",
	"71f5674c-b51e-4630-b275-b80bfacff35e",
	0,
	0);
INSERT INTO ACT_SMT
	VALUES ("e13bde78-0b52-45f9-a86a-543dab6015ee",
	"ece22876-01f9-47a6-a371-ffe5f14e0f89",
	"9e6e2852-3328-459d-b2d1-971f667f1265",
	5,
	1,
	'WorkoutTimer::deactivate line: 5');
INSERT INTO ACT_SEL
	VALUES ("e13bde78-0b52-45f9-a86a-543dab6015ee",
	"195b5367-949d-46aa-bf19-7decb673aa48",
	1,
	'one',
	"b2ee3fe2-0d92-4718-9f5e-bac52302123a");
INSERT INTO ACT_SR
	VALUES ("e13bde78-0b52-45f9-a86a-543dab6015ee");
INSERT INTO ACT_LNK
	VALUES ("c6cec721-6b18-40dd-bbde-a72cdc41ebb9",
	'''acts_as_the_stopwatch_for''',
	"e13bde78-0b52-45f9-a86a-543dab6015ee",
	"b04987ba-d80b-4527-a1fd-894139a710d8",
	"60a628a4-25f4-4234-8b2d-e03fbd09bd84",
	2,
	"2522ffa2-db69-4807-ab45-06acf4cf893a",
	5,
	43,
	5,
	58,
	5,
	61);
INSERT INTO ACT_LNK
	VALUES ("60a628a4-25f4-4234-8b2d-e03fbd09bd84",
	'''is_currently_executing''',
	"00000000-0000-0000-0000-000000000000",
	"50d628e2-9d2f-4810-93d9-44fb62bf9031",
	"00000000-0000-0000-0000-000000000000",
	2,
	"c1022670-c44d-401e-bb23-dfcef6084fba",
	5,
	91,
	5,
	96,
	5,
	100);
INSERT INTO ACT_SMT
	VALUES ("9e6e2852-3328-459d-b2d1-971f667f1265",
	"ece22876-01f9-47a6-a371-ffe5f14e0f89",
	"a2bebb0d-ee58-459a-8902-610a36f35e04",
	6,
	1,
	'WorkoutTimer::deactivate line: 6');
INSERT INTO ACT_IF
	VALUES ("9e6e2852-3328-459d-b2d1-971f667f1265",
	"441cf96a-3d04-4cbe-a47c-789758784506",
	"3f67678d-03fa-4794-94ec-66a3996fe5d2",
	"00000000-0000-0000-0000-000000000000",
	"00000000-0000-0000-0000-000000000000");
INSERT INTO ACT_SMT
	VALUES ("a2bebb0d-ee58-459a-8902-610a36f35e04",
	"ece22876-01f9-47a6-a371-ffe5f14e0f89",
	"fa3be3c0-b725-4c5e-98d4-6d1226c250c3",
	11,
	1,
	'WorkoutTimer::deactivate line: 11');
INSERT INTO ACT_SGN
	VALUES ("a2bebb0d-ee58-459a-8902-610a36f35e04",
	11,
	11,
	11,
	6,
	"00000000-0000-0000-0000-000000000000",
	"9ca10bca-351d-4ce7-82a8-ff8fd49dce59",
	"00000000-0000-0000-0000-000000000000");
INSERT INTO ACT_SMT
	VALUES ("fa3be3c0-b725-4c5e-98d4-6d1226c250c3",
	"ece22876-01f9-47a6-a371-ffe5f14e0f89",
	"00000000-0000-0000-0000-000000000000",
	12,
	1,
	'WorkoutTimer::deactivate line: 12');
INSERT INTO ACT_SGN
	VALUES ("fa3be3c0-b725-4c5e-98d4-6d1226c250c3",
	12,
	10,
	12,
	6,
	"00000000-0000-0000-0000-000000000000",
	"9142bc73-5b7d-4f48-8af1-137a738f59f5",
	"00000000-0000-0000-0000-000000000000");
INSERT INTO V_VAL
	VALUES ("71f5674c-b51e-4630-b275-b80bfacff35e",
	1,
	1,
	2,
	1,
	15,
	0,
	0,
	0,
	0,
	"ba5eda7a-def5-0000-0000-000000000001",
	"ece22876-01f9-47a6-a371-ffe5f14e0f89");
INSERT INTO V_TVL
	VALUES ("71f5674c-b51e-4630-b275-b80bfacff35e",
	"2d95a64b-5fa9-49af-a0c9-ea4a9a19b8ec");
INSERT INTO V_VAL
	VALUES ("7ce70338-c562-499d-89b0-85750b74b76c",
	0,
	0,
	2,
	24,
	-1,
	2,
	37,
	0,
	0,
	"ba5eda7a-def5-0000-0000-000000000001",
	"ece22876-01f9-47a6-a371-ffe5f14e0f89");
INSERT INTO V_BRV
	VALUES ("7ce70338-c562-499d-89b0-85750b74b76c",
	"b2f303f5-6e95-4731-a762-be0c0eb02ca7",
	1,
	2,
	19);
INSERT INTO V_VAL
	VALUES ("c60bd7ad-bf5e-44f4-af97-95db41b617f3",
	0,
	0,
	2,
	53,
	56,
	0,
	0,
	0,
	0,
	"ba5eda7a-def5-0000-0000-000000000008",
	"ece22876-01f9-47a6-a371-ffe5f14e0f89");
INSERT INTO V_IRF
	VALUES ("c60bd7ad-bf5e-44f4-af97-95db41b617f3",
	"402db9fe-ddbe-4d82-9ffb-ae5819d54df9");
INSERT INTO V_VAL
	VALUES ("67b734df-101b-44dc-852f-c1335f39cc4c",
	0,
	0,
	2,
	58,
	62,
	0,
	0,
	0,
	0,
	"ba5eda7a-def5-0000-0000-00000000000f",
	"ece22876-01f9-47a6-a371-ffe5f14e0f89");
INSERT INTO V_AVL
	VALUES ("67b734df-101b-44dc-852f-c1335f39cc4c",
	"c60bd7ad-bf5e-44f4-af97-95db41b617f3",
	"8d4b82cf-ec16-4fd9-925b-0e51eb64a2f7",
	"028a1fbf-af1a-4cf1-b6de-f791fa44e73e");
INSERT INTO V_PAR
	VALUES ("67b734df-101b-44dc-852f-c1335f39cc4c",
	"00000000-0000-0000-0000-000000000000",
	"7ce70338-c562-499d-89b0-85750b74b76c",
	'timer_inst_ref',
	"00000000-0000-0000-0000-000000000000",
	2,
	37);
INSERT INTO V_VAL
	VALUES ("b2ee3fe2-0d92-4718-9f5e-bac52302123a",
	0,
	0,
	5,
	37,
	40,
	0,
	0,
	0,
	0,
	"ba5eda7a-def5-0000-0000-000000000008",
	"ece22876-01f9-47a6-a371-ffe5f14e0f89");
INSERT INTO V_IRF
	VALUES ("b2ee3fe2-0d92-4718-9f5e-bac52302123a",
	"402db9fe-ddbe-4d82-9ffb-ae5819d54df9");
INSERT INTO V_VAL
	VALUES ("c84713fc-b597-460e-830f-2a9b5cc771ee",
	0,
	0,
	6,
	16,
	28,
	0,
	0,
	0,
	0,
	"ba5eda7a-def5-0000-0000-000000000008",
	"ece22876-01f9-47a6-a371-ffe5f14e0f89");
INSERT INTO V_IRF
	VALUES ("c84713fc-b597-460e-830f-2a9b5cc771ee",
	"195b5367-949d-46aa-bf19-7decb673aa48");
INSERT INTO V_VAL
	VALUES ("8064b17d-64e5-417c-8030-248545bd77c8",
	0,
	0,
	-1,
	-1,
	-1,
	0,
	0,
	0,
	0,
	"ba5eda7a-def5-0000-0000-000000000001",
	"ece22876-01f9-47a6-a371-ffe5f14e0f89");
INSERT INTO V_UNY
	VALUES ("8064b17d-64e5-417c-8030-248545bd77c8",
	"c84713fc-b597-460e-830f-2a9b5cc771ee",
	'empty');
INSERT INTO V_VAL
	VALUES ("3f67678d-03fa-4794-94ec-66a3996fe5d2",
	0,
	0,
	-1,
	-1,
	-1,
	0,
	0,
	0,
	0,
	"ba5eda7a-def5-0000-0000-000000000001",
	"ece22876-01f9-47a6-a371-ffe5f14e0f89");
INSERT INTO V_UNY
	VALUES ("3f67678d-03fa-4794-94ec-66a3996fe5d2",
	"8064b17d-64e5-417c-8030-248545bd77c8",
	'not');
INSERT INTO V_VAR
	VALUES ("2d95a64b-5fa9-49af-a0c9-ea4a9a19b8ec",
	"ece22876-01f9-47a6-a371-ffe5f14e0f89",
	'cancelSucceeded',
	1,
	"ba5eda7a-def5-0000-0000-000000000001");
INSERT INTO V_TRN
	VALUES ("2d95a64b-5fa9-49af-a0c9-ea4a9a19b8ec",
	"00000000-0000-0000-0000-000000000000",
	'');
INSERT INTO V_VAR
	VALUES ("402db9fe-ddbe-4d82-9ffb-ae5819d54df9",
	"ece22876-01f9-47a6-a371-ffe5f14e0f89",
	'self',
	1,
	"ba5eda7a-def5-0000-0000-000000000008");
INSERT INTO V_INT
	VALUES ("402db9fe-ddbe-4d82-9ffb-ae5819d54df9",
	0,
	"8d4b82cf-ec16-4fd9-925b-0e51eb64a2f7");
INSERT INTO V_VAR
	VALUES ("195b5367-949d-46aa-bf19-7decb673aa48",
	"ece22876-01f9-47a6-a371-ffe5f14e0f89",
	'executingGoal',
	1,
	"ba5eda7a-def5-0000-0000-000000000008");
INSERT INTO V_INT
	VALUES ("195b5367-949d-46aa-bf19-7decb673aa48",
	0,
	"c1022670-c44d-401e-bb23-dfcef6084fba");
INSERT INTO ACT_BLK
	VALUES ("441cf96a-3d04-4cbe-a47c-789758784506",
	0,
	0,
	0,
	'V_VAR.Var_ID',
	'',
	'',
	7,
	3,
	0,
	0,
	0,
	0,
	0,
	0,
	0,
	0,
	0,
	0,
	0,
	"fa76a694-a478-4647-a7ba-a50f0de4c397",
	"00000000-0000-0000-0000-000000000000");
INSERT INTO ACT_SMT
	VALUES ("67675c91-9c5b-4df3-b183-9858ec2c69b6",
	"441cf96a-3d04-4cbe-a47c-789758784506",
	"00000000-0000-0000-0000-000000000000",
	7,
	3,
	'WorkoutTimer::deactivate line: 7');
INSERT INTO E_ESS
	VALUES ("67675c91-9c5b-4df3-b183-9858ec2c69b6",
	1,
	0,
	7,
	12,
	7,
	18,
	0,
	0,
	0,
	0,
	0,
	0);
INSERT INTO E_GES
	VALUES ("67675c91-9c5b-4df3-b183-9858ec2c69b6");
INSERT INTO E_GSME
	VALUES ("67675c91-9c5b-4df3-b183-9858ec2c69b6",
	"38485f6b-0130-479f-ae4d-fdf6dfa8a9e8");
INSERT INTO E_GEN
	VALUES ("67675c91-9c5b-4df3-b183-9858ec2c69b6",
	"195b5367-949d-46aa-bf19-7decb673aa48");
INSERT INTO O_TFR
	VALUES ("e8f31568-926d-492c-b21d-afc08ba9b69c",
	"8d4b82cf-ec16-4fd9-925b-0e51eb64a2f7",
	'initialize',
	'',
	"ba5eda7a-def5-0000-0000-000000000000",
	1,
	'// Initialize this instance.

self.time = 0;',
	1,
	'',
	"e44223c1-ae4c-4d58-a2d6-8d8f3cd56581",
	0);
INSERT INTO ACT_OPB
	VALUES ("2f860b51-7694-4e71-b321-b4f3da6232f9",
	"e8f31568-926d-492c-b21d-afc08ba9b69c");
INSERT INTO ACT_ACT
	VALUES ("2f860b51-7694-4e71-b321-b4f3da6232f9",
	'operation',
	0,
	"0e99a063-a7a2-4668-8f5a-37e5c22dd40b",
	"00000000-0000-0000-0000-000000000000",
	0,
	'WorkoutTimer::initialize',
	"00000000-0000-0000-0000-000000000000");
INSERT INTO ACT_BLK
	VALUES ("0e99a063-a7a2-4668-8f5a-37e5c22dd40b",
	0,
	0,
	0,
	'',
	'',
	'',
	3,
	1,
	0,
	0,
	0,
	0,
	0,
	0,
	0,
	0,
	0,
	0,
	0,
	"2f860b51-7694-4e71-b321-b4f3da6232f9",
	"00000000-0000-0000-0000-000000000000");
INSERT INTO ACT_SMT
	VALUES ("c169d2de-c978-4b00-a26a-059d1e955e07",
	"0e99a063-a7a2-4668-8f5a-37e5c22dd40b",
	"00000000-0000-0000-0000-000000000000",
	3,
	1,
	'WorkoutTimer::initialize line: 3');
INSERT INTO ACT_AI
	VALUES ("c169d2de-c978-4b00-a26a-059d1e955e07",
	"4411dbf1-19d9-4db5-80a0-d33565419fcd",
	"d9f4388f-103d-4df7-8b47-02c059bb7c84",
	0,
	0);
INSERT INTO V_VAL
	VALUES ("7ea3ff2f-f895-4542-9ab2-b1b040baae39",
	1,
	0,
	3,
	1,
	4,
	0,
	0,
	0,
	0,
	"ba5eda7a-def5-0000-0000-000000000008",
	"0e99a063-a7a2-4668-8f5a-37e5c22dd40b");
INSERT INTO V_IRF
	VALUES ("7ea3ff2f-f895-4542-9ab2-b1b040baae39",
	"2ef8f4c5-a26b-4087-8487-42f8501973c5");
INSERT INTO V_VAL
	VALUES ("d9f4388f-103d-4df7-8b47-02c059bb7c84",
	1,
	0,
	3,
	6,
	9,
	0,
	0,
	0,
	0,
	"ba5eda7a-def5-0000-0000-000000000002",
	"0e99a063-a7a2-4668-8f5a-37e5c22dd40b");
INSERT INTO V_AVL
	VALUES ("d9f4388f-103d-4df7-8b47-02c059bb7c84",
	"7ea3ff2f-f895-4542-9ab2-b1b040baae39",
	"8d4b82cf-ec16-4fd9-925b-0e51eb64a2f7",
	"e4e19783-1a13-4049-a49c-6e687000fdb9");
INSERT INTO V_VAL
	VALUES ("4411dbf1-19d9-4db5-80a0-d33565419fcd",
	0,
	0,
	3,
	13,
	13,
	0,
	0,
	0,
	0,
	"ba5eda7a-def5-0000-0000-000000000002",
	"0e99a063-a7a2-4668-8f5a-37e5c22dd40b");
INSERT INTO V_LIN
	VALUES ("4411dbf1-19d9-4db5-80a0-d33565419fcd",
	'0');
INSERT INTO V_VAR
	VALUES ("2ef8f4c5-a26b-4087-8487-42f8501973c5",
	"0e99a063-a7a2-4668-8f5a-37e5c22dd40b",
	'self',
	1,
	"ba5eda7a-def5-0000-0000-000000000008");
INSERT INTO V_INT
	VALUES ("2ef8f4c5-a26b-4087-8487-42f8501973c5",
	0,
	"8d4b82cf-ec16-4fd9-925b-0e51eb64a2f7");
INSERT INTO O_NBATTR
	VALUES ("fd184578-6989-4116-a696-87c76c28c472",
	"8d4b82cf-ec16-4fd9-925b-0e51eb64a2f7");
INSERT INTO O_BATTR
	VALUES ("fd184578-6989-4116-a696-87c76c28c472",
	"8d4b82cf-ec16-4fd9-925b-0e51eb64a2f7");
INSERT INTO O_ATTR
	VALUES ("fd184578-6989-4116-a696-87c76c28c472",
	"8d4b82cf-ec16-4fd9-925b-0e51eb64a2f7",
	"028a1fbf-af1a-4cf1-b6de-f791fa44e73e",
	'current_state',
	'',
	'',
	'current_state',
	0,
	"ba5eda7a-def5-0000-0000-000000000006",
	'',
	'');
INSERT INTO O_NBATTR
	VALUES ("e4e19783-1a13-4049-a49c-6e687000fdb9",
	"8d4b82cf-ec16-4fd9-925b-0e51eb64a2f7");
INSERT INTO O_BATTR
	VALUES ("e4e19783-1a13-4049-a49c-6e687000fdb9",
	"8d4b82cf-ec16-4fd9-925b-0e51eb64a2f7");
INSERT INTO O_ATTR
	VALUES ("e4e19783-1a13-4049-a49c-6e687000fdb9",
	"8d4b82cf-ec16-4fd9-925b-0e51eb64a2f7",
	"d8f88ab3-f91b-4951-8ad9-76733afa666e",
	'time',
	'Number of seconds elapsed during the associated workout session.
Time elapses only when this timer is running.',
	'',
	'time',
	0,
	"ba5eda7a-def5-0000-0000-000000000002",
	'',
	'');
INSERT INTO O_NBATTR
	VALUES ("028a1fbf-af1a-4cf1-b6de-f791fa44e73e",
	"8d4b82cf-ec16-4fd9-925b-0e51eb64a2f7");
INSERT INTO O_BATTR
	VALUES ("028a1fbf-af1a-4cf1-b6de-f791fa44e73e",
	"8d4b82cf-ec16-4fd9-925b-0e51eb64a2f7");
INSERT INTO O_ATTR
	VALUES ("028a1fbf-af1a-4cf1-b6de-f791fa44e73e",
	"8d4b82cf-ec16-4fd9-925b-0e51eb64a2f7",
	"e4e19783-1a13-4049-a49c-6e687000fdb9",
	'timer',
	'Handle for underlying timer mechanism that produces the 
delayed events enabling the timer to track elapsed time.',
	'',
	'timer',
	0,
	"ba5eda7a-def5-0000-0000-00000000000f",
	'',
	'');
INSERT INTO O_REF
	VALUES ("8d4b82cf-ec16-4fd9-925b-0e51eb64a2f7",
	"2522ffa2-db69-4807-ab45-06acf4cf893a",
	0,
	"7f25f45e-231c-4cfe-9481-7a86cabddbc6",
	"b04987ba-d80b-4527-a1fd-894139a710d8",
	"6508f9ab-fb10-4df8-9c5d-2824f2bc69e6",
	"ce69cf41-563e-468a-92ee-cd9c280ca3c1",
	"d8f88ab3-f91b-4951-8ad9-76733afa666e",
	"59e02d61-46f1-46ed-ac4c-9f961d0efda0",
	"00000000-0000-0000-0000-000000000000",
	0,
	'',
	'WorkoutSession',
	'startTime',
	'R8.''acts_as_the_stopwatch_for''');
INSERT INTO O_RATTR
	VALUES ("d8f88ab3-f91b-4951-8ad9-76733afa666e",
	"8d4b82cf-ec16-4fd9-925b-0e51eb64a2f7",
	"7f25f45e-231c-4cfe-9481-7a86cabddbc6",
	"2522ffa2-db69-4807-ab45-06acf4cf893a",
	1,
	'startTime');
INSERT INTO O_ATTR
	VALUES ("d8f88ab3-f91b-4951-8ad9-76733afa666e",
	"8d4b82cf-ec16-4fd9-925b-0e51eb64a2f7",
	"00000000-0000-0000-0000-000000000000",
	'session_startTime',
	'',
	'session_',
	'startTime',
	1,
	"ba5eda7a-def5-0000-0000-000000000007",
	'',
	'');
INSERT INTO O_ID
	VALUES (0,
	"8d4b82cf-ec16-4fd9-925b-0e51eb64a2f7");
INSERT INTO O_OIDA
	VALUES ("d8f88ab3-f91b-4951-8ad9-76733afa666e",
	"8d4b82cf-ec16-4fd9-925b-0e51eb64a2f7",
	0,
	'session_startTime');
INSERT INTO O_ID
	VALUES (1,
	"8d4b82cf-ec16-4fd9-925b-0e51eb64a2f7");
INSERT INTO O_ID
	VALUES (2,
	"8d4b82cf-ec16-4fd9-925b-0e51eb64a2f7");
INSERT INTO SM_ISM
	VALUES ("c4cafc68-b5c2-f769-2746-b4aaac0bac84",
	"8d4b82cf-ec16-4fd9-925b-0e51eb64a2f7");
INSERT INTO SM_SM
	VALUES ("c4cafc68-b5c2-f769-2746-b4aaac0bac84",
	'',
	0);
INSERT INTO SM_MOORE
	VALUES ("c4cafc68-b5c2-f769-2746-b4aaac0bac84");
INSERT INTO SM_LEVT
	VALUES ("d20f019c-a3b7-4b4b-bcdf-307cf6b0b71a",
	"c4cafc68-b5c2-f769-2746-b4aaac0bac84",
	"00000000-0000-0000-0000-000000000000");
INSERT INTO SM_SEVT
	VALUES ("d20f019c-a3b7-4b4b-bcdf-307cf6b0b71a",
	"c4cafc68-b5c2-f769-2746-b4aaac0bac84",
	"00000000-0000-0000-0000-000000000000");
INSERT INTO SM_EVT
	VALUES ("d20f019c-a3b7-4b4b-bcdf-307cf6b0b71a",
	"c4cafc68-b5c2-f769-2746-b4aaac0bac84",
	"00000000-0000-0000-0000-000000000000",
	1,
	'startStopPressed',
	0,
	'',
	'WorkoutTimer1',
	'');
INSERT INTO SM_LEVT
	VALUES ("035ffc2c-74da-485c-b8f0-00278230b1b4",
	"c4cafc68-b5c2-f769-2746-b4aaac0bac84",
	"00000000-0000-0000-0000-000000000000");
INSERT INTO SM_SEVT
	VALUES ("035ffc2c-74da-485c-b8f0-00278230b1b4",
	"c4cafc68-b5c2-f769-2746-b4aaac0bac84",
	"00000000-0000-0000-0000-000000000000");
INSERT INTO SM_EVT
	VALUES ("035ffc2c-74da-485c-b8f0-00278230b1b4",
	"c4cafc68-b5c2-f769-2746-b4aaac0bac84",
	"00000000-0000-0000-0000-000000000000",
	2,
	'lapResetPressed',
	0,
	'',
	'WorkoutTimer2',
	'');
INSERT INTO SM_LEVT
	VALUES ("6bdfdd94-2378-4869-b76c-32d7f4a2f038",
	"c4cafc68-b5c2-f769-2746-b4aaac0bac84",
	"00000000-0000-0000-0000-000000000000");
INSERT INTO SM_SEVT
	VALUES ("6bdfdd94-2378-4869-b76c-32d7f4a2f038",
	"c4cafc68-b5c2-f769-2746-b4aaac0bac84",
	"00000000-0000-0000-0000-000000000000");
INSERT INTO SM_EVT
	VALUES ("6bdfdd94-2378-4869-b76c-32d7f4a2f038",
	"c4cafc68-b5c2-f769-2746-b4aaac0bac84",
	"00000000-0000-0000-0000-000000000000",
	3,
	'tick',
	0,
	'',
	'WorkoutTimer3',
	'');
INSERT INTO SM_LEVT
	VALUES ("48aaae46-e19f-4444-8b34-fe2c635782a2",
	"c4cafc68-b5c2-f769-2746-b4aaac0bac84",
	"00000000-0000-0000-0000-000000000000");
INSERT INTO SM_SEVT
	VALUES ("48aaae46-e19f-4444-8b34-fe2c635782a2",
	"c4cafc68-b5c2-f769-2746-b4aaac0bac84",
	"00000000-0000-0000-0000-000000000000");
INSERT INTO SM_EVT
	VALUES ("48aaae46-e19f-4444-8b34-fe2c635782a2",
	"c4cafc68-b5c2-f769-2746-b4aaac0bac84",
	"00000000-0000-0000-0000-000000000000",
	4,
	'pause',
	0,
	'',
	'WorkoutTimer4',
	'');
INSERT INTO SM_LEVT
	VALUES ("464e43fc-3eb3-43e8-8a34-572c1976d324",
	"c4cafc68-b5c2-f769-2746-b4aaac0bac84",
	"00000000-0000-0000-0000-000000000000");
INSERT INTO SM_SEVT
	VALUES ("464e43fc-3eb3-43e8-8a34-572c1976d324",
	"c4cafc68-b5c2-f769-2746-b4aaac0bac84",
	"00000000-0000-0000-0000-000000000000");
INSERT INTO SM_EVT
	VALUES ("464e43fc-3eb3-43e8-8a34-572c1976d324",
	"c4cafc68-b5c2-f769-2746-b4aaac0bac84",
	"00000000-0000-0000-0000-000000000000",
	5,
	'resume',
	0,
	'',
	'WorkoutTimer5',
	'');
INSERT INTO SM_LEVT
	VALUES ("417ac6c4-6c01-4ecf-9f50-9d782c6d4c5d",
	"c4cafc68-b5c2-f769-2746-b4aaac0bac84",
	"00000000-0000-0000-0000-000000000000");
INSERT INTO SM_SEVT
	VALUES ("417ac6c4-6c01-4ecf-9f50-9d782c6d4c5d",
	"c4cafc68-b5c2-f769-2746-b4aaac0bac84",
	"00000000-0000-0000-0000-000000000000");
INSERT INTO SM_EVT
	VALUES ("417ac6c4-6c01-4ecf-9f50-9d782c6d4c5d",
	"c4cafc68-b5c2-f769-2746-b4aaac0bac84",
	"00000000-0000-0000-0000-000000000000",
	6,
	'startTimer',
	0,
	'',
	'WorkoutTimer6',
	'');
INSERT INTO SM_LEVT
	VALUES ("bc2b9fdf-ccdb-4fad-846d-494114656460",
	"c4cafc68-b5c2-f769-2746-b4aaac0bac84",
	"00000000-0000-0000-0000-000000000000");
INSERT INTO SM_SEVT
	VALUES ("bc2b9fdf-ccdb-4fad-846d-494114656460",
	"c4cafc68-b5c2-f769-2746-b4aaac0bac84",
	"00000000-0000-0000-0000-000000000000");
INSERT INTO SM_EVT
	VALUES ("bc2b9fdf-ccdb-4fad-846d-494114656460",
	"c4cafc68-b5c2-f769-2746-b4aaac0bac84",
	"00000000-0000-0000-0000-000000000000",
	8,
	'lapResetComplete',
	0,
	'',
	'WorkoutTimer8',
	'');
INSERT INTO SM_STATE
	VALUES ("6dfe45d2-5da6-45f9-b191-ccd73d6d887b",
	"c4cafc68-b5c2-f769-2746-b4aaac0bac84",
	"00000000-0000-0000-0000-000000000000",
	'stopped',
	1,
	0);
INSERT INTO SM_SEME
	VALUES ("6dfe45d2-5da6-45f9-b191-ccd73d6d887b",
	"d20f019c-a3b7-4b4b-bcdf-307cf6b0b71a",
	"c4cafc68-b5c2-f769-2746-b4aaac0bac84",
	"00000000-0000-0000-0000-000000000000");
INSERT INTO SM_EIGN
	VALUES ("6dfe45d2-5da6-45f9-b191-ccd73d6d887b",
	"035ffc2c-74da-485c-b8f0-00278230b1b4",
	"c4cafc68-b5c2-f769-2746-b4aaac0bac84",
	"00000000-0000-0000-0000-000000000000",
	'');
INSERT INTO SM_SEME
	VALUES ("6dfe45d2-5da6-45f9-b191-ccd73d6d887b",
	"035ffc2c-74da-485c-b8f0-00278230b1b4",
	"c4cafc68-b5c2-f769-2746-b4aaac0bac84",
	"00000000-0000-0000-0000-000000000000");
INSERT INTO SM_EIGN
	VALUES ("6dfe45d2-5da6-45f9-b191-ccd73d6d887b",
	"6bdfdd94-2378-4869-b76c-32d7f4a2f038",
	"c4cafc68-b5c2-f769-2746-b4aaac0bac84",
	"00000000-0000-0000-0000-000000000000",
	'');
INSERT INTO SM_SEME
	VALUES ("6dfe45d2-5da6-45f9-b191-ccd73d6d887b",
	"6bdfdd94-2378-4869-b76c-32d7f4a2f038",
	"c4cafc68-b5c2-f769-2746-b4aaac0bac84",
	"00000000-0000-0000-0000-000000000000");
INSERT INTO SM_CH
	VALUES ("6dfe45d2-5da6-45f9-b191-ccd73d6d887b",
	"48aaae46-e19f-4444-8b34-fe2c635782a2",
	"c4cafc68-b5c2-f769-2746-b4aaac0bac84",
	"00000000-0000-0000-0000-000000000000",
	'');
INSERT INTO SM_SEME
	VALUES ("6dfe45d2-5da6-45f9-b191-ccd73d6d887b",
	"48aaae46-e19f-4444-8b34-fe2c635782a2",
	"c4cafc68-b5c2-f769-2746-b4aaac0bac84",
	"00000000-0000-0000-0000-000000000000");
INSERT INTO SM_CH
	VALUES ("6dfe45d2-5da6-45f9-b191-ccd73d6d887b",
	"464e43fc-3eb3-43e8-8a34-572c1976d324",
	"c4cafc68-b5c2-f769-2746-b4aaac0bac84",
	"00000000-0000-0000-0000-000000000000",
	'');
INSERT INTO SM_SEME
	VALUES ("6dfe45d2-5da6-45f9-b191-ccd73d6d887b",
	"464e43fc-3eb3-43e8-8a34-572c1976d324",
	"c4cafc68-b5c2-f769-2746-b4aaac0bac84",
	"00000000-0000-0000-0000-000000000000");
INSERT INTO SM_CH
	VALUES ("6dfe45d2-5da6-45f9-b191-ccd73d6d887b",
	"417ac6c4-6c01-4ecf-9f50-9d782c6d4c5d",
	"c4cafc68-b5c2-f769-2746-b4aaac0bac84",
	"00000000-0000-0000-0000-000000000000",
	'');
INSERT INTO SM_SEME
	VALUES ("6dfe45d2-5da6-45f9-b191-ccd73d6d887b",
	"417ac6c4-6c01-4ecf-9f50-9d782c6d4c5d",
	"c4cafc68-b5c2-f769-2746-b4aaac0bac84",
	"00000000-0000-0000-0000-000000000000");
INSERT INTO SM_CH
	VALUES ("6dfe45d2-5da6-45f9-b191-ccd73d6d887b",
	"bc2b9fdf-ccdb-4fad-846d-494114656460",
	"c4cafc68-b5c2-f769-2746-b4aaac0bac84",
	"00000000-0000-0000-0000-000000000000",
	'');
INSERT INTO SM_SEME
	VALUES ("6dfe45d2-5da6-45f9-b191-ccd73d6d887b",
	"bc2b9fdf-ccdb-4fad-846d-494114656460",
	"c4cafc68-b5c2-f769-2746-b4aaac0bac84",
	"00000000-0000-0000-0000-000000000000");
INSERT INTO SM_MOAH
	VALUES ("60d86bf9-08ac-4175-a409-67bec22595c3",
	"c4cafc68-b5c2-f769-2746-b4aaac0bac84",
	"6dfe45d2-5da6-45f9-b191-ccd73d6d887b");
INSERT INTO SM_AH
	VALUES ("60d86bf9-08ac-4175-a409-67bec22595c3",
	"c4cafc68-b5c2-f769-2746-b4aaac0bac84");
INSERT INTO SM_ACT
	VALUES ("60d86bf9-08ac-4175-a409-67bec22595c3",
	"c4cafc68-b5c2-f769-2746-b4aaac0bac84",
	1,
	'// Reset the session
select one session related by self->WorkoutSession[R8.''acts_as_the_stopwatch_for''];
session.reset();

// Update the UI.
send UI::setTime(time: self.time);
select one display related by self->WorkoutSession[R8.''acts_as_the_stopwatch_for'']->Display[R7.''current_status_indicated_on''];
generate Display2:refresh to display;',
	'',
	0);
INSERT INTO ACT_SAB
	VALUES ("f7106ed0-e7e8-46f7-b0df-8c36a07e36fc",
	"c4cafc68-b5c2-f769-2746-b4aaac0bac84",
	"60d86bf9-08ac-4175-a409-67bec22595c3");
INSERT INTO ACT_ACT
	VALUES ("f7106ed0-e7e8-46f7-b0df-8c36a07e36fc",
	'state',
	0,
	"12f8e167-68a7-4021-a27e-9ce1acc697ef",
	"00000000-0000-0000-0000-000000000000",
	0,
	'WorkoutTimer::stopped',
	"00000000-0000-0000-0000-000000000000");
INSERT INTO ACT_BLK
	VALUES ("12f8e167-68a7-4021-a27e-9ce1acc697ef",
	1,
	0,
	0,
	'V_VAR.Var_ID',
	'',
	'',
	8,
	1,
	7,
	85,
	0,
	0,
	7,
	93,
	7,
	96,
	0,
	0,
	0,
	"f7106ed0-e7e8-46f7-b0df-8c36a07e36fc",
	"00000000-0000-0000-0000-000000000000");
INSERT INTO ACT_SMT
	VALUES ("58a80fbc-5a44-4dd7-8109-f3d62ed2c30b",
	"12f8e167-68a7-4021-a27e-9ce1acc697ef",
	"66dc7913-85ac-425d-a53a-07b9691507a6",
	2,
	1,
	'WorkoutTimer::stopped line: 2');
INSERT INTO ACT_SEL
	VALUES ("58a80fbc-5a44-4dd7-8109-f3d62ed2c30b",
	"2f88994c-89d3-4b97-b5c0-bdf1d0915cea",
	1,
	'one',
	"8967d427-8849-40af-982a-1ffa049e38c2");
INSERT INTO ACT_SR
	VALUES ("58a80fbc-5a44-4dd7-8109-f3d62ed2c30b");
INSERT INTO ACT_LNK
	VALUES ("3d9d641f-bbc6-4aa0-a6dd-ceddbe3141d3",
	'''acts_as_the_stopwatch_for''',
	"58a80fbc-5a44-4dd7-8109-f3d62ed2c30b",
	"b04987ba-d80b-4527-a1fd-894139a710d8",
	"00000000-0000-0000-0000-000000000000",
	2,
	"2522ffa2-db69-4807-ab45-06acf4cf893a",
	2,
	37,
	2,
	52,
	2,
	55);
INSERT INTO ACT_SMT
	VALUES ("66dc7913-85ac-425d-a53a-07b9691507a6",
	"12f8e167-68a7-4021-a27e-9ce1acc697ef",
	"bb94d530-8389-4d93-bfb1-684e81a2b0e6",
	3,
	1,
	'WorkoutTimer::stopped line: 3');
INSERT INTO ACT_TFM
	VALUES ("66dc7913-85ac-425d-a53a-07b9691507a6",
	"a20ddab3-779d-44fd-bea2-d5477b04a7b3",
	"2f88994c-89d3-4b97-b5c0-bdf1d0915cea",
	3,
	9,
	0,
	0);
INSERT INTO ACT_SMT
	VALUES ("bb94d530-8389-4d93-bfb1-684e81a2b0e6",
	"12f8e167-68a7-4021-a27e-9ce1acc697ef",
	"ea8e01e4-23f2-4ea0-afe6-c4edfec08b39",
	6,
	1,
	'WorkoutTimer::stopped line: 6');
INSERT INTO ACT_SGN
	VALUES ("bb94d530-8389-4d93-bfb1-684e81a2b0e6",
	6,
	10,
	6,
	6,
	"00000000-0000-0000-0000-000000000000",
	"fde1ac80-c681-41a3-ac10-61ad63f69a11",
	"00000000-0000-0000-0000-000000000000");
INSERT INTO ACT_SMT
	VALUES ("ea8e01e4-23f2-4ea0-afe6-c4edfec08b39",
	"12f8e167-68a7-4021-a27e-9ce1acc697ef",
	"5d0221ec-0c7d-4f5f-98db-5400741d8d10",
	7,
	1,
	'WorkoutTimer::stopped line: 7');
INSERT INTO ACT_SEL
	VALUES ("ea8e01e4-23f2-4ea0-afe6-c4edfec08b39",
	"7d941b93-209a-4210-9244-6378ff09411d",
	1,
	'one',
	"a6b68d44-cb0d-4be6-9640-9d176d0214bd");
INSERT INTO ACT_SR
	VALUES ("ea8e01e4-23f2-4ea0-afe6-c4edfec08b39");
INSERT INTO ACT_LNK
	VALUES ("37f8c717-e451-4c86-b5ec-488bab0bce1d",
	'''acts_as_the_stopwatch_for''',
	"ea8e01e4-23f2-4ea0-afe6-c4edfec08b39",
	"b04987ba-d80b-4527-a1fd-894139a710d8",
	"913cfc2e-7a3a-4de9-a9ec-a1823a686a4f",
	2,
	"2522ffa2-db69-4807-ab45-06acf4cf893a",
	7,
	37,
	7,
	52,
	7,
	55);
INSERT INTO ACT_LNK
	VALUES ("913cfc2e-7a3a-4de9-a9ec-a1823a686a4f",
	'''current_status_indicated_on''',
	"00000000-0000-0000-0000-000000000000",
	"624a7f7e-f307-4c75-9412-3258327be18a",
	"00000000-0000-0000-0000-000000000000",
	2,
	"e4f33430-b3cd-4e2a-8dff-b91094d7d095",
	7,
	85,
	7,
	93,
	7,
	96);
INSERT INTO ACT_SMT
	VALUES ("5d0221ec-0c7d-4f5f-98db-5400741d8d10",
	"12f8e167-68a7-4021-a27e-9ce1acc697ef",
	"00000000-0000-0000-0000-000000000000",
	8,
	1,
	'WorkoutTimer::stopped line: 8');
INSERT INTO E_ESS
	VALUES ("5d0221ec-0c7d-4f5f-98db-5400741d8d10",
	1,
	0,
	8,
	10,
	8,
	19,
	7,
	85,
	0,
	0,
	0,
	0);
INSERT INTO E_GES
	VALUES ("5d0221ec-0c7d-4f5f-98db-5400741d8d10");
INSERT INTO E_GSME
	VALUES ("5d0221ec-0c7d-4f5f-98db-5400741d8d10",
	"1f99c5a4-1b49-435a-b1af-470e1a85ac18");
INSERT INTO E_GEN
	VALUES ("5d0221ec-0c7d-4f5f-98db-5400741d8d10",
	"7d941b93-209a-4210-9244-6378ff09411d");
INSERT INTO V_VAL
	VALUES ("8967d427-8849-40af-982a-1ffa049e38c2",
	0,
	0,
	2,
	31,
	34,
	0,
	0,
	0,
	0,
	"ba5eda7a-def5-0000-0000-000000000008",
	"12f8e167-68a7-4021-a27e-9ce1acc697ef");
INSERT INTO V_IRF
	VALUES ("8967d427-8849-40af-982a-1ffa049e38c2",
	"dcc73db2-88f3-438b-a45f-ec66e3a78f53");
INSERT INTO V_VAL
	VALUES ("27628dad-970b-437b-9bf8-fd8db594c3ff",
	0,
	0,
	6,
	24,
	27,
	0,
	0,
	0,
	0,
	"ba5eda7a-def5-0000-0000-000000000008",
	"12f8e167-68a7-4021-a27e-9ce1acc697ef");
INSERT INTO V_IRF
	VALUES ("27628dad-970b-437b-9bf8-fd8db594c3ff",
	"dcc73db2-88f3-438b-a45f-ec66e3a78f53");
INSERT INTO V_VAL
	VALUES ("f9812f8d-264c-4a96-9aed-eb28b03a24b8",
	0,
	0,
	6,
	29,
	32,
	0,
	0,
	0,
	0,
	"ba5eda7a-def5-0000-0000-000000000002",
	"12f8e167-68a7-4021-a27e-9ce1acc697ef");
INSERT INTO V_AVL
	VALUES ("f9812f8d-264c-4a96-9aed-eb28b03a24b8",
	"27628dad-970b-437b-9bf8-fd8db594c3ff",
	"8d4b82cf-ec16-4fd9-925b-0e51eb64a2f7",
	"e4e19783-1a13-4049-a49c-6e687000fdb9");
INSERT INTO V_PAR
	VALUES ("f9812f8d-264c-4a96-9aed-eb28b03a24b8",
	"bb94d530-8389-4d93-bfb1-684e81a2b0e6",
	"00000000-0000-0000-0000-000000000000",
	'time',
	"00000000-0000-0000-0000-000000000000",
	6,
	18);
INSERT INTO V_VAL
	VALUES ("a6b68d44-cb0d-4be6-9640-9d176d0214bd",
	0,
	0,
	7,
	31,
	34,
	0,
	0,
	0,
	0,
	"ba5eda7a-def5-0000-0000-000000000008",
	"12f8e167-68a7-4021-a27e-9ce1acc697ef");
INSERT INTO V_IRF
	VALUES ("a6b68d44-cb0d-4be6-9640-9d176d0214bd",
	"dcc73db2-88f3-438b-a45f-ec66e3a78f53");
INSERT INTO V_VAR
	VALUES ("2f88994c-89d3-4b97-b5c0-bdf1d0915cea",
	"12f8e167-68a7-4021-a27e-9ce1acc697ef",
	'session',
	1,
	"ba5eda7a-def5-0000-0000-000000000008");
INSERT INTO V_INT
	VALUES ("2f88994c-89d3-4b97-b5c0-bdf1d0915cea",
	0,
	"2522ffa2-db69-4807-ab45-06acf4cf893a");
INSERT INTO V_VAR
	VALUES ("dcc73db2-88f3-438b-a45f-ec66e3a78f53",
	"12f8e167-68a7-4021-a27e-9ce1acc697ef",
	'self',
	1,
	"ba5eda7a-def5-0000-0000-000000000008");
INSERT INTO V_INT
	VALUES ("dcc73db2-88f3-438b-a45f-ec66e3a78f53",
	0,
	"8d4b82cf-ec16-4fd9-925b-0e51eb64a2f7");
INSERT INTO V_VAR
	VALUES ("7d941b93-209a-4210-9244-6378ff09411d",
	"12f8e167-68a7-4021-a27e-9ce1acc697ef",
	'display',
	1,
	"ba5eda7a-def5-0000-0000-000000000008");
INSERT INTO V_INT
	VALUES ("7d941b93-209a-4210-9244-6378ff09411d",
	0,
	"e4f33430-b3cd-4e2a-8dff-b91094d7d095");
INSERT INTO SM_STATE
	VALUES ("37f9e101-80c8-424e-8c0b-ea140618bcd6",
	"c4cafc68-b5c2-f769-2746-b4aaac0bac84",
	"00000000-0000-0000-0000-000000000000",
	'running',
	2,
	0);
INSERT INTO SM_SEME
	VALUES ("37f9e101-80c8-424e-8c0b-ea140618bcd6",
	"d20f019c-a3b7-4b4b-bcdf-307cf6b0b71a",
	"c4cafc68-b5c2-f769-2746-b4aaac0bac84",
	"00000000-0000-0000-0000-000000000000");
INSERT INTO SM_SEME
	VALUES ("37f9e101-80c8-424e-8c0b-ea140618bcd6",
	"035ffc2c-74da-485c-b8f0-00278230b1b4",
	"c4cafc68-b5c2-f769-2746-b4aaac0bac84",
	"00000000-0000-0000-0000-000000000000");
INSERT INTO SM_SEME
	VALUES ("37f9e101-80c8-424e-8c0b-ea140618bcd6",
	"6bdfdd94-2378-4869-b76c-32d7f4a2f038",
	"c4cafc68-b5c2-f769-2746-b4aaac0bac84",
	"00000000-0000-0000-0000-000000000000");
INSERT INTO SM_CH
	VALUES ("37f9e101-80c8-424e-8c0b-ea140618bcd6",
	"48aaae46-e19f-4444-8b34-fe2c635782a2",
	"c4cafc68-b5c2-f769-2746-b4aaac0bac84",
	"00000000-0000-0000-0000-000000000000",
	'');
INSERT INTO SM_SEME
	VALUES ("37f9e101-80c8-424e-8c0b-ea140618bcd6",
	"48aaae46-e19f-4444-8b34-fe2c635782a2",
	"c4cafc68-b5c2-f769-2746-b4aaac0bac84",
	"00000000-0000-0000-0000-000000000000");
INSERT INTO SM_CH
	VALUES ("37f9e101-80c8-424e-8c0b-ea140618bcd6",
	"464e43fc-3eb3-43e8-8a34-572c1976d324",
	"c4cafc68-b5c2-f769-2746-b4aaac0bac84",
	"00000000-0000-0000-0000-000000000000",
	'');
INSERT INTO SM_SEME
	VALUES ("37f9e101-80c8-424e-8c0b-ea140618bcd6",
	"464e43fc-3eb3-43e8-8a34-572c1976d324",
	"c4cafc68-b5c2-f769-2746-b4aaac0bac84",
	"00000000-0000-0000-0000-000000000000");
INSERT INTO SM_CH
	VALUES ("37f9e101-80c8-424e-8c0b-ea140618bcd6",
	"417ac6c4-6c01-4ecf-9f50-9d782c6d4c5d",
	"c4cafc68-b5c2-f769-2746-b4aaac0bac84",
	"00000000-0000-0000-0000-000000000000",
	'');
INSERT INTO SM_SEME
	VALUES ("37f9e101-80c8-424e-8c0b-ea140618bcd6",
	"417ac6c4-6c01-4ecf-9f50-9d782c6d4c5d",
	"c4cafc68-b5c2-f769-2746-b4aaac0bac84",
	"00000000-0000-0000-0000-000000000000");
INSERT INTO SM_CH
	VALUES ("37f9e101-80c8-424e-8c0b-ea140618bcd6",
	"bc2b9fdf-ccdb-4fad-846d-494114656460",
	"c4cafc68-b5c2-f769-2746-b4aaac0bac84",
	"00000000-0000-0000-0000-000000000000",
	'');
INSERT INTO SM_SEME
	VALUES ("37f9e101-80c8-424e-8c0b-ea140618bcd6",
	"bc2b9fdf-ccdb-4fad-846d-494114656460",
	"c4cafc68-b5c2-f769-2746-b4aaac0bac84",
	"00000000-0000-0000-0000-000000000000");
INSERT INTO SM_MOAH
	VALUES ("5eef4bed-2b88-4d47-8a15-7a7600a01f7c",
	"c4cafc68-b5c2-f769-2746-b4aaac0bac84",
	"37f9e101-80c8-424e-8c0b-ea140618bcd6");
INSERT INTO SM_AH
	VALUES ("5eef4bed-2b88-4d47-8a15-7a7600a01f7c",
	"c4cafc68-b5c2-f769-2746-b4aaac0bac84");
INSERT INTO SM_ACT
	VALUES ("5eef4bed-2b88-4d47-8a15-7a7600a01f7c",
	"c4cafc68-b5c2-f769-2746-b4aaac0bac84",
	1,
	'// Update the stopwatch time.
WorkoutTimerConstants::initialize();
select any wtc from instances of WorkoutTimerConstants;
self.time = self.time + wtc.timerPeriod;

// Refresh the user interface.
send UI::setTime(time: self.time);
',
	'',
	0);
INSERT INTO ACT_SAB
	VALUES ("721c6096-7634-4ad8-a5d1-ec039ca473b5",
	"c4cafc68-b5c2-f769-2746-b4aaac0bac84",
	"5eef4bed-2b88-4d47-8a15-7a7600a01f7c");
INSERT INTO ACT_ACT
	VALUES ("721c6096-7634-4ad8-a5d1-ec039ca473b5",
	'state',
	0,
	"b70bbb90-7686-4bd8-8ffe-4b4fffa86c88",
	"00000000-0000-0000-0000-000000000000",
	0,
	'WorkoutTimer::running',
	"00000000-0000-0000-0000-000000000000");
INSERT INTO ACT_BLK
	VALUES ("b70bbb90-7686-4bd8-8ffe-4b4fffa86c88",
	1,
	0,
	0,
	'UI',
	'',
	'',
	7,
	1,
	7,
	6,
	0,
	0,
	0,
	0,
	0,
	0,
	0,
	0,
	0,
	"721c6096-7634-4ad8-a5d1-ec039ca473b5",
	"00000000-0000-0000-0000-000000000000");
INSERT INTO ACT_SMT
	VALUES ("859eeabb-91ba-4c02-b130-addf36eeface",
	"b70bbb90-7686-4bd8-8ffe-4b4fffa86c88",
	"2fe835ef-b333-494c-ad70-75525cb8c268",
	2,
	1,
	'WorkoutTimer::running line: 2');
INSERT INTO ACT_TFM
	VALUES ("859eeabb-91ba-4c02-b130-addf36eeface",
	"bccaa7bb-2dfd-43aa-82b3-87b4d3767a2f",
	"00000000-0000-0000-0000-000000000000",
	2,
	24,
	2,
	1);
INSERT INTO ACT_SMT
	VALUES ("2fe835ef-b333-494c-ad70-75525cb8c268",
	"b70bbb90-7686-4bd8-8ffe-4b4fffa86c88",
	"e71314f7-f6e6-4553-9a44-1bba1887d458",
	3,
	1,
	'WorkoutTimer::running line: 3');
INSERT INTO ACT_FIO
	VALUES ("2fe835ef-b333-494c-ad70-75525cb8c268",
	"2c614c62-b272-4cc6-9cf2-4f65b5cf34ee",
	1,
	'any',
	"17e74bc8-2fe2-41d4-9ca1-908471be35f1",
	3,
	34);
INSERT INTO ACT_SMT
	VALUES ("e71314f7-f6e6-4553-9a44-1bba1887d458",
	"b70bbb90-7686-4bd8-8ffe-4b4fffa86c88",
	"e10b8978-9497-4fa8-a332-e8a2b458e438",
	4,
	1,
	'WorkoutTimer::running line: 4');
INSERT INTO ACT_AI
	VALUES ("e71314f7-f6e6-4553-9a44-1bba1887d458",
	"7d919bdf-a270-4757-b0bb-eaf270b4a9da",
	"ef23ce9b-fdd3-40d2-ba57-4e9a048eabef",
	0,
	0);
INSERT INTO ACT_SMT
	VALUES ("e10b8978-9497-4fa8-a332-e8a2b458e438",
	"b70bbb90-7686-4bd8-8ffe-4b4fffa86c88",
	"00000000-0000-0000-0000-000000000000",
	7,
	1,
	'WorkoutTimer::running line: 7');
INSERT INTO ACT_SGN
	VALUES ("e10b8978-9497-4fa8-a332-e8a2b458e438",
	7,
	10,
	7,
	6,
	"00000000-0000-0000-0000-000000000000",
	"fde1ac80-c681-41a3-ac10-61ad63f69a11",
	"00000000-0000-0000-0000-000000000000");
INSERT INTO V_VAL
	VALUES ("ba5f6a65-6f70-4926-98bc-119023bf395b",
	1,
	0,
	4,
	1,
	4,
	0,
	0,
	0,
	0,
	"ba5eda7a-def5-0000-0000-000000000008",
	"b70bbb90-7686-4bd8-8ffe-4b4fffa86c88");
INSERT INTO V_IRF
	VALUES ("ba5f6a65-6f70-4926-98bc-119023bf395b",
	"23b49ce7-3f00-4b12-b428-32d231b36564");
INSERT INTO V_VAL
	VALUES ("ef23ce9b-fdd3-40d2-ba57-4e9a048eabef",
	1,
	0,
	4,
	6,
	9,
	0,
	0,
	0,
	0,
	"ba5eda7a-def5-0000-0000-000000000002",
	"b70bbb90-7686-4bd8-8ffe-4b4fffa86c88");
INSERT INTO V_AVL
	VALUES ("ef23ce9b-fdd3-40d2-ba57-4e9a048eabef",
	"ba5f6a65-6f70-4926-98bc-119023bf395b",
	"8d4b82cf-ec16-4fd9-925b-0e51eb64a2f7",
	"e4e19783-1a13-4049-a49c-6e687000fdb9");
INSERT INTO V_VAL
	VALUES ("2f845b59-bdc5-4528-b7af-38ecc594a2b0",
	0,
	0,
	4,
	13,
	16,
	0,
	0,
	0,
	0,
	"ba5eda7a-def5-0000-0000-000000000008",
	"b70bbb90-7686-4bd8-8ffe-4b4fffa86c88");
INSERT INTO V_IRF
	VALUES ("2f845b59-bdc5-4528-b7af-38ecc594a2b0",
	"23b49ce7-3f00-4b12-b428-32d231b36564");
INSERT INTO V_VAL
	VALUES ("3667c6d3-5c83-4fa5-8365-e9f66547964a",
	0,
	0,
	4,
	18,
	21,
	0,
	0,
	0,
	0,
	"ba5eda7a-def5-0000-0000-000000000002",
	"b70bbb90-7686-4bd8-8ffe-4b4fffa86c88");
INSERT INTO V_AVL
	VALUES ("3667c6d3-5c83-4fa5-8365-e9f66547964a",
	"2f845b59-bdc5-4528-b7af-38ecc594a2b0",
	"8d4b82cf-ec16-4fd9-925b-0e51eb64a2f7",
	"e4e19783-1a13-4049-a49c-6e687000fdb9");
INSERT INTO V_VAL
	VALUES ("7d919bdf-a270-4757-b0bb-eaf270b4a9da",
	0,
	0,
	4,
	18,
	39,
	0,
	0,
	0,
	0,
	"ba5eda7a-def5-0000-0000-000000000002",
	"b70bbb90-7686-4bd8-8ffe-4b4fffa86c88");
INSERT INTO V_BIN
	VALUES ("7d919bdf-a270-4757-b0bb-eaf270b4a9da",
	"4f285700-5586-4bde-8af2-85d56a0c795a",
	"3667c6d3-5c83-4fa5-8365-e9f66547964a",
	'+');
INSERT INTO V_VAL
	VALUES ("bef97c1c-e026-498c-89cf-6e3b4a7151a7",
	0,
	0,
	4,
	25,
	27,
	0,
	0,
	0,
	0,
	"ba5eda7a-def5-0000-0000-000000000008",
	"b70bbb90-7686-4bd8-8ffe-4b4fffa86c88");
INSERT INTO V_IRF
	VALUES ("bef97c1c-e026-498c-89cf-6e3b4a7151a7",
	"2c614c62-b272-4cc6-9cf2-4f65b5cf34ee");
INSERT INTO V_VAL
	VALUES ("4f285700-5586-4bde-8af2-85d56a0c795a",
	0,
	0,
	4,
	29,
	39,
	0,
	0,
	0,
	0,
	"ba5eda7a-def5-0000-0000-000000000002",
	"b70bbb90-7686-4bd8-8ffe-4b4fffa86c88");
INSERT INTO V_AVL
	VALUES ("4f285700-5586-4bde-8af2-85d56a0c795a",
	"bef97c1c-e026-498c-89cf-6e3b4a7151a7",
	"17e74bc8-2fe2-41d4-9ca1-908471be35f1",
	"16b3076b-7ab6-4cd8-8965-252836ca551d");
INSERT INTO V_VAL
	VALUES ("93a2af96-e2b3-4b43-b8cc-3fcd9f9b4878",
	0,
	0,
	7,
	24,
	27,
	0,
	0,
	0,
	0,
	"ba5eda7a-def5-0000-0000-000000000008",
	"b70bbb90-7686-4bd8-8ffe-4b4fffa86c88");
INSERT INTO V_IRF
	VALUES ("93a2af96-e2b3-4b43-b8cc-3fcd9f9b4878",
	"23b49ce7-3f00-4b12-b428-32d231b36564");
INSERT INTO V_VAL
	VALUES ("6b7bd64c-b2f5-44d1-8665-ab22798840c8",
	0,
	0,
	7,
	29,
	32,
	0,
	0,
	0,
	0,
	"ba5eda7a-def5-0000-0000-000000000002",
	"b70bbb90-7686-4bd8-8ffe-4b4fffa86c88");
INSERT INTO V_AVL
	VALUES ("6b7bd64c-b2f5-44d1-8665-ab22798840c8",
	"93a2af96-e2b3-4b43-b8cc-3fcd9f9b4878",
	"8d4b82cf-ec16-4fd9-925b-0e51eb64a2f7",
	"e4e19783-1a13-4049-a49c-6e687000fdb9");
INSERT INTO V_PAR
	VALUES ("6b7bd64c-b2f5-44d1-8665-ab22798840c8",
	"e10b8978-9497-4fa8-a332-e8a2b458e438",
	"00000000-0000-0000-0000-000000000000",
	'time',
	"00000000-0000-0000-0000-000000000000",
	7,
	18);
INSERT INTO V_VAR
	VALUES ("2c614c62-b272-4cc6-9cf2-4f65b5cf34ee",
	"b70bbb90-7686-4bd8-8ffe-4b4fffa86c88",
	'wtc',
	1,
	"ba5eda7a-def5-0000-0000-000000000008");
INSERT INTO V_INT
	VALUES ("2c614c62-b272-4cc6-9cf2-4f65b5cf34ee",
	0,
	"17e74bc8-2fe2-41d4-9ca1-908471be35f1");
INSERT INTO V_VAR
	VALUES ("23b49ce7-3f00-4b12-b428-32d231b36564",
	"b70bbb90-7686-4bd8-8ffe-4b4fffa86c88",
	'self',
	1,
	"ba5eda7a-def5-0000-0000-000000000008");
INSERT INTO V_INT
	VALUES ("23b49ce7-3f00-4b12-b428-32d231b36564",
	0,
	"8d4b82cf-ec16-4fd9-925b-0e51eb64a2f7");
INSERT INTO SM_STATE
	VALUES ("6635d401-c213-4674-bf62-5d9a55644a6c",
	"c4cafc68-b5c2-f769-2746-b4aaac0bac84",
	"00000000-0000-0000-0000-000000000000",
	'paused',
	3,
	0);
INSERT INTO SM_SEME
	VALUES ("6635d401-c213-4674-bf62-5d9a55644a6c",
	"d20f019c-a3b7-4b4b-bcdf-307cf6b0b71a",
	"c4cafc68-b5c2-f769-2746-b4aaac0bac84",
	"00000000-0000-0000-0000-000000000000");
INSERT INTO SM_SEME
	VALUES ("6635d401-c213-4674-bf62-5d9a55644a6c",
	"035ffc2c-74da-485c-b8f0-00278230b1b4",
	"c4cafc68-b5c2-f769-2746-b4aaac0bac84",
	"00000000-0000-0000-0000-000000000000");
INSERT INTO SM_EIGN
	VALUES ("6635d401-c213-4674-bf62-5d9a55644a6c",
	"6bdfdd94-2378-4869-b76c-32d7f4a2f038",
	"c4cafc68-b5c2-f769-2746-b4aaac0bac84",
	"00000000-0000-0000-0000-000000000000",
	'');
INSERT INTO SM_SEME
	VALUES ("6635d401-c213-4674-bf62-5d9a55644a6c",
	"6bdfdd94-2378-4869-b76c-32d7f4a2f038",
	"c4cafc68-b5c2-f769-2746-b4aaac0bac84",
	"00000000-0000-0000-0000-000000000000");
INSERT INTO SM_CH
	VALUES ("6635d401-c213-4674-bf62-5d9a55644a6c",
	"48aaae46-e19f-4444-8b34-fe2c635782a2",
	"c4cafc68-b5c2-f769-2746-b4aaac0bac84",
	"00000000-0000-0000-0000-000000000000",
	'');
INSERT INTO SM_SEME
	VALUES ("6635d401-c213-4674-bf62-5d9a55644a6c",
	"48aaae46-e19f-4444-8b34-fe2c635782a2",
	"c4cafc68-b5c2-f769-2746-b4aaac0bac84",
	"00000000-0000-0000-0000-000000000000");
INSERT INTO SM_CH
	VALUES ("6635d401-c213-4674-bf62-5d9a55644a6c",
	"464e43fc-3eb3-43e8-8a34-572c1976d324",
	"c4cafc68-b5c2-f769-2746-b4aaac0bac84",
	"00000000-0000-0000-0000-000000000000",
	'');
INSERT INTO SM_SEME
	VALUES ("6635d401-c213-4674-bf62-5d9a55644a6c",
	"464e43fc-3eb3-43e8-8a34-572c1976d324",
	"c4cafc68-b5c2-f769-2746-b4aaac0bac84",
	"00000000-0000-0000-0000-000000000000");
INSERT INTO SM_CH
	VALUES ("6635d401-c213-4674-bf62-5d9a55644a6c",
	"417ac6c4-6c01-4ecf-9f50-9d782c6d4c5d",
	"c4cafc68-b5c2-f769-2746-b4aaac0bac84",
	"00000000-0000-0000-0000-000000000000",
	'');
INSERT INTO SM_SEME
	VALUES ("6635d401-c213-4674-bf62-5d9a55644a6c",
	"417ac6c4-6c01-4ecf-9f50-9d782c6d4c5d",
	"c4cafc68-b5c2-f769-2746-b4aaac0bac84",
	"00000000-0000-0000-0000-000000000000");
INSERT INTO SM_CH
	VALUES ("6635d401-c213-4674-bf62-5d9a55644a6c",
	"bc2b9fdf-ccdb-4fad-846d-494114656460",
	"c4cafc68-b5c2-f769-2746-b4aaac0bac84",
	"00000000-0000-0000-0000-000000000000",
	'');
INSERT INTO SM_SEME
	VALUES ("6635d401-c213-4674-bf62-5d9a55644a6c",
	"bc2b9fdf-ccdb-4fad-846d-494114656460",
	"c4cafc68-b5c2-f769-2746-b4aaac0bac84",
	"00000000-0000-0000-0000-000000000000");
INSERT INTO SM_MOAH
	VALUES ("25fd1bf1-6ba6-43b6-8a24-6489cd571b89",
	"c4cafc68-b5c2-f769-2746-b4aaac0bac84",
	"6635d401-c213-4674-bf62-5d9a55644a6c");
INSERT INTO SM_AH
	VALUES ("25fd1bf1-6ba6-43b6-8a24-6489cd571b89",
	"c4cafc68-b5c2-f769-2746-b4aaac0bac84");
INSERT INTO SM_ACT
	VALUES ("25fd1bf1-6ba6-43b6-8a24-6489cd571b89",
	"c4cafc68-b5c2-f769-2746-b4aaac0bac84",
	1,
	'self.deactivate();
',
	'',
	0);
INSERT INTO ACT_SAB
	VALUES ("441cd2e5-90d5-4f9c-8cfa-5b49445dcf26",
	"c4cafc68-b5c2-f769-2746-b4aaac0bac84",
	"25fd1bf1-6ba6-43b6-8a24-6489cd571b89");
INSERT INTO ACT_ACT
	VALUES ("441cd2e5-90d5-4f9c-8cfa-5b49445dcf26",
	'state',
	0,
	"5aa88bf6-716e-40b5-8eba-7a33827a2c37",
	"00000000-0000-0000-0000-000000000000",
	0,
	'WorkoutTimer::paused',
	"00000000-0000-0000-0000-000000000000");
INSERT INTO ACT_BLK
	VALUES ("5aa88bf6-716e-40b5-8eba-7a33827a2c37",
	0,
	0,
	0,
	'',
	'',
	'',
	1,
	1,
	0,
	0,
	0,
	0,
	0,
	0,
	0,
	0,
	0,
	0,
	0,
	"441cd2e5-90d5-4f9c-8cfa-5b49445dcf26",
	"00000000-0000-0000-0000-000000000000");
INSERT INTO ACT_SMT
	VALUES ("8694454c-cd5e-4812-afb9-eaa84fb07b1a",
	"5aa88bf6-716e-40b5-8eba-7a33827a2c37",
	"00000000-0000-0000-0000-000000000000",
	1,
	1,
	'WorkoutTimer::paused line: 1');
INSERT INTO ACT_TFM
	VALUES ("8694454c-cd5e-4812-afb9-eaa84fb07b1a",
	"e44223c1-ae4c-4d58-a2d6-8d8f3cd56581",
	"16d4a7ed-7a8d-4128-93bf-1bc6cf8523ba",
	1,
	6,
	0,
	0);
INSERT INTO V_VAR
	VALUES ("16d4a7ed-7a8d-4128-93bf-1bc6cf8523ba",
	"5aa88bf6-716e-40b5-8eba-7a33827a2c37",
	'self',
	1,
	"ba5eda7a-def5-0000-0000-000000000008");
INSERT INTO V_INT
	VALUES ("16d4a7ed-7a8d-4128-93bf-1bc6cf8523ba",
	0,
	"8d4b82cf-ec16-4fd9-925b-0e51eb64a2f7");
INSERT INTO SM_STATE
	VALUES ("ce89a7e3-dc92-4045-af3c-645934e1918f",
	"c4cafc68-b5c2-f769-2746-b4aaac0bac84",
	"00000000-0000-0000-0000-000000000000",
	'processingStart',
	6,
	0);
INSERT INTO SM_CH
	VALUES ("ce89a7e3-dc92-4045-af3c-645934e1918f",
	"d20f019c-a3b7-4b4b-bcdf-307cf6b0b71a",
	"c4cafc68-b5c2-f769-2746-b4aaac0bac84",
	"00000000-0000-0000-0000-000000000000",
	'');
INSERT INTO SM_SEME
	VALUES ("ce89a7e3-dc92-4045-af3c-645934e1918f",
	"d20f019c-a3b7-4b4b-bcdf-307cf6b0b71a",
	"c4cafc68-b5c2-f769-2746-b4aaac0bac84",
	"00000000-0000-0000-0000-000000000000");
INSERT INTO SM_CH
	VALUES ("ce89a7e3-dc92-4045-af3c-645934e1918f",
	"035ffc2c-74da-485c-b8f0-00278230b1b4",
	"c4cafc68-b5c2-f769-2746-b4aaac0bac84",
	"00000000-0000-0000-0000-000000000000",
	'');
INSERT INTO SM_SEME
	VALUES ("ce89a7e3-dc92-4045-af3c-645934e1918f",
	"035ffc2c-74da-485c-b8f0-00278230b1b4",
	"c4cafc68-b5c2-f769-2746-b4aaac0bac84",
	"00000000-0000-0000-0000-000000000000");
INSERT INTO SM_CH
	VALUES ("ce89a7e3-dc92-4045-af3c-645934e1918f",
	"6bdfdd94-2378-4869-b76c-32d7f4a2f038",
	"c4cafc68-b5c2-f769-2746-b4aaac0bac84",
	"00000000-0000-0000-0000-000000000000",
	'');
INSERT INTO SM_SEME
	VALUES ("ce89a7e3-dc92-4045-af3c-645934e1918f",
	"6bdfdd94-2378-4869-b76c-32d7f4a2f038",
	"c4cafc68-b5c2-f769-2746-b4aaac0bac84",
	"00000000-0000-0000-0000-000000000000");
INSERT INTO SM_CH
	VALUES ("ce89a7e3-dc92-4045-af3c-645934e1918f",
	"48aaae46-e19f-4444-8b34-fe2c635782a2",
	"c4cafc68-b5c2-f769-2746-b4aaac0bac84",
	"00000000-0000-0000-0000-000000000000",
	'');
INSERT INTO SM_SEME
	VALUES ("ce89a7e3-dc92-4045-af3c-645934e1918f",
	"48aaae46-e19f-4444-8b34-fe2c635782a2",
	"c4cafc68-b5c2-f769-2746-b4aaac0bac84",
	"00000000-0000-0000-0000-000000000000");
INSERT INTO SM_CH
	VALUES ("ce89a7e3-dc92-4045-af3c-645934e1918f",
	"464e43fc-3eb3-43e8-8a34-572c1976d324",
	"c4cafc68-b5c2-f769-2746-b4aaac0bac84",
	"00000000-0000-0000-0000-000000000000",
	'');
INSERT INTO SM_SEME
	VALUES ("ce89a7e3-dc92-4045-af3c-645934e1918f",
	"464e43fc-3eb3-43e8-8a34-572c1976d324",
	"c4cafc68-b5c2-f769-2746-b4aaac0bac84",
	"00000000-0000-0000-0000-000000000000");
INSERT INTO SM_SEME
	VALUES ("ce89a7e3-dc92-4045-af3c-645934e1918f",
	"417ac6c4-6c01-4ecf-9f50-9d782c6d4c5d",
	"c4cafc68-b5c2-f769-2746-b4aaac0bac84",
	"00000000-0000-0000-0000-000000000000");
INSERT INTO SM_CH
	VALUES ("ce89a7e3-dc92-4045-af3c-645934e1918f",
	"bc2b9fdf-ccdb-4fad-846d-494114656460",
	"c4cafc68-b5c2-f769-2746-b4aaac0bac84",
	"00000000-0000-0000-0000-000000000000",
	'');
INSERT INTO SM_SEME
	VALUES ("ce89a7e3-dc92-4045-af3c-645934e1918f",
	"bc2b9fdf-ccdb-4fad-846d-494114656460",
	"c4cafc68-b5c2-f769-2746-b4aaac0bac84",
	"00000000-0000-0000-0000-000000000000");
INSERT INTO SM_MOAH
	VALUES ("beaff8d4-1945-45f5-9826-4027e865b161",
	"c4cafc68-b5c2-f769-2746-b4aaac0bac84",
	"ce89a7e3-dc92-4045-af3c-645934e1918f");
INSERT INTO SM_AH
	VALUES ("beaff8d4-1945-45f5-9826-4027e865b161",
	"c4cafc68-b5c2-f769-2746-b4aaac0bac84");
INSERT INTO SM_ACT
	VALUES ("beaff8d4-1945-45f5-9826-4027e865b161",
	"c4cafc68-b5c2-f769-2746-b4aaac0bac84",
	1,
	'// Start the timer.
self.activate();
generate WorkoutTimer6:startTimer() to self;',
	'',
	0);
INSERT INTO ACT_SAB
	VALUES ("39354e12-4216-4007-ae2b-e1b88d1cedbc",
	"c4cafc68-b5c2-f769-2746-b4aaac0bac84",
	"beaff8d4-1945-45f5-9826-4027e865b161");
INSERT INTO ACT_ACT
	VALUES ("39354e12-4216-4007-ae2b-e1b88d1cedbc",
	'state',
	0,
	"0cd8780b-7895-4077-976e-87d50d99c79a",
	"00000000-0000-0000-0000-000000000000",
	0,
	'WorkoutTimer::processingStart',
	"00000000-0000-0000-0000-000000000000");
INSERT INTO ACT_BLK
	VALUES ("0cd8780b-7895-4077-976e-87d50d99c79a",
	0,
	0,
	0,
	'V_VAR.Var_ID',
	'',
	'',
	3,
	1,
	0,
	0,
	0,
	0,
	0,
	0,
	0,
	0,
	0,
	0,
	0,
	"39354e12-4216-4007-ae2b-e1b88d1cedbc",
	"00000000-0000-0000-0000-000000000000");
INSERT INTO ACT_SMT
	VALUES ("fa2c312e-24da-4215-8224-d557d5a866d2",
	"0cd8780b-7895-4077-976e-87d50d99c79a",
	"de14a30a-f9d4-48bf-9451-09c0ad2a80ca",
	2,
	1,
	'WorkoutTimer::processingStart line: 2');
INSERT INTO ACT_TFM
	VALUES ("fa2c312e-24da-4215-8224-d557d5a866d2",
	"1363f0df-e630-4deb-a831-ed6cbcc9a974",
	"db5c34b3-43a1-4031-a95d-2e41d72247be",
	2,
	6,
	0,
	0);
INSERT INTO ACT_SMT
	VALUES ("de14a30a-f9d4-48bf-9451-09c0ad2a80ca",
	"0cd8780b-7895-4077-976e-87d50d99c79a",
	"00000000-0000-0000-0000-000000000000",
	3,
	1,
	'WorkoutTimer::processingStart line: 3');
INSERT INTO E_ESS
	VALUES ("de14a30a-f9d4-48bf-9451-09c0ad2a80ca",
	1,
	0,
	3,
	10,
	3,
	24,
	0,
	0,
	0,
	0,
	0,
	0);
INSERT INTO E_GES
	VALUES ("de14a30a-f9d4-48bf-9451-09c0ad2a80ca");
INSERT INTO E_GSME
	VALUES ("de14a30a-f9d4-48bf-9451-09c0ad2a80ca",
	"417ac6c4-6c01-4ecf-9f50-9d782c6d4c5d");
INSERT INTO E_GEN
	VALUES ("de14a30a-f9d4-48bf-9451-09c0ad2a80ca",
	"db5c34b3-43a1-4031-a95d-2e41d72247be");
INSERT INTO V_VAR
	VALUES ("db5c34b3-43a1-4031-a95d-2e41d72247be",
	"0cd8780b-7895-4077-976e-87d50d99c79a",
	'self',
	1,
	"ba5eda7a-def5-0000-0000-000000000008");
INSERT INTO V_INT
	VALUES ("db5c34b3-43a1-4031-a95d-2e41d72247be",
	0,
	"8d4b82cf-ec16-4fd9-925b-0e51eb64a2f7");
INSERT INTO SM_STATE
	VALUES ("d1ffe4d2-1b07-495f-b2bf-938f0b17770f",
	"c4cafc68-b5c2-f769-2746-b4aaac0bac84",
	"00000000-0000-0000-0000-000000000000",
	'resetLap',
	8,
	0);
INSERT INTO SM_CH
	VALUES ("d1ffe4d2-1b07-495f-b2bf-938f0b17770f",
	"d20f019c-a3b7-4b4b-bcdf-307cf6b0b71a",
	"c4cafc68-b5c2-f769-2746-b4aaac0bac84",
	"00000000-0000-0000-0000-000000000000",
	'');
INSERT INTO SM_SEME
	VALUES ("d1ffe4d2-1b07-495f-b2bf-938f0b17770f",
	"d20f019c-a3b7-4b4b-bcdf-307cf6b0b71a",
	"c4cafc68-b5c2-f769-2746-b4aaac0bac84",
	"00000000-0000-0000-0000-000000000000");
INSERT INTO SM_CH
	VALUES ("d1ffe4d2-1b07-495f-b2bf-938f0b17770f",
	"035ffc2c-74da-485c-b8f0-00278230b1b4",
	"c4cafc68-b5c2-f769-2746-b4aaac0bac84",
	"00000000-0000-0000-0000-000000000000",
	'');
INSERT INTO SM_SEME
	VALUES ("d1ffe4d2-1b07-495f-b2bf-938f0b17770f",
	"035ffc2c-74da-485c-b8f0-00278230b1b4",
	"c4cafc68-b5c2-f769-2746-b4aaac0bac84",
	"00000000-0000-0000-0000-000000000000");
INSERT INTO SM_CH
	VALUES ("d1ffe4d2-1b07-495f-b2bf-938f0b17770f",
	"6bdfdd94-2378-4869-b76c-32d7f4a2f038",
	"c4cafc68-b5c2-f769-2746-b4aaac0bac84",
	"00000000-0000-0000-0000-000000000000",
	'');
INSERT INTO SM_SEME
	VALUES ("d1ffe4d2-1b07-495f-b2bf-938f0b17770f",
	"6bdfdd94-2378-4869-b76c-32d7f4a2f038",
	"c4cafc68-b5c2-f769-2746-b4aaac0bac84",
	"00000000-0000-0000-0000-000000000000");
INSERT INTO SM_CH
	VALUES ("d1ffe4d2-1b07-495f-b2bf-938f0b17770f",
	"48aaae46-e19f-4444-8b34-fe2c635782a2",
	"c4cafc68-b5c2-f769-2746-b4aaac0bac84",
	"00000000-0000-0000-0000-000000000000",
	'');
INSERT INTO SM_SEME
	VALUES ("d1ffe4d2-1b07-495f-b2bf-938f0b17770f",
	"48aaae46-e19f-4444-8b34-fe2c635782a2",
	"c4cafc68-b5c2-f769-2746-b4aaac0bac84",
	"00000000-0000-0000-0000-000000000000");
INSERT INTO SM_CH
	VALUES ("d1ffe4d2-1b07-495f-b2bf-938f0b17770f",
	"464e43fc-3eb3-43e8-8a34-572c1976d324",
	"c4cafc68-b5c2-f769-2746-b4aaac0bac84",
	"00000000-0000-0000-0000-000000000000",
	'');
INSERT INTO SM_SEME
	VALUES ("d1ffe4d2-1b07-495f-b2bf-938f0b17770f",
	"464e43fc-3eb3-43e8-8a34-572c1976d324",
	"c4cafc68-b5c2-f769-2746-b4aaac0bac84",
	"00000000-0000-0000-0000-000000000000");
INSERT INTO SM_CH
	VALUES ("d1ffe4d2-1b07-495f-b2bf-938f0b17770f",
	"417ac6c4-6c01-4ecf-9f50-9d782c6d4c5d",
	"c4cafc68-b5c2-f769-2746-b4aaac0bac84",
	"00000000-0000-0000-0000-000000000000",
	'');
INSERT INTO SM_SEME
	VALUES ("d1ffe4d2-1b07-495f-b2bf-938f0b17770f",
	"417ac6c4-6c01-4ecf-9f50-9d782c6d4c5d",
	"c4cafc68-b5c2-f769-2746-b4aaac0bac84",
	"00000000-0000-0000-0000-000000000000");
INSERT INTO SM_SEME
	VALUES ("d1ffe4d2-1b07-495f-b2bf-938f0b17770f",
	"bc2b9fdf-ccdb-4fad-846d-494114656460",
	"c4cafc68-b5c2-f769-2746-b4aaac0bac84",
	"00000000-0000-0000-0000-000000000000");
INSERT INTO SM_MOAH
	VALUES ("d943c567-457f-4071-a0ba-35650b354eea",
	"c4cafc68-b5c2-f769-2746-b4aaac0bac84",
	"d1ffe4d2-1b07-495f-b2bf-938f0b17770f");
INSERT INTO SM_AH
	VALUES ("d943c567-457f-4071-a0ba-35650b354eea",
	"c4cafc68-b5c2-f769-2746-b4aaac0bac84");
INSERT INTO SM_ACT
	VALUES ("d943c567-457f-4071-a0ba-35650b354eea",
	"c4cafc68-b5c2-f769-2746-b4aaac0bac84",
	1,
	'select any trackLog from instances of TrackLog;
if (not empty trackLog)
  trackLog.addLapMarker();
end if;
generate WorkoutTimer8:lapResetComplete() to self;',
	'',
	0);
INSERT INTO ACT_SAB
	VALUES ("58b880ed-293c-4f91-af75-cc68039e3ccc",
	"c4cafc68-b5c2-f769-2746-b4aaac0bac84",
	"d943c567-457f-4071-a0ba-35650b354eea");
INSERT INTO ACT_ACT
	VALUES ("58b880ed-293c-4f91-af75-cc68039e3ccc",
	'state',
	0,
	"897f72f5-e152-4c70-9f9a-84b8221b68e8",
	"00000000-0000-0000-0000-000000000000",
	0,
	'WorkoutTimer::resetLap',
	"00000000-0000-0000-0000-000000000000");
INSERT INTO ACT_BLK
	VALUES ("897f72f5-e152-4c70-9f9a-84b8221b68e8",
	1,
	0,
	0,
	'V_VAR.Var_ID',
	'',
	'',
	5,
	1,
	1,
	39,
	0,
	0,
	0,
	0,
	0,
	0,
	0,
	0,
	0,
	"58b880ed-293c-4f91-af75-cc68039e3ccc",
	"00000000-0000-0000-0000-000000000000");
INSERT INTO ACT_SMT
	VALUES ("1644892f-f07c-4665-88e0-8a6dd4b98972",
	"897f72f5-e152-4c70-9f9a-84b8221b68e8",
	"a77b2ecd-338e-4f2b-b25e-2bef2a53688f",
	1,
	1,
	'WorkoutTimer::resetLap line: 1');
INSERT INTO ACT_FIO
	VALUES ("1644892f-f07c-4665-88e0-8a6dd4b98972",
	"8c164bdb-2c64-484a-b225-d0dc3f2d6e74",
	1,
	'any',
	"d2828038-110a-4559-8452-91651af0adcb",
	1,
	39);
INSERT INTO ACT_SMT
	VALUES ("a77b2ecd-338e-4f2b-b25e-2bef2a53688f",
	"897f72f5-e152-4c70-9f9a-84b8221b68e8",
	"81a6151f-da83-4754-84f0-54665c344326",
	2,
	1,
	'WorkoutTimer::resetLap line: 2');
INSERT INTO ACT_IF
	VALUES ("a77b2ecd-338e-4f2b-b25e-2bef2a53688f",
	"13ea538b-f4b2-400b-adf4-ed320410663c",
	"96a8144f-56e6-4ece-bfd3-157f46f874ad",
	"00000000-0000-0000-0000-000000000000",
	"00000000-0000-0000-0000-000000000000");
INSERT INTO ACT_SMT
	VALUES ("81a6151f-da83-4754-84f0-54665c344326",
	"897f72f5-e152-4c70-9f9a-84b8221b68e8",
	"00000000-0000-0000-0000-000000000000",
	5,
	1,
	'WorkoutTimer::resetLap line: 5');
INSERT INTO E_ESS
	VALUES ("81a6151f-da83-4754-84f0-54665c344326",
	1,
	0,
	5,
	10,
	5,
	24,
	1,
	39,
	0,
	0,
	0,
	0);
INSERT INTO E_GES
	VALUES ("81a6151f-da83-4754-84f0-54665c344326");
INSERT INTO E_GSME
	VALUES ("81a6151f-da83-4754-84f0-54665c344326",
	"bc2b9fdf-ccdb-4fad-846d-494114656460");
INSERT INTO E_GEN
	VALUES ("81a6151f-da83-4754-84f0-54665c344326",
	"224d3e57-ad24-4f69-ba67-2cabac6f5041");
INSERT INTO V_VAL
	VALUES ("7d36e883-f044-424e-bb55-5326f5da43b6",
	0,
	0,
	2,
	15,
	22,
	0,
	0,
	0,
	0,
	"ba5eda7a-def5-0000-0000-000000000008",
	"897f72f5-e152-4c70-9f9a-84b8221b68e8");
INSERT INTO V_IRF
	VALUES ("7d36e883-f044-424e-bb55-5326f5da43b6",
	"8c164bdb-2c64-484a-b225-d0dc3f2d6e74");
INSERT INTO V_VAL
	VALUES ("c0aeaae8-f0b7-4c81-bff0-f37173b45129",
	0,
	0,
	-1,
	-1,
	-1,
	0,
	0,
	0,
	0,
	"ba5eda7a-def5-0000-0000-000000000001",
	"897f72f5-e152-4c70-9f9a-84b8221b68e8");
INSERT INTO V_UNY
	VALUES ("c0aeaae8-f0b7-4c81-bff0-f37173b45129",
	"7d36e883-f044-424e-bb55-5326f5da43b6",
	'empty');
INSERT INTO V_VAL
	VALUES ("96a8144f-56e6-4ece-bfd3-157f46f874ad",
	0,
	0,
	-1,
	-1,
	-1,
	0,
	0,
	0,
	0,
	"ba5eda7a-def5-0000-0000-000000000001",
	"897f72f5-e152-4c70-9f9a-84b8221b68e8");
INSERT INTO V_UNY
	VALUES ("96a8144f-56e6-4ece-bfd3-157f46f874ad",
	"c0aeaae8-f0b7-4c81-bff0-f37173b45129",
	'not');
INSERT INTO V_VAR
	VALUES ("8c164bdb-2c64-484a-b225-d0dc3f2d6e74",
	"897f72f5-e152-4c70-9f9a-84b8221b68e8",
	'trackLog',
	1,
	"ba5eda7a-def5-0000-0000-000000000008");
INSERT INTO V_INT
	VALUES ("8c164bdb-2c64-484a-b225-d0dc3f2d6e74",
	0,
	"d2828038-110a-4559-8452-91651af0adcb");
INSERT INTO V_VAR
	VALUES ("224d3e57-ad24-4f69-ba67-2cabac6f5041",
	"897f72f5-e152-4c70-9f9a-84b8221b68e8",
	'self',
	1,
	"ba5eda7a-def5-0000-0000-000000000008");
INSERT INTO V_INT
	VALUES ("224d3e57-ad24-4f69-ba67-2cabac6f5041",
	0,
	"8d4b82cf-ec16-4fd9-925b-0e51eb64a2f7");
INSERT INTO ACT_BLK
	VALUES ("13ea538b-f4b2-400b-adf4-ed320410663c",
	0,
	0,
	0,
	'',
	'',
	'',
	3,
	3,
	0,
	0,
	0,
	0,
	0,
	0,
	0,
	0,
	0,
	0,
	0,
	"58b880ed-293c-4f91-af75-cc68039e3ccc",
	"00000000-0000-0000-0000-000000000000");
INSERT INTO ACT_SMT
	VALUES ("c37d8ee5-6402-432b-af58-f449311e0437",
	"13ea538b-f4b2-400b-adf4-ed320410663c",
	"00000000-0000-0000-0000-000000000000",
	3,
	3,
	'WorkoutTimer::resetLap line: 3');
INSERT INTO ACT_TFM
	VALUES ("c37d8ee5-6402-432b-af58-f449311e0437",
	"83ad7ae5-197c-4e8a-b9f5-b7d1c03db0b7",
	"8c164bdb-2c64-484a-b225-d0dc3f2d6e74",
	3,
	12,
	0,
	0);
INSERT INTO SM_NSTXN
	VALUES ("42660eab-41f5-4986-b97c-07780ad15dae",
	"c4cafc68-b5c2-f769-2746-b4aaac0bac84",
	"6635d401-c213-4674-bf62-5d9a55644a6c",
	"035ffc2c-74da-485c-b8f0-00278230b1b4",
	"00000000-0000-0000-0000-000000000000");
INSERT INTO SM_TAH
	VALUES ("0efc69c4-b15e-41a4-91c8-91b4e2dcdf61",
	"c4cafc68-b5c2-f769-2746-b4aaac0bac84",
	"42660eab-41f5-4986-b97c-07780ad15dae");
INSERT INTO SM_AH
	VALUES ("0efc69c4-b15e-41a4-91c8-91b4e2dcdf61",
	"c4cafc68-b5c2-f769-2746-b4aaac0bac84");
INSERT INTO SM_ACT
	VALUES ("0efc69c4-b15e-41a4-91c8-91b4e2dcdf61",
	"c4cafc68-b5c2-f769-2746-b4aaac0bac84",
	1,
	'',
	'',
	0);
INSERT INTO ACT_TAB
	VALUES ("bd8378b2-2976-403c-afd8-0ef163eedec2",
	"c4cafc68-b5c2-f769-2746-b4aaac0bac84",
	"0efc69c4-b15e-41a4-91c8-91b4e2dcdf61");
INSERT INTO ACT_ACT
	VALUES ("bd8378b2-2976-403c-afd8-0ef163eedec2",
	'transition',
	0,
	"208de0b4-1b4a-422b-92f4-13f003f836f8",
	"00000000-0000-0000-0000-000000000000",
	0,
	'WorkoutTimer2: lapResetPressed',
	"00000000-0000-0000-0000-000000000000");
INSERT INTO ACT_BLK
	VALUES ("208de0b4-1b4a-422b-92f4-13f003f836f8",
	0,
	0,
	0,
	'',
	'',
	'',
	0,
	0,
	0,
	0,
	0,
	0,
	0,
	0,
	0,
	0,
	0,
	0,
	0,
	"bd8378b2-2976-403c-afd8-0ef163eedec2",
	"00000000-0000-0000-0000-000000000000");
INSERT INTO SM_TXN
	VALUES ("42660eab-41f5-4986-b97c-07780ad15dae",
	"c4cafc68-b5c2-f769-2746-b4aaac0bac84",
	"6dfe45d2-5da6-45f9-b191-ccd73d6d887b",
	"00000000-0000-0000-0000-000000000000");
INSERT INTO SM_NSTXN
	VALUES ("b6c65c53-8ea6-4cbf-81c6-ea2119a144fa",
	"c4cafc68-b5c2-f769-2746-b4aaac0bac84",
	"6dfe45d2-5da6-45f9-b191-ccd73d6d887b",
	"d20f019c-a3b7-4b4b-bcdf-307cf6b0b71a",
	"00000000-0000-0000-0000-000000000000");
INSERT INTO SM_TAH
	VALUES ("9bdcafac-bb52-4ec2-adf0-b6df35382ef4",
	"c4cafc68-b5c2-f769-2746-b4aaac0bac84",
	"b6c65c53-8ea6-4cbf-81c6-ea2119a144fa");
INSERT INTO SM_AH
	VALUES ("9bdcafac-bb52-4ec2-adf0-b6df35382ef4",
	"c4cafc68-b5c2-f769-2746-b4aaac0bac84");
INSERT INTO SM_ACT
	VALUES ("9bdcafac-bb52-4ec2-adf0-b6df35382ef4",
	"c4cafc68-b5c2-f769-2746-b4aaac0bac84",
	1,
	'',
	'',
	0);
INSERT INTO ACT_TAB
	VALUES ("f767e9d0-9e14-4c50-92e1-9bde48d49333",
	"c4cafc68-b5c2-f769-2746-b4aaac0bac84",
	"9bdcafac-bb52-4ec2-adf0-b6df35382ef4");
INSERT INTO ACT_ACT
	VALUES ("f767e9d0-9e14-4c50-92e1-9bde48d49333",
	'transition',
	0,
	"0ec2cd27-a4d7-4f10-be32-1aa8af67f38e",
	"00000000-0000-0000-0000-000000000000",
	0,
	'WorkoutTimer1: startStopPressed',
	"00000000-0000-0000-0000-000000000000");
INSERT INTO ACT_BLK
	VALUES ("0ec2cd27-a4d7-4f10-be32-1aa8af67f38e",
	0,
	0,
	0,
	'',
	'',
	'',
	0,
	0,
	0,
	0,
	0,
	0,
	0,
	0,
	0,
	0,
	0,
	0,
	0,
	"f767e9d0-9e14-4c50-92e1-9bde48d49333",
	"00000000-0000-0000-0000-000000000000");
INSERT INTO SM_TXN
	VALUES ("b6c65c53-8ea6-4cbf-81c6-ea2119a144fa",
	"c4cafc68-b5c2-f769-2746-b4aaac0bac84",
	"ce89a7e3-dc92-4045-af3c-645934e1918f",
	"00000000-0000-0000-0000-000000000000");
INSERT INTO SM_NSTXN
	VALUES ("9572fe7a-eb9a-4682-984b-3747cafd9b80",
	"c4cafc68-b5c2-f769-2746-b4aaac0bac84",
	"ce89a7e3-dc92-4045-af3c-645934e1918f",
	"417ac6c4-6c01-4ecf-9f50-9d782c6d4c5d",
	"00000000-0000-0000-0000-000000000000");
INSERT INTO SM_TAH
	VALUES ("57a21fe8-1b91-4978-bda1-7250aa3cc0e8",
	"c4cafc68-b5c2-f769-2746-b4aaac0bac84",
	"9572fe7a-eb9a-4682-984b-3747cafd9b80");
INSERT INTO SM_AH
	VALUES ("57a21fe8-1b91-4978-bda1-7250aa3cc0e8",
	"c4cafc68-b5c2-f769-2746-b4aaac0bac84");
INSERT INTO SM_ACT
	VALUES ("57a21fe8-1b91-4978-bda1-7250aa3cc0e8",
	"c4cafc68-b5c2-f769-2746-b4aaac0bac84",
	1,
	'',
	'',
	0);
INSERT INTO ACT_TAB
	VALUES ("7be49037-e14f-4e0b-86a6-d34b0d0b2c9d",
	"c4cafc68-b5c2-f769-2746-b4aaac0bac84",
	"57a21fe8-1b91-4978-bda1-7250aa3cc0e8");
INSERT INTO ACT_ACT
	VALUES ("7be49037-e14f-4e0b-86a6-d34b0d0b2c9d",
	'transition',
	0,
	"e7b4ac24-ab1a-4f50-b4f1-180f9ac3a64a",
	"00000000-0000-0000-0000-000000000000",
	0,
	'WorkoutTimer6: startTimer',
	"00000000-0000-0000-0000-000000000000");
INSERT INTO ACT_BLK
	VALUES ("e7b4ac24-ab1a-4f50-b4f1-180f9ac3a64a",
	0,
	0,
	0,
	'',
	'',
	'',
	0,
	0,
	0,
	0,
	0,
	0,
	0,
	0,
	0,
	0,
	0,
	0,
	0,
	"7be49037-e14f-4e0b-86a6-d34b0d0b2c9d",
	"00000000-0000-0000-0000-000000000000");
INSERT INTO SM_TXN
	VALUES ("9572fe7a-eb9a-4682-984b-3747cafd9b80",
	"c4cafc68-b5c2-f769-2746-b4aaac0bac84",
	"37f9e101-80c8-424e-8c0b-ea140618bcd6",
	"00000000-0000-0000-0000-000000000000");
INSERT INTO SM_NSTXN
	VALUES ("c2d9acfd-3e06-4290-98a5-0c58b4f3aa51",
	"c4cafc68-b5c2-f769-2746-b4aaac0bac84",
	"37f9e101-80c8-424e-8c0b-ea140618bcd6",
	"035ffc2c-74da-485c-b8f0-00278230b1b4",
	"00000000-0000-0000-0000-000000000000");
INSERT INTO SM_TAH
	VALUES ("b20793e2-a1ce-4847-8781-f32b5762281e",
	"c4cafc68-b5c2-f769-2746-b4aaac0bac84",
	"c2d9acfd-3e06-4290-98a5-0c58b4f3aa51");
INSERT INTO SM_AH
	VALUES ("b20793e2-a1ce-4847-8781-f32b5762281e",
	"c4cafc68-b5c2-f769-2746-b4aaac0bac84");
INSERT INTO SM_ACT
	VALUES ("b20793e2-a1ce-4847-8781-f32b5762281e",
	"c4cafc68-b5c2-f769-2746-b4aaac0bac84",
	1,
	'',
	'',
	0);
INSERT INTO ACT_TAB
	VALUES ("3daeb6de-71ee-4cdd-a2ef-6340ca0f42b0",
	"c4cafc68-b5c2-f769-2746-b4aaac0bac84",
	"b20793e2-a1ce-4847-8781-f32b5762281e");
INSERT INTO ACT_ACT
	VALUES ("3daeb6de-71ee-4cdd-a2ef-6340ca0f42b0",
	'transition',
	0,
	"b982cb9b-ab66-42dd-b25c-bfc08832f043",
	"00000000-0000-0000-0000-000000000000",
	0,
	'WorkoutTimer2: lapResetPressed',
	"00000000-0000-0000-0000-000000000000");
INSERT INTO ACT_BLK
	VALUES ("b982cb9b-ab66-42dd-b25c-bfc08832f043",
	0,
	0,
	0,
	'',
	'',
	'',
	0,
	0,
	0,
	0,
	0,
	0,
	0,
	0,
	0,
	0,
	0,
	0,
	0,
	"3daeb6de-71ee-4cdd-a2ef-6340ca0f42b0",
	"00000000-0000-0000-0000-000000000000");
INSERT INTO SM_TXN
	VALUES ("c2d9acfd-3e06-4290-98a5-0c58b4f3aa51",
	"c4cafc68-b5c2-f769-2746-b4aaac0bac84",
	"d1ffe4d2-1b07-495f-b2bf-938f0b17770f",
	"00000000-0000-0000-0000-000000000000");
INSERT INTO SM_NSTXN
	VALUES ("e027d61d-a79d-4266-b65d-71febeb696c3",
	"c4cafc68-b5c2-f769-2746-b4aaac0bac84",
	"d1ffe4d2-1b07-495f-b2bf-938f0b17770f",
	"bc2b9fdf-ccdb-4fad-846d-494114656460",
	"00000000-0000-0000-0000-000000000000");
INSERT INTO SM_TAH
	VALUES ("29bd910b-d2fd-42a6-9d6a-8aa91c08b00e",
	"c4cafc68-b5c2-f769-2746-b4aaac0bac84",
	"e027d61d-a79d-4266-b65d-71febeb696c3");
INSERT INTO SM_AH
	VALUES ("29bd910b-d2fd-42a6-9d6a-8aa91c08b00e",
	"c4cafc68-b5c2-f769-2746-b4aaac0bac84");
INSERT INTO SM_ACT
	VALUES ("29bd910b-d2fd-42a6-9d6a-8aa91c08b00e",
	"c4cafc68-b5c2-f769-2746-b4aaac0bac84",
	1,
	'',
	'',
	0);
INSERT INTO ACT_TAB
	VALUES ("7fcd19e5-6480-4688-becf-094a9b2c2987",
	"c4cafc68-b5c2-f769-2746-b4aaac0bac84",
	"29bd910b-d2fd-42a6-9d6a-8aa91c08b00e");
INSERT INTO ACT_ACT
	VALUES ("7fcd19e5-6480-4688-becf-094a9b2c2987",
	'transition',
	0,
	"c0848c50-183c-4a87-acf0-5df181001f64",
	"00000000-0000-0000-0000-000000000000",
	0,
	'WorkoutTimer8: lapResetComplete',
	"00000000-0000-0000-0000-000000000000");
INSERT INTO ACT_BLK
	VALUES ("c0848c50-183c-4a87-acf0-5df181001f64",
	0,
	0,
	0,
	'',
	'',
	'',
	0,
	0,
	0,
	0,
	0,
	0,
	0,
	0,
	0,
	0,
	0,
	0,
	0,
	"7fcd19e5-6480-4688-becf-094a9b2c2987",
	"00000000-0000-0000-0000-000000000000");
INSERT INTO SM_TXN
	VALUES ("e027d61d-a79d-4266-b65d-71febeb696c3",
	"c4cafc68-b5c2-f769-2746-b4aaac0bac84",
	"37f9e101-80c8-424e-8c0b-ea140618bcd6",
	"00000000-0000-0000-0000-000000000000");
INSERT INTO SM_NSTXN
	VALUES ("795720d0-7879-494f-a61e-fdfb86ccd129",
	"c4cafc68-b5c2-f769-2746-b4aaac0bac84",
	"37f9e101-80c8-424e-8c0b-ea140618bcd6",
	"6bdfdd94-2378-4869-b76c-32d7f4a2f038",
	"00000000-0000-0000-0000-000000000000");
INSERT INTO SM_TAH
	VALUES ("85777051-df41-40d1-b109-7b91eb249b92",
	"c4cafc68-b5c2-f769-2746-b4aaac0bac84",
	"795720d0-7879-494f-a61e-fdfb86ccd129");
INSERT INTO SM_AH
	VALUES ("85777051-df41-40d1-b109-7b91eb249b92",
	"c4cafc68-b5c2-f769-2746-b4aaac0bac84");
INSERT INTO SM_ACT
	VALUES ("85777051-df41-40d1-b109-7b91eb249b92",
	"c4cafc68-b5c2-f769-2746-b4aaac0bac84",
	1,
	'',
	'',
	0);
INSERT INTO ACT_TAB
	VALUES ("71c07277-543e-4f38-b896-a93246793058",
	"c4cafc68-b5c2-f769-2746-b4aaac0bac84",
	"85777051-df41-40d1-b109-7b91eb249b92");
INSERT INTO ACT_ACT
	VALUES ("71c07277-543e-4f38-b896-a93246793058",
	'transition',
	0,
	"1cc9dc65-56f7-401c-9bab-f33a9adb732f",
	"00000000-0000-0000-0000-000000000000",
	0,
	'WorkoutTimer3: tick',
	"00000000-0000-0000-0000-000000000000");
INSERT INTO ACT_BLK
	VALUES ("1cc9dc65-56f7-401c-9bab-f33a9adb732f",
	0,
	0,
	0,
	'',
	'',
	'',
	0,
	0,
	0,
	0,
	0,
	0,
	0,
	0,
	0,
	0,
	0,
	0,
	0,
	"71c07277-543e-4f38-b896-a93246793058",
	"00000000-0000-0000-0000-000000000000");
INSERT INTO SM_TXN
	VALUES ("795720d0-7879-494f-a61e-fdfb86ccd129",
	"c4cafc68-b5c2-f769-2746-b4aaac0bac84",
	"37f9e101-80c8-424e-8c0b-ea140618bcd6",
	"00000000-0000-0000-0000-000000000000");
INSERT INTO SM_NSTXN
	VALUES ("4f92cfb4-5dbc-41cb-b737-a9dd6cd1659a",
	"c4cafc68-b5c2-f769-2746-b4aaac0bac84",
	"37f9e101-80c8-424e-8c0b-ea140618bcd6",
	"d20f019c-a3b7-4b4b-bcdf-307cf6b0b71a",
	"00000000-0000-0000-0000-000000000000");
INSERT INTO SM_TAH
	VALUES ("b1147c37-d38f-4b43-8748-0b2f7de85078",
	"c4cafc68-b5c2-f769-2746-b4aaac0bac84",
	"4f92cfb4-5dbc-41cb-b737-a9dd6cd1659a");
INSERT INTO SM_AH
	VALUES ("b1147c37-d38f-4b43-8748-0b2f7de85078",
	"c4cafc68-b5c2-f769-2746-b4aaac0bac84");
INSERT INTO SM_ACT
	VALUES ("b1147c37-d38f-4b43-8748-0b2f7de85078",
	"c4cafc68-b5c2-f769-2746-b4aaac0bac84",
	1,
	'',
	'',
	0);
INSERT INTO ACT_TAB
	VALUES ("e147a5ac-317b-4e4b-a878-4e8e226475f3",
	"c4cafc68-b5c2-f769-2746-b4aaac0bac84",
	"b1147c37-d38f-4b43-8748-0b2f7de85078");
INSERT INTO ACT_ACT
	VALUES ("e147a5ac-317b-4e4b-a878-4e8e226475f3",
	'transition',
	0,
	"d7caee65-c8f0-436c-aa49-e99f0b43ee82",
	"00000000-0000-0000-0000-000000000000",
	0,
	'WorkoutTimer1: startStopPressed',
	"00000000-0000-0000-0000-000000000000");
INSERT INTO ACT_BLK
	VALUES ("d7caee65-c8f0-436c-aa49-e99f0b43ee82",
	0,
	0,
	0,
	'',
	'',
	'',
	0,
	0,
	0,
	0,
	0,
	0,
	0,
	0,
	0,
	0,
	0,
	0,
	0,
	"e147a5ac-317b-4e4b-a878-4e8e226475f3",
	"00000000-0000-0000-0000-000000000000");
INSERT INTO SM_TXN
	VALUES ("4f92cfb4-5dbc-41cb-b737-a9dd6cd1659a",
	"c4cafc68-b5c2-f769-2746-b4aaac0bac84",
	"6635d401-c213-4674-bf62-5d9a55644a6c",
	"00000000-0000-0000-0000-000000000000");
INSERT INTO SM_NSTXN
	VALUES ("89c0cbef-01d2-4205-a5b2-a6ac5c359b81",
	"c4cafc68-b5c2-f769-2746-b4aaac0bac84",
	"6635d401-c213-4674-bf62-5d9a55644a6c",
	"d20f019c-a3b7-4b4b-bcdf-307cf6b0b71a",
	"00000000-0000-0000-0000-000000000000");
INSERT INTO SM_TAH
	VALUES ("4c3876a2-697e-4148-9570-77cbfb66b81a",
	"c4cafc68-b5c2-f769-2746-b4aaac0bac84",
	"89c0cbef-01d2-4205-a5b2-a6ac5c359b81");
INSERT INTO SM_AH
	VALUES ("4c3876a2-697e-4148-9570-77cbfb66b81a",
	"c4cafc68-b5c2-f769-2746-b4aaac0bac84");
INSERT INTO SM_ACT
	VALUES ("4c3876a2-697e-4148-9570-77cbfb66b81a",
	"c4cafc68-b5c2-f769-2746-b4aaac0bac84",
	1,
	'',
	'',
	0);
INSERT INTO ACT_TAB
	VALUES ("3d318c96-1ad4-4379-9bc8-a087f2debac0",
	"c4cafc68-b5c2-f769-2746-b4aaac0bac84",
	"4c3876a2-697e-4148-9570-77cbfb66b81a");
INSERT INTO ACT_ACT
	VALUES ("3d318c96-1ad4-4379-9bc8-a087f2debac0",
	'transition',
	0,
	"0e50f2c5-6bae-4747-b0a9-5a23a55df74a",
	"00000000-0000-0000-0000-000000000000",
	0,
	'WorkoutTimer1: startStopPressed',
	"00000000-0000-0000-0000-000000000000");
INSERT INTO ACT_BLK
	VALUES ("0e50f2c5-6bae-4747-b0a9-5a23a55df74a",
	0,
	0,
	0,
	'',
	'',
	'',
	0,
	0,
	0,
	0,
	0,
	0,
	0,
	0,
	0,
	0,
	0,
	0,
	0,
	"3d318c96-1ad4-4379-9bc8-a087f2debac0",
	"00000000-0000-0000-0000-000000000000");
INSERT INTO SM_TXN
	VALUES ("89c0cbef-01d2-4205-a5b2-a6ac5c359b81",
	"c4cafc68-b5c2-f769-2746-b4aaac0bac84",
	"ce89a7e3-dc92-4045-af3c-645934e1918f",
	"00000000-0000-0000-0000-000000000000");
INSERT INTO PE_PE
	VALUES ("7ea6b294-af80-4908-a92d-d4dd2302915f",
	1,
	"a09220a4-d685-4338-83fd-0d42f7c7e308",
	"00000000-0000-0000-0000-000000000000",
	9);
INSERT INTO R_REL
	VALUES ("7ea6b294-af80-4908-a92d-d4dd2302915f",
	1,
	'Indicates the first track point for a track log.  In
other words, this is the first recorded location in 
a chronological series of track points that make up
a track log.
Established when the first track point is recorded and 
exists for the lifetime of the track log.',
	"00000000-0000-0000-0000-000000000000");
INSERT INTO R_SIMP
	VALUES ("7ea6b294-af80-4908-a92d-d4dd2302915f");
INSERT INTO R_FORM
	VALUES ("d2828038-110a-4559-8452-91651af0adcb",
	"7ea6b294-af80-4908-a92d-d4dd2302915f",
	"1b5f7923-03d0-4fc7-a309-d2f7b7a6b4e6",
	0,
	1,
	'is_start_of');
INSERT INTO R_RGO
	VALUES ("d2828038-110a-4559-8452-91651af0adcb",
	"7ea6b294-af80-4908-a92d-d4dd2302915f",
	"1b5f7923-03d0-4fc7-a309-d2f7b7a6b4e6");
INSERT INTO R_OIR
	VALUES ("d2828038-110a-4559-8452-91651af0adcb",
	"7ea6b294-af80-4908-a92d-d4dd2302915f",
	"1b5f7923-03d0-4fc7-a309-d2f7b7a6b4e6",
	"00000000-0000-0000-0000-000000000000");
INSERT INTO R_PART
	VALUES ("66920350-b77d-4876-9b05-0c545b5437ae",
	"7ea6b294-af80-4908-a92d-d4dd2302915f",
	"17a1dc07-400a-430f-a30d-38f8acae3b54",
	0,
	1,
	'has_first');
INSERT INTO O_RTIDA
	VALUES ("7080b4f6-ebf6-47fe-be82-a1c2cf39143c",
	"66920350-b77d-4876-9b05-0c545b5437ae",
	0,
	"7ea6b294-af80-4908-a92d-d4dd2302915f",
	"17a1dc07-400a-430f-a30d-38f8acae3b54");
INSERT INTO R_RTO
	VALUES ("66920350-b77d-4876-9b05-0c545b5437ae",
	"7ea6b294-af80-4908-a92d-d4dd2302915f",
	"17a1dc07-400a-430f-a30d-38f8acae3b54",
	0);
INSERT INTO R_OIR
	VALUES ("66920350-b77d-4876-9b05-0c545b5437ae",
	"7ea6b294-af80-4908-a92d-d4dd2302915f",
	"17a1dc07-400a-430f-a30d-38f8acae3b54",
	"00000000-0000-0000-0000-000000000000");
INSERT INTO PE_PE
	VALUES ("b5d1ed4c-39ee-437a-9c92-ec8cb996b239",
	1,
	"a09220a4-d685-4338-83fd-0d42f7c7e308",
	"00000000-0000-0000-0000-000000000000",
	9);
INSERT INTO R_REL
	VALUES ("b5d1ed4c-39ee-437a-9c92-ec8cb996b239",
	2,
	'Chronologically sequences the track points in a track log.
Established each time a new track point is recorded and 
exists for the lifetime of the track log.',
	"00000000-0000-0000-0000-000000000000");
INSERT INTO R_SIMP
	VALUES ("b5d1ed4c-39ee-437a-9c92-ec8cb996b239");
INSERT INTO R_PART
	VALUES ("66920350-b77d-4876-9b05-0c545b5437ae",
	"b5d1ed4c-39ee-437a-9c92-ec8cb996b239",
	"3c6f0427-d831-4f22-bf9b-ac9ea2ec95e5",
	0,
	1,
	'preceeds');
INSERT INTO O_RTIDA
	VALUES ("7080b4f6-ebf6-47fe-be82-a1c2cf39143c",
	"66920350-b77d-4876-9b05-0c545b5437ae",
	0,
	"b5d1ed4c-39ee-437a-9c92-ec8cb996b239",
	"3c6f0427-d831-4f22-bf9b-ac9ea2ec95e5");
INSERT INTO R_RTO
	VALUES ("66920350-b77d-4876-9b05-0c545b5437ae",
	"b5d1ed4c-39ee-437a-9c92-ec8cb996b239",
	"3c6f0427-d831-4f22-bf9b-ac9ea2ec95e5",
	0);
INSERT INTO R_OIR
	VALUES ("66920350-b77d-4876-9b05-0c545b5437ae",
	"b5d1ed4c-39ee-437a-9c92-ec8cb996b239",
	"3c6f0427-d831-4f22-bf9b-ac9ea2ec95e5",
	"00000000-0000-0000-0000-000000000000");
INSERT INTO R_FORM
	VALUES ("66920350-b77d-4876-9b05-0c545b5437ae",
	"b5d1ed4c-39ee-437a-9c92-ec8cb996b239",
	"0370725c-ae01-4a3f-a743-6fd74c0d3a92",
	0,
	1,
	'follows');
INSERT INTO R_RGO
	VALUES ("66920350-b77d-4876-9b05-0c545b5437ae",
	"b5d1ed4c-39ee-437a-9c92-ec8cb996b239",
	"0370725c-ae01-4a3f-a743-6fd74c0d3a92");
INSERT INTO R_OIR
	VALUES ("66920350-b77d-4876-9b05-0c545b5437ae",
	"b5d1ed4c-39ee-437a-9c92-ec8cb996b239",
	"0370725c-ae01-4a3f-a743-6fd74c0d3a92",
	"00000000-0000-0000-0000-000000000000");
INSERT INTO PE_PE
	VALUES ("aa6b0d93-73c8-47bd-8bb3-254041981d6a",
	1,
	"a09220a4-d685-4338-83fd-0d42f7c7e308",
	"00000000-0000-0000-0000-000000000000",
	9);
INSERT INTO R_REL
	VALUES ("aa6b0d93-73c8-47bd-8bb3-254041981d6a",
	3,
	'Represents the most recently recorded track point
in a track log.  
Established each time a new track point is recorded and
removed from the previously recorded track point at the same time.',
	"00000000-0000-0000-0000-000000000000");
INSERT INTO R_SIMP
	VALUES ("aa6b0d93-73c8-47bd-8bb3-254041981d6a");
INSERT INTO R_PART
	VALUES ("66920350-b77d-4876-9b05-0c545b5437ae",
	"aa6b0d93-73c8-47bd-8bb3-254041981d6a",
	"42077769-719f-418f-a6b7-14b60f40a3e8",
	0,
	1,
	'has_last');
INSERT INTO O_RTIDA
	VALUES ("7080b4f6-ebf6-47fe-be82-a1c2cf39143c",
	"66920350-b77d-4876-9b05-0c545b5437ae",
	0,
	"aa6b0d93-73c8-47bd-8bb3-254041981d6a",
	"42077769-719f-418f-a6b7-14b60f40a3e8");
INSERT INTO R_RTO
	VALUES ("66920350-b77d-4876-9b05-0c545b5437ae",
	"aa6b0d93-73c8-47bd-8bb3-254041981d6a",
	"42077769-719f-418f-a6b7-14b60f40a3e8",
	0);
INSERT INTO R_OIR
	VALUES ("66920350-b77d-4876-9b05-0c545b5437ae",
	"aa6b0d93-73c8-47bd-8bb3-254041981d6a",
	"42077769-719f-418f-a6b7-14b60f40a3e8",
	"00000000-0000-0000-0000-000000000000");
INSERT INTO R_FORM
	VALUES ("d2828038-110a-4559-8452-91651af0adcb",
	"aa6b0d93-73c8-47bd-8bb3-254041981d6a",
	"f1f6b7aa-026c-4630-b816-38cbe28f9a76",
	0,
	1,
	'is_last_for');
INSERT INTO R_RGO
	VALUES ("d2828038-110a-4559-8452-91651af0adcb",
	"aa6b0d93-73c8-47bd-8bb3-254041981d6a",
	"f1f6b7aa-026c-4630-b816-38cbe28f9a76");
INSERT INTO R_OIR
	VALUES ("d2828038-110a-4559-8452-91651af0adcb",
	"aa6b0d93-73c8-47bd-8bb3-254041981d6a",
	"f1f6b7aa-026c-4630-b816-38cbe28f9a76",
	"00000000-0000-0000-0000-000000000000");
INSERT INTO PE_PE
	VALUES ("d62976b4-4258-4aa6-8a5b-a1bb8dea1e60",
	1,
	"a09220a4-d685-4338-83fd-0d42f7c7e308",
	"00000000-0000-0000-0000-000000000000",
	9);
INSERT INTO R_REL
	VALUES ("d62976b4-4258-4aa6-8a5b-a1bb8dea1e60",
	5,
	'Established when a lap marker is created and exists
for the lifetime of the track log.',
	"00000000-0000-0000-0000-000000000000");
INSERT INTO R_SIMP
	VALUES ("d62976b4-4258-4aa6-8a5b-a1bb8dea1e60");
INSERT INTO R_FORM
	VALUES ("21bd91e4-0a7e-4836-84f1-253f2298df88",
	"d62976b4-4258-4aa6-8a5b-a1bb8dea1e60",
	"05024aea-a603-4e50-bdc3-af1a9a3b88a8",
	1,
	1,
	'has_laps_defined_by');
INSERT INTO R_RGO
	VALUES ("21bd91e4-0a7e-4836-84f1-253f2298df88",
	"d62976b4-4258-4aa6-8a5b-a1bb8dea1e60",
	"05024aea-a603-4e50-bdc3-af1a9a3b88a8");
INSERT INTO R_OIR
	VALUES ("21bd91e4-0a7e-4836-84f1-253f2298df88",
	"d62976b4-4258-4aa6-8a5b-a1bb8dea1e60",
	"05024aea-a603-4e50-bdc3-af1a9a3b88a8",
	"00000000-0000-0000-0000-000000000000");
INSERT INTO R_PART
	VALUES ("d2828038-110a-4559-8452-91651af0adcb",
	"d62976b4-4258-4aa6-8a5b-a1bb8dea1e60",
	"2b89183d-5002-42b6-bcce-1ad8d016ceb1",
	0,
	0,
	'marks_end_of_lap_in');
INSERT INTO O_RTIDA
	VALUES ("4e0a65c3-0128-4fda-b003-cff06b9b7367",
	"d2828038-110a-4559-8452-91651af0adcb",
	0,
	"d62976b4-4258-4aa6-8a5b-a1bb8dea1e60",
	"2b89183d-5002-42b6-bcce-1ad8d016ceb1");
INSERT INTO R_RTO
	VALUES ("d2828038-110a-4559-8452-91651af0adcb",
	"d62976b4-4258-4aa6-8a5b-a1bb8dea1e60",
	"2b89183d-5002-42b6-bcce-1ad8d016ceb1",
	0);
INSERT INTO R_OIR
	VALUES ("d2828038-110a-4559-8452-91651af0adcb",
	"d62976b4-4258-4aa6-8a5b-a1bb8dea1e60",
	"2b89183d-5002-42b6-bcce-1ad8d016ceb1",
	"00000000-0000-0000-0000-000000000000");
INSERT INTO PE_PE
	VALUES ("624a7f7e-f307-4c75-9412-3258327be18a",
	1,
	"a09220a4-d685-4338-83fd-0d42f7c7e308",
	"00000000-0000-0000-0000-000000000000",
	9);
INSERT INTO R_REL
	VALUES ("624a7f7e-f307-4c75-9412-3258327be18a",
	7,
	'Established when a workout session is created and 
exists for the duration of the session.',
	"00000000-0000-0000-0000-000000000000");
INSERT INTO R_SIMP
	VALUES ("624a7f7e-f307-4c75-9412-3258327be18a");
INSERT INTO R_PART
	VALUES ("2522ffa2-db69-4807-ab45-06acf4cf893a",
	"624a7f7e-f307-4c75-9412-3258327be18a",
	"fbd6fc51-af92-459e-8801-91c949fcd221",
	0,
	0,
	'indicates_current_status_of');
INSERT INTO O_RTIDA
	VALUES ("7f25f45e-231c-4cfe-9481-7a86cabddbc6",
	"2522ffa2-db69-4807-ab45-06acf4cf893a",
	0,
	"624a7f7e-f307-4c75-9412-3258327be18a",
	"fbd6fc51-af92-459e-8801-91c949fcd221");
INSERT INTO R_RTO
	VALUES ("2522ffa2-db69-4807-ab45-06acf4cf893a",
	"624a7f7e-f307-4c75-9412-3258327be18a",
	"fbd6fc51-af92-459e-8801-91c949fcd221",
	0);
INSERT INTO R_OIR
	VALUES ("2522ffa2-db69-4807-ab45-06acf4cf893a",
	"624a7f7e-f307-4c75-9412-3258327be18a",
	"fbd6fc51-af92-459e-8801-91c949fcd221",
	"00000000-0000-0000-0000-000000000000");
INSERT INTO R_FORM
	VALUES ("e4f33430-b3cd-4e2a-8dff-b91094d7d095",
	"624a7f7e-f307-4c75-9412-3258327be18a",
	"443bb730-83d0-4714-bf48-28d75dea6c97",
	0,
	0,
	'current_status_indicated_on');
INSERT INTO R_RGO
	VALUES ("e4f33430-b3cd-4e2a-8dff-b91094d7d095",
	"624a7f7e-f307-4c75-9412-3258327be18a",
	"443bb730-83d0-4714-bf48-28d75dea6c97");
INSERT INTO R_OIR
	VALUES ("e4f33430-b3cd-4e2a-8dff-b91094d7d095",
	"624a7f7e-f307-4c75-9412-3258327be18a",
	"443bb730-83d0-4714-bf48-28d75dea6c97",
	"00000000-0000-0000-0000-000000000000");
INSERT INTO PE_PE
	VALUES ("b04987ba-d80b-4527-a1fd-894139a710d8",
	1,
	"a09220a4-d685-4338-83fd-0d42f7c7e308",
	"00000000-0000-0000-0000-000000000000",
	9);
INSERT INTO R_REL
	VALUES ("b04987ba-d80b-4527-a1fd-894139a710d8",
	8,
	'Established when a workout session is created and exists for the duration
of the session.',
	"00000000-0000-0000-0000-000000000000");
INSERT INTO R_SIMP
	VALUES ("b04987ba-d80b-4527-a1fd-894139a710d8");
INSERT INTO R_PART
	VALUES ("2522ffa2-db69-4807-ab45-06acf4cf893a",
	"b04987ba-d80b-4527-a1fd-894139a710d8",
	"ce69cf41-563e-468a-92ee-cd9c280ca3c1",
	0,
	0,
	'acts_as_the_stopwatch_for');
INSERT INTO O_RTIDA
	VALUES ("7f25f45e-231c-4cfe-9481-7a86cabddbc6",
	"2522ffa2-db69-4807-ab45-06acf4cf893a",
	0,
	"b04987ba-d80b-4527-a1fd-894139a710d8",
	"ce69cf41-563e-468a-92ee-cd9c280ca3c1");
INSERT INTO R_RTO
	VALUES ("2522ffa2-db69-4807-ab45-06acf4cf893a",
	"b04987ba-d80b-4527-a1fd-894139a710d8",
	"ce69cf41-563e-468a-92ee-cd9c280ca3c1",
	0);
INSERT INTO R_OIR
	VALUES ("2522ffa2-db69-4807-ab45-06acf4cf893a",
	"b04987ba-d80b-4527-a1fd-894139a710d8",
	"ce69cf41-563e-468a-92ee-cd9c280ca3c1",
	"00000000-0000-0000-0000-000000000000");
INSERT INTO R_FORM
	VALUES ("8d4b82cf-ec16-4fd9-925b-0e51eb64a2f7",
	"b04987ba-d80b-4527-a1fd-894139a710d8",
	"6508f9ab-fb10-4df8-9c5d-2824f2bc69e6",
	0,
	0,
	'is_timed_by');
INSERT INTO R_RGO
	VALUES ("8d4b82cf-ec16-4fd9-925b-0e51eb64a2f7",
	"b04987ba-d80b-4527-a1fd-894139a710d8",
	"6508f9ab-fb10-4df8-9c5d-2824f2bc69e6");
INSERT INTO R_OIR
	VALUES ("8d4b82cf-ec16-4fd9-925b-0e51eb64a2f7",
	"b04987ba-d80b-4527-a1fd-894139a710d8",
	"6508f9ab-fb10-4df8-9c5d-2824f2bc69e6",
	"00000000-0000-0000-0000-000000000000");
INSERT INTO PE_PE
	VALUES ("f84935c8-946a-434d-91c1-1a845ca84868",
	1,
	"a09220a4-d685-4338-83fd-0d42f7c7e308",
	"00000000-0000-0000-0000-000000000000",
	9);
INSERT INTO R_REL
	VALUES ("f84935c8-946a-434d-91c1-1a845ca84868",
	4,
	'Established when a workout session is created and
exists for the duration of the session.',
	"00000000-0000-0000-0000-000000000000");
INSERT INTO R_SIMP
	VALUES ("f84935c8-946a-434d-91c1-1a845ca84868");
INSERT INTO R_PART
	VALUES ("2522ffa2-db69-4807-ab45-06acf4cf893a",
	"f84935c8-946a-434d-91c1-1a845ca84868",
	"f06356fc-6379-42e9-b434-db7f7122bde1",
	0,
	0,
	'represents_path_for');
INSERT INTO O_RTIDA
	VALUES ("7f25f45e-231c-4cfe-9481-7a86cabddbc6",
	"2522ffa2-db69-4807-ab45-06acf4cf893a",
	0,
	"f84935c8-946a-434d-91c1-1a845ca84868",
	"f06356fc-6379-42e9-b434-db7f7122bde1");
INSERT INTO R_RTO
	VALUES ("2522ffa2-db69-4807-ab45-06acf4cf893a",
	"f84935c8-946a-434d-91c1-1a845ca84868",
	"f06356fc-6379-42e9-b434-db7f7122bde1",
	0);
INSERT INTO R_OIR
	VALUES ("2522ffa2-db69-4807-ab45-06acf4cf893a",
	"f84935c8-946a-434d-91c1-1a845ca84868",
	"f06356fc-6379-42e9-b434-db7f7122bde1",
	"00000000-0000-0000-0000-000000000000");
INSERT INTO R_FORM
	VALUES ("d2828038-110a-4559-8452-91651af0adcb",
	"f84935c8-946a-434d-91c1-1a845ca84868",
	"ec15c2ed-969c-4bd8-a4b3-7836ade53f24",
	0,
	0,
	'captures_path_in');
INSERT INTO R_RGO
	VALUES ("d2828038-110a-4559-8452-91651af0adcb",
	"f84935c8-946a-434d-91c1-1a845ca84868",
	"ec15c2ed-969c-4bd8-a4b3-7836ade53f24");
INSERT INTO R_OIR
	VALUES ("d2828038-110a-4559-8452-91651af0adcb",
	"f84935c8-946a-434d-91c1-1a845ca84868",
	"ec15c2ed-969c-4bd8-a4b3-7836ade53f24",
	"00000000-0000-0000-0000-000000000000");
INSERT INTO PE_PE
	VALUES ("8d48a562-6b17-4277-80b8-dbf2efbb84f7",
	1,
	"a09220a4-d685-4338-83fd-0d42f7c7e308",
	"00000000-0000-0000-0000-000000000000",
	9);
INSERT INTO R_REL
	VALUES ("8d48a562-6b17-4277-80b8-dbf2efbb84f7",
	6,
	'Established when a heart rate sample is created and exists for
the duration of the workout session.',
	"00000000-0000-0000-0000-000000000000");
INSERT INTO R_SIMP
	VALUES ("8d48a562-6b17-4277-80b8-dbf2efbb84f7");
INSERT INTO R_FORM
	VALUES ("33894e85-2ad5-4d7d-a0be-aa0cf2025ab7",
	"8d48a562-6b17-4277-80b8-dbf2efbb84f7",
	"5fe127a0-cb1d-4a52-9991-198440dd6262",
	1,
	1,
	'tracks_heart_rate_over_time_as');
INSERT INTO R_RGO
	VALUES ("33894e85-2ad5-4d7d-a0be-aa0cf2025ab7",
	"8d48a562-6b17-4277-80b8-dbf2efbb84f7",
	"5fe127a0-cb1d-4a52-9991-198440dd6262");
INSERT INTO R_OIR
	VALUES ("33894e85-2ad5-4d7d-a0be-aa0cf2025ab7",
	"8d48a562-6b17-4277-80b8-dbf2efbb84f7",
	"5fe127a0-cb1d-4a52-9991-198440dd6262",
	"00000000-0000-0000-0000-000000000000");
INSERT INTO R_PART
	VALUES ("2522ffa2-db69-4807-ab45-06acf4cf893a",
	"8d48a562-6b17-4277-80b8-dbf2efbb84f7",
	"6892de1c-a7ee-4cc9-9d89-0fa2d067ef8a",
	0,
	0,
	'was_collected_during');
INSERT INTO O_RTIDA
	VALUES ("7f25f45e-231c-4cfe-9481-7a86cabddbc6",
	"2522ffa2-db69-4807-ab45-06acf4cf893a",
	0,
	"8d48a562-6b17-4277-80b8-dbf2efbb84f7",
	"6892de1c-a7ee-4cc9-9d89-0fa2d067ef8a");
INSERT INTO R_RTO
	VALUES ("2522ffa2-db69-4807-ab45-06acf4cf893a",
	"8d48a562-6b17-4277-80b8-dbf2efbb84f7",
	"6892de1c-a7ee-4cc9-9d89-0fa2d067ef8a",
	0);
INSERT INTO R_OIR
	VALUES ("2522ffa2-db69-4807-ab45-06acf4cf893a",
	"8d48a562-6b17-4277-80b8-dbf2efbb84f7",
	"6892de1c-a7ee-4cc9-9d89-0fa2d067ef8a",
	"00000000-0000-0000-0000-000000000000");
INSERT INTO PE_PE
	VALUES ("78e3e6fd-b6ad-409d-a611-d20499f533da",
	1,
	"a09220a4-d685-4338-83fd-0d42f7c7e308",
	"00000000-0000-0000-0000-000000000000",
	9);
INSERT INTO R_REL
	VALUES ("78e3e6fd-b6ad-409d-a611-d20499f533da",
	9,
	'Established when goal execution begins and removed when it ends.',
	"00000000-0000-0000-0000-000000000000");
INSERT INTO R_SIMP
	VALUES ("78e3e6fd-b6ad-409d-a611-d20499f533da");
INSERT INTO R_PART
	VALUES ("be6ddd8b-37a5-4534-961b-772bb1d940ac",
	"78e3e6fd-b6ad-409d-a611-d20499f533da",
	"1be532cc-2fbf-44d1-9191-7709ed4ca8d3",
	0,
	0,
	'specified_by');
INSERT INTO O_RTIDA
	VALUES ("f568c69e-b0ba-41ee-aef1-25eb2c07142f",
	"be6ddd8b-37a5-4534-961b-772bb1d940ac",
	0,
	"78e3e6fd-b6ad-409d-a611-d20499f533da",
	"1be532cc-2fbf-44d1-9191-7709ed4ca8d3");
INSERT INTO O_RTIDA
	VALUES ("f08d1723-c13d-473f-8cd7-05a3f01d3371",
	"be6ddd8b-37a5-4534-961b-772bb1d940ac",
	0,
	"78e3e6fd-b6ad-409d-a611-d20499f533da",
	"1be532cc-2fbf-44d1-9191-7709ed4ca8d3");
INSERT INTO R_RTO
	VALUES ("be6ddd8b-37a5-4534-961b-772bb1d940ac",
	"78e3e6fd-b6ad-409d-a611-d20499f533da",
	"1be532cc-2fbf-44d1-9191-7709ed4ca8d3",
	0);
INSERT INTO R_OIR
	VALUES ("be6ddd8b-37a5-4534-961b-772bb1d940ac",
	"78e3e6fd-b6ad-409d-a611-d20499f533da",
	"1be532cc-2fbf-44d1-9191-7709ed4ca8d3",
	"00000000-0000-0000-0000-000000000000");
INSERT INTO R_FORM
	VALUES ("c1022670-c44d-401e-bb23-dfcef6084fba",
	"78e3e6fd-b6ad-409d-a611-d20499f533da",
	"cc941d1a-91c0-4a00-bb57-a12ecc6ca730",
	1,
	1,
	'specifies');
INSERT INTO R_RGO
	VALUES ("c1022670-c44d-401e-bb23-dfcef6084fba",
	"78e3e6fd-b6ad-409d-a611-d20499f533da",
	"cc941d1a-91c0-4a00-bb57-a12ecc6ca730");
INSERT INTO R_OIR
	VALUES ("c1022670-c44d-401e-bb23-dfcef6084fba",
	"78e3e6fd-b6ad-409d-a611-d20499f533da",
	"cc941d1a-91c0-4a00-bb57-a12ecc6ca730",
	"00000000-0000-0000-0000-000000000000");
INSERT INTO PE_PE
	VALUES ("c43c8e88-54fd-4de3-9adf-b324850fd9ec",
	1,
	"a09220a4-d685-4338-83fd-0d42f7c7e308",
	"00000000-0000-0000-0000-000000000000",
	9);
INSERT INTO R_REL
	VALUES ("c43c8e88-54fd-4de3-9adf-b324850fd9ec",
	10,
	'Established when a goal specification is created and exists 
for the duration of a workout session.',
	"00000000-0000-0000-0000-000000000000");
INSERT INTO R_SIMP
	VALUES ("c43c8e88-54fd-4de3-9adf-b324850fd9ec");
INSERT INTO R_PART
	VALUES ("2522ffa2-db69-4807-ab45-06acf4cf893a",
	"c43c8e88-54fd-4de3-9adf-b324850fd9ec",
	"d47d174a-e192-4afc-afce-98d9e984bad4",
	0,
	0,
	'included_in');
INSERT INTO O_RTIDA
	VALUES ("7f25f45e-231c-4cfe-9481-7a86cabddbc6",
	"2522ffa2-db69-4807-ab45-06acf4cf893a",
	0,
	"c43c8e88-54fd-4de3-9adf-b324850fd9ec",
	"d47d174a-e192-4afc-afce-98d9e984bad4");
INSERT INTO R_RTO
	VALUES ("2522ffa2-db69-4807-ab45-06acf4cf893a",
	"c43c8e88-54fd-4de3-9adf-b324850fd9ec",
	"d47d174a-e192-4afc-afce-98d9e984bad4",
	0);
INSERT INTO R_OIR
	VALUES ("2522ffa2-db69-4807-ab45-06acf4cf893a",
	"c43c8e88-54fd-4de3-9adf-b324850fd9ec",
	"d47d174a-e192-4afc-afce-98d9e984bad4",
	"00000000-0000-0000-0000-000000000000");
INSERT INTO R_FORM
	VALUES ("be6ddd8b-37a5-4534-961b-772bb1d940ac",
	"c43c8e88-54fd-4de3-9adf-b324850fd9ec",
	"5553a101-fdfb-405c-b7fb-b3546e23b1cb",
	1,
	1,
	'includes');
INSERT INTO R_RGO
	VALUES ("be6ddd8b-37a5-4534-961b-772bb1d940ac",
	"c43c8e88-54fd-4de3-9adf-b324850fd9ec",
	"5553a101-fdfb-405c-b7fb-b3546e23b1cb");
INSERT INTO R_OIR
	VALUES ("be6ddd8b-37a5-4534-961b-772bb1d940ac",
	"c43c8e88-54fd-4de3-9adf-b324850fd9ec",
	"5553a101-fdfb-405c-b7fb-b3546e23b1cb",
	"00000000-0000-0000-0000-000000000000");
INSERT INTO PE_PE
	VALUES ("50d628e2-9d2f-4810-93d9-44fb62bf9031",
	1,
	"a09220a4-d685-4338-83fd-0d42f7c7e308",
	"00000000-0000-0000-0000-000000000000",
	9);
INSERT INTO R_REL
	VALUES ("50d628e2-9d2f-4810-93d9-44fb62bf9031",
	11,
	'Established when a goal begins executing and removed when it ends.',
	"00000000-0000-0000-0000-000000000000");
INSERT INTO R_SIMP
	VALUES ("50d628e2-9d2f-4810-93d9-44fb62bf9031");
INSERT INTO R_PART
	VALUES ("2522ffa2-db69-4807-ab45-06acf4cf893a",
	"50d628e2-9d2f-4810-93d9-44fb62bf9031",
	"0fdd3b5c-09f1-4937-9a82-2e862994e826",
	0,
	1,
	'is_currently_executing_within');
INSERT INTO O_RTIDA
	VALUES ("7f25f45e-231c-4cfe-9481-7a86cabddbc6",
	"2522ffa2-db69-4807-ab45-06acf4cf893a",
	0,
	"50d628e2-9d2f-4810-93d9-44fb62bf9031",
	"0fdd3b5c-09f1-4937-9a82-2e862994e826");
INSERT INTO R_RTO
	VALUES ("2522ffa2-db69-4807-ab45-06acf4cf893a",
	"50d628e2-9d2f-4810-93d9-44fb62bf9031",
	"0fdd3b5c-09f1-4937-9a82-2e862994e826",
	0);
INSERT INTO R_OIR
	VALUES ("2522ffa2-db69-4807-ab45-06acf4cf893a",
	"50d628e2-9d2f-4810-93d9-44fb62bf9031",
	"0fdd3b5c-09f1-4937-9a82-2e862994e826",
	"00000000-0000-0000-0000-000000000000");
INSERT INTO R_FORM
	VALUES ("c1022670-c44d-401e-bb23-dfcef6084fba",
	"50d628e2-9d2f-4810-93d9-44fb62bf9031",
	"62d3817a-02aa-41ba-bc02-551f647fb72c",
	0,
	1,
	'is_currently_executing');
INSERT INTO R_RGO
	VALUES ("c1022670-c44d-401e-bb23-dfcef6084fba",
	"50d628e2-9d2f-4810-93d9-44fb62bf9031",
	"62d3817a-02aa-41ba-bc02-551f647fb72c");
INSERT INTO R_OIR
	VALUES ("c1022670-c44d-401e-bb23-dfcef6084fba",
	"50d628e2-9d2f-4810-93d9-44fb62bf9031",
	"62d3817a-02aa-41ba-bc02-551f647fb72c",
	"00000000-0000-0000-0000-000000000000");
INSERT INTO PE_PE
	VALUES ("b8328a39-3292-4b79-9990-82aae21a82e6",
	1,
	"a09220a4-d685-4338-83fd-0d42f7c7e308",
	"00000000-0000-0000-0000-000000000000",
	9);
INSERT INTO R_REL
	VALUES ("b8328a39-3292-4b79-9990-82aae21a82e6",
	12,
	'Established when an achievement period begins and exists for 
the duration of the associated workout session.',
	"00000000-0000-0000-0000-000000000000");
INSERT INTO R_SIMP
	VALUES ("b8328a39-3292-4b79-9990-82aae21a82e6");
INSERT INTO R_PART
	VALUES ("c1022670-c44d-401e-bb23-dfcef6084fba",
	"b8328a39-3292-4b79-9990-82aae21a82e6",
	"2a974a63-3880-400e-a031-c56390a6083f",
	0,
	0,
	'specifies_achievement_of');
INSERT INTO O_RTIDA
	VALUES ("1112db20-38b9-44b6-8df7-863caab66a7d",
	"c1022670-c44d-401e-bb23-dfcef6084fba",
	0,
	"b8328a39-3292-4b79-9990-82aae21a82e6",
	"2a974a63-3880-400e-a031-c56390a6083f");
INSERT INTO O_RTIDA
	VALUES ("645a58ca-7e54-4f1b-bb56-64249dab5aaa",
	"c1022670-c44d-401e-bb23-dfcef6084fba",
	0,
	"b8328a39-3292-4b79-9990-82aae21a82e6",
	"2a974a63-3880-400e-a031-c56390a6083f");
INSERT INTO O_RTIDA
	VALUES ("3d76c79d-be06-4cb9-8efd-0960b4a4e8d4",
	"c1022670-c44d-401e-bb23-dfcef6084fba",
	0,
	"b8328a39-3292-4b79-9990-82aae21a82e6",
	"2a974a63-3880-400e-a031-c56390a6083f");
INSERT INTO R_RTO
	VALUES ("c1022670-c44d-401e-bb23-dfcef6084fba",
	"b8328a39-3292-4b79-9990-82aae21a82e6",
	"2a974a63-3880-400e-a031-c56390a6083f",
	0);
INSERT INTO R_OIR
	VALUES ("c1022670-c44d-401e-bb23-dfcef6084fba",
	"b8328a39-3292-4b79-9990-82aae21a82e6",
	"2a974a63-3880-400e-a031-c56390a6083f",
	"00000000-0000-0000-0000-000000000000");
INSERT INTO R_FORM
	VALUES ("313e48f7-0516-49bd-9401-5c67c2e55db9",
	"b8328a39-3292-4b79-9990-82aae21a82e6",
	"dd8fe793-e15c-4ad3-b625-2aaf0c5a4173",
	1,
	1,
	'has_recorded');
INSERT INTO R_RGO
	VALUES ("313e48f7-0516-49bd-9401-5c67c2e55db9",
	"b8328a39-3292-4b79-9990-82aae21a82e6",
	"dd8fe793-e15c-4ad3-b625-2aaf0c5a4173");
INSERT INTO R_OIR
	VALUES ("313e48f7-0516-49bd-9401-5c67c2e55db9",
	"b8328a39-3292-4b79-9990-82aae21a82e6",
	"dd8fe793-e15c-4ad3-b625-2aaf0c5a4173",
	"00000000-0000-0000-0000-000000000000");
INSERT INTO PE_PE
	VALUES ("3755f3e3-3d22-4f05-a9f0-c93d3c6abd63",
	1,
	"a09220a4-d685-4338-83fd-0d42f7c7e308",
	"00000000-0000-0000-0000-000000000000",
	9);
INSERT INTO R_REL
	VALUES ("3755f3e3-3d22-4f05-a9f0-c93d3c6abd63",
	13,
	'Established when a goal completes execution and exists for the 
duration of the associated workout session.',
	"00000000-0000-0000-0000-000000000000");
INSERT INTO R_SIMP
	VALUES ("3755f3e3-3d22-4f05-a9f0-c93d3c6abd63");
INSERT INTO R_FORM
	VALUES ("c1022670-c44d-401e-bb23-dfcef6084fba",
	"3755f3e3-3d22-4f05-a9f0-c93d3c6abd63",
	"1a3c1f16-1745-437e-ac26-ef2937c8b848",
	1,
	1,
	'has_executed');
INSERT INTO R_RGO
	VALUES ("c1022670-c44d-401e-bb23-dfcef6084fba",
	"3755f3e3-3d22-4f05-a9f0-c93d3c6abd63",
	"1a3c1f16-1745-437e-ac26-ef2937c8b848");
INSERT INTO R_OIR
	VALUES ("c1022670-c44d-401e-bb23-dfcef6084fba",
	"3755f3e3-3d22-4f05-a9f0-c93d3c6abd63",
	"1a3c1f16-1745-437e-ac26-ef2937c8b848",
	"00000000-0000-0000-0000-000000000000");
INSERT INTO R_PART
	VALUES ("2522ffa2-db69-4807-ab45-06acf4cf893a",
	"3755f3e3-3d22-4f05-a9f0-c93d3c6abd63",
	"1f79ee91-1a74-4f00-9af6-9b604e484ee3",
	0,
	0,
	'was_executed_within');
INSERT INTO O_RTIDA
	VALUES ("7f25f45e-231c-4cfe-9481-7a86cabddbc6",
	"2522ffa2-db69-4807-ab45-06acf4cf893a",
	0,
	"3755f3e3-3d22-4f05-a9f0-c93d3c6abd63",
	"1f79ee91-1a74-4f00-9af6-9b604e484ee3");
INSERT INTO R_RTO
	VALUES ("2522ffa2-db69-4807-ab45-06acf4cf893a",
	"3755f3e3-3d22-4f05-a9f0-c93d3c6abd63",
	"1f79ee91-1a74-4f00-9af6-9b604e484ee3",
	0);
INSERT INTO R_OIR
	VALUES ("2522ffa2-db69-4807-ab45-06acf4cf893a",
	"3755f3e3-3d22-4f05-a9f0-c93d3c6abd63",
	"1f79ee91-1a74-4f00-9af6-9b604e484ee3",
	"00000000-0000-0000-0000-000000000000");
INSERT INTO PE_PE
	VALUES ("bc95f1bf-69a4-4013-ab97-58e1c1b23b15",
	1,
	"a09220a4-d685-4338-83fd-0d42f7c7e308",
	"00000000-0000-0000-0000-000000000000",
	9);
INSERT INTO R_REL
	VALUES ("bc95f1bf-69a4-4013-ab97-58e1c1b23b15",
	14,
	'Represents an open achievement record, one for which a start time has been recorded
but no end time has yet been recorded.  In other words, this association exists only
while the currently executing goal is being achieved.',
	"00000000-0000-0000-0000-000000000000");
INSERT INTO R_SIMP
	VALUES ("bc95f1bf-69a4-4013-ab97-58e1c1b23b15");
INSERT INTO R_PART
	VALUES ("c1022670-c44d-401e-bb23-dfcef6084fba",
	"bc95f1bf-69a4-4013-ab97-58e1c1b23b15",
	"9bd2e282-0d41-4dc4-9e49-54af9316b174",
	0,
	1,
	'is_open_for');
INSERT INTO O_RTIDA
	VALUES ("1112db20-38b9-44b6-8df7-863caab66a7d",
	"c1022670-c44d-401e-bb23-dfcef6084fba",
	0,
	"bc95f1bf-69a4-4013-ab97-58e1c1b23b15",
	"9bd2e282-0d41-4dc4-9e49-54af9316b174");
INSERT INTO O_RTIDA
	VALUES ("645a58ca-7e54-4f1b-bb56-64249dab5aaa",
	"c1022670-c44d-401e-bb23-dfcef6084fba",
	0,
	"bc95f1bf-69a4-4013-ab97-58e1c1b23b15",
	"9bd2e282-0d41-4dc4-9e49-54af9316b174");
INSERT INTO O_RTIDA
	VALUES ("3d76c79d-be06-4cb9-8efd-0960b4a4e8d4",
	"c1022670-c44d-401e-bb23-dfcef6084fba",
	0,
	"bc95f1bf-69a4-4013-ab97-58e1c1b23b15",
	"9bd2e282-0d41-4dc4-9e49-54af9316b174");
INSERT INTO R_RTO
	VALUES ("c1022670-c44d-401e-bb23-dfcef6084fba",
	"bc95f1bf-69a4-4013-ab97-58e1c1b23b15",
	"9bd2e282-0d41-4dc4-9e49-54af9316b174",
	0);
INSERT INTO R_OIR
	VALUES ("c1022670-c44d-401e-bb23-dfcef6084fba",
	"bc95f1bf-69a4-4013-ab97-58e1c1b23b15",
	"9bd2e282-0d41-4dc4-9e49-54af9316b174",
	"00000000-0000-0000-0000-000000000000");
INSERT INTO R_FORM
	VALUES ("313e48f7-0516-49bd-9401-5c67c2e55db9",
	"bc95f1bf-69a4-4013-ab97-58e1c1b23b15",
	"af362b48-c65b-4376-b576-1fd79da9a092",
	0,
	1,
	'has_open');
INSERT INTO R_RGO
	VALUES ("313e48f7-0516-49bd-9401-5c67c2e55db9",
	"bc95f1bf-69a4-4013-ab97-58e1c1b23b15",
	"af362b48-c65b-4376-b576-1fd79da9a092");
INSERT INTO R_OIR
	VALUES ("313e48f7-0516-49bd-9401-5c67c2e55db9",
	"bc95f1bf-69a4-4013-ab97-58e1c1b23b15",
	"af362b48-c65b-4376-b576-1fd79da9a092",
	"00000000-0000-0000-0000-000000000000");
INSERT INTO PE_PE
	VALUES ("33894e85-2ad5-4d7d-a0be-aa0cf2025ab7",
	1,
	"a09220a4-d685-4338-83fd-0d42f7c7e308",
	"00000000-0000-0000-0000-000000000000",
	4);
INSERT INTO O_OBJ
	VALUES ("33894e85-2ad5-4d7d-a0be-aa0cf2025ab7",
	'HeartRateSample',
	5,
	'HeartRateSample',
	'Each instance represents a single heart-rate sample.',
	"00000000-0000-0000-0000-000000000000");
INSERT INTO O_NBATTR
	VALUES ("12f72ec0-2d92-4710-b09d-01bcbf365008",
	"33894e85-2ad5-4d7d-a0be-aa0cf2025ab7");
INSERT INTO O_BATTR
	VALUES ("12f72ec0-2d92-4710-b09d-01bcbf365008",
	"33894e85-2ad5-4d7d-a0be-aa0cf2025ab7");
INSERT INTO O_ATTR
	VALUES ("12f72ec0-2d92-4710-b09d-01bcbf365008",
	"33894e85-2ad5-4d7d-a0be-aa0cf2025ab7",
	"01ea7ec4-7045-4839-a37f-48e099805970",
	'heartRate',
	'Heart rate expressed in beats per minute.',
	'',
	'heartRate',
	0,
	"ba5eda7a-def5-0000-0000-000000000002",
	'',
	'');
INSERT INTO O_NBATTR
	VALUES ("01ea7ec4-7045-4839-a37f-48e099805970",
	"33894e85-2ad5-4d7d-a0be-aa0cf2025ab7");
INSERT INTO O_BATTR
	VALUES ("01ea7ec4-7045-4839-a37f-48e099805970",
	"33894e85-2ad5-4d7d-a0be-aa0cf2025ab7");
INSERT INTO O_ATTR
	VALUES ("01ea7ec4-7045-4839-a37f-48e099805970",
	"33894e85-2ad5-4d7d-a0be-aa0cf2025ab7",
	"74b8f47e-815c-4e2a-9fad-69acd6d95485",
	'time',
	'Number of seconds between start time for the associated workout and recording of this heart rate sample.',
	'',
	'time',
	0,
	"ba5eda7a-def5-0000-0000-000000000002",
	'',
	'');
INSERT INTO O_REF
	VALUES ("33894e85-2ad5-4d7d-a0be-aa0cf2025ab7",
	"2522ffa2-db69-4807-ab45-06acf4cf893a",
	0,
	"7f25f45e-231c-4cfe-9481-7a86cabddbc6",
	"8d48a562-6b17-4277-80b8-dbf2efbb84f7",
	"5fe127a0-cb1d-4a52-9991-198440dd6262",
	"6892de1c-a7ee-4cc9-9d89-0fa2d067ef8a",
	"74b8f47e-815c-4e2a-9fad-69acd6d95485",
	"e82e07e6-7cd1-4fd3-bc20-8d4085b951f8",
	"00000000-0000-0000-0000-000000000000",
	0,
	'',
	'WorkoutSession',
	'startTime',
	'R6.''was_collected_during''');
INSERT INTO O_RATTR
	VALUES ("74b8f47e-815c-4e2a-9fad-69acd6d95485",
	"33894e85-2ad5-4d7d-a0be-aa0cf2025ab7",
	"7f25f45e-231c-4cfe-9481-7a86cabddbc6",
	"2522ffa2-db69-4807-ab45-06acf4cf893a",
	1,
	'startTime');
INSERT INTO O_ATTR
	VALUES ("74b8f47e-815c-4e2a-9fad-69acd6d95485",
	"33894e85-2ad5-4d7d-a0be-aa0cf2025ab7",
	"00000000-0000-0000-0000-000000000000",
	'session_startTime',
	'',
	'session_',
	'startTime',
	1,
	"ba5eda7a-def5-0000-0000-000000000007",
	'',
	'');
INSERT INTO O_ID
	VALUES (0,
	"33894e85-2ad5-4d7d-a0be-aa0cf2025ab7");
INSERT INTO O_OIDA
	VALUES ("74b8f47e-815c-4e2a-9fad-69acd6d95485",
	"33894e85-2ad5-4d7d-a0be-aa0cf2025ab7",
	0,
	'session_startTime');
INSERT INTO O_OIDA
	VALUES ("01ea7ec4-7045-4839-a37f-48e099805970",
	"33894e85-2ad5-4d7d-a0be-aa0cf2025ab7",
	0,
	'time');
INSERT INTO O_ID
	VALUES (1,
	"33894e85-2ad5-4d7d-a0be-aa0cf2025ab7");
INSERT INTO O_ID
	VALUES (2,
	"33894e85-2ad5-4d7d-a0be-aa0cf2025ab7");
INSERT INTO PE_PE
	VALUES ("be6ddd8b-37a5-4534-961b-772bb1d940ac",
	1,
	"a09220a4-d685-4338-83fd-0d42f7c7e308",
	"00000000-0000-0000-0000-000000000000",
	4);
INSERT INTO O_OBJ
	VALUES ("be6ddd8b-37a5-4534-961b-772bb1d940ac",
	'GoalSpec',
	8,
	'GoalSpec',
	'Each instance specifies one particular workout goal.  The actual execution of the goal
along with evaluation of whether it is currently being achieved is handled by another
class, not this one.

The criteria for the goal are merely numerical figures for comparison against the 
measured quantity.  Accordingly, the terms may create confusion with certain goal
types such as pace.  Since pace is the inverse of speed, a lower number represents
a faster speed.  Even so, when specifying a pace-related goal the value for 
minimum should be the lowest number (fastest pace) and the value for maximum should
be the higher number (slower pace).',
	"00000000-0000-0000-0000-000000000000");
INSERT INTO O_NBATTR
	VALUES ("a0ebe4b4-e0e7-422f-a981-574f075629d3",
	"be6ddd8b-37a5-4534-961b-772bb1d940ac");
INSERT INTO O_BATTR
	VALUES ("a0ebe4b4-e0e7-422f-a981-574f075629d3",
	"be6ddd8b-37a5-4534-961b-772bb1d940ac");
INSERT INTO O_ATTR
	VALUES ("a0ebe4b4-e0e7-422f-a981-574f075629d3",
	"be6ddd8b-37a5-4534-961b-772bb1d940ac",
	"f568c69e-b0ba-41ee-aef1-25eb2c07142f",
	'minimum',
	'The minimum value for the quantity associated with the goal.
For example, a minimum heart rate to be maintained.
The units (e.g., beats per minute or minutes per km) for this
attribute are determined by another attribute indicating the 
type of criteria for this goal.',
	'',
	'minimum',
	0,
	"ba5eda7a-def5-0000-0000-000000000003",
	'',
	'');
INSERT INTO O_NBATTR
	VALUES ("1fb4cc85-9e90-4738-8de1-2abd6505cb8c",
	"be6ddd8b-37a5-4534-961b-772bb1d940ac");
INSERT INTO O_BATTR
	VALUES ("1fb4cc85-9e90-4738-8de1-2abd6505cb8c",
	"be6ddd8b-37a5-4534-961b-772bb1d940ac");
INSERT INTO O_ATTR
	VALUES ("1fb4cc85-9e90-4738-8de1-2abd6505cb8c",
	"be6ddd8b-37a5-4534-961b-772bb1d940ac",
	"a0ebe4b4-e0e7-422f-a981-574f075629d3",
	'maximum',
	'The maximum value for the quantity associated with the goal.
For example, a maximum pace to be maintained.
The units (e.g., beats per minute or minutes per km) for this
attribute are determined by another attribute indicating the 
type of criteria for this goal.',
	'',
	'maximum',
	0,
	"ba5eda7a-def5-0000-0000-000000000003",
	'',
	'');
INSERT INTO O_NBATTR
	VALUES ("1b9ff6a6-df69-4c3f-acfc-6dc3554b1098",
	"be6ddd8b-37a5-4534-961b-772bb1d940ac");
INSERT INTO O_BATTR
	VALUES ("1b9ff6a6-df69-4c3f-acfc-6dc3554b1098",
	"be6ddd8b-37a5-4534-961b-772bb1d940ac");
INSERT INTO O_ATTR
	VALUES ("1b9ff6a6-df69-4c3f-acfc-6dc3554b1098",
	"be6ddd8b-37a5-4534-961b-772bb1d940ac",
	"1fb4cc85-9e90-4738-8de1-2abd6505cb8c",
	'span',
	'The span of the goal.  For example, a time-based goal specifies a span
as a duration or length of time, while a distance-based goal uses specifies
a distance.  The units for this attribute (e.g., seconds or km) are specified 
by another attribute indicating the type of span.
',
	'',
	'span',
	0,
	"ba5eda7a-def5-0000-0000-000000000003",
	'',
	'');
INSERT INTO O_NBATTR
	VALUES ("dbe9b50c-a53f-4c36-951b-baea959bb4e7",
	"be6ddd8b-37a5-4534-961b-772bb1d940ac");
INSERT INTO O_BATTR
	VALUES ("dbe9b50c-a53f-4c36-951b-baea959bb4e7",
	"be6ddd8b-37a5-4534-961b-772bb1d940ac");
INSERT INTO O_ATTR
	VALUES ("dbe9b50c-a53f-4c36-951b-baea959bb4e7",
	"be6ddd8b-37a5-4534-961b-772bb1d940ac",
	"1b9ff6a6-df69-4c3f-acfc-6dc3554b1098",
	'criteriaType',
	'See data type description.',
	'',
	'criteriaType',
	0,
	"cfb9aa72-125a-4d88-9ed9-1af1002d48f0",
	'',
	'');
INSERT INTO O_NBATTR
	VALUES ("1d622105-74c9-41c3-8547-4323b5540107",
	"be6ddd8b-37a5-4534-961b-772bb1d940ac");
INSERT INTO O_BATTR
	VALUES ("1d622105-74c9-41c3-8547-4323b5540107",
	"be6ddd8b-37a5-4534-961b-772bb1d940ac");
INSERT INTO O_ATTR
	VALUES ("1d622105-74c9-41c3-8547-4323b5540107",
	"be6ddd8b-37a5-4534-961b-772bb1d940ac",
	"dbe9b50c-a53f-4c36-951b-baea959bb4e7",
	'spanType',
	'See data type description.',
	'',
	'spanType',
	0,
	"42487d7d-390d-48d8-a7a5-474cf2d8a900",
	'',
	'');
INSERT INTO O_NBATTR
	VALUES ("f568c69e-b0ba-41ee-aef1-25eb2c07142f",
	"be6ddd8b-37a5-4534-961b-772bb1d940ac");
INSERT INTO O_BATTR
	VALUES ("f568c69e-b0ba-41ee-aef1-25eb2c07142f",
	"be6ddd8b-37a5-4534-961b-772bb1d940ac");
INSERT INTO O_ATTR
	VALUES ("f568c69e-b0ba-41ee-aef1-25eb2c07142f",
	"be6ddd8b-37a5-4534-961b-772bb1d940ac",
	"f08d1723-c13d-473f-8cd7-05a3f01d3371",
	'sequenceNumber',
	'Workout goals are sequenced according to a number specified by the user when the goal
is specified.  This attribute represents that user-specified number. ',
	'',
	'sequenceNumber',
	0,
	"ba5eda7a-def5-0000-0000-000000000002",
	'',
	'');
INSERT INTO O_REF
	VALUES ("be6ddd8b-37a5-4534-961b-772bb1d940ac",
	"2522ffa2-db69-4807-ab45-06acf4cf893a",
	0,
	"7f25f45e-231c-4cfe-9481-7a86cabddbc6",
	"c43c8e88-54fd-4de3-9adf-b324850fd9ec",
	"5553a101-fdfb-405c-b7fb-b3546e23b1cb",
	"d47d174a-e192-4afc-afce-98d9e984bad4",
	"f08d1723-c13d-473f-8cd7-05a3f01d3371",
	"cceafb45-4c2b-4b48-9f26-948ba61ed752",
	"00000000-0000-0000-0000-000000000000",
	0,
	'',
	'WorkoutSession',
	'startTime',
	'R10.''included_in''');
INSERT INTO O_RATTR
	VALUES ("f08d1723-c13d-473f-8cd7-05a3f01d3371",
	"be6ddd8b-37a5-4534-961b-772bb1d940ac",
	"7f25f45e-231c-4cfe-9481-7a86cabddbc6",
	"2522ffa2-db69-4807-ab45-06acf4cf893a",
	1,
	'startTime');
INSERT INTO O_ATTR
	VALUES ("f08d1723-c13d-473f-8cd7-05a3f01d3371",
	"be6ddd8b-37a5-4534-961b-772bb1d940ac",
	"00000000-0000-0000-0000-000000000000",
	'session_startTime',
	'',
	'session_',
	'startTime',
	1,
	"ba5eda7a-def5-0000-0000-000000000007",
	'',
	'');
INSERT INTO O_NBATTR
	VALUES ("277757f6-96e2-4580-a018-06627b47429d",
	"be6ddd8b-37a5-4534-961b-772bb1d940ac");
INSERT INTO O_BATTR
	VALUES ("277757f6-96e2-4580-a018-06627b47429d",
	"be6ddd8b-37a5-4534-961b-772bb1d940ac");
INSERT INTO O_ATTR
	VALUES ("277757f6-96e2-4580-a018-06627b47429d",
	"be6ddd8b-37a5-4534-961b-772bb1d940ac",
	"1d622105-74c9-41c3-8547-4323b5540107",
	'last_goal_ID',
	'',
	'',
	'last_goal_ID',
	0,
	"ba5eda7a-def5-0000-0000-000000000002",
	'',
	'');
INSERT INTO O_ID
	VALUES (0,
	"be6ddd8b-37a5-4534-961b-772bb1d940ac");
INSERT INTO O_OIDA
	VALUES ("f568c69e-b0ba-41ee-aef1-25eb2c07142f",
	"be6ddd8b-37a5-4534-961b-772bb1d940ac",
	0,
	'sequenceNumber');
INSERT INTO O_OIDA
	VALUES ("f08d1723-c13d-473f-8cd7-05a3f01d3371",
	"be6ddd8b-37a5-4534-961b-772bb1d940ac",
	0,
	'session_startTime');
INSERT INTO O_ID
	VALUES (1,
	"be6ddd8b-37a5-4534-961b-772bb1d940ac");
INSERT INTO O_ID
	VALUES (2,
	"be6ddd8b-37a5-4534-961b-772bb1d940ac");
INSERT INTO PE_PE
	VALUES ("c1022670-c44d-401e-bb23-dfcef6084fba",
	1,
	"a09220a4-d685-4338-83fd-0d42f7c7e308",
	"00000000-0000-0000-0000-000000000000",
	4);
INSERT INTO O_OBJ
	VALUES ("c1022670-c44d-401e-bb23-dfcef6084fba",
	'Goal',
	9,
	'Goal',
	'Each instance represents a particular goal as it is executing.
This class knows how to evaluate whether the goal is being achieved 
and whether the goal has completed.',
	"00000000-0000-0000-0000-000000000000");
INSERT INTO O_TFR
	VALUES ("8ac30761-d43a-49d9-b7e4-c3ec442ea9f3",
	"c1022670-c44d-401e-bb23-dfcef6084fba",
	'initialize',
	'',
	"ba5eda7a-def5-0000-0000-000000000000",
	0,
	'// Create and activate an instance of a goal specified by
//   the goal specification, if it exists, identified by 
//   the incoming parameter.

// Find the goal specification for this goal, then
//   create and relate this goal to the specification
//   and to the singleton workout session.
select any goalSpec from instances of GoalSpec where ( selected.sequenceNumber == param.sequenceNumber );
if ( not empty goalSpec )
  create object instance goal of Goal; goal.ID = goalSpec.last_goal_ID + 1;
  relate goal to goalSpec across R9.''specified_by'';
  select any session from instances of WorkoutSession;  // WorkoutSession is a singleton
  relate goal to session across R11.''is_currently_executing_within'';
  goalSpec.last_goal_ID = goal.ID;

  // Initialize this goal.
  goal.calculateStart();
  goal.disposition = GoalDisposition::Increase;

  // Start a timer that periodically causes evaluation of goal achievement.
  GoalAchievement::initialize();
  select any goalachievement from instances of GoalAchievement;
  create event instance evaluateEvent of Goal2:Evaluate to goal; goal.evaluationTimer = TIM::timer_start_recurring( event_inst: evaluateEvent, microseconds: goalachievement.evaluationPeriod );
end if;

',
	1,
	'',
	"00000000-0000-0000-0000-000000000000",
	0);
INSERT INTO O_TPARM
	VALUES ("36f92128-c2c3-44e3-bd67-bffb5fdc3e6d",
	"8ac30761-d43a-49d9-b7e4-c3ec442ea9f3",
	'sequenceNumber',
	"ba5eda7a-def5-0000-0000-000000000002",
	0,
	'',
	"00000000-0000-0000-0000-000000000000",
	'Sequence number of the goal specification for which an instance of a goal should be created.');
INSERT INTO ACT_OPB
	VALUES ("226f3d85-fc5a-4ab1-8596-c08455e024bb",
	"8ac30761-d43a-49d9-b7e4-c3ec442ea9f3");
INSERT INTO ACT_ACT
	VALUES ("226f3d85-fc5a-4ab1-8596-c08455e024bb",
	'class operation',
	0,
	"4b60c9e6-4dce-474f-b126-0f56f4fc4ae2",
	"00000000-0000-0000-0000-000000000000",
	0,
	'Goal::initialize',
	"00000000-0000-0000-0000-000000000000");
INSERT INTO ACT_BLK
	VALUES ("4b60c9e6-4dce-474f-b126-0f56f4fc4ae2",
	1,
	0,
	1,
	'',
	'',
	'',
	9,
	1,
	8,
	39,
	0,
	0,
	0,
	0,
	0,
	0,
	0,
	0,
	0,
	"226f3d85-fc5a-4ab1-8596-c08455e024bb",
	"00000000-0000-0000-0000-000000000000");
INSERT INTO ACT_SMT
	VALUES ("d4db001a-00a6-4986-ba2d-3db9b6074823",
	"4b60c9e6-4dce-474f-b126-0f56f4fc4ae2",
	"4eedfa21-6024-46e9-8094-c2fa0fbe2afa",
	8,
	1,
	'Goal::initialize line: 8');
INSERT INTO ACT_FIW
	VALUES ("d4db001a-00a6-4986-ba2d-3db9b6074823",
	"ba3c8731-0054-4747-ab65-072e36d3b58d",
	1,
	'any',
	"5a34378a-38b8-4d9e-b8f4-52d5d0b4dd3c",
	"be6ddd8b-37a5-4534-961b-772bb1d940ac",
	8,
	39);
INSERT INTO ACT_SMT
	VALUES ("4eedfa21-6024-46e9-8094-c2fa0fbe2afa",
	"4b60c9e6-4dce-474f-b126-0f56f4fc4ae2",
	"00000000-0000-0000-0000-000000000000",
	9,
	1,
	'Goal::initialize line: 9');
INSERT INTO ACT_IF
	VALUES ("4eedfa21-6024-46e9-8094-c2fa0fbe2afa",
	"7c2cb545-a703-40fb-8d7e-6cbc58c30414",
	"1f61bc9d-b498-41aa-a0d0-2a7ae489ddf2",
	"00000000-0000-0000-0000-000000000000",
	"00000000-0000-0000-0000-000000000000");
INSERT INTO V_VAL
	VALUES ("61f11179-7887-44f9-9f10-a9fa79a27035",
	0,
	0,
	8,
	56,
	-1,
	0,
	0,
	0,
	0,
	"ba5eda7a-def5-0000-0000-000000000008",
	"4b60c9e6-4dce-474f-b126-0f56f4fc4ae2");
INSERT INTO V_SLR
	VALUES ("61f11179-7887-44f9-9f10-a9fa79a27035",
	"00000000-0000-0000-0000-000000000000",
	"00000000-0000-0000-0000-000000000000",
	"00000000-0000-0000-0000-000000000000");
INSERT INTO V_VAL
	VALUES ("0652ed20-c26b-4454-81df-0129ef93edf2",
	0,
	0,
	8,
	65,
	78,
	0,
	0,
	0,
	0,
	"ba5eda7a-def5-0000-0000-000000000002",
	"4b60c9e6-4dce-474f-b126-0f56f4fc4ae2");
INSERT INTO V_AVL
	VALUES ("0652ed20-c26b-4454-81df-0129ef93edf2",
	"61f11179-7887-44f9-9f10-a9fa79a27035",
	"be6ddd8b-37a5-4534-961b-772bb1d940ac",
	"f568c69e-b0ba-41ee-aef1-25eb2c07142f");
INSERT INTO V_VAL
	VALUES ("5a34378a-38b8-4d9e-b8f4-52d5d0b4dd3c",
	0,
	0,
	8,
	65,
	102,
	0,
	0,
	0,
	0,
	"ba5eda7a-def5-0000-0000-000000000001",
	"4b60c9e6-4dce-474f-b126-0f56f4fc4ae2");
INSERT INTO V_BIN
	VALUES ("5a34378a-38b8-4d9e-b8f4-52d5d0b4dd3c",
	"8e7508b2-1703-4c78-ba5e-52d21b1d3cb4",
	"0652ed20-c26b-4454-81df-0129ef93edf2",
	'==');
INSERT INTO V_VAL
	VALUES ("8e7508b2-1703-4c78-ba5e-52d21b1d3cb4",
	0,
	0,
	8,
	89,
	102,
	0,
	0,
	0,
	0,
	"ba5eda7a-def5-0000-0000-000000000002",
	"4b60c9e6-4dce-474f-b126-0f56f4fc4ae2");
INSERT INTO V_PVL
	VALUES ("8e7508b2-1703-4c78-ba5e-52d21b1d3cb4",
	"00000000-0000-0000-0000-000000000000",
	"00000000-0000-0000-0000-000000000000",
	"36f92128-c2c3-44e3-bd67-bffb5fdc3e6d",
	"00000000-0000-0000-0000-000000000000");
INSERT INTO V_VAL
	VALUES ("c2f12506-e9f0-4ccf-b040-0a58125623ea",
	0,
	0,
	9,
	16,
	23,
	0,
	0,
	0,
	0,
	"ba5eda7a-def5-0000-0000-000000000008",
	"4b60c9e6-4dce-474f-b126-0f56f4fc4ae2");
INSERT INTO V_IRF
	VALUES ("c2f12506-e9f0-4ccf-b040-0a58125623ea",
	"ba3c8731-0054-4747-ab65-072e36d3b58d");
INSERT INTO V_VAL
	VALUES ("81368926-ffec-45d5-9b5c-9668efc021a6",
	0,
	0,
	-1,
	-1,
	-1,
	0,
	0,
	0,
	0,
	"ba5eda7a-def5-0000-0000-000000000001",
	"4b60c9e6-4dce-474f-b126-0f56f4fc4ae2");
INSERT INTO V_UNY
	VALUES ("81368926-ffec-45d5-9b5c-9668efc021a6",
	"c2f12506-e9f0-4ccf-b040-0a58125623ea",
	'empty');
INSERT INTO V_VAL
	VALUES ("1f61bc9d-b498-41aa-a0d0-2a7ae489ddf2",
	0,
	0,
	-1,
	-1,
	-1,
	0,
	0,
	0,
	0,
	"ba5eda7a-def5-0000-0000-000000000001",
	"4b60c9e6-4dce-474f-b126-0f56f4fc4ae2");
INSERT INTO V_UNY
	VALUES ("1f61bc9d-b498-41aa-a0d0-2a7ae489ddf2",
	"81368926-ffec-45d5-9b5c-9668efc021a6",
	'not');
INSERT INTO V_VAR
	VALUES ("ba3c8731-0054-4747-ab65-072e36d3b58d",
	"4b60c9e6-4dce-474f-b126-0f56f4fc4ae2",
	'goalSpec',
	1,
	"ba5eda7a-def5-0000-0000-000000000008");
INSERT INTO V_INT
	VALUES ("ba3c8731-0054-4747-ab65-072e36d3b58d",
	0,
	"be6ddd8b-37a5-4534-961b-772bb1d940ac");
INSERT INTO ACT_BLK
	VALUES ("7c2cb545-a703-40fb-8d7e-6cbc58c30414",
	1,
	0,
	0,
	'TIM',
	'',
	'',
	23,
	66,
	23,
	89,
	0,
	0,
	13,
	33,
	13,
	37,
	18,
	22,
	0,
	"226f3d85-fc5a-4ab1-8596-c08455e024bb",
	"00000000-0000-0000-0000-000000000000");
INSERT INTO ACT_SMT
	VALUES ("2c820803-b26e-45ee-b610-84443ace565c",
	"7c2cb545-a703-40fb-8d7e-6cbc58c30414",
	"a7b1f633-be37-48be-8cd6-c75cb82d2fb6",
	10,
	3,
	'Goal::initialize line: 10');
INSERT INTO ACT_CR
	VALUES ("2c820803-b26e-45ee-b610-84443ace565c",
	"1aa41608-6154-4e02-ad65-af16f801cd2c",
	1,
	"c1022670-c44d-401e-bb23-dfcef6084fba",
	10,
	34);
INSERT INTO ACT_SMT
	VALUES ("a7b1f633-be37-48be-8cd6-c75cb82d2fb6",
	"7c2cb545-a703-40fb-8d7e-6cbc58c30414",
	"bab45215-e44f-4bf8-9571-94cbf22aeaf4",
	10,
	40,
	'Goal::initialize line: 10');
INSERT INTO ACT_AI
	VALUES ("a7b1f633-be37-48be-8cd6-c75cb82d2fb6",
	"d7c59a39-cb13-4b1e-a6de-ae9289a561ec",
	"5f444a44-6384-4826-aaad-2b7b0fd31789",
	0,
	0);
INSERT INTO ACT_SMT
	VALUES ("bab45215-e44f-4bf8-9571-94cbf22aeaf4",
	"7c2cb545-a703-40fb-8d7e-6cbc58c30414",
	"9019013d-d46d-4077-9fa4-533d42d0d562",
	11,
	3,
	'Goal::initialize line: 11');
INSERT INTO ACT_REL
	VALUES ("bab45215-e44f-4bf8-9571-94cbf22aeaf4",
	"1aa41608-6154-4e02-ad65-af16f801cd2c",
	"ba3c8731-0054-4747-ab65-072e36d3b58d",
	'''specified_by''',
	"78e3e6fd-b6ad-409d-a611-d20499f533da",
	11,
	34,
	11,
	37);
INSERT INTO ACT_SMT
	VALUES ("9019013d-d46d-4077-9fa4-533d42d0d562",
	"7c2cb545-a703-40fb-8d7e-6cbc58c30414",
	"584bdb1a-0272-41aa-98f2-cc208949648f",
	12,
	3,
	'Goal::initialize line: 12');
INSERT INTO ACT_FIO
	VALUES ("9019013d-d46d-4077-9fa4-533d42d0d562",
	"74b6027d-b5ca-41d6-8762-1f4bc5d2a54a",
	1,
	'any',
	"2522ffa2-db69-4807-ab45-06acf4cf893a",
	12,
	40);
INSERT INTO ACT_SMT
	VALUES ("584bdb1a-0272-41aa-98f2-cc208949648f",
	"7c2cb545-a703-40fb-8d7e-6cbc58c30414",
	"85ea8f58-a380-4c70-b880-eaa37b36acf3",
	13,
	3,
	'Goal::initialize line: 13');
INSERT INTO ACT_REL
	VALUES ("584bdb1a-0272-41aa-98f2-cc208949648f",
	"1aa41608-6154-4e02-ad65-af16f801cd2c",
	"74b6027d-b5ca-41d6-8762-1f4bc5d2a54a",
	'''is_currently_executing_within''',
	"50d628e2-9d2f-4810-93d9-44fb62bf9031",
	13,
	33,
	13,
	37);
INSERT INTO ACT_SMT
	VALUES ("85ea8f58-a380-4c70-b880-eaa37b36acf3",
	"7c2cb545-a703-40fb-8d7e-6cbc58c30414",
	"14c24001-e82e-485b-89da-08bd83113bed",
	14,
	3,
	'Goal::initialize line: 14');
INSERT INTO ACT_AI
	VALUES ("85ea8f58-a380-4c70-b880-eaa37b36acf3",
	"315ade77-2519-47b4-a932-57b0f1b0a397",
	"cb18a522-5035-4218-b73a-2b96fbd59219",
	0,
	0);
INSERT INTO ACT_SMT
	VALUES ("14c24001-e82e-485b-89da-08bd83113bed",
	"7c2cb545-a703-40fb-8d7e-6cbc58c30414",
	"97752c41-548a-4b1c-a757-230814aa2094",
	17,
	3,
	'Goal::initialize line: 17');
INSERT INTO ACT_TFM
	VALUES ("14c24001-e82e-485b-89da-08bd83113bed",
	"b3215204-3d02-48ba-9794-25ddbc40009c",
	"1aa41608-6154-4e02-ad65-af16f801cd2c",
	17,
	8,
	0,
	0);
INSERT INTO ACT_SMT
	VALUES ("97752c41-548a-4b1c-a757-230814aa2094",
	"7c2cb545-a703-40fb-8d7e-6cbc58c30414",
	"7f6f4c69-3fa5-466e-9a73-179aad05a9bb",
	18,
	3,
	'Goal::initialize line: 18');
INSERT INTO ACT_AI
	VALUES ("97752c41-548a-4b1c-a757-230814aa2094",
	"8ddb4534-1008-4e64-8973-29bade3539c1",
	"19c0a160-532c-406d-a6f2-d681d2ca21c9",
	0,
	0);
INSERT INTO ACT_SMT
	VALUES ("7f6f4c69-3fa5-466e-9a73-179aad05a9bb",
	"7c2cb545-a703-40fb-8d7e-6cbc58c30414",
	"7953ef17-028e-493f-bc00-472e4dd75085",
	21,
	3,
	'Goal::initialize line: 21');
INSERT INTO ACT_TFM
	VALUES ("7f6f4c69-3fa5-466e-9a73-179aad05a9bb",
	"5a3d77d0-6b01-4255-9e4d-56dbb9e4c299",
	"00000000-0000-0000-0000-000000000000",
	21,
	20,
	21,
	3);
INSERT INTO ACT_SMT
	VALUES ("7953ef17-028e-493f-bc00-472e4dd75085",
	"7c2cb545-a703-40fb-8d7e-6cbc58c30414",
	"2f7f5ec2-e9d5-4435-b5a7-7fa5ab41491d",
	22,
	3,
	'Goal::initialize line: 22');
INSERT INTO ACT_FIO
	VALUES ("7953ef17-028e-493f-bc00-472e4dd75085",
	"dc1ca4e3-af73-40d7-80f0-bfd625cffc4e",
	1,
	'any',
	"5fde89fd-3d3f-4844-b0c0-a4152fd17b46",
	22,
	48);
INSERT INTO ACT_SMT
	VALUES ("2f7f5ec2-e9d5-4435-b5a7-7fa5ab41491d",
	"7c2cb545-a703-40fb-8d7e-6cbc58c30414",
	"3f54d9e5-c070-4586-bc1f-1b04d1873ac9",
	23,
	3,
	'Goal::initialize line: 23');
INSERT INTO E_ESS
	VALUES ("2f7f5ec2-e9d5-4435-b5a7-7fa5ab41491d",
	1,
	0,
	23,
	42,
	23,
	48,
	22,
	48,
	0,
	0,
	0,
	0);
INSERT INTO E_CES
	VALUES ("2f7f5ec2-e9d5-4435-b5a7-7fa5ab41491d",
	1,
	"588253e3-2200-4438-8540-23f342113424");
INSERT INTO E_CSME
	VALUES ("2f7f5ec2-e9d5-4435-b5a7-7fa5ab41491d",
	"5706c37b-a57c-4258-ad16-eba5b972f5bf");
INSERT INTO E_CEI
	VALUES ("2f7f5ec2-e9d5-4435-b5a7-7fa5ab41491d",
	"1aa41608-6154-4e02-ad65-af16f801cd2c");
INSERT INTO ACT_SMT
	VALUES ("3f54d9e5-c070-4586-bc1f-1b04d1873ac9",
	"7c2cb545-a703-40fb-8d7e-6cbc58c30414",
	"00000000-0000-0000-0000-000000000000",
	23,
	66,
	'Goal::initialize line: 23');
INSERT INTO ACT_AI
	VALUES ("3f54d9e5-c070-4586-bc1f-1b04d1873ac9",
	"514585ec-e348-4c66-b74d-103e79940fbc",
	"6c07844a-2050-4a34-95b0-5fc36d4048e9",
	0,
	0);
INSERT INTO V_VAL
	VALUES ("2ca6bffb-9840-4b24-8e7d-9308f104a6b9",
	1,
	0,
	10,
	40,
	43,
	0,
	0,
	0,
	0,
	"ba5eda7a-def5-0000-0000-000000000008",
	"7c2cb545-a703-40fb-8d7e-6cbc58c30414");
INSERT INTO V_IRF
	VALUES ("2ca6bffb-9840-4b24-8e7d-9308f104a6b9",
	"1aa41608-6154-4e02-ad65-af16f801cd2c");
INSERT INTO V_VAL
	VALUES ("5f444a44-6384-4826-aaad-2b7b0fd31789",
	1,
	0,
	10,
	45,
	46,
	0,
	0,
	0,
	0,
	"ba5eda7a-def5-0000-0000-000000000002",
	"7c2cb545-a703-40fb-8d7e-6cbc58c30414");
INSERT INTO V_AVL
	VALUES ("5f444a44-6384-4826-aaad-2b7b0fd31789",
	"2ca6bffb-9840-4b24-8e7d-9308f104a6b9",
	"c1022670-c44d-401e-bb23-dfcef6084fba",
	"645a58ca-7e54-4f1b-bb56-64249dab5aaa");
INSERT INTO V_VAL
	VALUES ("46950f77-c9bc-4d7a-949e-f1f69ae3cf79",
	0,
	0,
	10,
	50,
	57,
	0,
	0,
	0,
	0,
	"ba5eda7a-def5-0000-0000-000000000008",
	"7c2cb545-a703-40fb-8d7e-6cbc58c30414");
INSERT INTO V_IRF
	VALUES ("46950f77-c9bc-4d7a-949e-f1f69ae3cf79",
	"ba3c8731-0054-4747-ab65-072e36d3b58d");
INSERT INTO V_VAL
	VALUES ("0fd4a159-da64-4562-885f-9b47825b4a10",
	0,
	0,
	10,
	59,
	70,
	0,
	0,
	0,
	0,
	"ba5eda7a-def5-0000-0000-000000000002",
	"7c2cb545-a703-40fb-8d7e-6cbc58c30414");
INSERT INTO V_AVL
	VALUES ("0fd4a159-da64-4562-885f-9b47825b4a10",
	"46950f77-c9bc-4d7a-949e-f1f69ae3cf79",
	"be6ddd8b-37a5-4534-961b-772bb1d940ac",
	"277757f6-96e2-4580-a018-06627b47429d");
INSERT INTO V_VAL
	VALUES ("d7c59a39-cb13-4b1e-a6de-ae9289a561ec",
	0,
	0,
	10,
	59,
	74,
	0,
	0,
	0,
	0,
	"ba5eda7a-def5-0000-0000-000000000002",
	"7c2cb545-a703-40fb-8d7e-6cbc58c30414");
INSERT INTO V_BIN
	VALUES ("d7c59a39-cb13-4b1e-a6de-ae9289a561ec",
	"d1c1da0f-e455-44f7-8c74-6a186e12f4ed",
	"0fd4a159-da64-4562-885f-9b47825b4a10",
	'+');
INSERT INTO V_VAL
	VALUES ("d1c1da0f-e455-44f7-8c74-6a186e12f4ed",
	0,
	0,
	10,
	74,
	74,
	0,
	0,
	0,
	0,
	"ba5eda7a-def5-0000-0000-000000000002",
	"7c2cb545-a703-40fb-8d7e-6cbc58c30414");
INSERT INTO V_LIN
	VALUES ("d1c1da0f-e455-44f7-8c74-6a186e12f4ed",
	'1');
INSERT INTO V_VAL
	VALUES ("2b3e3d40-bcf6-4e48-9ec7-f11627969728",
	1,
	0,
	14,
	3,
	10,
	0,
	0,
	0,
	0,
	"ba5eda7a-def5-0000-0000-000000000008",
	"7c2cb545-a703-40fb-8d7e-6cbc58c30414");
INSERT INTO V_IRF
	VALUES ("2b3e3d40-bcf6-4e48-9ec7-f11627969728",
	"ba3c8731-0054-4747-ab65-072e36d3b58d");
INSERT INTO V_VAL
	VALUES ("cb18a522-5035-4218-b73a-2b96fbd59219",
	1,
	0,
	14,
	12,
	23,
	0,
	0,
	0,
	0,
	"ba5eda7a-def5-0000-0000-000000000002",
	"7c2cb545-a703-40fb-8d7e-6cbc58c30414");
INSERT INTO V_AVL
	VALUES ("cb18a522-5035-4218-b73a-2b96fbd59219",
	"2b3e3d40-bcf6-4e48-9ec7-f11627969728",
	"be6ddd8b-37a5-4534-961b-772bb1d940ac",
	"277757f6-96e2-4580-a018-06627b47429d");
INSERT INTO V_VAL
	VALUES ("4fb05b8c-0644-45b9-8bf4-792e8d94e5eb",
	0,
	0,
	14,
	27,
	30,
	0,
	0,
	0,
	0,
	"ba5eda7a-def5-0000-0000-000000000008",
	"7c2cb545-a703-40fb-8d7e-6cbc58c30414");
INSERT INTO V_IRF
	VALUES ("4fb05b8c-0644-45b9-8bf4-792e8d94e5eb",
	"1aa41608-6154-4e02-ad65-af16f801cd2c");
INSERT INTO V_VAL
	VALUES ("315ade77-2519-47b4-a932-57b0f1b0a397",
	0,
	0,
	14,
	32,
	33,
	0,
	0,
	0,
	0,
	"ba5eda7a-def5-0000-0000-000000000002",
	"7c2cb545-a703-40fb-8d7e-6cbc58c30414");
INSERT INTO V_AVL
	VALUES ("315ade77-2519-47b4-a932-57b0f1b0a397",
	"4fb05b8c-0644-45b9-8bf4-792e8d94e5eb",
	"c1022670-c44d-401e-bb23-dfcef6084fba",
	"645a58ca-7e54-4f1b-bb56-64249dab5aaa");
INSERT INTO V_VAL
	VALUES ("cce9bcef-0562-4aa1-9b30-2279c7a85eef",
	1,
	0,
	18,
	3,
	6,
	0,
	0,
	0,
	0,
	"ba5eda7a-def5-0000-0000-000000000008",
	"7c2cb545-a703-40fb-8d7e-6cbc58c30414");
INSERT INTO V_IRF
	VALUES ("cce9bcef-0562-4aa1-9b30-2279c7a85eef",
	"1aa41608-6154-4e02-ad65-af16f801cd2c");
INSERT INTO V_VAL
	VALUES ("19c0a160-532c-406d-a6f2-d681d2ca21c9",
	1,
	0,
	18,
	8,
	18,
	0,
	0,
	0,
	0,
	"ca91d910-53ec-403c-9551-bfc1a9aa9b73",
	"7c2cb545-a703-40fb-8d7e-6cbc58c30414");
INSERT INTO V_AVL
	VALUES ("19c0a160-532c-406d-a6f2-d681d2ca21c9",
	"cce9bcef-0562-4aa1-9b30-2279c7a85eef",
	"c1022670-c44d-401e-bb23-dfcef6084fba",
	"fa9000ac-0495-47fe-bbaf-66bc8f9a4f0a");
INSERT INTO V_VAL
	VALUES ("8ddb4534-1008-4e64-8973-29bade3539c1",
	0,
	0,
	18,
	39,
	46,
	0,
	0,
	0,
	0,
	"ca91d910-53ec-403c-9551-bfc1a9aa9b73",
	"7c2cb545-a703-40fb-8d7e-6cbc58c30414");
INSERT INTO V_LEN
	VALUES ("8ddb4534-1008-4e64-8973-29bade3539c1",
	"9b20494e-b74a-43a6-827e-bdf246f511aa",
	18,
	22);
INSERT INTO V_VAL
	VALUES ("df116dce-0aac-4ef4-aff6-1c09cbce5d57",
	1,
	0,
	23,
	66,
	69,
	0,
	0,
	0,
	0,
	"ba5eda7a-def5-0000-0000-000000000008",
	"7c2cb545-a703-40fb-8d7e-6cbc58c30414");
INSERT INTO V_IRF
	VALUES ("df116dce-0aac-4ef4-aff6-1c09cbce5d57",
	"1aa41608-6154-4e02-ad65-af16f801cd2c");
INSERT INTO V_VAL
	VALUES ("6c07844a-2050-4a34-95b0-5fc36d4048e9",
	1,
	0,
	23,
	71,
	85,
	0,
	0,
	0,
	0,
	"ba5eda7a-def5-0000-0000-00000000000f",
	"7c2cb545-a703-40fb-8d7e-6cbc58c30414");
INSERT INTO V_AVL
	VALUES ("6c07844a-2050-4a34-95b0-5fc36d4048e9",
	"df116dce-0aac-4ef4-aff6-1c09cbce5d57",
	"c1022670-c44d-401e-bb23-dfcef6084fba",
	"0078004b-9cab-4a56-beac-5014d746ad80");
INSERT INTO V_VAL
	VALUES ("514585ec-e348-4c66-b74d-103e79940fbc",
	0,
	0,
	23,
	94,
	-1,
	23,
	117,
	23,
	144,
	"ba5eda7a-def5-0000-0000-00000000000f",
	"7c2cb545-a703-40fb-8d7e-6cbc58c30414");
INSERT INTO V_BRV
	VALUES ("514585ec-e348-4c66-b74d-103e79940fbc",
	"16322409-ab18-4a8a-8189-42924b6ad4c7",
	1,
	23,
	89);
INSERT INTO V_VAL
	VALUES ("fbc975cf-b621-4f8a-bdc8-17efa5b0f21c",
	0,
	0,
	23,
	129,
	141,
	0,
	0,
	0,
	0,
	"ba5eda7a-def5-0000-0000-00000000000a",
	"7c2cb545-a703-40fb-8d7e-6cbc58c30414");
INSERT INTO V_TVL
	VALUES ("fbc975cf-b621-4f8a-bdc8-17efa5b0f21c",
	"588253e3-2200-4438-8540-23f342113424");
INSERT INTO V_PAR
	VALUES ("fbc975cf-b621-4f8a-bdc8-17efa5b0f21c",
	"00000000-0000-0000-0000-000000000000",
	"514585ec-e348-4c66-b74d-103e79940fbc",
	'event_inst',
	"82365235-97b7-4e4f-85e3-6ccc2218b291",
	23,
	117);
INSERT INTO V_VAL
	VALUES ("d5d2d29d-7d52-446a-8cbc-d29f2c804b24",
	0,
	0,
	23,
	158,
	172,
	0,
	0,
	0,
	0,
	"ba5eda7a-def5-0000-0000-000000000008",
	"7c2cb545-a703-40fb-8d7e-6cbc58c30414");
INSERT INTO V_IRF
	VALUES ("d5d2d29d-7d52-446a-8cbc-d29f2c804b24",
	"dc1ca4e3-af73-40d7-80f0-bfd625cffc4e");
INSERT INTO V_VAL
	VALUES ("82365235-97b7-4e4f-85e3-6ccc2218b291",
	0,
	0,
	23,
	174,
	189,
	0,
	0,
	0,
	0,
	"ba5eda7a-def5-0000-0000-000000000002",
	"7c2cb545-a703-40fb-8d7e-6cbc58c30414");
INSERT INTO V_AVL
	VALUES ("82365235-97b7-4e4f-85e3-6ccc2218b291",
	"d5d2d29d-7d52-446a-8cbc-d29f2c804b24",
	"5fde89fd-3d3f-4844-b0c0-a4152fd17b46",
	"f59c2a43-8010-486d-8b22-8ba69fb8af19");
INSERT INTO V_PAR
	VALUES ("82365235-97b7-4e4f-85e3-6ccc2218b291",
	"00000000-0000-0000-0000-000000000000",
	"514585ec-e348-4c66-b74d-103e79940fbc",
	'microseconds',
	"00000000-0000-0000-0000-000000000000",
	23,
	144);
INSERT INTO V_VAR
	VALUES ("1aa41608-6154-4e02-ad65-af16f801cd2c",
	"7c2cb545-a703-40fb-8d7e-6cbc58c30414",
	'goal',
	1,
	"ba5eda7a-def5-0000-0000-000000000008");
INSERT INTO V_INT
	VALUES ("1aa41608-6154-4e02-ad65-af16f801cd2c",
	0,
	"c1022670-c44d-401e-bb23-dfcef6084fba");
INSERT INTO V_VAR
	VALUES ("74b6027d-b5ca-41d6-8762-1f4bc5d2a54a",
	"7c2cb545-a703-40fb-8d7e-6cbc58c30414",
	'session',
	1,
	"ba5eda7a-def5-0000-0000-000000000008");
INSERT INTO V_INT
	VALUES ("74b6027d-b5ca-41d6-8762-1f4bc5d2a54a",
	0,
	"2522ffa2-db69-4807-ab45-06acf4cf893a");
INSERT INTO V_VAR
	VALUES ("dc1ca4e3-af73-40d7-80f0-bfd625cffc4e",
	"7c2cb545-a703-40fb-8d7e-6cbc58c30414",
	'goalachievement',
	1,
	"ba5eda7a-def5-0000-0000-000000000008");
INSERT INTO V_INT
	VALUES ("dc1ca4e3-af73-40d7-80f0-bfd625cffc4e",
	0,
	"5fde89fd-3d3f-4844-b0c0-a4152fd17b46");
INSERT INTO V_VAR
	VALUES ("588253e3-2200-4438-8540-23f342113424",
	"7c2cb545-a703-40fb-8d7e-6cbc58c30414",
	'evaluateEvent',
	1,
	"ba5eda7a-def5-0000-0000-00000000000a");
INSERT INTO V_TRN
	VALUES ("588253e3-2200-4438-8540-23f342113424",
	"00000000-0000-0000-0000-000000000000",
	'');
INSERT INTO O_TFR
	VALUES ("b3215204-3d02-48ba-9794-25ddbc40009c",
	"c1022670-c44d-401e-bb23-dfcef6084fba",
	'calculateStart',
	'',
	"ba5eda7a-def5-0000-0000-000000000000",
	1,
	'// Based on the span type for this goal, calculate and
//   store the value of the start attribute.
select one goalSpec related by self->GoalSpec[R9.''specified_by''];
if ( goalSpec.spanType == GoalSpan::Time )
  select one workoutTimer related by self->WorkoutSession[R11.''is_currently_executing_within'']->WorkoutTimer[R8.''is_timed_by''];
  self.startingPoint = workoutTimer.time;
elif ( goalSpec.spanType == GoalSpan::Distance )
  select one session related by self->WorkoutSession[R11.''is_currently_executing_within''];
  self.startingPoint = session.accumulatedDistance;
else
  LOG::LogFailure( message: "Goal.calculateStart: Unknown Goal Span Type." );
end if;',
	1,
	'',
	"8ac30761-d43a-49d9-b7e4-c3ec442ea9f3",
	0);
INSERT INTO ACT_OPB
	VALUES ("1a7e239c-5d03-4678-8b87-560441b34933",
	"b3215204-3d02-48ba-9794-25ddbc40009c");
INSERT INTO ACT_ACT
	VALUES ("1a7e239c-5d03-4678-8b87-560441b34933",
	'operation',
	0,
	"c59a08e5-d878-49a4-a31f-0c56116a7b77",
	"00000000-0000-0000-0000-000000000000",
	0,
	'Goal::calculateStart',
	"00000000-0000-0000-0000-000000000000");
INSERT INTO ACT_BLK
	VALUES ("c59a08e5-d878-49a4-a31f-0c56116a7b77",
	1,
	0,
	0,
	'',
	'',
	'',
	10,
	1,
	3,
	38,
	0,
	0,
	3,
	47,
	3,
	50,
	7,
	29,
	0,
	"1a7e239c-5d03-4678-8b87-560441b34933",
	"00000000-0000-0000-0000-000000000000");
INSERT INTO ACT_SMT
	VALUES ("06307394-5f8b-4a87-b6ec-285155e193a3",
	"c59a08e5-d878-49a4-a31f-0c56116a7b77",
	"6ad86664-e1e0-4c42-901a-2da95857b9a6",
	3,
	1,
	'Goal::calculateStart line: 3');
INSERT INTO ACT_SEL
	VALUES ("06307394-5f8b-4a87-b6ec-285155e193a3",
	"f6f53c7b-dfb7-4179-b31f-358a180ed1a9",
	1,
	'one',
	"c73b1f97-f2b0-4af4-b812-a6f49a545a42");
INSERT INTO ACT_SR
	VALUES ("06307394-5f8b-4a87-b6ec-285155e193a3");
INSERT INTO ACT_LNK
	VALUES ("a8a753e9-72be-4bd0-867a-9b35a47a3b85",
	'''specified_by''',
	"06307394-5f8b-4a87-b6ec-285155e193a3",
	"78e3e6fd-b6ad-409d-a611-d20499f533da",
	"00000000-0000-0000-0000-000000000000",
	2,
	"be6ddd8b-37a5-4534-961b-772bb1d940ac",
	3,
	38,
	3,
	47,
	3,
	50);
INSERT INTO ACT_SMT
	VALUES ("6ad86664-e1e0-4c42-901a-2da95857b9a6",
	"c59a08e5-d878-49a4-a31f-0c56116a7b77",
	"00000000-0000-0000-0000-000000000000",
	4,
	1,
	'Goal::calculateStart line: 4');
INSERT INTO ACT_IF
	VALUES ("6ad86664-e1e0-4c42-901a-2da95857b9a6",
	"1c5104d6-0072-4387-a96d-50ef0c1e9aa7",
	"166e7860-6a10-4171-8e62-668ee65dcaa2",
	"00000000-0000-0000-0000-000000000000",
	"00000000-0000-0000-0000-000000000000");
INSERT INTO ACT_SMT
	VALUES ("d666aa16-4326-454d-a01a-ad40b2bb20e2",
	"c59a08e5-d878-49a4-a31f-0c56116a7b77",
	"00000000-0000-0000-0000-000000000000",
	7,
	1,
	'Goal::calculateStart line: 7');
INSERT INTO ACT_EL
	VALUES ("d666aa16-4326-454d-a01a-ad40b2bb20e2",
	"21d12591-5a70-452f-8412-ddd05937190e",
	"5a562901-0906-4843-afbd-5f3aee54d1b4",
	"6ad86664-e1e0-4c42-901a-2da95857b9a6");
INSERT INTO ACT_SMT
	VALUES ("640d4b1c-2c67-4ba5-afbb-1fab13956b53",
	"c59a08e5-d878-49a4-a31f-0c56116a7b77",
	"00000000-0000-0000-0000-000000000000",
	10,
	1,
	'Goal::calculateStart line: 10');
INSERT INTO ACT_E
	VALUES ("640d4b1c-2c67-4ba5-afbb-1fab13956b53",
	"5d1bec1e-b5d3-48ae-b56f-2a1465fd804e",
	"6ad86664-e1e0-4c42-901a-2da95857b9a6");
INSERT INTO V_VAL
	VALUES ("c73b1f97-f2b0-4af4-b812-a6f49a545a42",
	0,
	0,
	3,
	32,
	35,
	0,
	0,
	0,
	0,
	"ba5eda7a-def5-0000-0000-000000000008",
	"c59a08e5-d878-49a4-a31f-0c56116a7b77");
INSERT INTO V_IRF
	VALUES ("c73b1f97-f2b0-4af4-b812-a6f49a545a42",
	"d9e150f7-e953-47ec-8d1f-05d81189abb3");
INSERT INTO V_VAL
	VALUES ("1a7e8909-adc3-4168-b730-a49c559bed79",
	0,
	0,
	4,
	6,
	13,
	0,
	0,
	0,
	0,
	"ba5eda7a-def5-0000-0000-000000000008",
	"c59a08e5-d878-49a4-a31f-0c56116a7b77");
INSERT INTO V_IRF
	VALUES ("1a7e8909-adc3-4168-b730-a49c559bed79",
	"f6f53c7b-dfb7-4179-b31f-358a180ed1a9");
INSERT INTO V_VAL
	VALUES ("f21239de-59fb-415b-96b6-9706fc59935c",
	0,
	0,
	4,
	15,
	22,
	0,
	0,
	0,
	0,
	"42487d7d-390d-48d8-a7a5-474cf2d8a900",
	"c59a08e5-d878-49a4-a31f-0c56116a7b77");
INSERT INTO V_AVL
	VALUES ("f21239de-59fb-415b-96b6-9706fc59935c",
	"1a7e8909-adc3-4168-b730-a49c559bed79",
	"be6ddd8b-37a5-4534-961b-772bb1d940ac",
	"1d622105-74c9-41c3-8547-4323b5540107");
INSERT INTO V_VAL
	VALUES ("166e7860-6a10-4171-8e62-668ee65dcaa2",
	0,
	0,
	4,
	15,
	40,
	0,
	0,
	0,
	0,
	"ba5eda7a-def5-0000-0000-000000000001",
	"c59a08e5-d878-49a4-a31f-0c56116a7b77");
INSERT INTO V_BIN
	VALUES ("166e7860-6a10-4171-8e62-668ee65dcaa2",
	"030f294d-3797-40b7-9e17-b0bf00bc04ff",
	"f21239de-59fb-415b-96b6-9706fc59935c",
	'==');
INSERT INTO V_VAL
	VALUES ("030f294d-3797-40b7-9e17-b0bf00bc04ff",
	0,
	0,
	4,
	37,
	40,
	0,
	0,
	0,
	0,
	"42487d7d-390d-48d8-a7a5-474cf2d8a900",
	"c59a08e5-d878-49a4-a31f-0c56116a7b77");
INSERT INTO V_LEN
	VALUES ("030f294d-3797-40b7-9e17-b0bf00bc04ff",
	"70b8c1c7-75eb-42ab-ba2d-2ff08ea01c45",
	4,
	27);
INSERT INTO V_VAL
	VALUES ("e63e7e03-edf0-4cbe-995c-2232376181e9",
	0,
	0,
	7,
	8,
	15,
	0,
	0,
	0,
	0,
	"ba5eda7a-def5-0000-0000-000000000008",
	"c59a08e5-d878-49a4-a31f-0c56116a7b77");
INSERT INTO V_IRF
	VALUES ("e63e7e03-edf0-4cbe-995c-2232376181e9",
	"f6f53c7b-dfb7-4179-b31f-358a180ed1a9");
INSERT INTO V_VAL
	VALUES ("e899675e-812a-4c76-8e8d-b0b8c2c6529c",
	0,
	0,
	7,
	17,
	24,
	0,
	0,
	0,
	0,
	"42487d7d-390d-48d8-a7a5-474cf2d8a900",
	"c59a08e5-d878-49a4-a31f-0c56116a7b77");
INSERT INTO V_AVL
	VALUES ("e899675e-812a-4c76-8e8d-b0b8c2c6529c",
	"e63e7e03-edf0-4cbe-995c-2232376181e9",
	"be6ddd8b-37a5-4534-961b-772bb1d940ac",
	"1d622105-74c9-41c3-8547-4323b5540107");
INSERT INTO V_VAL
	VALUES ("5a562901-0906-4843-afbd-5f3aee54d1b4",
	0,
	0,
	7,
	17,
	46,
	0,
	0,
	0,
	0,
	"ba5eda7a-def5-0000-0000-000000000001",
	"c59a08e5-d878-49a4-a31f-0c56116a7b77");
INSERT INTO V_BIN
	VALUES ("5a562901-0906-4843-afbd-5f3aee54d1b4",
	"78e3a045-cac5-4c2e-bfae-e023f7863f87",
	"e899675e-812a-4c76-8e8d-b0b8c2c6529c",
	'==');
INSERT INTO V_VAL
	VALUES ("78e3a045-cac5-4c2e-bfae-e023f7863f87",
	0,
	0,
	7,
	39,
	46,
	0,
	0,
	0,
	0,
	"42487d7d-390d-48d8-a7a5-474cf2d8a900",
	"c59a08e5-d878-49a4-a31f-0c56116a7b77");
INSERT INTO V_LEN
	VALUES ("78e3a045-cac5-4c2e-bfae-e023f7863f87",
	"6b1832c1-f200-44e1-abe5-b2417a0f4d5d",
	7,
	29);
INSERT INTO V_VAR
	VALUES ("f6f53c7b-dfb7-4179-b31f-358a180ed1a9",
	"c59a08e5-d878-49a4-a31f-0c56116a7b77",
	'goalSpec',
	1,
	"ba5eda7a-def5-0000-0000-000000000008");
INSERT INTO V_INT
	VALUES ("f6f53c7b-dfb7-4179-b31f-358a180ed1a9",
	0,
	"be6ddd8b-37a5-4534-961b-772bb1d940ac");
INSERT INTO V_VAR
	VALUES ("d9e150f7-e953-47ec-8d1f-05d81189abb3",
	"c59a08e5-d878-49a4-a31f-0c56116a7b77",
	'self',
	1,
	"ba5eda7a-def5-0000-0000-000000000008");
INSERT INTO V_INT
	VALUES ("d9e150f7-e953-47ec-8d1f-05d81189abb3",
	0,
	"c1022670-c44d-401e-bb23-dfcef6084fba");
INSERT INTO ACT_BLK
	VALUES ("1c5104d6-0072-4387-a96d-50ef0c1e9aa7",
	1,
	0,
	0,
	'',
	'',
	'',
	6,
	3,
	5,
	97,
	0,
	0,
	5,
	110,
	5,
	113,
	0,
	0,
	0,
	"1a7e239c-5d03-4678-8b87-560441b34933",
	"00000000-0000-0000-0000-000000000000");
INSERT INTO ACT_SMT
	VALUES ("ce638485-013d-4e23-9ea3-deede25ee473",
	"1c5104d6-0072-4387-a96d-50ef0c1e9aa7",
	"00661597-2e6c-4785-8e43-9e72f9bf0acb",
	5,
	3,
	'Goal::calculateStart line: 5');
INSERT INTO ACT_SEL
	VALUES ("ce638485-013d-4e23-9ea3-deede25ee473",
	"30a3bb7e-2d1d-4948-b8fa-8bbad6cd18cf",
	1,
	'one',
	"2d767460-25b7-4033-87bd-cf0a0de17428");
INSERT INTO ACT_SR
	VALUES ("ce638485-013d-4e23-9ea3-deede25ee473");
INSERT INTO ACT_LNK
	VALUES ("8c3fbd5a-f25c-4ab3-a362-e10b634fe84d",
	'''is_currently_executing_within''',
	"ce638485-013d-4e23-9ea3-deede25ee473",
	"50d628e2-9d2f-4810-93d9-44fb62bf9031",
	"24864a99-3431-46aa-92b9-23fce70af0cd",
	2,
	"2522ffa2-db69-4807-ab45-06acf4cf893a",
	5,
	44,
	5,
	59,
	5,
	63);
INSERT INTO ACT_LNK
	VALUES ("24864a99-3431-46aa-92b9-23fce70af0cd",
	'''is_timed_by''',
	"00000000-0000-0000-0000-000000000000",
	"b04987ba-d80b-4527-a1fd-894139a710d8",
	"00000000-0000-0000-0000-000000000000",
	2,
	"8d4b82cf-ec16-4fd9-925b-0e51eb64a2f7",
	5,
	97,
	5,
	110,
	5,
	113);
INSERT INTO ACT_SMT
	VALUES ("00661597-2e6c-4785-8e43-9e72f9bf0acb",
	"1c5104d6-0072-4387-a96d-50ef0c1e9aa7",
	"00000000-0000-0000-0000-000000000000",
	6,
	3,
	'Goal::calculateStart line: 6');
INSERT INTO ACT_AI
	VALUES ("00661597-2e6c-4785-8e43-9e72f9bf0acb",
	"62882a0c-48d5-4e94-b6a1-ebfa3538d3a0",
	"3092814b-5b25-4f03-9a6e-0270ac6adfeb",
	0,
	0);
INSERT INTO V_VAL
	VALUES ("2d767460-25b7-4033-87bd-cf0a0de17428",
	0,
	0,
	5,
	38,
	41,
	0,
	0,
	0,
	0,
	"ba5eda7a-def5-0000-0000-000000000008",
	"1c5104d6-0072-4387-a96d-50ef0c1e9aa7");
INSERT INTO V_IRF
	VALUES ("2d767460-25b7-4033-87bd-cf0a0de17428",
	"d9e150f7-e953-47ec-8d1f-05d81189abb3");
INSERT INTO V_VAL
	VALUES ("9a65b27c-e236-4534-932e-43694dc94c58",
	1,
	0,
	6,
	3,
	6,
	0,
	0,
	0,
	0,
	"ba5eda7a-def5-0000-0000-000000000008",
	"1c5104d6-0072-4387-a96d-50ef0c1e9aa7");
INSERT INTO V_IRF
	VALUES ("9a65b27c-e236-4534-932e-43694dc94c58",
	"d9e150f7-e953-47ec-8d1f-05d81189abb3");
INSERT INTO V_VAL
	VALUES ("3092814b-5b25-4f03-9a6e-0270ac6adfeb",
	1,
	0,
	6,
	8,
	20,
	0,
	0,
	0,
	0,
	"ba5eda7a-def5-0000-0000-000000000003",
	"1c5104d6-0072-4387-a96d-50ef0c1e9aa7");
INSERT INTO V_AVL
	VALUES ("3092814b-5b25-4f03-9a6e-0270ac6adfeb",
	"9a65b27c-e236-4534-932e-43694dc94c58",
	"c1022670-c44d-401e-bb23-dfcef6084fba",
	"7d60ba72-b691-4687-9636-20d33798168c");
INSERT INTO V_VAL
	VALUES ("7ec9192c-1eb8-4ff8-a8bd-c3f860b7e0ff",
	0,
	0,
	6,
	24,
	35,
	0,
	0,
	0,
	0,
	"ba5eda7a-def5-0000-0000-000000000008",
	"1c5104d6-0072-4387-a96d-50ef0c1e9aa7");
INSERT INTO V_IRF
	VALUES ("7ec9192c-1eb8-4ff8-a8bd-c3f860b7e0ff",
	"30a3bb7e-2d1d-4948-b8fa-8bbad6cd18cf");
INSERT INTO V_VAL
	VALUES ("62882a0c-48d5-4e94-b6a1-ebfa3538d3a0",
	0,
	0,
	6,
	37,
	40,
	0,
	0,
	0,
	0,
	"ba5eda7a-def5-0000-0000-000000000002",
	"1c5104d6-0072-4387-a96d-50ef0c1e9aa7");
INSERT INTO V_AVL
	VALUES ("62882a0c-48d5-4e94-b6a1-ebfa3538d3a0",
	"7ec9192c-1eb8-4ff8-a8bd-c3f860b7e0ff",
	"8d4b82cf-ec16-4fd9-925b-0e51eb64a2f7",
	"e4e19783-1a13-4049-a49c-6e687000fdb9");
INSERT INTO V_VAR
	VALUES ("30a3bb7e-2d1d-4948-b8fa-8bbad6cd18cf",
	"1c5104d6-0072-4387-a96d-50ef0c1e9aa7",
	'workoutTimer',
	1,
	"ba5eda7a-def5-0000-0000-000000000008");
INSERT INTO V_INT
	VALUES ("30a3bb7e-2d1d-4948-b8fa-8bbad6cd18cf",
	0,
	"8d4b82cf-ec16-4fd9-925b-0e51eb64a2f7");
INSERT INTO ACT_BLK
	VALUES ("21d12591-5a70-452f-8412-ddd05937190e",
	1,
	0,
	0,
	'',
	'',
	'',
	9,
	3,
	8,
	39,
	0,
	0,
	8,
	54,
	8,
	58,
	0,
	0,
	0,
	"1a7e239c-5d03-4678-8b87-560441b34933",
	"00000000-0000-0000-0000-000000000000");
INSERT INTO ACT_SMT
	VALUES ("47a1ed34-7b12-4aa5-b2b5-632cbcfa9241",
	"21d12591-5a70-452f-8412-ddd05937190e",
	"7be47b70-b45d-4357-8c59-cd985726be8f",
	8,
	3,
	'Goal::calculateStart line: 8');
INSERT INTO ACT_SEL
	VALUES ("47a1ed34-7b12-4aa5-b2b5-632cbcfa9241",
	"646e0468-82be-4f11-8453-a1604897e38a",
	1,
	'one',
	"99511659-6e9e-46f0-b315-386ffd3ed4c2");
INSERT INTO ACT_SR
	VALUES ("47a1ed34-7b12-4aa5-b2b5-632cbcfa9241");
INSERT INTO ACT_LNK
	VALUES ("1fa8bc31-1fba-4285-ad98-a4af60be9115",
	'''is_currently_executing_within''',
	"47a1ed34-7b12-4aa5-b2b5-632cbcfa9241",
	"50d628e2-9d2f-4810-93d9-44fb62bf9031",
	"00000000-0000-0000-0000-000000000000",
	2,
	"2522ffa2-db69-4807-ab45-06acf4cf893a",
	8,
	39,
	8,
	54,
	8,
	58);
INSERT INTO ACT_SMT
	VALUES ("7be47b70-b45d-4357-8c59-cd985726be8f",
	"21d12591-5a70-452f-8412-ddd05937190e",
	"00000000-0000-0000-0000-000000000000",
	9,
	3,
	'Goal::calculateStart line: 9');
INSERT INTO ACT_AI
	VALUES ("7be47b70-b45d-4357-8c59-cd985726be8f",
	"39ae3809-0eb9-44c9-bfd7-f28990e01530",
	"27cffadc-6cf7-4dea-a1ad-72362f79ea85",
	0,
	0);
INSERT INTO V_VAL
	VALUES ("99511659-6e9e-46f0-b315-386ffd3ed4c2",
	0,
	0,
	8,
	33,
	36,
	0,
	0,
	0,
	0,
	"ba5eda7a-def5-0000-0000-000000000008",
	"21d12591-5a70-452f-8412-ddd05937190e");
INSERT INTO V_IRF
	VALUES ("99511659-6e9e-46f0-b315-386ffd3ed4c2",
	"d9e150f7-e953-47ec-8d1f-05d81189abb3");
INSERT INTO V_VAL
	VALUES ("b78c8062-6875-40c0-b794-b46324c400f5",
	1,
	0,
	9,
	3,
	6,
	0,
	0,
	0,
	0,
	"ba5eda7a-def5-0000-0000-000000000008",
	"21d12591-5a70-452f-8412-ddd05937190e");
INSERT INTO V_IRF
	VALUES ("b78c8062-6875-40c0-b794-b46324c400f5",
	"d9e150f7-e953-47ec-8d1f-05d81189abb3");
INSERT INTO V_VAL
	VALUES ("27cffadc-6cf7-4dea-a1ad-72362f79ea85",
	1,
	0,
	9,
	8,
	20,
	0,
	0,
	0,
	0,
	"ba5eda7a-def5-0000-0000-000000000003",
	"21d12591-5a70-452f-8412-ddd05937190e");
INSERT INTO V_AVL
	VALUES ("27cffadc-6cf7-4dea-a1ad-72362f79ea85",
	"b78c8062-6875-40c0-b794-b46324c400f5",
	"c1022670-c44d-401e-bb23-dfcef6084fba",
	"7d60ba72-b691-4687-9636-20d33798168c");
INSERT INTO V_VAL
	VALUES ("d6c43ef5-33ef-4d9b-bdf6-609357459eda",
	0,
	0,
	9,
	24,
	30,
	0,
	0,
	0,
	0,
	"ba5eda7a-def5-0000-0000-000000000008",
	"21d12591-5a70-452f-8412-ddd05937190e");
INSERT INTO V_IRF
	VALUES ("d6c43ef5-33ef-4d9b-bdf6-609357459eda",
	"646e0468-82be-4f11-8453-a1604897e38a");
INSERT INTO V_VAL
	VALUES ("39ae3809-0eb9-44c9-bfd7-f28990e01530",
	0,
	0,
	9,
	32,
	50,
	0,
	0,
	0,
	0,
	"ba5eda7a-def5-0000-0000-000000000003",
	"21d12591-5a70-452f-8412-ddd05937190e");
INSERT INTO V_AVL
	VALUES ("39ae3809-0eb9-44c9-bfd7-f28990e01530",
	"d6c43ef5-33ef-4d9b-bdf6-609357459eda",
	"2522ffa2-db69-4807-ab45-06acf4cf893a",
	"d1d48d20-03f1-4c3c-b920-f64ef7b8a4d3");
INSERT INTO V_VAR
	VALUES ("646e0468-82be-4f11-8453-a1604897e38a",
	"21d12591-5a70-452f-8412-ddd05937190e",
	'session',
	1,
	"ba5eda7a-def5-0000-0000-000000000008");
INSERT INTO V_INT
	VALUES ("646e0468-82be-4f11-8453-a1604897e38a",
	0,
	"2522ffa2-db69-4807-ab45-06acf4cf893a");
INSERT INTO ACT_BLK
	VALUES ("5d1bec1e-b5d3-48ae-b56f-2a1465fd804e",
	0,
	0,
	0,
	'LOG',
	'',
	'',
	11,
	3,
	11,
	3,
	0,
	0,
	0,
	0,
	0,
	0,
	0,
	0,
	0,
	"1a7e239c-5d03-4678-8b87-560441b34933",
	"00000000-0000-0000-0000-000000000000");
INSERT INTO ACT_SMT
	VALUES ("5322eb97-3342-47aa-9a95-8d2f834a72b9",
	"5d1bec1e-b5d3-48ae-b56f-2a1465fd804e",
	"00000000-0000-0000-0000-000000000000",
	11,
	3,
	'Goal::calculateStart line: 11');
INSERT INTO ACT_BRG
	VALUES ("5322eb97-3342-47aa-9a95-8d2f834a72b9",
	"2dcf3e84-1208-4e7f-a70c-a54d15f1ce77",
	11,
	8,
	11,
	3);
INSERT INTO V_VAL
	VALUES ("f0ed3fd3-0fe9-4eb5-ba4a-e6e71d540132",
	0,
	0,
	11,
	29,
	73,
	0,
	0,
	0,
	0,
	"ba5eda7a-def5-0000-0000-000000000004",
	"5d1bec1e-b5d3-48ae-b56f-2a1465fd804e");
INSERT INTO V_LST
	VALUES ("f0ed3fd3-0fe9-4eb5-ba4a-e6e71d540132",
	'Goal.calculateStart: Unknown Goal Span Type.');
INSERT INTO V_PAR
	VALUES ("f0ed3fd3-0fe9-4eb5-ba4a-e6e71d540132",
	"5322eb97-3342-47aa-9a95-8d2f834a72b9",
	"00000000-0000-0000-0000-000000000000",
	'message',
	"00000000-0000-0000-0000-000000000000",
	11,
	20);
INSERT INTO O_TFR
	VALUES ("2b884ff8-637a-468b-a2fa-f96b8ef98b0a",
	"c1022670-c44d-401e-bb23-dfcef6084fba",
	'evaluateAchievement',
	'',
	"ca91d910-53ec-403c-9551-bfc1a9aa9b73",
	1,
	'// Based on the type of goal, determine whether this one is 
//   currently being achieved and return a value indicating
//   the disposition of the this goal.    

// Find the related goal specification and workout session for this goal.
select one goalSpec related by self->GoalSpec[R9.''specified_by''];
select one session related by self->WorkoutSession[R11.''is_currently_executing_within''];

// Based on the goal criteria type, get the appropriate current value
//   for comparison against the criteria (minimum and maximum).
currentValue = 0.0;  // Explicit declaration
if ( goalSpec.criteriaType == GoalCriteria::HeartRate )
  currentValue = session.getCurrentHeartRate();
elif ( goalSpec.criteriaType == GoalCriteria::Pace )
  currentValue = session.getCurrentPace();
else
  LOG::LogFailure( message: "Goal.evaluateAchievement: Unknown Goal Criteria Type." );
end if;
 
// Compare the current value against the criteria to calculate the return value.
goalDisposition = GoalDisposition::Achieving; 
if ( currentValue < goalSpec.minimum )
  goalDisposition = GoalDisposition::Increase;
elif ( currentValue > goalSpec.maximum )
  goalDisposition = GoalDisposition::Decrease;
end if;

// Invert the disposition value to produce a logical, semantic disposition for
//   goal types, such as pace, that require it.
if ( goalSpec.criteriaType == GoalCriteria::Pace )
  if ( goalDisposition == GoalDisposition::Increase )
    goalDisposition = GoalDisposition::Decrease;
  elif ( goalDisposition == GoalDisposition::Decrease )
    goalDisposition = GoalDisposition::Increase;
  end if;
end if;
 
return( goalDisposition );',
	1,
	'',
	"b3215204-3d02-48ba-9794-25ddbc40009c",
	0);
INSERT INTO ACT_OPB
	VALUES ("6098a413-5290-4264-b0af-e902f6831043",
	"2b884ff8-637a-468b-a2fa-f96b8ef98b0a");
INSERT INTO ACT_ACT
	VALUES ("6098a413-5290-4264-b0af-e902f6831043",
	'operation',
	0,
	"a0ae5a90-975d-4d64-ad0f-7ab69fa72092",
	"00000000-0000-0000-0000-000000000000",
	0,
	'Goal::evaluateAchievement',
	"00000000-0000-0000-0000-000000000000");
INSERT INTO ACT_BLK
	VALUES ("a0ae5a90-975d-4d64-ad0f-7ab69fa72092",
	1,
	0,
	0,
	'',
	'',
	'',
	38,
	1,
	7,
	37,
	0,
	0,
	7,
	52,
	7,
	56,
	30,
	31,
	0,
	"6098a413-5290-4264-b0af-e902f6831043",
	"00000000-0000-0000-0000-000000000000");
INSERT INTO ACT_SMT
	VALUES ("08759270-f06b-47aa-8c65-2b3ec54dbcf2",
	"a0ae5a90-975d-4d64-ad0f-7ab69fa72092",
	"4975bb25-709e-4f8d-80ea-e6ecdc6ba2a1",
	6,
	1,
	'Goal::evaluateAchievement line: 6');
INSERT INTO ACT_SEL
	VALUES ("08759270-f06b-47aa-8c65-2b3ec54dbcf2",
	"8ecad53f-4e71-49d6-9216-1368cdb06aed",
	1,
	'one',
	"ff8817ba-b8d6-42ce-a659-cceeaaff4d06");
INSERT INTO ACT_SR
	VALUES ("08759270-f06b-47aa-8c65-2b3ec54dbcf2");
INSERT INTO ACT_LNK
	VALUES ("6ce3dcef-fb92-4131-ac6a-4b8756ddaca8",
	'''specified_by''',
	"08759270-f06b-47aa-8c65-2b3ec54dbcf2",
	"78e3e6fd-b6ad-409d-a611-d20499f533da",
	"00000000-0000-0000-0000-000000000000",
	2,
	"be6ddd8b-37a5-4534-961b-772bb1d940ac",
	6,
	38,
	6,
	47,
	6,
	50);
INSERT INTO ACT_SMT
	VALUES ("4975bb25-709e-4f8d-80ea-e6ecdc6ba2a1",
	"a0ae5a90-975d-4d64-ad0f-7ab69fa72092",
	"43fca6d2-8392-4492-aced-bcdb4e4b3c4f",
	7,
	1,
	'Goal::evaluateAchievement line: 7');
INSERT INTO ACT_SEL
	VALUES ("4975bb25-709e-4f8d-80ea-e6ecdc6ba2a1",
	"8d5dc6e9-e631-4d2d-aea1-f7121084ed09",
	1,
	'one',
	"44929acd-739c-4a25-b623-5bfb22334455");
INSERT INTO ACT_SR
	VALUES ("4975bb25-709e-4f8d-80ea-e6ecdc6ba2a1");
INSERT INTO ACT_LNK
	VALUES ("e3d5590d-6fe0-4f90-b0ba-876e9b014622",
	'''is_currently_executing_within''',
	"4975bb25-709e-4f8d-80ea-e6ecdc6ba2a1",
	"50d628e2-9d2f-4810-93d9-44fb62bf9031",
	"00000000-0000-0000-0000-000000000000",
	2,
	"2522ffa2-db69-4807-ab45-06acf4cf893a",
	7,
	37,
	7,
	52,
	7,
	56);
INSERT INTO ACT_SMT
	VALUES ("43fca6d2-8392-4492-aced-bcdb4e4b3c4f",
	"a0ae5a90-975d-4d64-ad0f-7ab69fa72092",
	"496f2138-61bf-4145-87cd-229721cd26ba",
	11,
	1,
	'Goal::evaluateAchievement line: 11');
INSERT INTO ACT_AI
	VALUES ("43fca6d2-8392-4492-aced-bcdb4e4b3c4f",
	"0d07ac9d-83c7-424d-ad50-4fe3494312fc",
	"ba46635d-dd8b-4be9-86e4-c28a08d02136",
	0,
	0);
INSERT INTO ACT_SMT
	VALUES ("496f2138-61bf-4145-87cd-229721cd26ba",
	"a0ae5a90-975d-4d64-ad0f-7ab69fa72092",
	"a6fa26c2-7436-42f5-9b04-2865958fd9d4",
	12,
	1,
	'Goal::evaluateAchievement line: 12');
INSERT INTO ACT_IF
	VALUES ("496f2138-61bf-4145-87cd-229721cd26ba",
	"400ebbf0-ec01-48b3-8de1-2cdaf8e362f4",
	"ac627a23-a244-4170-9847-44ad25f39f09",
	"00000000-0000-0000-0000-000000000000",
	"00000000-0000-0000-0000-000000000000");
INSERT INTO ACT_SMT
	VALUES ("533b884a-6eed-4d52-b1d3-204700da3dbf",
	"a0ae5a90-975d-4d64-ad0f-7ab69fa72092",
	"00000000-0000-0000-0000-000000000000",
	14,
	1,
	'Goal::evaluateAchievement line: 14');
INSERT INTO ACT_EL
	VALUES ("533b884a-6eed-4d52-b1d3-204700da3dbf",
	"c057a712-0c97-41da-bdfc-82e0c977813d",
	"097a4346-400d-49e6-a24f-b8db24509bc9",
	"496f2138-61bf-4145-87cd-229721cd26ba");
INSERT INTO ACT_SMT
	VALUES ("bb2185e5-4844-415c-906e-5fcbfe4885d0",
	"a0ae5a90-975d-4d64-ad0f-7ab69fa72092",
	"00000000-0000-0000-0000-000000000000",
	16,
	1,
	'Goal::evaluateAchievement line: 16');
INSERT INTO ACT_E
	VALUES ("bb2185e5-4844-415c-906e-5fcbfe4885d0",
	"dadca85f-d789-4c7d-9aa1-0a12e67e249b",
	"496f2138-61bf-4145-87cd-229721cd26ba");
INSERT INTO ACT_SMT
	VALUES ("a6fa26c2-7436-42f5-9b04-2865958fd9d4",
	"a0ae5a90-975d-4d64-ad0f-7ab69fa72092",
	"923117c2-07ea-4954-a4f7-820076bb28f7",
	21,
	1,
	'Goal::evaluateAchievement line: 21');
INSERT INTO ACT_AI
	VALUES ("a6fa26c2-7436-42f5-9b04-2865958fd9d4",
	"37933ad4-2413-445c-9124-4495e804dc94",
	"716a7aa8-7fe5-41b8-a05e-93f017fa6506",
	0,
	0);
INSERT INTO ACT_SMT
	VALUES ("923117c2-07ea-4954-a4f7-820076bb28f7",
	"a0ae5a90-975d-4d64-ad0f-7ab69fa72092",
	"3381cdce-9eb6-4e0c-aba5-0599cf4deb1a",
	22,
	1,
	'Goal::evaluateAchievement line: 22');
INSERT INTO ACT_IF
	VALUES ("923117c2-07ea-4954-a4f7-820076bb28f7",
	"66a653be-dba4-44b2-8f6f-314f76fbe125",
	"914f13bd-bea3-4582-a16d-2e9cb2fb0376",
	"00000000-0000-0000-0000-000000000000",
	"00000000-0000-0000-0000-000000000000");
INSERT INTO ACT_SMT
	VALUES ("688a6c1e-d326-4646-925a-029be27b28f0",
	"a0ae5a90-975d-4d64-ad0f-7ab69fa72092",
	"00000000-0000-0000-0000-000000000000",
	24,
	1,
	'Goal::evaluateAchievement line: 24');
INSERT INTO ACT_EL
	VALUES ("688a6c1e-d326-4646-925a-029be27b28f0",
	"3b9aa083-dc98-4f22-9971-0fc5da47fd7d",
	"74a0da7b-a56a-4c9c-ac1e-9cc20f33be16",
	"923117c2-07ea-4954-a4f7-820076bb28f7");
INSERT INTO ACT_SMT
	VALUES ("3381cdce-9eb6-4e0c-aba5-0599cf4deb1a",
	"a0ae5a90-975d-4d64-ad0f-7ab69fa72092",
	"d3210236-20c3-4b32-871e-e94795cc3f91",
	30,
	1,
	'Goal::evaluateAchievement line: 30');
INSERT INTO ACT_IF
	VALUES ("3381cdce-9eb6-4e0c-aba5-0599cf4deb1a",
	"74fe44bb-7432-4a36-af4a-652328b1741e",
	"d58c59bb-f89b-49a3-8160-0c7f0891f474",
	"00000000-0000-0000-0000-000000000000",
	"00000000-0000-0000-0000-000000000000");
INSERT INTO ACT_SMT
	VALUES ("d3210236-20c3-4b32-871e-e94795cc3f91",
	"a0ae5a90-975d-4d64-ad0f-7ab69fa72092",
	"00000000-0000-0000-0000-000000000000",
	38,
	1,
	'Goal::evaluateAchievement line: 38');
INSERT INTO ACT_RET
	VALUES ("d3210236-20c3-4b32-871e-e94795cc3f91",
	"db7be19e-6d35-4825-8d73-cc400673527a");
INSERT INTO V_VAL
	VALUES ("ff8817ba-b8d6-42ce-a659-cceeaaff4d06",
	0,
	0,
	6,
	32,
	35,
	0,
	0,
	0,
	0,
	"ba5eda7a-def5-0000-0000-000000000008",
	"a0ae5a90-975d-4d64-ad0f-7ab69fa72092");
INSERT INTO V_IRF
	VALUES ("ff8817ba-b8d6-42ce-a659-cceeaaff4d06",
	"e69d2e56-68b8-4de0-adc5-371524b68167");
INSERT INTO V_VAL
	VALUES ("44929acd-739c-4a25-b623-5bfb22334455",
	0,
	0,
	7,
	31,
	34,
	0,
	0,
	0,
	0,
	"ba5eda7a-def5-0000-0000-000000000008",
	"a0ae5a90-975d-4d64-ad0f-7ab69fa72092");
INSERT INTO V_IRF
	VALUES ("44929acd-739c-4a25-b623-5bfb22334455",
	"e69d2e56-68b8-4de0-adc5-371524b68167");
INSERT INTO V_VAL
	VALUES ("ba46635d-dd8b-4be9-86e4-c28a08d02136",
	1,
	1,
	11,
	1,
	12,
	0,
	0,
	0,
	0,
	"ba5eda7a-def5-0000-0000-000000000003",
	"a0ae5a90-975d-4d64-ad0f-7ab69fa72092");
INSERT INTO V_TVL
	VALUES ("ba46635d-dd8b-4be9-86e4-c28a08d02136",
	"bd2d8ee1-a9c3-448c-8f91-133b8df1175f");
INSERT INTO V_VAL
	VALUES ("0d07ac9d-83c7-424d-ad50-4fe3494312fc",
	0,
	0,
	11,
	16,
	18,
	0,
	0,
	0,
	0,
	"ba5eda7a-def5-0000-0000-000000000003",
	"a0ae5a90-975d-4d64-ad0f-7ab69fa72092");
INSERT INTO V_LRL
	VALUES ("0d07ac9d-83c7-424d-ad50-4fe3494312fc",
	'0.0');
INSERT INTO V_VAL
	VALUES ("5e1bfb6b-f786-4239-9d31-9e666db6d928",
	0,
	0,
	12,
	6,
	13,
	0,
	0,
	0,
	0,
	"ba5eda7a-def5-0000-0000-000000000008",
	"a0ae5a90-975d-4d64-ad0f-7ab69fa72092");
INSERT INTO V_IRF
	VALUES ("5e1bfb6b-f786-4239-9d31-9e666db6d928",
	"8ecad53f-4e71-49d6-9216-1368cdb06aed");
INSERT INTO V_VAL
	VALUES ("dbb42ef0-51b8-4100-b448-fe93d7df2a7f",
	0,
	0,
	12,
	15,
	26,
	0,
	0,
	0,
	0,
	"cfb9aa72-125a-4d88-9ed9-1af1002d48f0",
	"a0ae5a90-975d-4d64-ad0f-7ab69fa72092");
INSERT INTO V_AVL
	VALUES ("dbb42ef0-51b8-4100-b448-fe93d7df2a7f",
	"5e1bfb6b-f786-4239-9d31-9e666db6d928",
	"be6ddd8b-37a5-4534-961b-772bb1d940ac",
	"dbe9b50c-a53f-4c36-951b-baea959bb4e7");
INSERT INTO V_VAL
	VALUES ("ac627a23-a244-4170-9847-44ad25f39f09",
	0,
	0,
	12,
	15,
	53,
	0,
	0,
	0,
	0,
	"ba5eda7a-def5-0000-0000-000000000001",
	"a0ae5a90-975d-4d64-ad0f-7ab69fa72092");
INSERT INTO V_BIN
	VALUES ("ac627a23-a244-4170-9847-44ad25f39f09",
	"960a80f4-03a4-4761-9e21-3342151c7818",
	"dbb42ef0-51b8-4100-b448-fe93d7df2a7f",
	'==');
INSERT INTO V_VAL
	VALUES ("960a80f4-03a4-4761-9e21-3342151c7818",
	0,
	0,
	12,
	45,
	53,
	0,
	0,
	0,
	0,
	"cfb9aa72-125a-4d88-9ed9-1af1002d48f0",
	"a0ae5a90-975d-4d64-ad0f-7ab69fa72092");
INSERT INTO V_LEN
	VALUES ("960a80f4-03a4-4761-9e21-3342151c7818",
	"e78a25d4-3628-4dbf-9347-9d7be2924102",
	12,
	31);
INSERT INTO V_VAL
	VALUES ("329c2318-cd2e-46bd-8c8e-7d4e159f10e2",
	0,
	0,
	14,
	8,
	15,
	0,
	0,
	0,
	0,
	"ba5eda7a-def5-0000-0000-000000000008",
	"a0ae5a90-975d-4d64-ad0f-7ab69fa72092");
INSERT INTO V_IRF
	VALUES ("329c2318-cd2e-46bd-8c8e-7d4e159f10e2",
	"8ecad53f-4e71-49d6-9216-1368cdb06aed");
INSERT INTO V_VAL
	VALUES ("367566dd-5572-4e10-b260-70c4d85d3a12",
	0,
	0,
	14,
	17,
	28,
	0,
	0,
	0,
	0,
	"cfb9aa72-125a-4d88-9ed9-1af1002d48f0",
	"a0ae5a90-975d-4d64-ad0f-7ab69fa72092");
INSERT INTO V_AVL
	VALUES ("367566dd-5572-4e10-b260-70c4d85d3a12",
	"329c2318-cd2e-46bd-8c8e-7d4e159f10e2",
	"be6ddd8b-37a5-4534-961b-772bb1d940ac",
	"dbe9b50c-a53f-4c36-951b-baea959bb4e7");
INSERT INTO V_VAL
	VALUES ("097a4346-400d-49e6-a24f-b8db24509bc9",
	0,
	0,
	14,
	17,
	50,
	0,
	0,
	0,
	0,
	"ba5eda7a-def5-0000-0000-000000000001",
	"a0ae5a90-975d-4d64-ad0f-7ab69fa72092");
INSERT INTO V_BIN
	VALUES ("097a4346-400d-49e6-a24f-b8db24509bc9",
	"a17c3ea6-121f-4b27-8c77-caf0a193cae7",
	"367566dd-5572-4e10-b260-70c4d85d3a12",
	'==');
INSERT INTO V_VAL
	VALUES ("a17c3ea6-121f-4b27-8c77-caf0a193cae7",
	0,
	0,
	14,
	47,
	50,
	0,
	0,
	0,
	0,
	"cfb9aa72-125a-4d88-9ed9-1af1002d48f0",
	"a0ae5a90-975d-4d64-ad0f-7ab69fa72092");
INSERT INTO V_LEN
	VALUES ("a17c3ea6-121f-4b27-8c77-caf0a193cae7",
	"bcc5f6aa-9c0e-4be9-abec-40621b3c6571",
	14,
	33);
INSERT INTO V_VAL
	VALUES ("716a7aa8-7fe5-41b8-a05e-93f017fa6506",
	1,
	1,
	21,
	1,
	15,
	0,
	0,
	0,
	0,
	"ca91d910-53ec-403c-9551-bfc1a9aa9b73",
	"a0ae5a90-975d-4d64-ad0f-7ab69fa72092");
INSERT INTO V_TVL
	VALUES ("716a7aa8-7fe5-41b8-a05e-93f017fa6506",
	"0d1e089e-ef05-4de1-b2b0-f5759d1fca0b");
INSERT INTO V_VAL
	VALUES ("37933ad4-2413-445c-9124-4495e804dc94",
	0,
	0,
	21,
	36,
	44,
	0,
	0,
	0,
	0,
	"ca91d910-53ec-403c-9551-bfc1a9aa9b73",
	"a0ae5a90-975d-4d64-ad0f-7ab69fa72092");
INSERT INTO V_LEN
	VALUES ("37933ad4-2413-445c-9124-4495e804dc94",
	"42d59715-a1d3-4693-82cd-e43c5e41c1cd",
	21,
	19);
INSERT INTO V_VAL
	VALUES ("50750750-acbd-4b48-b3c1-7af4dffbacba",
	0,
	0,
	22,
	6,
	17,
	0,
	0,
	0,
	0,
	"ba5eda7a-def5-0000-0000-000000000003",
	"a0ae5a90-975d-4d64-ad0f-7ab69fa72092");
INSERT INTO V_TVL
	VALUES ("50750750-acbd-4b48-b3c1-7af4dffbacba",
	"bd2d8ee1-a9c3-448c-8f91-133b8df1175f");
INSERT INTO V_VAL
	VALUES ("914f13bd-bea3-4582-a16d-2e9cb2fb0376",
	0,
	0,
	22,
	6,
	36,
	0,
	0,
	0,
	0,
	"ba5eda7a-def5-0000-0000-000000000001",
	"a0ae5a90-975d-4d64-ad0f-7ab69fa72092");
INSERT INTO V_BIN
	VALUES ("914f13bd-bea3-4582-a16d-2e9cb2fb0376",
	"597d2ab8-c955-4dc8-8c69-f8905bd74224",
	"50750750-acbd-4b48-b3c1-7af4dffbacba",
	'<');
INSERT INTO V_VAL
	VALUES ("202e7b09-b654-45a9-8835-985f385d311d",
	0,
	0,
	22,
	21,
	28,
	0,
	0,
	0,
	0,
	"ba5eda7a-def5-0000-0000-000000000008",
	"a0ae5a90-975d-4d64-ad0f-7ab69fa72092");
INSERT INTO V_IRF
	VALUES ("202e7b09-b654-45a9-8835-985f385d311d",
	"8ecad53f-4e71-49d6-9216-1368cdb06aed");
INSERT INTO V_VAL
	VALUES ("597d2ab8-c955-4dc8-8c69-f8905bd74224",
	0,
	0,
	22,
	30,
	36,
	0,
	0,
	0,
	0,
	"ba5eda7a-def5-0000-0000-000000000003",
	"a0ae5a90-975d-4d64-ad0f-7ab69fa72092");
INSERT INTO V_AVL
	VALUES ("597d2ab8-c955-4dc8-8c69-f8905bd74224",
	"202e7b09-b654-45a9-8835-985f385d311d",
	"be6ddd8b-37a5-4534-961b-772bb1d940ac",
	"a0ebe4b4-e0e7-422f-a981-574f075629d3");
INSERT INTO V_VAL
	VALUES ("0d13342c-faaa-493a-983f-78bda3549cf9",
	0,
	0,
	24,
	8,
	19,
	0,
	0,
	0,
	0,
	"ba5eda7a-def5-0000-0000-000000000003",
	"a0ae5a90-975d-4d64-ad0f-7ab69fa72092");
INSERT INTO V_TVL
	VALUES ("0d13342c-faaa-493a-983f-78bda3549cf9",
	"bd2d8ee1-a9c3-448c-8f91-133b8df1175f");
INSERT INTO V_VAL
	VALUES ("74a0da7b-a56a-4c9c-ac1e-9cc20f33be16",
	0,
	0,
	24,
	8,
	38,
	0,
	0,
	0,
	0,
	"ba5eda7a-def5-0000-0000-000000000001",
	"a0ae5a90-975d-4d64-ad0f-7ab69fa72092");
INSERT INTO V_BIN
	VALUES ("74a0da7b-a56a-4c9c-ac1e-9cc20f33be16",
	"c13384d1-af2d-48ce-a70d-fb074c18e814",
	"0d13342c-faaa-493a-983f-78bda3549cf9",
	'>');
INSERT INTO V_VAL
	VALUES ("a65d190b-09e1-4cfd-a114-8c17c9b7f04a",
	0,
	0,
	24,
	23,
	30,
	0,
	0,
	0,
	0,
	"ba5eda7a-def5-0000-0000-000000000008",
	"a0ae5a90-975d-4d64-ad0f-7ab69fa72092");
INSERT INTO V_IRF
	VALUES ("a65d190b-09e1-4cfd-a114-8c17c9b7f04a",
	"8ecad53f-4e71-49d6-9216-1368cdb06aed");
INSERT INTO V_VAL
	VALUES ("c13384d1-af2d-48ce-a70d-fb074c18e814",
	0,
	0,
	24,
	32,
	38,
	0,
	0,
	0,
	0,
	"ba5eda7a-def5-0000-0000-000000000003",
	"a0ae5a90-975d-4d64-ad0f-7ab69fa72092");
INSERT INTO V_AVL
	VALUES ("c13384d1-af2d-48ce-a70d-fb074c18e814",
	"a65d190b-09e1-4cfd-a114-8c17c9b7f04a",
	"be6ddd8b-37a5-4534-961b-772bb1d940ac",
	"1fb4cc85-9e90-4738-8de1-2abd6505cb8c");
INSERT INTO V_VAL
	VALUES ("3e702a75-7d38-4bdd-9f5a-39f16ef979b5",
	0,
	0,
	30,
	6,
	13,
	0,
	0,
	0,
	0,
	"ba5eda7a-def5-0000-0000-000000000008",
	"a0ae5a90-975d-4d64-ad0f-7ab69fa72092");
INSERT INTO V_IRF
	VALUES ("3e702a75-7d38-4bdd-9f5a-39f16ef979b5",
	"8ecad53f-4e71-49d6-9216-1368cdb06aed");
INSERT INTO V_VAL
	VALUES ("1aa94942-a798-4c78-8ab9-b8914b0100cc",
	0,
	0,
	30,
	15,
	26,
	0,
	0,
	0,
	0,
	"cfb9aa72-125a-4d88-9ed9-1af1002d48f0",
	"a0ae5a90-975d-4d64-ad0f-7ab69fa72092");
INSERT INTO V_AVL
	VALUES ("1aa94942-a798-4c78-8ab9-b8914b0100cc",
	"3e702a75-7d38-4bdd-9f5a-39f16ef979b5",
	"be6ddd8b-37a5-4534-961b-772bb1d940ac",
	"dbe9b50c-a53f-4c36-951b-baea959bb4e7");
INSERT INTO V_VAL
	VALUES ("d58c59bb-f89b-49a3-8160-0c7f0891f474",
	0,
	0,
	30,
	15,
	48,
	0,
	0,
	0,
	0,
	"ba5eda7a-def5-0000-0000-000000000001",
	"a0ae5a90-975d-4d64-ad0f-7ab69fa72092");
INSERT INTO V_BIN
	VALUES ("d58c59bb-f89b-49a3-8160-0c7f0891f474",
	"bfa5934c-8e38-482e-a2f2-b8b7075c73b8",
	"1aa94942-a798-4c78-8ab9-b8914b0100cc",
	'==');
INSERT INTO V_VAL
	VALUES ("bfa5934c-8e38-482e-a2f2-b8b7075c73b8",
	0,
	0,
	30,
	45,
	48,
	0,
	0,
	0,
	0,
	"cfb9aa72-125a-4d88-9ed9-1af1002d48f0",
	"a0ae5a90-975d-4d64-ad0f-7ab69fa72092");
INSERT INTO V_LEN
	VALUES ("bfa5934c-8e38-482e-a2f2-b8b7075c73b8",
	"bcc5f6aa-9c0e-4be9-abec-40621b3c6571",
	30,
	31);
INSERT INTO V_VAL
	VALUES ("db7be19e-6d35-4825-8d73-cc400673527a",
	0,
	0,
	38,
	9,
	23,
	0,
	0,
	0,
	0,
	"ca91d910-53ec-403c-9551-bfc1a9aa9b73",
	"a0ae5a90-975d-4d64-ad0f-7ab69fa72092");
INSERT INTO V_TVL
	VALUES ("db7be19e-6d35-4825-8d73-cc400673527a",
	"0d1e089e-ef05-4de1-b2b0-f5759d1fca0b");
INSERT INTO V_VAR
	VALUES ("8ecad53f-4e71-49d6-9216-1368cdb06aed",
	"a0ae5a90-975d-4d64-ad0f-7ab69fa72092",
	'goalSpec',
	1,
	"ba5eda7a-def5-0000-0000-000000000008");
INSERT INTO V_INT
	VALUES ("8ecad53f-4e71-49d6-9216-1368cdb06aed",
	0,
	"be6ddd8b-37a5-4534-961b-772bb1d940ac");
INSERT INTO V_VAR
	VALUES ("e69d2e56-68b8-4de0-adc5-371524b68167",
	"a0ae5a90-975d-4d64-ad0f-7ab69fa72092",
	'self',
	1,
	"ba5eda7a-def5-0000-0000-000000000008");
INSERT INTO V_INT
	VALUES ("e69d2e56-68b8-4de0-adc5-371524b68167",
	0,
	"c1022670-c44d-401e-bb23-dfcef6084fba");
INSERT INTO V_VAR
	VALUES ("8d5dc6e9-e631-4d2d-aea1-f7121084ed09",
	"a0ae5a90-975d-4d64-ad0f-7ab69fa72092",
	'session',
	1,
	"ba5eda7a-def5-0000-0000-000000000008");
INSERT INTO V_INT
	VALUES ("8d5dc6e9-e631-4d2d-aea1-f7121084ed09",
	0,
	"2522ffa2-db69-4807-ab45-06acf4cf893a");
INSERT INTO V_VAR
	VALUES ("bd2d8ee1-a9c3-448c-8f91-133b8df1175f",
	"a0ae5a90-975d-4d64-ad0f-7ab69fa72092",
	'currentValue',
	1,
	"ba5eda7a-def5-0000-0000-000000000003");
INSERT INTO V_TRN
	VALUES ("bd2d8ee1-a9c3-448c-8f91-133b8df1175f",
	"00000000-0000-0000-0000-000000000000",
	'');
INSERT INTO V_VAR
	VALUES ("0d1e089e-ef05-4de1-b2b0-f5759d1fca0b",
	"a0ae5a90-975d-4d64-ad0f-7ab69fa72092",
	'goalDisposition',
	1,
	"ca91d910-53ec-403c-9551-bfc1a9aa9b73");
INSERT INTO V_TRN
	VALUES ("0d1e089e-ef05-4de1-b2b0-f5759d1fca0b",
	"00000000-0000-0000-0000-000000000000",
	'');
INSERT INTO ACT_BLK
	VALUES ("400ebbf0-ec01-48b3-8de1-2cdaf8e362f4",
	0,
	0,
	0,
	'',
	'',
	'',
	13,
	3,
	0,
	0,
	0,
	0,
	0,
	0,
	0,
	0,
	0,
	0,
	0,
	"6098a413-5290-4264-b0af-e902f6831043",
	"00000000-0000-0000-0000-000000000000");
INSERT INTO ACT_SMT
	VALUES ("33724aa3-d2c5-45b7-939a-86f99671390b",
	"400ebbf0-ec01-48b3-8de1-2cdaf8e362f4",
	"00000000-0000-0000-0000-000000000000",
	13,
	3,
	'Goal::evaluateAchievement line: 13');
INSERT INTO ACT_AI
	VALUES ("33724aa3-d2c5-45b7-939a-86f99671390b",
	"9033f478-d781-4454-8390-924e45416bfb",
	"8d96f789-07f3-49f9-a695-4ae280e55ca4",
	0,
	0);
INSERT INTO V_VAL
	VALUES ("8d96f789-07f3-49f9-a695-4ae280e55ca4",
	1,
	0,
	13,
	3,
	14,
	0,
	0,
	0,
	0,
	"ba5eda7a-def5-0000-0000-000000000003",
	"400ebbf0-ec01-48b3-8de1-2cdaf8e362f4");
INSERT INTO V_TVL
	VALUES ("8d96f789-07f3-49f9-a695-4ae280e55ca4",
	"bd2d8ee1-a9c3-448c-8f91-133b8df1175f");
INSERT INTO V_VAL
	VALUES ("9033f478-d781-4454-8390-924e45416bfb",
	0,
	0,
	13,
	26,
	-1,
	0,
	0,
	0,
	0,
	"ba5eda7a-def5-0000-0000-000000000002",
	"400ebbf0-ec01-48b3-8de1-2cdaf8e362f4");
INSERT INTO V_TRV
	VALUES ("9033f478-d781-4454-8390-924e45416bfb",
	"d88b756e-d419-4489-921e-2296c1f113b6",
	"8d5dc6e9-e631-4d2d-aea1-f7121084ed09",
	1,
	0,
	0);
INSERT INTO ACT_BLK
	VALUES ("c057a712-0c97-41da-bdfc-82e0c977813d",
	0,
	0,
	0,
	'',
	'',
	'',
	15,
	3,
	0,
	0,
	0,
	0,
	0,
	0,
	0,
	0,
	0,
	0,
	0,
	"6098a413-5290-4264-b0af-e902f6831043",
	"00000000-0000-0000-0000-000000000000");
INSERT INTO ACT_SMT
	VALUES ("3ea320b7-7413-4293-a017-351cc00b57a7",
	"c057a712-0c97-41da-bdfc-82e0c977813d",
	"00000000-0000-0000-0000-000000000000",
	15,
	3,
	'Goal::evaluateAchievement line: 15');
INSERT INTO ACT_AI
	VALUES ("3ea320b7-7413-4293-a017-351cc00b57a7",
	"127bb74f-6b43-4bb3-a349-d59b8555ea32",
	"00392ad8-d369-4b73-bd67-ea80610a4366",
	0,
	0);
INSERT INTO V_VAL
	VALUES ("00392ad8-d369-4b73-bd67-ea80610a4366",
	1,
	0,
	15,
	3,
	14,
	0,
	0,
	0,
	0,
	"ba5eda7a-def5-0000-0000-000000000003",
	"c057a712-0c97-41da-bdfc-82e0c977813d");
INSERT INTO V_TVL
	VALUES ("00392ad8-d369-4b73-bd67-ea80610a4366",
	"bd2d8ee1-a9c3-448c-8f91-133b8df1175f");
INSERT INTO V_VAL
	VALUES ("127bb74f-6b43-4bb3-a349-d59b8555ea32",
	0,
	0,
	15,
	26,
	-1,
	0,
	0,
	0,
	0,
	"ba5eda7a-def5-0000-0000-000000000003",
	"c057a712-0c97-41da-bdfc-82e0c977813d");
INSERT INTO V_TRV
	VALUES ("127bb74f-6b43-4bb3-a349-d59b8555ea32",
	"8a49c77a-61a5-4d4e-b83c-04ba076f93ea",
	"8d5dc6e9-e631-4d2d-aea1-f7121084ed09",
	1,
	0,
	0);
INSERT INTO ACT_BLK
	VALUES ("dadca85f-d789-4c7d-9aa1-0a12e67e249b",
	0,
	0,
	0,
	'LOG',
	'',
	'',
	17,
	3,
	17,
	3,
	0,
	0,
	0,
	0,
	0,
	0,
	0,
	0,
	0,
	"6098a413-5290-4264-b0af-e902f6831043",
	"00000000-0000-0000-0000-000000000000");
INSERT INTO ACT_SMT
	VALUES ("a8e05d74-d414-48fd-bf09-eef9ae76c61a",
	"dadca85f-d789-4c7d-9aa1-0a12e67e249b",
	"00000000-0000-0000-0000-000000000000",
	17,
	3,
	'Goal::evaluateAchievement line: 17');
INSERT INTO ACT_BRG
	VALUES ("a8e05d74-d414-48fd-bf09-eef9ae76c61a",
	"2dcf3e84-1208-4e7f-a70c-a54d15f1ce77",
	17,
	8,
	17,
	3);
INSERT INTO V_VAL
	VALUES ("94694d36-4c6a-40bf-9c78-1269dd908596",
	0,
	0,
	17,
	29,
	82,
	0,
	0,
	0,
	0,
	"ba5eda7a-def5-0000-0000-000000000004",
	"dadca85f-d789-4c7d-9aa1-0a12e67e249b");
INSERT INTO V_LST
	VALUES ("94694d36-4c6a-40bf-9c78-1269dd908596",
	'Goal.evaluateAchievement: Unknown Goal Criteria Type.');
INSERT INTO V_PAR
	VALUES ("94694d36-4c6a-40bf-9c78-1269dd908596",
	"a8e05d74-d414-48fd-bf09-eef9ae76c61a",
	"00000000-0000-0000-0000-000000000000",
	'message',
	"00000000-0000-0000-0000-000000000000",
	17,
	20);
INSERT INTO ACT_BLK
	VALUES ("66a653be-dba4-44b2-8f6f-314f76fbe125",
	0,
	0,
	0,
	'',
	'',
	'',
	23,
	3,
	0,
	0,
	0,
	0,
	0,
	0,
	0,
	0,
	23,
	21,
	0,
	"6098a413-5290-4264-b0af-e902f6831043",
	"00000000-0000-0000-0000-000000000000");
INSERT INTO ACT_SMT
	VALUES ("68ca92e2-da06-42ba-a77e-68741d100d67",
	"66a653be-dba4-44b2-8f6f-314f76fbe125",
	"00000000-0000-0000-0000-000000000000",
	23,
	3,
	'Goal::evaluateAchievement line: 23');
INSERT INTO ACT_AI
	VALUES ("68ca92e2-da06-42ba-a77e-68741d100d67",
	"8550c349-752d-4536-8416-c9925aaab6fa",
	"b5d6735a-462b-407f-a46a-267986a50b5a",
	0,
	0);
INSERT INTO V_VAL
	VALUES ("b5d6735a-462b-407f-a46a-267986a50b5a",
	1,
	0,
	23,
	3,
	17,
	0,
	0,
	0,
	0,
	"ca91d910-53ec-403c-9551-bfc1a9aa9b73",
	"66a653be-dba4-44b2-8f6f-314f76fbe125");
INSERT INTO V_TVL
	VALUES ("b5d6735a-462b-407f-a46a-267986a50b5a",
	"0d1e089e-ef05-4de1-b2b0-f5759d1fca0b");
INSERT INTO V_VAL
	VALUES ("8550c349-752d-4536-8416-c9925aaab6fa",
	0,
	0,
	23,
	38,
	45,
	0,
	0,
	0,
	0,
	"ca91d910-53ec-403c-9551-bfc1a9aa9b73",
	"66a653be-dba4-44b2-8f6f-314f76fbe125");
INSERT INTO V_LEN
	VALUES ("8550c349-752d-4536-8416-c9925aaab6fa",
	"9b20494e-b74a-43a6-827e-bdf246f511aa",
	23,
	21);
INSERT INTO ACT_BLK
	VALUES ("3b9aa083-dc98-4f22-9971-0fc5da47fd7d",
	0,
	0,
	0,
	'',
	'',
	'',
	25,
	3,
	0,
	0,
	0,
	0,
	0,
	0,
	0,
	0,
	25,
	21,
	0,
	"6098a413-5290-4264-b0af-e902f6831043",
	"00000000-0000-0000-0000-000000000000");
INSERT INTO ACT_SMT
	VALUES ("cf3ccddd-fe0d-434c-bf59-1f94a3433432",
	"3b9aa083-dc98-4f22-9971-0fc5da47fd7d",
	"00000000-0000-0000-0000-000000000000",
	25,
	3,
	'Goal::evaluateAchievement line: 25');
INSERT INTO ACT_AI
	VALUES ("cf3ccddd-fe0d-434c-bf59-1f94a3433432",
	"7bc662a6-0de3-42e6-be22-5515e59d0ae8",
	"fd8c0cc2-3eab-44fc-b9f6-f27d96fb5c3f",
	0,
	0);
INSERT INTO V_VAL
	VALUES ("fd8c0cc2-3eab-44fc-b9f6-f27d96fb5c3f",
	1,
	0,
	25,
	3,
	17,
	0,
	0,
	0,
	0,
	"ca91d910-53ec-403c-9551-bfc1a9aa9b73",
	"3b9aa083-dc98-4f22-9971-0fc5da47fd7d");
INSERT INTO V_TVL
	VALUES ("fd8c0cc2-3eab-44fc-b9f6-f27d96fb5c3f",
	"0d1e089e-ef05-4de1-b2b0-f5759d1fca0b");
INSERT INTO V_VAL
	VALUES ("7bc662a6-0de3-42e6-be22-5515e59d0ae8",
	0,
	0,
	25,
	38,
	45,
	0,
	0,
	0,
	0,
	"ca91d910-53ec-403c-9551-bfc1a9aa9b73",
	"3b9aa083-dc98-4f22-9971-0fc5da47fd7d");
INSERT INTO V_LEN
	VALUES ("7bc662a6-0de3-42e6-be22-5515e59d0ae8",
	"4747b6cc-cb1a-4559-82f9-915290ff03fb",
	25,
	21);
INSERT INTO ACT_BLK
	VALUES ("74fe44bb-7432-4a36-af4a-652328b1741e",
	0,
	0,
	0,
	'',
	'',
	'',
	33,
	3,
	0,
	0,
	0,
	0,
	0,
	0,
	0,
	0,
	33,
	29,
	0,
	"6098a413-5290-4264-b0af-e902f6831043",
	"00000000-0000-0000-0000-000000000000");
INSERT INTO ACT_SMT
	VALUES ("2b560d35-bd87-495c-b42b-1249afb4b714",
	"74fe44bb-7432-4a36-af4a-652328b1741e",
	"00000000-0000-0000-0000-000000000000",
	31,
	3,
	'Goal::evaluateAchievement line: 31');
INSERT INTO ACT_IF
	VALUES ("2b560d35-bd87-495c-b42b-1249afb4b714",
	"4e7cccfd-01ab-426a-b7d9-a65cdf725a65",
	"d2379944-9b99-4fd2-a2bf-15a1106ce527",
	"00000000-0000-0000-0000-000000000000",
	"00000000-0000-0000-0000-000000000000");
INSERT INTO ACT_SMT
	VALUES ("3434be0e-a2e1-4ca2-9c24-8b0b2d42c8ef",
	"74fe44bb-7432-4a36-af4a-652328b1741e",
	"00000000-0000-0000-0000-000000000000",
	33,
	3,
	'Goal::evaluateAchievement line: 33');
INSERT INTO ACT_EL
	VALUES ("3434be0e-a2e1-4ca2-9c24-8b0b2d42c8ef",
	"0ea4c94d-961f-433e-81c1-730e34b9bea9",
	"74504d7b-a4ac-43a9-9cfa-5dbe09aed6be",
	"2b560d35-bd87-495c-b42b-1249afb4b714");
INSERT INTO V_VAL
	VALUES ("6c54f456-c45e-43c1-88c2-f28c1eb9f0d8",
	0,
	0,
	31,
	8,
	22,
	0,
	0,
	0,
	0,
	"ca91d910-53ec-403c-9551-bfc1a9aa9b73",
	"74fe44bb-7432-4a36-af4a-652328b1741e");
INSERT INTO V_TVL
	VALUES ("6c54f456-c45e-43c1-88c2-f28c1eb9f0d8",
	"0d1e089e-ef05-4de1-b2b0-f5759d1fca0b");
INSERT INTO V_VAL
	VALUES ("d2379944-9b99-4fd2-a2bf-15a1106ce527",
	0,
	0,
	31,
	8,
	51,
	0,
	0,
	0,
	0,
	"ba5eda7a-def5-0000-0000-000000000001",
	"74fe44bb-7432-4a36-af4a-652328b1741e");
INSERT INTO V_BIN
	VALUES ("d2379944-9b99-4fd2-a2bf-15a1106ce527",
	"0175f11a-cd77-4561-83dc-1b2d28f7e92d",
	"6c54f456-c45e-43c1-88c2-f28c1eb9f0d8",
	'==');
INSERT INTO V_VAL
	VALUES ("0175f11a-cd77-4561-83dc-1b2d28f7e92d",
	0,
	0,
	31,
	44,
	51,
	0,
	0,
	0,
	0,
	"ca91d910-53ec-403c-9551-bfc1a9aa9b73",
	"74fe44bb-7432-4a36-af4a-652328b1741e");
INSERT INTO V_LEN
	VALUES ("0175f11a-cd77-4561-83dc-1b2d28f7e92d",
	"9b20494e-b74a-43a6-827e-bdf246f511aa",
	31,
	27);
INSERT INTO V_VAL
	VALUES ("af4904ca-0114-4a94-b750-d718ce197396",
	0,
	0,
	33,
	10,
	24,
	0,
	0,
	0,
	0,
	"ca91d910-53ec-403c-9551-bfc1a9aa9b73",
	"74fe44bb-7432-4a36-af4a-652328b1741e");
INSERT INTO V_TVL
	VALUES ("af4904ca-0114-4a94-b750-d718ce197396",
	"0d1e089e-ef05-4de1-b2b0-f5759d1fca0b");
INSERT INTO V_VAL
	VALUES ("74504d7b-a4ac-43a9-9cfa-5dbe09aed6be",
	0,
	0,
	33,
	10,
	53,
	0,
	0,
	0,
	0,
	"ba5eda7a-def5-0000-0000-000000000001",
	"74fe44bb-7432-4a36-af4a-652328b1741e");
INSERT INTO V_BIN
	VALUES ("74504d7b-a4ac-43a9-9cfa-5dbe09aed6be",
	"415c18be-f019-48e8-94e4-5c05845db07a",
	"af4904ca-0114-4a94-b750-d718ce197396",
	'==');
INSERT INTO V_VAL
	VALUES ("415c18be-f019-48e8-94e4-5c05845db07a",
	0,
	0,
	33,
	46,
	53,
	0,
	0,
	0,
	0,
	"ca91d910-53ec-403c-9551-bfc1a9aa9b73",
	"74fe44bb-7432-4a36-af4a-652328b1741e");
INSERT INTO V_LEN
	VALUES ("415c18be-f019-48e8-94e4-5c05845db07a",
	"4747b6cc-cb1a-4559-82f9-915290ff03fb",
	33,
	29);
INSERT INTO ACT_BLK
	VALUES ("4e7cccfd-01ab-426a-b7d9-a65cdf725a65",
	0,
	0,
	0,
	'',
	'',
	'',
	32,
	5,
	0,
	0,
	0,
	0,
	0,
	0,
	0,
	0,
	32,
	23,
	0,
	"6098a413-5290-4264-b0af-e902f6831043",
	"00000000-0000-0000-0000-000000000000");
INSERT INTO ACT_SMT
	VALUES ("43feb2ff-d142-47df-9785-b77764fba092",
	"4e7cccfd-01ab-426a-b7d9-a65cdf725a65",
	"00000000-0000-0000-0000-000000000000",
	32,
	5,
	'Goal::evaluateAchievement line: 32');
INSERT INTO ACT_AI
	VALUES ("43feb2ff-d142-47df-9785-b77764fba092",
	"62b1768e-6fab-4156-a588-09d935b58c48",
	"9a39fe50-3c54-47de-a5a4-18c0ba768dc4",
	0,
	0);
INSERT INTO V_VAL
	VALUES ("9a39fe50-3c54-47de-a5a4-18c0ba768dc4",
	1,
	0,
	32,
	5,
	19,
	0,
	0,
	0,
	0,
	"ca91d910-53ec-403c-9551-bfc1a9aa9b73",
	"4e7cccfd-01ab-426a-b7d9-a65cdf725a65");
INSERT INTO V_TVL
	VALUES ("9a39fe50-3c54-47de-a5a4-18c0ba768dc4",
	"0d1e089e-ef05-4de1-b2b0-f5759d1fca0b");
INSERT INTO V_VAL
	VALUES ("62b1768e-6fab-4156-a588-09d935b58c48",
	0,
	0,
	32,
	40,
	47,
	0,
	0,
	0,
	0,
	"ca91d910-53ec-403c-9551-bfc1a9aa9b73",
	"4e7cccfd-01ab-426a-b7d9-a65cdf725a65");
INSERT INTO V_LEN
	VALUES ("62b1768e-6fab-4156-a588-09d935b58c48",
	"4747b6cc-cb1a-4559-82f9-915290ff03fb",
	32,
	23);
INSERT INTO ACT_BLK
	VALUES ("0ea4c94d-961f-433e-81c1-730e34b9bea9",
	0,
	0,
	0,
	'',
	'',
	'',
	34,
	5,
	0,
	0,
	0,
	0,
	0,
	0,
	0,
	0,
	34,
	23,
	0,
	"6098a413-5290-4264-b0af-e902f6831043",
	"00000000-0000-0000-0000-000000000000");
INSERT INTO ACT_SMT
	VALUES ("80692eec-6a93-42d1-ae0c-344a84a93af0",
	"0ea4c94d-961f-433e-81c1-730e34b9bea9",
	"00000000-0000-0000-0000-000000000000",
	34,
	5,
	'Goal::evaluateAchievement line: 34');
INSERT INTO ACT_AI
	VALUES ("80692eec-6a93-42d1-ae0c-344a84a93af0",
	"1851df2f-dbfc-4a22-ac57-88ce8876b9d1",
	"33c4471e-22eb-4e5e-8778-3c1f5af8a603",
	0,
	0);
INSERT INTO V_VAL
	VALUES ("33c4471e-22eb-4e5e-8778-3c1f5af8a603",
	1,
	0,
	34,
	5,
	19,
	0,
	0,
	0,
	0,
	"ca91d910-53ec-403c-9551-bfc1a9aa9b73",
	"0ea4c94d-961f-433e-81c1-730e34b9bea9");
INSERT INTO V_TVL
	VALUES ("33c4471e-22eb-4e5e-8778-3c1f5af8a603",
	"0d1e089e-ef05-4de1-b2b0-f5759d1fca0b");
INSERT INTO V_VAL
	VALUES ("1851df2f-dbfc-4a22-ac57-88ce8876b9d1",
	0,
	0,
	34,
	40,
	47,
	0,
	0,
	0,
	0,
	"ca91d910-53ec-403c-9551-bfc1a9aa9b73",
	"0ea4c94d-961f-433e-81c1-730e34b9bea9");
INSERT INTO V_LEN
	VALUES ("1851df2f-dbfc-4a22-ac57-88ce8876b9d1",
	"9b20494e-b74a-43a6-827e-bdf246f511aa",
	34,
	23);
INSERT INTO O_TFR
	VALUES ("7090ad22-2865-4836-a89f-a46b868d3ac0",
	"c1022670-c44d-401e-bb23-dfcef6084fba",
	'evaluateCompletion',
	'',
	"ba5eda7a-def5-0000-0000-000000000000",
	1,
	'// Based on the span type for this goal, determine 
//  whether it has been completed, update achievement
//  records as necessary, and advance to the next goal
//  if appropriate.

select one goalSpec related by self->GoalSpec[R9.''specified_by''];

// Based on the span type for the goal, get the elapsed span 
//   for comparison against the specified span for the goal.
elapsedSpan = 0.0;  // Explicit declaration
if ( goalSpec.spanType == GoalSpan::Distance )
  select one session related by self->WorkoutSession[R11.''is_currently_executing_within''];
  elapsedSpan = session.accumulatedDistance - self.startingPoint;
elif ( goalSpec.spanType == GoalSpan::Time )
  select one workoutTimer related by self->WorkoutSession[R11.''is_currently_executing_within'']->WorkoutTimer[R8.''is_timed_by''];
  elapsedSpan = workoutTimer.time - self.startingPoint;
else
  LOG::LogFailure( message: "Goal.evaluateCompletion: Unknown Goal Span Type." );
end if;

// Compare the current value against the specified span to determine 
//   whether the execution of this workout goal is complete.
if ( elapsedSpan >= goalSpec.span )
  select one openAchievement related by self->Achievement[R14.''has_open''];
  if ( not empty openAchievement )
    openAchievement.close();
  end if;
  generate Goal1:Completed to self;
end if;
',
	1,
	'',
	"2b884ff8-637a-468b-a2fa-f96b8ef98b0a",
	0);
INSERT INTO ACT_OPB
	VALUES ("dacd5784-e837-4dc4-90b0-e6839bd76cf2",
	"7090ad22-2865-4836-a89f-a46b868d3ac0");
INSERT INTO ACT_ACT
	VALUES ("dacd5784-e837-4dc4-90b0-e6839bd76cf2",
	'operation',
	0,
	"9c424a93-d26e-47d1-9ac6-49540df74e70",
	"00000000-0000-0000-0000-000000000000",
	0,
	'Goal::evaluateCompletion',
	"00000000-0000-0000-0000-000000000000");
INSERT INTO ACT_BLK
	VALUES ("9c424a93-d26e-47d1-9ac6-49540df74e70",
	1,
	0,
	0,
	'',
	'',
	'',
	23,
	1,
	6,
	38,
	0,
	0,
	6,
	47,
	6,
	50,
	14,
	29,
	0,
	"dacd5784-e837-4dc4-90b0-e6839bd76cf2",
	"00000000-0000-0000-0000-000000000000");
INSERT INTO ACT_SMT
	VALUES ("9bb88560-9ed6-44d0-b1ec-51437070596e",
	"9c424a93-d26e-47d1-9ac6-49540df74e70",
	"4c20bca4-66ea-4304-8174-7383338c388b",
	6,
	1,
	'Goal::evaluateCompletion line: 6');
INSERT INTO ACT_SEL
	VALUES ("9bb88560-9ed6-44d0-b1ec-51437070596e",
	"3477bf86-b523-44b7-87b2-3a44c4cc318b",
	1,
	'one',
	"9620cde8-4e20-420a-9116-a5e893baf917");
INSERT INTO ACT_SR
	VALUES ("9bb88560-9ed6-44d0-b1ec-51437070596e");
INSERT INTO ACT_LNK
	VALUES ("d011d43d-4ffe-49ee-bc7b-6605fc4fbc7c",
	'''specified_by''',
	"9bb88560-9ed6-44d0-b1ec-51437070596e",
	"78e3e6fd-b6ad-409d-a611-d20499f533da",
	"00000000-0000-0000-0000-000000000000",
	2,
	"be6ddd8b-37a5-4534-961b-772bb1d940ac",
	6,
	38,
	6,
	47,
	6,
	50);
INSERT INTO ACT_SMT
	VALUES ("4c20bca4-66ea-4304-8174-7383338c388b",
	"9c424a93-d26e-47d1-9ac6-49540df74e70",
	"64962dbe-03b5-4101-a895-89e2c9df7a9d",
	10,
	1,
	'Goal::evaluateCompletion line: 10');
INSERT INTO ACT_AI
	VALUES ("4c20bca4-66ea-4304-8174-7383338c388b",
	"f767c1d1-0843-4493-b3f0-c46b454c02d6",
	"580131db-aa04-4090-8648-8b71db7d41ca",
	0,
	0);
INSERT INTO ACT_SMT
	VALUES ("64962dbe-03b5-4101-a895-89e2c9df7a9d",
	"9c424a93-d26e-47d1-9ac6-49540df74e70",
	"0970b920-9c68-4ace-961a-79b95d8df115",
	11,
	1,
	'Goal::evaluateCompletion line: 11');
INSERT INTO ACT_IF
	VALUES ("64962dbe-03b5-4101-a895-89e2c9df7a9d",
	"26ebfbe7-bccd-41eb-b32d-92e0f0ffa919",
	"eab514a6-4849-4384-95f6-25123807c1f0",
	"00000000-0000-0000-0000-000000000000",
	"00000000-0000-0000-0000-000000000000");
INSERT INTO ACT_SMT
	VALUES ("12120eb9-e102-4258-acec-b05d3287b6b1",
	"9c424a93-d26e-47d1-9ac6-49540df74e70",
	"00000000-0000-0000-0000-000000000000",
	14,
	1,
	'Goal::evaluateCompletion line: 14');
INSERT INTO ACT_EL
	VALUES ("12120eb9-e102-4258-acec-b05d3287b6b1",
	"a77ded13-e335-4433-a00a-05d7b69e1242",
	"77033c2a-5f19-483f-8014-a6e1b3b1adb8",
	"64962dbe-03b5-4101-a895-89e2c9df7a9d");
INSERT INTO ACT_SMT
	VALUES ("38c5dafc-1015-4c30-93ef-714776a0496f",
	"9c424a93-d26e-47d1-9ac6-49540df74e70",
	"00000000-0000-0000-0000-000000000000",
	17,
	1,
	'Goal::evaluateCompletion line: 17');
INSERT INTO ACT_E
	VALUES ("38c5dafc-1015-4c30-93ef-714776a0496f",
	"b378d86b-973c-475b-8209-ef27d3829c64",
	"64962dbe-03b5-4101-a895-89e2c9df7a9d");
INSERT INTO ACT_SMT
	VALUES ("0970b920-9c68-4ace-961a-79b95d8df115",
	"9c424a93-d26e-47d1-9ac6-49540df74e70",
	"00000000-0000-0000-0000-000000000000",
	23,
	1,
	'Goal::evaluateCompletion line: 23');
INSERT INTO ACT_IF
	VALUES ("0970b920-9c68-4ace-961a-79b95d8df115",
	"a1d50c90-ba48-4da2-bd9b-6905dfa3c849",
	"70614dda-9344-4cec-8d99-73d53ab3c416",
	"00000000-0000-0000-0000-000000000000",
	"00000000-0000-0000-0000-000000000000");
INSERT INTO V_VAL
	VALUES ("9620cde8-4e20-420a-9116-a5e893baf917",
	0,
	0,
	6,
	32,
	35,
	0,
	0,
	0,
	0,
	"ba5eda7a-def5-0000-0000-000000000008",
	"9c424a93-d26e-47d1-9ac6-49540df74e70");
INSERT INTO V_IRF
	VALUES ("9620cde8-4e20-420a-9116-a5e893baf917",
	"5e6cf98b-cec8-47d9-a6a1-f74616887f5c");
INSERT INTO V_VAL
	VALUES ("580131db-aa04-4090-8648-8b71db7d41ca",
	1,
	1,
	10,
	1,
	11,
	0,
	0,
	0,
	0,
	"ba5eda7a-def5-0000-0000-000000000003",
	"9c424a93-d26e-47d1-9ac6-49540df74e70");
INSERT INTO V_TVL
	VALUES ("580131db-aa04-4090-8648-8b71db7d41ca",
	"06e95f88-48eb-45fb-b978-7d75a73e84d5");
INSERT INTO V_VAL
	VALUES ("f767c1d1-0843-4493-b3f0-c46b454c02d6",
	0,
	0,
	10,
	15,
	17,
	0,
	0,
	0,
	0,
	"ba5eda7a-def5-0000-0000-000000000003",
	"9c424a93-d26e-47d1-9ac6-49540df74e70");
INSERT INTO V_LRL
	VALUES ("f767c1d1-0843-4493-b3f0-c46b454c02d6",
	'0.0');
INSERT INTO V_VAL
	VALUES ("d7413068-bbaa-4ae3-a0d8-81332404ffff",
	0,
	0,
	11,
	6,
	13,
	0,
	0,
	0,
	0,
	"ba5eda7a-def5-0000-0000-000000000008",
	"9c424a93-d26e-47d1-9ac6-49540df74e70");
INSERT INTO V_IRF
	VALUES ("d7413068-bbaa-4ae3-a0d8-81332404ffff",
	"3477bf86-b523-44b7-87b2-3a44c4cc318b");
INSERT INTO V_VAL
	VALUES ("eecb98e5-39a1-4cea-99aa-44319cc135a3",
	0,
	0,
	11,
	15,
	22,
	0,
	0,
	0,
	0,
	"42487d7d-390d-48d8-a7a5-474cf2d8a900",
	"9c424a93-d26e-47d1-9ac6-49540df74e70");
INSERT INTO V_AVL
	VALUES ("eecb98e5-39a1-4cea-99aa-44319cc135a3",
	"d7413068-bbaa-4ae3-a0d8-81332404ffff",
	"be6ddd8b-37a5-4534-961b-772bb1d940ac",
	"1d622105-74c9-41c3-8547-4323b5540107");
INSERT INTO V_VAL
	VALUES ("eab514a6-4849-4384-95f6-25123807c1f0",
	0,
	0,
	11,
	15,
	44,
	0,
	0,
	0,
	0,
	"ba5eda7a-def5-0000-0000-000000000001",
	"9c424a93-d26e-47d1-9ac6-49540df74e70");
INSERT INTO V_BIN
	VALUES ("eab514a6-4849-4384-95f6-25123807c1f0",
	"04aea913-4bad-4f9e-b4c6-d7adeb8bb0db",
	"eecb98e5-39a1-4cea-99aa-44319cc135a3",
	'==');
INSERT INTO V_VAL
	VALUES ("04aea913-4bad-4f9e-b4c6-d7adeb8bb0db",
	0,
	0,
	11,
	37,
	44,
	0,
	0,
	0,
	0,
	"42487d7d-390d-48d8-a7a5-474cf2d8a900",
	"9c424a93-d26e-47d1-9ac6-49540df74e70");
INSERT INTO V_LEN
	VALUES ("04aea913-4bad-4f9e-b4c6-d7adeb8bb0db",
	"6b1832c1-f200-44e1-abe5-b2417a0f4d5d",
	11,
	27);
INSERT INTO V_VAL
	VALUES ("49446ed0-f7f6-4165-b61a-4b9bf602dfc0",
	0,
	0,
	14,
	8,
	15,
	0,
	0,
	0,
	0,
	"ba5eda7a-def5-0000-0000-000000000008",
	"9c424a93-d26e-47d1-9ac6-49540df74e70");
INSERT INTO V_IRF
	VALUES ("49446ed0-f7f6-4165-b61a-4b9bf602dfc0",
	"3477bf86-b523-44b7-87b2-3a44c4cc318b");
INSERT INTO V_VAL
	VALUES ("5e4ef8cd-8a80-4bd0-8d3d-e130473de39c",
	0,
	0,
	14,
	17,
	24,
	0,
	0,
	0,
	0,
	"42487d7d-390d-48d8-a7a5-474cf2d8a900",
	"9c424a93-d26e-47d1-9ac6-49540df74e70");
INSERT INTO V_AVL
	VALUES ("5e4ef8cd-8a80-4bd0-8d3d-e130473de39c",
	"49446ed0-f7f6-4165-b61a-4b9bf602dfc0",
	"be6ddd8b-37a5-4534-961b-772bb1d940ac",
	"1d622105-74c9-41c3-8547-4323b5540107");
INSERT INTO V_VAL
	VALUES ("77033c2a-5f19-483f-8014-a6e1b3b1adb8",
	0,
	0,
	14,
	17,
	42,
	0,
	0,
	0,
	0,
	"ba5eda7a-def5-0000-0000-000000000001",
	"9c424a93-d26e-47d1-9ac6-49540df74e70");
INSERT INTO V_BIN
	VALUES ("77033c2a-5f19-483f-8014-a6e1b3b1adb8",
	"26662901-9465-45a8-8e2f-000bc308998e",
	"5e4ef8cd-8a80-4bd0-8d3d-e130473de39c",
	'==');
INSERT INTO V_VAL
	VALUES ("26662901-9465-45a8-8e2f-000bc308998e",
	0,
	0,
	14,
	39,
	42,
	0,
	0,
	0,
	0,
	"42487d7d-390d-48d8-a7a5-474cf2d8a900",
	"9c424a93-d26e-47d1-9ac6-49540df74e70");
INSERT INTO V_LEN
	VALUES ("26662901-9465-45a8-8e2f-000bc308998e",
	"70b8c1c7-75eb-42ab-ba2d-2ff08ea01c45",
	14,
	29);
INSERT INTO V_VAL
	VALUES ("9f2d5d8c-8275-4836-b07d-187d58867dc1",
	0,
	0,
	23,
	6,
	16,
	0,
	0,
	0,
	0,
	"ba5eda7a-def5-0000-0000-000000000003",
	"9c424a93-d26e-47d1-9ac6-49540df74e70");
INSERT INTO V_TVL
	VALUES ("9f2d5d8c-8275-4836-b07d-187d58867dc1",
	"06e95f88-48eb-45fb-b978-7d75a73e84d5");
INSERT INTO V_VAL
	VALUES ("70614dda-9344-4cec-8d99-73d53ab3c416",
	0,
	0,
	23,
	6,
	33,
	0,
	0,
	0,
	0,
	"ba5eda7a-def5-0000-0000-000000000001",
	"9c424a93-d26e-47d1-9ac6-49540df74e70");
INSERT INTO V_BIN
	VALUES ("70614dda-9344-4cec-8d99-73d53ab3c416",
	"5999e852-d77e-4c96-b54c-b96d02e0ed3b",
	"9f2d5d8c-8275-4836-b07d-187d58867dc1",
	'>=');
INSERT INTO V_VAL
	VALUES ("e892abe0-d682-4ed2-b573-ae8cec1d22ae",
	0,
	0,
	23,
	21,
	28,
	0,
	0,
	0,
	0,
	"ba5eda7a-def5-0000-0000-000000000008",
	"9c424a93-d26e-47d1-9ac6-49540df74e70");
INSERT INTO V_IRF
	VALUES ("e892abe0-d682-4ed2-b573-ae8cec1d22ae",
	"3477bf86-b523-44b7-87b2-3a44c4cc318b");
INSERT INTO V_VAL
	VALUES ("5999e852-d77e-4c96-b54c-b96d02e0ed3b",
	0,
	0,
	23,
	30,
	33,
	0,
	0,
	0,
	0,
	"ba5eda7a-def5-0000-0000-000000000003",
	"9c424a93-d26e-47d1-9ac6-49540df74e70");
INSERT INTO V_AVL
	VALUES ("5999e852-d77e-4c96-b54c-b96d02e0ed3b",
	"e892abe0-d682-4ed2-b573-ae8cec1d22ae",
	"be6ddd8b-37a5-4534-961b-772bb1d940ac",
	"1b9ff6a6-df69-4c3f-acfc-6dc3554b1098");
INSERT INTO V_VAR
	VALUES ("3477bf86-b523-44b7-87b2-3a44c4cc318b",
	"9c424a93-d26e-47d1-9ac6-49540df74e70",
	'goalSpec',
	1,
	"ba5eda7a-def5-0000-0000-000000000008");
INSERT INTO V_INT
	VALUES ("3477bf86-b523-44b7-87b2-3a44c4cc318b",
	0,
	"be6ddd8b-37a5-4534-961b-772bb1d940ac");
INSERT INTO V_VAR
	VALUES ("5e6cf98b-cec8-47d9-a6a1-f74616887f5c",
	"9c424a93-d26e-47d1-9ac6-49540df74e70",
	'self',
	1,
	"ba5eda7a-def5-0000-0000-000000000008");
INSERT INTO V_INT
	VALUES ("5e6cf98b-cec8-47d9-a6a1-f74616887f5c",
	0,
	"c1022670-c44d-401e-bb23-dfcef6084fba");
INSERT INTO V_VAR
	VALUES ("06e95f88-48eb-45fb-b978-7d75a73e84d5",
	"9c424a93-d26e-47d1-9ac6-49540df74e70",
	'elapsedSpan',
	1,
	"ba5eda7a-def5-0000-0000-000000000003");
INSERT INTO V_TRN
	VALUES ("06e95f88-48eb-45fb-b978-7d75a73e84d5",
	"00000000-0000-0000-0000-000000000000",
	'');
INSERT INTO ACT_BLK
	VALUES ("26ebfbe7-bccd-41eb-b32d-92e0f0ffa919",
	1,
	0,
	0,
	'',
	'',
	'',
	13,
	3,
	12,
	39,
	0,
	0,
	12,
	54,
	12,
	58,
	0,
	0,
	0,
	"dacd5784-e837-4dc4-90b0-e6839bd76cf2",
	"00000000-0000-0000-0000-000000000000");
INSERT INTO ACT_SMT
	VALUES ("a77b9c7a-6771-436f-ba61-53e5275b099b",
	"26ebfbe7-bccd-41eb-b32d-92e0f0ffa919",
	"85758605-555c-473d-b021-46489da79f61",
	12,
	3,
	'Goal::evaluateCompletion line: 12');
INSERT INTO ACT_SEL
	VALUES ("a77b9c7a-6771-436f-ba61-53e5275b099b",
	"d30ac2fc-b5c8-4819-9e7e-1cbfbe21c39e",
	1,
	'one',
	"c912004a-560e-4907-b65f-7817d0769abb");
INSERT INTO ACT_SR
	VALUES ("a77b9c7a-6771-436f-ba61-53e5275b099b");
INSERT INTO ACT_LNK
	VALUES ("0237d95e-9560-40df-9924-d382f636dc2c",
	'''is_currently_executing_within''',
	"a77b9c7a-6771-436f-ba61-53e5275b099b",
	"50d628e2-9d2f-4810-93d9-44fb62bf9031",
	"00000000-0000-0000-0000-000000000000",
	2,
	"2522ffa2-db69-4807-ab45-06acf4cf893a",
	12,
	39,
	12,
	54,
	12,
	58);
INSERT INTO ACT_SMT
	VALUES ("85758605-555c-473d-b021-46489da79f61",
	"26ebfbe7-bccd-41eb-b32d-92e0f0ffa919",
	"00000000-0000-0000-0000-000000000000",
	13,
	3,
	'Goal::evaluateCompletion line: 13');
INSERT INTO ACT_AI
	VALUES ("85758605-555c-473d-b021-46489da79f61",
	"88efd8be-c30b-4f14-9cd9-e1152abfcca7",
	"d80fa03d-6f65-4f81-a4d1-296f800adab8",
	0,
	0);
INSERT INTO V_VAL
	VALUES ("c912004a-560e-4907-b65f-7817d0769abb",
	0,
	0,
	12,
	33,
	36,
	0,
	0,
	0,
	0,
	"ba5eda7a-def5-0000-0000-000000000008",
	"26ebfbe7-bccd-41eb-b32d-92e0f0ffa919");
INSERT INTO V_IRF
	VALUES ("c912004a-560e-4907-b65f-7817d0769abb",
	"5e6cf98b-cec8-47d9-a6a1-f74616887f5c");
INSERT INTO V_VAL
	VALUES ("d80fa03d-6f65-4f81-a4d1-296f800adab8",
	1,
	0,
	13,
	3,
	13,
	0,
	0,
	0,
	0,
	"ba5eda7a-def5-0000-0000-000000000003",
	"26ebfbe7-bccd-41eb-b32d-92e0f0ffa919");
INSERT INTO V_TVL
	VALUES ("d80fa03d-6f65-4f81-a4d1-296f800adab8",
	"06e95f88-48eb-45fb-b978-7d75a73e84d5");
INSERT INTO V_VAL
	VALUES ("561e90bf-e05d-41d3-b0da-f7befad0aee8",
	0,
	0,
	13,
	17,
	23,
	0,
	0,
	0,
	0,
	"ba5eda7a-def5-0000-0000-000000000008",
	"26ebfbe7-bccd-41eb-b32d-92e0f0ffa919");
INSERT INTO V_IRF
	VALUES ("561e90bf-e05d-41d3-b0da-f7befad0aee8",
	"d30ac2fc-b5c8-4819-9e7e-1cbfbe21c39e");
INSERT INTO V_VAL
	VALUES ("e321def4-ea29-4bd6-b377-7e0831e59237",
	0,
	0,
	13,
	25,
	43,
	0,
	0,
	0,
	0,
	"ba5eda7a-def5-0000-0000-000000000003",
	"26ebfbe7-bccd-41eb-b32d-92e0f0ffa919");
INSERT INTO V_AVL
	VALUES ("e321def4-ea29-4bd6-b377-7e0831e59237",
	"561e90bf-e05d-41d3-b0da-f7befad0aee8",
	"2522ffa2-db69-4807-ab45-06acf4cf893a",
	"d1d48d20-03f1-4c3c-b920-f64ef7b8a4d3");
INSERT INTO V_VAL
	VALUES ("88efd8be-c30b-4f14-9cd9-e1152abfcca7",
	0,
	0,
	13,
	25,
	64,
	0,
	0,
	0,
	0,
	"ba5eda7a-def5-0000-0000-000000000003",
	"26ebfbe7-bccd-41eb-b32d-92e0f0ffa919");
INSERT INTO V_BIN
	VALUES ("88efd8be-c30b-4f14-9cd9-e1152abfcca7",
	"085cc193-5e67-4e47-b1fc-78c96a7ee06d",
	"e321def4-ea29-4bd6-b377-7e0831e59237",
	'-');
INSERT INTO V_VAL
	VALUES ("a760ec5a-671d-454d-946c-d50725edcfc6",
	0,
	0,
	13,
	47,
	50,
	0,
	0,
	0,
	0,
	"ba5eda7a-def5-0000-0000-000000000008",
	"26ebfbe7-bccd-41eb-b32d-92e0f0ffa919");
INSERT INTO V_IRF
	VALUES ("a760ec5a-671d-454d-946c-d50725edcfc6",
	"5e6cf98b-cec8-47d9-a6a1-f74616887f5c");
INSERT INTO V_VAL
	VALUES ("085cc193-5e67-4e47-b1fc-78c96a7ee06d",
	0,
	0,
	13,
	52,
	64,
	0,
	0,
	0,
	0,
	"ba5eda7a-def5-0000-0000-000000000003",
	"26ebfbe7-bccd-41eb-b32d-92e0f0ffa919");
INSERT INTO V_AVL
	VALUES ("085cc193-5e67-4e47-b1fc-78c96a7ee06d",
	"a760ec5a-671d-454d-946c-d50725edcfc6",
	"c1022670-c44d-401e-bb23-dfcef6084fba",
	"7d60ba72-b691-4687-9636-20d33798168c");
INSERT INTO V_VAR
	VALUES ("d30ac2fc-b5c8-4819-9e7e-1cbfbe21c39e",
	"26ebfbe7-bccd-41eb-b32d-92e0f0ffa919",
	'session',
	1,
	"ba5eda7a-def5-0000-0000-000000000008");
INSERT INTO V_INT
	VALUES ("d30ac2fc-b5c8-4819-9e7e-1cbfbe21c39e",
	0,
	"2522ffa2-db69-4807-ab45-06acf4cf893a");
INSERT INTO ACT_BLK
	VALUES ("a77ded13-e335-4433-a00a-05d7b69e1242",
	1,
	0,
	0,
	'',
	'',
	'',
	16,
	3,
	15,
	97,
	0,
	0,
	15,
	110,
	15,
	113,
	0,
	0,
	0,
	"dacd5784-e837-4dc4-90b0-e6839bd76cf2",
	"00000000-0000-0000-0000-000000000000");
INSERT INTO ACT_SMT
	VALUES ("cc28287b-f4f9-4408-8ce4-dd325f4453a0",
	"a77ded13-e335-4433-a00a-05d7b69e1242",
	"af4d59ae-28a9-4d80-a2e3-10a3bd04fcfc",
	15,
	3,
	'Goal::evaluateCompletion line: 15');
INSERT INTO ACT_SEL
	VALUES ("cc28287b-f4f9-4408-8ce4-dd325f4453a0",
	"a41089dc-5c6c-4994-a7fa-3d9444a85713",
	1,
	'one',
	"4d784673-1977-41b1-8543-b963351e7b4b");
INSERT INTO ACT_SR
	VALUES ("cc28287b-f4f9-4408-8ce4-dd325f4453a0");
INSERT INTO ACT_LNK
	VALUES ("312fd8b6-5b08-4470-a675-a6f072d56afa",
	'''is_currently_executing_within''',
	"cc28287b-f4f9-4408-8ce4-dd325f4453a0",
	"50d628e2-9d2f-4810-93d9-44fb62bf9031",
	"e3f35f0a-a23b-4426-81db-eae8fac1be41",
	2,
	"2522ffa2-db69-4807-ab45-06acf4cf893a",
	15,
	44,
	15,
	59,
	15,
	63);
INSERT INTO ACT_LNK
	VALUES ("e3f35f0a-a23b-4426-81db-eae8fac1be41",
	'''is_timed_by''',
	"00000000-0000-0000-0000-000000000000",
	"b04987ba-d80b-4527-a1fd-894139a710d8",
	"00000000-0000-0000-0000-000000000000",
	2,
	"8d4b82cf-ec16-4fd9-925b-0e51eb64a2f7",
	15,
	97,
	15,
	110,
	15,
	113);
INSERT INTO ACT_SMT
	VALUES ("af4d59ae-28a9-4d80-a2e3-10a3bd04fcfc",
	"a77ded13-e335-4433-a00a-05d7b69e1242",
	"00000000-0000-0000-0000-000000000000",
	16,
	3,
	'Goal::evaluateCompletion line: 16');
INSERT INTO ACT_AI
	VALUES ("af4d59ae-28a9-4d80-a2e3-10a3bd04fcfc",
	"b4246c6c-bf1f-4d79-8057-6a2a2d07c441",
	"b6272843-407e-48ce-b3dd-dccc6dd2856d",
	0,
	0);
INSERT INTO V_VAL
	VALUES ("4d784673-1977-41b1-8543-b963351e7b4b",
	0,
	0,
	15,
	38,
	41,
	0,
	0,
	0,
	0,
	"ba5eda7a-def5-0000-0000-000000000008",
	"a77ded13-e335-4433-a00a-05d7b69e1242");
INSERT INTO V_IRF
	VALUES ("4d784673-1977-41b1-8543-b963351e7b4b",
	"5e6cf98b-cec8-47d9-a6a1-f74616887f5c");
INSERT INTO V_VAL
	VALUES ("b6272843-407e-48ce-b3dd-dccc6dd2856d",
	1,
	0,
	16,
	3,
	13,
	0,
	0,
	0,
	0,
	"ba5eda7a-def5-0000-0000-000000000003",
	"a77ded13-e335-4433-a00a-05d7b69e1242");
INSERT INTO V_TVL
	VALUES ("b6272843-407e-48ce-b3dd-dccc6dd2856d",
	"06e95f88-48eb-45fb-b978-7d75a73e84d5");
INSERT INTO V_VAL
	VALUES ("b4cb9ca3-08a4-4aea-ac1f-e2457f2b8fda",
	0,
	0,
	16,
	17,
	28,
	0,
	0,
	0,
	0,
	"ba5eda7a-def5-0000-0000-000000000008",
	"a77ded13-e335-4433-a00a-05d7b69e1242");
INSERT INTO V_IRF
	VALUES ("b4cb9ca3-08a4-4aea-ac1f-e2457f2b8fda",
	"a41089dc-5c6c-4994-a7fa-3d9444a85713");
INSERT INTO V_VAL
	VALUES ("989e969f-3ac8-4dc2-9b79-58f32aaa2cba",
	0,
	0,
	16,
	30,
	33,
	0,
	0,
	0,
	0,
	"ba5eda7a-def5-0000-0000-000000000002",
	"a77ded13-e335-4433-a00a-05d7b69e1242");
INSERT INTO V_AVL
	VALUES ("989e969f-3ac8-4dc2-9b79-58f32aaa2cba",
	"b4cb9ca3-08a4-4aea-ac1f-e2457f2b8fda",
	"8d4b82cf-ec16-4fd9-925b-0e51eb64a2f7",
	"e4e19783-1a13-4049-a49c-6e687000fdb9");
INSERT INTO V_VAL
	VALUES ("b4246c6c-bf1f-4d79-8057-6a2a2d07c441",
	0,
	0,
	16,
	30,
	54,
	0,
	0,
	0,
	0,
	"ba5eda7a-def5-0000-0000-000000000003",
	"a77ded13-e335-4433-a00a-05d7b69e1242");
INSERT INTO V_BIN
	VALUES ("b4246c6c-bf1f-4d79-8057-6a2a2d07c441",
	"4717f68d-d89e-47a4-9975-a97f329b3fd2",
	"989e969f-3ac8-4dc2-9b79-58f32aaa2cba",
	'-');
INSERT INTO V_VAL
	VALUES ("991d3c4c-dba3-497a-976c-5974d12dd2a5",
	0,
	0,
	16,
	37,
	40,
	0,
	0,
	0,
	0,
	"ba5eda7a-def5-0000-0000-000000000008",
	"a77ded13-e335-4433-a00a-05d7b69e1242");
INSERT INTO V_IRF
	VALUES ("991d3c4c-dba3-497a-976c-5974d12dd2a5",
	"5e6cf98b-cec8-47d9-a6a1-f74616887f5c");
INSERT INTO V_VAL
	VALUES ("4717f68d-d89e-47a4-9975-a97f329b3fd2",
	0,
	0,
	16,
	42,
	54,
	0,
	0,
	0,
	0,
	"ba5eda7a-def5-0000-0000-000000000003",
	"a77ded13-e335-4433-a00a-05d7b69e1242");
INSERT INTO V_AVL
	VALUES ("4717f68d-d89e-47a4-9975-a97f329b3fd2",
	"991d3c4c-dba3-497a-976c-5974d12dd2a5",
	"c1022670-c44d-401e-bb23-dfcef6084fba",
	"7d60ba72-b691-4687-9636-20d33798168c");
INSERT INTO V_VAR
	VALUES ("a41089dc-5c6c-4994-a7fa-3d9444a85713",
	"a77ded13-e335-4433-a00a-05d7b69e1242",
	'workoutTimer',
	1,
	"ba5eda7a-def5-0000-0000-000000000008");
INSERT INTO V_INT
	VALUES ("a41089dc-5c6c-4994-a7fa-3d9444a85713",
	0,
	"8d4b82cf-ec16-4fd9-925b-0e51eb64a2f7");
INSERT INTO ACT_BLK
	VALUES ("b378d86b-973c-475b-8209-ef27d3829c64",
	0,
	0,
	0,
	'LOG',
	'',
	'',
	18,
	3,
	18,
	3,
	0,
	0,
	0,
	0,
	0,
	0,
	0,
	0,
	0,
	"dacd5784-e837-4dc4-90b0-e6839bd76cf2",
	"00000000-0000-0000-0000-000000000000");
INSERT INTO ACT_SMT
	VALUES ("71cdd3f9-204d-4833-a467-07bdd1a099a6",
	"b378d86b-973c-475b-8209-ef27d3829c64",
	"00000000-0000-0000-0000-000000000000",
	18,
	3,
	'Goal::evaluateCompletion line: 18');
INSERT INTO ACT_BRG
	VALUES ("71cdd3f9-204d-4833-a467-07bdd1a099a6",
	"2dcf3e84-1208-4e7f-a70c-a54d15f1ce77",
	18,
	8,
	18,
	3);
INSERT INTO V_VAL
	VALUES ("0d82f81f-957b-4dd0-aeb6-a23bd87d7441",
	0,
	0,
	18,
	29,
	77,
	0,
	0,
	0,
	0,
	"ba5eda7a-def5-0000-0000-000000000004",
	"b378d86b-973c-475b-8209-ef27d3829c64");
INSERT INTO V_LST
	VALUES ("0d82f81f-957b-4dd0-aeb6-a23bd87d7441",
	'Goal.evaluateCompletion: Unknown Goal Span Type.');
INSERT INTO V_PAR
	VALUES ("0d82f81f-957b-4dd0-aeb6-a23bd87d7441",
	"71cdd3f9-204d-4833-a467-07bdd1a099a6",
	"00000000-0000-0000-0000-000000000000",
	'message',
	"00000000-0000-0000-0000-000000000000",
	18,
	20);
INSERT INTO ACT_BLK
	VALUES ("a1d50c90-ba48-4da2-bd9b-6905dfa3c849",
	1,
	0,
	0,
	'V_VAR.Var_ID',
	'',
	'',
	28,
	3,
	24,
	47,
	0,
	0,
	24,
	59,
	24,
	63,
	0,
	0,
	0,
	"dacd5784-e837-4dc4-90b0-e6839bd76cf2",
	"00000000-0000-0000-0000-000000000000");
INSERT INTO ACT_SMT
	VALUES ("e3e9db52-4487-4962-986a-978b9cd74c31",
	"a1d50c90-ba48-4da2-bd9b-6905dfa3c849",
	"7fdb43ec-d8c4-4eef-8d5f-190409ff8085",
	24,
	3,
	'Goal::evaluateCompletion line: 24');
INSERT INTO ACT_SEL
	VALUES ("e3e9db52-4487-4962-986a-978b9cd74c31",
	"dba4cc8d-998e-4ef2-9356-bccabba16dbf",
	1,
	'one',
	"73dbf198-c6fc-474c-9bb5-d7a648b25522");
INSERT INTO ACT_SR
	VALUES ("e3e9db52-4487-4962-986a-978b9cd74c31");
INSERT INTO ACT_LNK
	VALUES ("b89979d4-f323-4125-96ae-86fe28704907",
	'''has_open''',
	"e3e9db52-4487-4962-986a-978b9cd74c31",
	"bc95f1bf-69a4-4013-ab97-58e1c1b23b15",
	"00000000-0000-0000-0000-000000000000",
	2,
	"313e48f7-0516-49bd-9401-5c67c2e55db9",
	24,
	47,
	24,
	59,
	24,
	63);
INSERT INTO ACT_SMT
	VALUES ("7fdb43ec-d8c4-4eef-8d5f-190409ff8085",
	"a1d50c90-ba48-4da2-bd9b-6905dfa3c849",
	"72a1f312-0ff2-44ab-a94a-c4151bfa64fc",
	25,
	3,
	'Goal::evaluateCompletion line: 25');
INSERT INTO ACT_IF
	VALUES ("7fdb43ec-d8c4-4eef-8d5f-190409ff8085",
	"1fbb1c39-2c42-40e6-ad36-b808fb159a32",
	"32ee1ad3-087d-4a56-9d98-180fdb0348aa",
	"00000000-0000-0000-0000-000000000000",
	"00000000-0000-0000-0000-000000000000");
INSERT INTO ACT_SMT
	VALUES ("72a1f312-0ff2-44ab-a94a-c4151bfa64fc",
	"a1d50c90-ba48-4da2-bd9b-6905dfa3c849",
	"00000000-0000-0000-0000-000000000000",
	28,
	3,
	'Goal::evaluateCompletion line: 28');
INSERT INTO E_ESS
	VALUES ("72a1f312-0ff2-44ab-a94a-c4151bfa64fc",
	1,
	0,
	28,
	12,
	28,
	18,
	24,
	47,
	0,
	0,
	0,
	0);
INSERT INTO E_GES
	VALUES ("72a1f312-0ff2-44ab-a94a-c4151bfa64fc");
INSERT INTO E_GSME
	VALUES ("72a1f312-0ff2-44ab-a94a-c4151bfa64fc",
	"31e33f61-ebe2-4812-ac85-09e65cd0180d");
INSERT INTO E_GEN
	VALUES ("72a1f312-0ff2-44ab-a94a-c4151bfa64fc",
	"5e6cf98b-cec8-47d9-a6a1-f74616887f5c");
INSERT INTO V_VAL
	VALUES ("73dbf198-c6fc-474c-9bb5-d7a648b25522",
	0,
	0,
	24,
	41,
	44,
	0,
	0,
	0,
	0,
	"ba5eda7a-def5-0000-0000-000000000008",
	"a1d50c90-ba48-4da2-bd9b-6905dfa3c849");
INSERT INTO V_IRF
	VALUES ("73dbf198-c6fc-474c-9bb5-d7a648b25522",
	"5e6cf98b-cec8-47d9-a6a1-f74616887f5c");
INSERT INTO V_VAL
	VALUES ("bd293548-996f-447d-8783-eb011393506a",
	0,
	0,
	25,
	18,
	32,
	0,
	0,
	0,
	0,
	"ba5eda7a-def5-0000-0000-000000000008",
	"a1d50c90-ba48-4da2-bd9b-6905dfa3c849");
INSERT INTO V_IRF
	VALUES ("bd293548-996f-447d-8783-eb011393506a",
	"dba4cc8d-998e-4ef2-9356-bccabba16dbf");
INSERT INTO V_VAL
	VALUES ("b032b817-cd81-4df2-a626-46bee6453f3d",
	0,
	0,
	-1,
	-1,
	-1,
	0,
	0,
	0,
	0,
	"ba5eda7a-def5-0000-0000-000000000001",
	"a1d50c90-ba48-4da2-bd9b-6905dfa3c849");
INSERT INTO V_UNY
	VALUES ("b032b817-cd81-4df2-a626-46bee6453f3d",
	"bd293548-996f-447d-8783-eb011393506a",
	'empty');
INSERT INTO V_VAL
	VALUES ("32ee1ad3-087d-4a56-9d98-180fdb0348aa",
	0,
	0,
	-1,
	-1,
	-1,
	0,
	0,
	0,
	0,
	"ba5eda7a-def5-0000-0000-000000000001",
	"a1d50c90-ba48-4da2-bd9b-6905dfa3c849");
INSERT INTO V_UNY
	VALUES ("32ee1ad3-087d-4a56-9d98-180fdb0348aa",
	"b032b817-cd81-4df2-a626-46bee6453f3d",
	'not');
INSERT INTO V_VAR
	VALUES ("dba4cc8d-998e-4ef2-9356-bccabba16dbf",
	"a1d50c90-ba48-4da2-bd9b-6905dfa3c849",
	'openAchievement',
	1,
	"ba5eda7a-def5-0000-0000-000000000008");
INSERT INTO V_INT
	VALUES ("dba4cc8d-998e-4ef2-9356-bccabba16dbf",
	0,
	"313e48f7-0516-49bd-9401-5c67c2e55db9");
INSERT INTO ACT_BLK
	VALUES ("1fbb1c39-2c42-40e6-ad36-b808fb159a32",
	0,
	0,
	0,
	'',
	'',
	'',
	26,
	5,
	0,
	0,
	0,
	0,
	0,
	0,
	0,
	0,
	0,
	0,
	0,
	"dacd5784-e837-4dc4-90b0-e6839bd76cf2",
	"00000000-0000-0000-0000-000000000000");
INSERT INTO ACT_SMT
	VALUES ("556b0e5b-8e43-4974-8ad2-663450ff3212",
	"1fbb1c39-2c42-40e6-ad36-b808fb159a32",
	"00000000-0000-0000-0000-000000000000",
	26,
	5,
	'Goal::evaluateCompletion line: 26');
INSERT INTO ACT_TFM
	VALUES ("556b0e5b-8e43-4974-8ad2-663450ff3212",
	"6fac41c9-c339-4dbe-8651-11ff5f9db899",
	"dba4cc8d-998e-4ef2-9356-bccabba16dbf",
	26,
	21,
	0,
	0);
INSERT INTO O_TFR
	VALUES ("902f97d2-b056-4461-89c5-6454f9f253d7",
	"c1022670-c44d-401e-bb23-dfcef6084fba",
	'nextGoal',
	'',
	"ba5eda7a-def5-0000-0000-000000000000",
	0,
	'// Advance to the next goal or start the first one if one
//   is currently not exectuing.

//  If there is a goal currently executing, notify it that its execution
//    has completed.
//  Otherwise, create and start a goal for the first goal specification
//    if one exists.
select any session from instances of WorkoutSession;  // WorkoutSession is a singleton.
if ( not empty session )
  select one goal related by session->Goal[R11.''is_currently_executing''];
  if ( not empty goal )
    generate Goal1:Completed to goal;
  else
    GoalSpecConstants::initialize();
    select any gsc from instances of GoalSpecConstants;
    Goal::initialize( sequenceNumber: gsc.GoalSpecOrigin );
  end if;
end if;',
	1,
	'',
	"7090ad22-2865-4836-a89f-a46b868d3ac0",
	0);
INSERT INTO ACT_OPB
	VALUES ("92940a7b-47e9-4a55-93af-71eea3c4b979",
	"902f97d2-b056-4461-89c5-6454f9f253d7");
INSERT INTO ACT_ACT
	VALUES ("92940a7b-47e9-4a55-93af-71eea3c4b979",
	'class operation',
	0,
	"c7e416b1-57f1-441d-b880-f416263af96f",
	"00000000-0000-0000-0000-000000000000",
	0,
	'Goal::nextGoal',
	"00000000-0000-0000-0000-000000000000");
INSERT INTO ACT_BLK
	VALUES ("c7e416b1-57f1-441d-b880-f416263af96f",
	1,
	0,
	0,
	'',
	'',
	'',
	9,
	1,
	8,
	38,
	0,
	0,
	0,
	0,
	0,
	0,
	0,
	0,
	0,
	"92940a7b-47e9-4a55-93af-71eea3c4b979",
	"00000000-0000-0000-0000-000000000000");
INSERT INTO ACT_SMT
	VALUES ("874943b0-63ce-4c03-a917-01ffc2cbd5dc",
	"c7e416b1-57f1-441d-b880-f416263af96f",
	"c656b683-06c4-4ea2-83cc-e36acfa3a9d0",
	8,
	1,
	'Goal::nextGoal line: 8');
INSERT INTO ACT_FIO
	VALUES ("874943b0-63ce-4c03-a917-01ffc2cbd5dc",
	"b53b4d96-1f57-48ed-b4f9-0506c08db089",
	1,
	'any',
	"2522ffa2-db69-4807-ab45-06acf4cf893a",
	8,
	38);
INSERT INTO ACT_SMT
	VALUES ("c656b683-06c4-4ea2-83cc-e36acfa3a9d0",
	"c7e416b1-57f1-441d-b880-f416263af96f",
	"00000000-0000-0000-0000-000000000000",
	9,
	1,
	'Goal::nextGoal line: 9');
INSERT INTO ACT_IF
	VALUES ("c656b683-06c4-4ea2-83cc-e36acfa3a9d0",
	"3c2f224b-59a0-4839-8646-82c0ffccf567",
	"786fca0a-8c34-4e61-a1eb-afd3c3b35116",
	"00000000-0000-0000-0000-000000000000",
	"00000000-0000-0000-0000-000000000000");
INSERT INTO V_VAL
	VALUES ("9d1086c3-c0a4-4c8c-b5c3-4d5e2a48ecca",
	0,
	0,
	9,
	16,
	22,
	0,
	0,
	0,
	0,
	"ba5eda7a-def5-0000-0000-000000000008",
	"c7e416b1-57f1-441d-b880-f416263af96f");
INSERT INTO V_IRF
	VALUES ("9d1086c3-c0a4-4c8c-b5c3-4d5e2a48ecca",
	"b53b4d96-1f57-48ed-b4f9-0506c08db089");
INSERT INTO V_VAL
	VALUES ("65c1bd62-7065-4936-9a1c-50df71a8dc0a",
	0,
	0,
	-1,
	-1,
	-1,
	0,
	0,
	0,
	0,
	"ba5eda7a-def5-0000-0000-000000000001",
	"c7e416b1-57f1-441d-b880-f416263af96f");
INSERT INTO V_UNY
	VALUES ("65c1bd62-7065-4936-9a1c-50df71a8dc0a",
	"9d1086c3-c0a4-4c8c-b5c3-4d5e2a48ecca",
	'empty');
INSERT INTO V_VAL
	VALUES ("786fca0a-8c34-4e61-a1eb-afd3c3b35116",
	0,
	0,
	-1,
	-1,
	-1,
	0,
	0,
	0,
	0,
	"ba5eda7a-def5-0000-0000-000000000001",
	"c7e416b1-57f1-441d-b880-f416263af96f");
INSERT INTO V_UNY
	VALUES ("786fca0a-8c34-4e61-a1eb-afd3c3b35116",
	"65c1bd62-7065-4936-9a1c-50df71a8dc0a",
	'not');
INSERT INTO V_VAR
	VALUES ("b53b4d96-1f57-48ed-b4f9-0506c08db089",
	"c7e416b1-57f1-441d-b880-f416263af96f",
	'session',
	1,
	"ba5eda7a-def5-0000-0000-000000000008");
INSERT INTO V_INT
	VALUES ("b53b4d96-1f57-48ed-b4f9-0506c08db089",
	0,
	"2522ffa2-db69-4807-ab45-06acf4cf893a");
INSERT INTO ACT_BLK
	VALUES ("3c2f224b-59a0-4839-8646-82c0ffccf567",
	1,
	0,
	0,
	'',
	'',
	'',
	13,
	3,
	10,
	39,
	0,
	0,
	10,
	44,
	10,
	48,
	0,
	0,
	0,
	"92940a7b-47e9-4a55-93af-71eea3c4b979",
	"00000000-0000-0000-0000-000000000000");
INSERT INTO ACT_SMT
	VALUES ("4033e5f0-ea87-451f-9be5-e6cb4076a082",
	"3c2f224b-59a0-4839-8646-82c0ffccf567",
	"eb73796a-53eb-4020-ab1f-39341b4408a9",
	10,
	3,
	'Goal::nextGoal line: 10');
INSERT INTO ACT_SEL
	VALUES ("4033e5f0-ea87-451f-9be5-e6cb4076a082",
	"a0952ba6-b01c-4a88-b17e-9c0204620812",
	1,
	'one',
	"3f5f5166-ad42-4aeb-83cd-fc8be2bf6cde");
INSERT INTO ACT_SR
	VALUES ("4033e5f0-ea87-451f-9be5-e6cb4076a082");
INSERT INTO ACT_LNK
	VALUES ("bb103739-5b99-4972-abef-01a972d969ee",
	'''is_currently_executing''',
	"4033e5f0-ea87-451f-9be5-e6cb4076a082",
	"50d628e2-9d2f-4810-93d9-44fb62bf9031",
	"00000000-0000-0000-0000-000000000000",
	2,
	"c1022670-c44d-401e-bb23-dfcef6084fba",
	10,
	39,
	10,
	44,
	10,
	48);
INSERT INTO ACT_SMT
	VALUES ("eb73796a-53eb-4020-ab1f-39341b4408a9",
	"3c2f224b-59a0-4839-8646-82c0ffccf567",
	"00000000-0000-0000-0000-000000000000",
	11,
	3,
	'Goal::nextGoal line: 11');
INSERT INTO ACT_IF
	VALUES ("eb73796a-53eb-4020-ab1f-39341b4408a9",
	"ea51dc47-3a49-43b0-ac9e-5d3c399b0936",
	"4f4b32da-f7cd-4a1e-97cb-376533b87523",
	"00000000-0000-0000-0000-000000000000",
	"00000000-0000-0000-0000-000000000000");
INSERT INTO ACT_SMT
	VALUES ("c97acaba-b777-4dab-b717-176e455e4c73",
	"3c2f224b-59a0-4839-8646-82c0ffccf567",
	"00000000-0000-0000-0000-000000000000",
	13,
	3,
	'Goal::nextGoal line: 13');
INSERT INTO ACT_E
	VALUES ("c97acaba-b777-4dab-b717-176e455e4c73",
	"d3156b67-b368-4da8-bba2-884860776568",
	"eb73796a-53eb-4020-ab1f-39341b4408a9");
INSERT INTO V_VAL
	VALUES ("3f5f5166-ad42-4aeb-83cd-fc8be2bf6cde",
	0,
	0,
	10,
	30,
	36,
	0,
	0,
	0,
	0,
	"ba5eda7a-def5-0000-0000-000000000008",
	"3c2f224b-59a0-4839-8646-82c0ffccf567");
INSERT INTO V_IRF
	VALUES ("3f5f5166-ad42-4aeb-83cd-fc8be2bf6cde",
	"b53b4d96-1f57-48ed-b4f9-0506c08db089");
INSERT INTO V_VAL
	VALUES ("7d58ef74-9175-4d91-88ec-94fd1c47e608",
	0,
	0,
	11,
	18,
	21,
	0,
	0,
	0,
	0,
	"ba5eda7a-def5-0000-0000-000000000008",
	"3c2f224b-59a0-4839-8646-82c0ffccf567");
INSERT INTO V_IRF
	VALUES ("7d58ef74-9175-4d91-88ec-94fd1c47e608",
	"a0952ba6-b01c-4a88-b17e-9c0204620812");
INSERT INTO V_VAL
	VALUES ("bf6b0e28-e6cc-45f8-a158-163e854d0e61",
	0,
	0,
	-1,
	-1,
	-1,
	0,
	0,
	0,
	0,
	"ba5eda7a-def5-0000-0000-000000000001",
	"3c2f224b-59a0-4839-8646-82c0ffccf567");
INSERT INTO V_UNY
	VALUES ("bf6b0e28-e6cc-45f8-a158-163e854d0e61",
	"7d58ef74-9175-4d91-88ec-94fd1c47e608",
	'empty');
INSERT INTO V_VAL
	VALUES ("4f4b32da-f7cd-4a1e-97cb-376533b87523",
	0,
	0,
	-1,
	-1,
	-1,
	0,
	0,
	0,
	0,
	"ba5eda7a-def5-0000-0000-000000000001",
	"3c2f224b-59a0-4839-8646-82c0ffccf567");
INSERT INTO V_UNY
	VALUES ("4f4b32da-f7cd-4a1e-97cb-376533b87523",
	"bf6b0e28-e6cc-45f8-a158-163e854d0e61",
	'not');
INSERT INTO V_VAR
	VALUES ("a0952ba6-b01c-4a88-b17e-9c0204620812",
	"3c2f224b-59a0-4839-8646-82c0ffccf567",
	'goal',
	1,
	"ba5eda7a-def5-0000-0000-000000000008");
INSERT INTO V_INT
	VALUES ("a0952ba6-b01c-4a88-b17e-9c0204620812",
	0,
	"c1022670-c44d-401e-bb23-dfcef6084fba");
INSERT INTO ACT_BLK
	VALUES ("ea51dc47-3a49-43b0-ac9e-5d3c399b0936",
	0,
	0,
	0,
	'V_VAR.Var_ID',
	'',
	'',
	12,
	5,
	0,
	0,
	0,
	0,
	0,
	0,
	0,
	0,
	0,
	0,
	0,
	"92940a7b-47e9-4a55-93af-71eea3c4b979",
	"00000000-0000-0000-0000-000000000000");
INSERT INTO ACT_SMT
	VALUES ("7b80439b-0c75-4277-881a-0869da1dd02c",
	"ea51dc47-3a49-43b0-ac9e-5d3c399b0936",
	"00000000-0000-0000-0000-000000000000",
	12,
	5,
	'Goal::nextGoal line: 12');
INSERT INTO E_ESS
	VALUES ("7b80439b-0c75-4277-881a-0869da1dd02c",
	1,
	0,
	12,
	14,
	12,
	20,
	0,
	0,
	0,
	0,
	0,
	0);
INSERT INTO E_GES
	VALUES ("7b80439b-0c75-4277-881a-0869da1dd02c");
INSERT INTO E_GSME
	VALUES ("7b80439b-0c75-4277-881a-0869da1dd02c",
	"31e33f61-ebe2-4812-ac85-09e65cd0180d");
INSERT INTO E_GEN
	VALUES ("7b80439b-0c75-4277-881a-0869da1dd02c",
	"a0952ba6-b01c-4a88-b17e-9c0204620812");
INSERT INTO ACT_BLK
	VALUES ("d3156b67-b368-4da8-bba2-884860776568",
	1,
	0,
	0,
	'Goal',
	'',
	'',
	16,
	5,
	16,
	5,
	0,
	0,
	0,
	0,
	0,
	0,
	0,
	0,
	0,
	"92940a7b-47e9-4a55-93af-71eea3c4b979",
	"00000000-0000-0000-0000-000000000000");
INSERT INTO ACT_SMT
	VALUES ("83bff116-b5ff-45e7-972c-9b0bca79d944",
	"d3156b67-b368-4da8-bba2-884860776568",
	"1dd483c4-dc4d-4843-86e1-738d16d5ace8",
	14,
	5,
	'Goal::nextGoal line: 14');
INSERT INTO ACT_TFM
	VALUES ("83bff116-b5ff-45e7-972c-9b0bca79d944",
	"315bb3b8-f31c-419f-8d1a-b94447d6e14c",
	"00000000-0000-0000-0000-000000000000",
	14,
	24,
	14,
	5);
INSERT INTO ACT_SMT
	VALUES ("1dd483c4-dc4d-4843-86e1-738d16d5ace8",
	"d3156b67-b368-4da8-bba2-884860776568",
	"00ef464c-9abd-4052-83e6-5e7b1d107a07",
	15,
	5,
	'Goal::nextGoal line: 15');
INSERT INTO ACT_FIO
	VALUES ("1dd483c4-dc4d-4843-86e1-738d16d5ace8",
	"fbe21947-fb8a-42cd-bb09-7a849916725e",
	1,
	'any',
	"ae4c0fc3-9f9a-407d-8bb0-d5d02b735dbb",
	15,
	38);
INSERT INTO ACT_SMT
	VALUES ("00ef464c-9abd-4052-83e6-5e7b1d107a07",
	"d3156b67-b368-4da8-bba2-884860776568",
	"00000000-0000-0000-0000-000000000000",
	16,
	5,
	'Goal::nextGoal line: 16');
INSERT INTO ACT_TFM
	VALUES ("00ef464c-9abd-4052-83e6-5e7b1d107a07",
	"8ac30761-d43a-49d9-b7e4-c3ec442ea9f3",
	"00000000-0000-0000-0000-000000000000",
	16,
	11,
	16,
	5);
INSERT INTO V_VAL
	VALUES ("3ea0bc87-60df-4116-9ed5-f90077d0eb30",
	0,
	0,
	16,
	39,
	41,
	0,
	0,
	0,
	0,
	"ba5eda7a-def5-0000-0000-000000000008",
	"d3156b67-b368-4da8-bba2-884860776568");
INSERT INTO V_IRF
	VALUES ("3ea0bc87-60df-4116-9ed5-f90077d0eb30",
	"fbe21947-fb8a-42cd-bb09-7a849916725e");
INSERT INTO V_VAL
	VALUES ("335e25b4-f0f5-4a4b-9447-7255cff7801d",
	0,
	0,
	16,
	43,
	56,
	0,
	0,
	0,
	0,
	"ba5eda7a-def5-0000-0000-000000000002",
	"d3156b67-b368-4da8-bba2-884860776568");
INSERT INTO V_AVL
	VALUES ("335e25b4-f0f5-4a4b-9447-7255cff7801d",
	"3ea0bc87-60df-4116-9ed5-f90077d0eb30",
	"ae4c0fc3-9f9a-407d-8bb0-d5d02b735dbb",
	"06d10d50-e400-4427-abe5-aee4d6a6c79b");
INSERT INTO V_PAR
	VALUES ("335e25b4-f0f5-4a4b-9447-7255cff7801d",
	"00ef464c-9abd-4052-83e6-5e7b1d107a07",
	"00000000-0000-0000-0000-000000000000",
	'sequenceNumber',
	"00000000-0000-0000-0000-000000000000",
	16,
	23);
INSERT INTO V_VAR
	VALUES ("fbe21947-fb8a-42cd-bb09-7a849916725e",
	"d3156b67-b368-4da8-bba2-884860776568",
	'gsc',
	1,
	"ba5eda7a-def5-0000-0000-000000000008");
INSERT INTO V_INT
	VALUES ("fbe21947-fb8a-42cd-bb09-7a849916725e",
	0,
	"ae4c0fc3-9f9a-407d-8bb0-d5d02b735dbb");
INSERT INTO O_NBATTR
	VALUES ("fa9000ac-0495-47fe-bbaf-66bc8f9a4f0a",
	"c1022670-c44d-401e-bb23-dfcef6084fba");
INSERT INTO O_BATTR
	VALUES ("fa9000ac-0495-47fe-bbaf-66bc8f9a4f0a",
	"c1022670-c44d-401e-bb23-dfcef6084fba");
INSERT INTO O_ATTR
	VALUES ("fa9000ac-0495-47fe-bbaf-66bc8f9a4f0a",
	"c1022670-c44d-401e-bb23-dfcef6084fba",
	"7d60ba72-b691-4687-9636-20d33798168c",
	'disposition',
	'The disposition of this goal.  See data type descriptions for details.
This attribute represents the logical or semantic disposition of the goal.
For example, a disposition indicating the need to increase the value in question
for a heart-rate goal means that activity should be increased to drive up the 
heart rate.  Since pace is the inverse of speed, a disposition indicating 
the need to increase the value in question (pace) means that the user must
increase speed, causing a lower (faster) pace number.',
	'',
	'disposition',
	0,
	"ca91d910-53ec-403c-9551-bfc1a9aa9b73",
	'',
	'');
INSERT INTO O_NBATTR
	VALUES ("7d60ba72-b691-4687-9636-20d33798168c",
	"c1022670-c44d-401e-bb23-dfcef6084fba");
INSERT INTO O_BATTR
	VALUES ("7d60ba72-b691-4687-9636-20d33798168c",
	"c1022670-c44d-401e-bb23-dfcef6084fba");
INSERT INTO O_ATTR
	VALUES ("7d60ba72-b691-4687-9636-20d33798168c",
	"c1022670-c44d-401e-bb23-dfcef6084fba",
	"645a58ca-7e54-4f1b-bb56-64249dab5aaa",
	'startingPoint',
	'Captures the starting point of the span for this particular goal so 
that the end of the goal execution period can be determined.  In other
words, using the value of this attribute together with the span specified
by the associated goal specification, the goal knows when it is finished.

For distance-based goals, it is expressed as the accumulated distance
in meters for the associated workout session at the time this goal
execution commenced.

For time-based goals, it is expressed as the elapsed time in seconds
for the associated workout session at the time this goal execution
commenced.',
	'',
	'startingPoint',
	0,
	"ba5eda7a-def5-0000-0000-000000000003",
	'',
	'');
INSERT INTO O_NBATTR
	VALUES ("645a58ca-7e54-4f1b-bb56-64249dab5aaa",
	"c1022670-c44d-401e-bb23-dfcef6084fba");
INSERT INTO O_BATTR
	VALUES ("645a58ca-7e54-4f1b-bb56-64249dab5aaa",
	"c1022670-c44d-401e-bb23-dfcef6084fba");
INSERT INTO O_ATTR
	VALUES ("645a58ca-7e54-4f1b-bb56-64249dab5aaa",
	"c1022670-c44d-401e-bb23-dfcef6084fba",
	"3d76c79d-be06-4cb9-8efd-0960b4a4e8d4",
	'ID',
	'An arbitrary identifier.',
	'',
	'ID',
	0,
	"ba5eda7a-def5-0000-0000-000000000002",
	'',
	'');
INSERT INTO O_NBATTR
	VALUES ("c307e400-f06b-4450-8e3c-94dadad961ff",
	"c1022670-c44d-401e-bb23-dfcef6084fba");
INSERT INTO O_BATTR
	VALUES ("c307e400-f06b-4450-8e3c-94dadad961ff",
	"c1022670-c44d-401e-bb23-dfcef6084fba");
INSERT INTO O_ATTR
	VALUES ("c307e400-f06b-4450-8e3c-94dadad961ff",
	"c1022670-c44d-401e-bb23-dfcef6084fba",
	"0078004b-9cab-4a56-beac-5014d746ad80",
	'current_state',
	'',
	'',
	'current_state',
	0,
	"ba5eda7a-def5-0000-0000-000000000006",
	'',
	'');
INSERT INTO O_NBATTR
	VALUES ("0078004b-9cab-4a56-beac-5014d746ad80",
	"c1022670-c44d-401e-bb23-dfcef6084fba");
INSERT INTO O_BATTR
	VALUES ("0078004b-9cab-4a56-beac-5014d746ad80",
	"c1022670-c44d-401e-bb23-dfcef6084fba");
INSERT INTO O_ATTR
	VALUES ("0078004b-9cab-4a56-beac-5014d746ad80",
	"c1022670-c44d-401e-bb23-dfcef6084fba",
	"fa9000ac-0495-47fe-bbaf-66bc8f9a4f0a",
	'evaluationTimer',
	'Handle for the timer used for periodic evaluation of goal achievement.',
	'',
	'evaluationTimer',
	0,
	"ba5eda7a-def5-0000-0000-00000000000f",
	'',
	'');
INSERT INTO O_REF
	VALUES ("c1022670-c44d-401e-bb23-dfcef6084fba",
	"2522ffa2-db69-4807-ab45-06acf4cf893a",
	0,
	"7f25f45e-231c-4cfe-9481-7a86cabddbc6",
	"3755f3e3-3d22-4f05-a9f0-c93d3c6abd63",
	"1a3c1f16-1745-437e-ac26-ef2937c8b848",
	"1f79ee91-1a74-4f00-9af6-9b604e484ee3",
	"1112db20-38b9-44b6-8df7-863caab66a7d",
	"c8d0f0bc-e086-41a6-a660-9d04be9cf22d",
	"00000000-0000-0000-0000-000000000000",
	0,
	'',
	'WorkoutSession',
	'startTime',
	'R13.''was_executed_within''');
INSERT INTO O_REF
	VALUES ("c1022670-c44d-401e-bb23-dfcef6084fba",
	"be6ddd8b-37a5-4534-961b-772bb1d940ac",
	0,
	"f08d1723-c13d-473f-8cd7-05a3f01d3371",
	"78e3e6fd-b6ad-409d-a611-d20499f533da",
	"cc941d1a-91c0-4a00-bb57-a12ecc6ca730",
	"1be532cc-2fbf-44d1-9191-7709ed4ca8d3",
	"1112db20-38b9-44b6-8df7-863caab66a7d",
	"b620f1b2-2a37-460b-8647-1d0eb8f45551",
	"c8d0f0bc-e086-41a6-a660-9d04be9cf22d",
	0,
	'',
	'GoalSpec',
	'session_startTime',
	'R9.''specified_by''');
INSERT INTO O_REF
	VALUES ("c1022670-c44d-401e-bb23-dfcef6084fba",
	"2522ffa2-db69-4807-ab45-06acf4cf893a",
	0,
	"7f25f45e-231c-4cfe-9481-7a86cabddbc6",
	"50d628e2-9d2f-4810-93d9-44fb62bf9031",
	"62d3817a-02aa-41ba-bc02-551f647fb72c",
	"0fdd3b5c-09f1-4937-9a82-2e862994e826",
	"1112db20-38b9-44b6-8df7-863caab66a7d",
	"e83e0d4c-b5d8-4f1f-89d7-f155c667d9db",
	"b620f1b2-2a37-460b-8647-1d0eb8f45551",
	0,
	'',
	'WorkoutSession',
	'startTime',
	'R11.''is_currently_executing_within''');
INSERT INTO O_RATTR
	VALUES ("1112db20-38b9-44b6-8df7-863caab66a7d",
	"c1022670-c44d-401e-bb23-dfcef6084fba",
	"7f25f45e-231c-4cfe-9481-7a86cabddbc6",
	"2522ffa2-db69-4807-ab45-06acf4cf893a",
	1,
	'startTime');
INSERT INTO O_ATTR
	VALUES ("1112db20-38b9-44b6-8df7-863caab66a7d",
	"c1022670-c44d-401e-bb23-dfcef6084fba",
	"00000000-0000-0000-0000-000000000000",
	'session_startTime',
	'



',
	'session_',
	'startTime',
	1,
	"ba5eda7a-def5-0000-0000-000000000007",
	'',
	'');
INSERT INTO O_REF
	VALUES ("c1022670-c44d-401e-bb23-dfcef6084fba",
	"be6ddd8b-37a5-4534-961b-772bb1d940ac",
	0,
	"f568c69e-b0ba-41ee-aef1-25eb2c07142f",
	"78e3e6fd-b6ad-409d-a611-d20499f533da",
	"cc941d1a-91c0-4a00-bb57-a12ecc6ca730",
	"1be532cc-2fbf-44d1-9191-7709ed4ca8d3",
	"3d76c79d-be06-4cb9-8efd-0960b4a4e8d4",
	"e71bfd78-da17-4d5b-9713-51764e84889e",
	"00000000-0000-0000-0000-000000000000",
	0,
	'',
	'GoalSpec',
	'sequenceNumber',
	'R9.''specified_by''');
INSERT INTO O_RATTR
	VALUES ("3d76c79d-be06-4cb9-8efd-0960b4a4e8d4",
	"c1022670-c44d-401e-bb23-dfcef6084fba",
	"f568c69e-b0ba-41ee-aef1-25eb2c07142f",
	"be6ddd8b-37a5-4534-961b-772bb1d940ac",
	1,
	'sequenceNumber');
INSERT INTO O_ATTR
	VALUES ("3d76c79d-be06-4cb9-8efd-0960b4a4e8d4",
	"c1022670-c44d-401e-bb23-dfcef6084fba",
	"1112db20-38b9-44b6-8df7-863caab66a7d",
	'spec_sequenceNumber',
	'',
	'spec_',
	'sequenceNumber',
	1,
	"ba5eda7a-def5-0000-0000-000000000007",
	'',
	'');
INSERT INTO O_ID
	VALUES (0,
	"c1022670-c44d-401e-bb23-dfcef6084fba");
INSERT INTO O_OIDA
	VALUES ("1112db20-38b9-44b6-8df7-863caab66a7d",
	"c1022670-c44d-401e-bb23-dfcef6084fba",
	0,
	'session_startTime');
INSERT INTO O_OIDA
	VALUES ("645a58ca-7e54-4f1b-bb56-64249dab5aaa",
	"c1022670-c44d-401e-bb23-dfcef6084fba",
	0,
	'ID');
INSERT INTO O_OIDA
	VALUES ("3d76c79d-be06-4cb9-8efd-0960b4a4e8d4",
	"c1022670-c44d-401e-bb23-dfcef6084fba",
	0,
	'spec_sequenceNumber');
INSERT INTO O_ID
	VALUES (1,
	"c1022670-c44d-401e-bb23-dfcef6084fba");
INSERT INTO O_ID
	VALUES (2,
	"c1022670-c44d-401e-bb23-dfcef6084fba");
INSERT INTO SM_ISM
	VALUES ("7fc80988-4415-437c-acc5-4c130cc2715d",
	"c1022670-c44d-401e-bb23-dfcef6084fba");
INSERT INTO SM_SM
	VALUES ("7fc80988-4415-437c-acc5-4c130cc2715d",
	'',
	0);
INSERT INTO SM_MOORE
	VALUES ("7fc80988-4415-437c-acc5-4c130cc2715d");
INSERT INTO SM_LEVT
	VALUES ("31e33f61-ebe2-4812-ac85-09e65cd0180d",
	"7fc80988-4415-437c-acc5-4c130cc2715d",
	"00000000-0000-0000-0000-000000000000");
INSERT INTO SM_SEVT
	VALUES ("31e33f61-ebe2-4812-ac85-09e65cd0180d",
	"7fc80988-4415-437c-acc5-4c130cc2715d",
	"00000000-0000-0000-0000-000000000000");
INSERT INTO SM_EVT
	VALUES ("31e33f61-ebe2-4812-ac85-09e65cd0180d",
	"7fc80988-4415-437c-acc5-4c130cc2715d",
	"00000000-0000-0000-0000-000000000000",
	1,
	'Completed',
	0,
	'',
	'Goal1',
	'Indicates that execution of this goal has been completed.  ');
INSERT INTO SM_LEVT
	VALUES ("5706c37b-a57c-4258-ad16-eba5b972f5bf",
	"7fc80988-4415-437c-acc5-4c130cc2715d",
	"00000000-0000-0000-0000-000000000000");
INSERT INTO SM_SEVT
	VALUES ("5706c37b-a57c-4258-ad16-eba5b972f5bf",
	"7fc80988-4415-437c-acc5-4c130cc2715d",
	"00000000-0000-0000-0000-000000000000");
INSERT INTO SM_EVT
	VALUES ("5706c37b-a57c-4258-ad16-eba5b972f5bf",
	"7fc80988-4415-437c-acc5-4c130cc2715d",
	"00000000-0000-0000-0000-000000000000",
	2,
	'Evaluate',
	0,
	'',
	'Goal2',
	'Indicates that this goal should be evaluated for completeness and achievement.');
INSERT INTO SM_LEVT
	VALUES ("38485f6b-0130-479f-ae4d-fdf6dfa8a9e8",
	"7fc80988-4415-437c-acc5-4c130cc2715d",
	"00000000-0000-0000-0000-000000000000");
INSERT INTO SM_SEVT
	VALUES ("38485f6b-0130-479f-ae4d-fdf6dfa8a9e8",
	"7fc80988-4415-437c-acc5-4c130cc2715d",
	"00000000-0000-0000-0000-000000000000");
INSERT INTO SM_EVT
	VALUES ("38485f6b-0130-479f-ae4d-fdf6dfa8a9e8",
	"7fc80988-4415-437c-acc5-4c130cc2715d",
	"00000000-0000-0000-0000-000000000000",
	3,
	'Pause',
	0,
	'',
	'Goal3',
	'');
INSERT INTO SM_LEVT
	VALUES ("05e61996-8b11-42a2-9550-5d90a7a3b580",
	"7fc80988-4415-437c-acc5-4c130cc2715d",
	"00000000-0000-0000-0000-000000000000");
INSERT INTO SM_SEVT
	VALUES ("05e61996-8b11-42a2-9550-5d90a7a3b580",
	"7fc80988-4415-437c-acc5-4c130cc2715d",
	"00000000-0000-0000-0000-000000000000");
INSERT INTO SM_EVT
	VALUES ("05e61996-8b11-42a2-9550-5d90a7a3b580",
	"7fc80988-4415-437c-acc5-4c130cc2715d",
	"00000000-0000-0000-0000-000000000000",
	4,
	'evaluationComplete',
	0,
	'',
	'Goal4',
	'');
INSERT INTO SM_STATE
	VALUES ("d1099fe6-d28b-4da7-9fbb-d9dcd382d03f",
	"7fc80988-4415-437c-acc5-4c130cc2715d",
	"00000000-0000-0000-0000-000000000000",
	'Executing',
	1,
	0);
INSERT INTO SM_SEME
	VALUES ("d1099fe6-d28b-4da7-9fbb-d9dcd382d03f",
	"31e33f61-ebe2-4812-ac85-09e65cd0180d",
	"7fc80988-4415-437c-acc5-4c130cc2715d",
	"00000000-0000-0000-0000-000000000000");
INSERT INTO SM_SEME
	VALUES ("d1099fe6-d28b-4da7-9fbb-d9dcd382d03f",
	"5706c37b-a57c-4258-ad16-eba5b972f5bf",
	"7fc80988-4415-437c-acc5-4c130cc2715d",
	"00000000-0000-0000-0000-000000000000");
INSERT INTO SM_SEME
	VALUES ("d1099fe6-d28b-4da7-9fbb-d9dcd382d03f",
	"38485f6b-0130-479f-ae4d-fdf6dfa8a9e8",
	"7fc80988-4415-437c-acc5-4c130cc2715d",
	"00000000-0000-0000-0000-000000000000");
INSERT INTO SM_CH
	VALUES ("d1099fe6-d28b-4da7-9fbb-d9dcd382d03f",
	"05e61996-8b11-42a2-9550-5d90a7a3b580",
	"7fc80988-4415-437c-acc5-4c130cc2715d",
	"00000000-0000-0000-0000-000000000000",
	'');
INSERT INTO SM_SEME
	VALUES ("d1099fe6-d28b-4da7-9fbb-d9dcd382d03f",
	"05e61996-8b11-42a2-9550-5d90a7a3b580",
	"7fc80988-4415-437c-acc5-4c130cc2715d",
	"00000000-0000-0000-0000-000000000000");
INSERT INTO SM_MOAH
	VALUES ("68a5f818-7dab-42d9-8593-79e79e2cc28b",
	"7fc80988-4415-437c-acc5-4c130cc2715d",
	"d1099fe6-d28b-4da7-9fbb-d9dcd382d03f");
INSERT INTO SM_AH
	VALUES ("68a5f818-7dab-42d9-8593-79e79e2cc28b",
	"7fc80988-4415-437c-acc5-4c130cc2715d");
INSERT INTO SM_ACT
	VALUES ("68a5f818-7dab-42d9-8593-79e79e2cc28b",
	"7fc80988-4415-437c-acc5-4c130cc2715d",
	1,
	'// Determine whether this goal is currently being achieved.
disposition = self.evaluateAchievement();

// Update achievement records if necessary.  There are four cases:
//   0. Still not achieving this goal. 
//   1. Just started achieving this goal.
//   2. Just stopped achieving this goal.
//   3. Still achieving this goal.
// For cases 0 and 3, there is nothing to be done for achievement records.
// Case 1 requires the creation of a new achievment record, storing the start time.
// Case 2 requires the storing of the end time for the open achievement record.
if ( (self.disposition != GoalDisposition::Achieving) and (disposition == GoalDisposition::Achieving) )
  // Case 1, create achievement record, store start time, relate it as open record.
  select one workoutTimer related by self->WorkoutSession[R11.''is_currently_executing_within'']->WorkoutTimer[R8.''is_timed_by''];
  create object instance achievement of Achievement; achievement.startTime = workoutTimer.time;
  relate self to achievement across R14.''has_open'';
elif ( (self.disposition == GoalDisposition::Achieving) and (disposition != GoalDisposition::Achieving) )
  // Case 2, store end time, relate as recorded record, unrelate as open record.
  select one achievement related by self->Achievement[R14.''has_open''];
  achievement.close();
end if;

// Update disposition of this goal.
self.disposition = disposition;

// Determine whether execution of this goal is complete, 
//  and if so, advance to the next one if it exists.
self.evaluateCompletion();',
	'',
	0);
INSERT INTO ACT_SAB
	VALUES ("81576b0a-6d8a-4c40-b5b4-366569bddd7e",
	"7fc80988-4415-437c-acc5-4c130cc2715d",
	"68a5f818-7dab-42d9-8593-79e79e2cc28b");
INSERT INTO ACT_ACT
	VALUES ("81576b0a-6d8a-4c40-b5b4-366569bddd7e",
	'state',
	0,
	"9181bfb4-0181-4350-8324-014dd02af903",
	"00000000-0000-0000-0000-000000000000",
	0,
	'Goal::Executing',
	"00000000-0000-0000-0000-000000000000");
INSERT INTO ACT_BLK
	VALUES ("9181bfb4-0181-4350-8324-014dd02af903",
	0,
	0,
	0,
	'',
	'',
	'',
	28,
	1,
	0,
	0,
	0,
	0,
	0,
	0,
	0,
	0,
	17,
	77,
	0,
	"81576b0a-6d8a-4c40-b5b4-366569bddd7e",
	"00000000-0000-0000-0000-000000000000");
INSERT INTO ACT_SMT
	VALUES ("a79abff8-f3e8-4c21-917a-59712d3c09bc",
	"9181bfb4-0181-4350-8324-014dd02af903",
	"5b1215cf-9370-4e11-b3ff-86d0f20a1a1e",
	2,
	1,
	'Goal::Executing line: 2');
INSERT INTO ACT_AI
	VALUES ("a79abff8-f3e8-4c21-917a-59712d3c09bc",
	"eaf51113-c3bd-4636-b3f4-a051d61afc71",
	"ec0d11de-f241-478c-8b88-170ae6395d8e",
	0,
	0);
INSERT INTO ACT_SMT
	VALUES ("5b1215cf-9370-4e11-b3ff-86d0f20a1a1e",
	"9181bfb4-0181-4350-8324-014dd02af903",
	"30cb861e-b5af-4b9b-ae9c-1afd7baf73e0",
	12,
	1,
	'Goal::Executing line: 12');
INSERT INTO ACT_IF
	VALUES ("5b1215cf-9370-4e11-b3ff-86d0f20a1a1e",
	"d66f4331-9aaa-4940-ba88-c126983afc13",
	"bd687fcb-0f54-4935-861a-246bf76aee38",
	"00000000-0000-0000-0000-000000000000",
	"00000000-0000-0000-0000-000000000000");
INSERT INTO ACT_SMT
	VALUES ("a2248225-1e81-4303-86e8-eca5b789c4b8",
	"9181bfb4-0181-4350-8324-014dd02af903",
	"00000000-0000-0000-0000-000000000000",
	17,
	1,
	'Goal::Executing line: 17');
INSERT INTO ACT_EL
	VALUES ("a2248225-1e81-4303-86e8-eca5b789c4b8",
	"748256f0-1d14-4017-8432-05c85a6b3ec9",
	"c820229a-d3b3-4264-ad6d-2d66e087e9f0",
	"5b1215cf-9370-4e11-b3ff-86d0f20a1a1e");
INSERT INTO ACT_SMT
	VALUES ("30cb861e-b5af-4b9b-ae9c-1afd7baf73e0",
	"9181bfb4-0181-4350-8324-014dd02af903",
	"79df6a48-dd1d-4cb7-a8ce-50870d0e5cfa",
	24,
	1,
	'Goal::Executing line: 24');
INSERT INTO ACT_AI
	VALUES ("30cb861e-b5af-4b9b-ae9c-1afd7baf73e0",
	"ae0cd670-5b3c-4bba-a7e0-1d2ba0192abd",
	"e0c9b577-fdd5-45d9-860c-9524581926f1",
	0,
	0);
INSERT INTO ACT_SMT
	VALUES ("79df6a48-dd1d-4cb7-a8ce-50870d0e5cfa",
	"9181bfb4-0181-4350-8324-014dd02af903",
	"00000000-0000-0000-0000-000000000000",
	28,
	1,
	'Goal::Executing line: 28');
INSERT INTO ACT_TFM
	VALUES ("79df6a48-dd1d-4cb7-a8ce-50870d0e5cfa",
	"7090ad22-2865-4836-a89f-a46b868d3ac0",
	"dd6d3f19-5541-4082-96bd-93ae99bb888c",
	28,
	6,
	0,
	0);
INSERT INTO V_VAL
	VALUES ("ec0d11de-f241-478c-8b88-170ae6395d8e",
	1,
	1,
	2,
	1,
	11,
	0,
	0,
	0,
	0,
	"ca91d910-53ec-403c-9551-bfc1a9aa9b73",
	"9181bfb4-0181-4350-8324-014dd02af903");
INSERT INTO V_TVL
	VALUES ("ec0d11de-f241-478c-8b88-170ae6395d8e",
	"355b849e-6cbe-4802-b900-ea74f04f3214");
INSERT INTO V_VAL
	VALUES ("eaf51113-c3bd-4636-b3f4-a051d61afc71",
	0,
	0,
	2,
	20,
	-1,
	0,
	0,
	0,
	0,
	"ca91d910-53ec-403c-9551-bfc1a9aa9b73",
	"9181bfb4-0181-4350-8324-014dd02af903");
INSERT INTO V_TRV
	VALUES ("eaf51113-c3bd-4636-b3f4-a051d61afc71",
	"2b884ff8-637a-468b-a2fa-f96b8ef98b0a",
	"dd6d3f19-5541-4082-96bd-93ae99bb888c",
	1,
	0,
	0);
INSERT INTO V_VAL
	VALUES ("25aa1c7a-7d7e-4a5f-944a-d7170f30c72b",
	0,
	0,
	12,
	7,
	10,
	0,
	0,
	0,
	0,
	"ba5eda7a-def5-0000-0000-000000000008",
	"9181bfb4-0181-4350-8324-014dd02af903");
INSERT INTO V_IRF
	VALUES ("25aa1c7a-7d7e-4a5f-944a-d7170f30c72b",
	"dd6d3f19-5541-4082-96bd-93ae99bb888c");
INSERT INTO V_VAL
	VALUES ("2e04a365-e001-488c-954c-c5872b75e485",
	0,
	0,
	12,
	12,
	22,
	0,
	0,
	0,
	0,
	"ca91d910-53ec-403c-9551-bfc1a9aa9b73",
	"9181bfb4-0181-4350-8324-014dd02af903");
INSERT INTO V_AVL
	VALUES ("2e04a365-e001-488c-954c-c5872b75e485",
	"25aa1c7a-7d7e-4a5f-944a-d7170f30c72b",
	"c1022670-c44d-401e-bb23-dfcef6084fba",
	"fa9000ac-0495-47fe-bbaf-66bc8f9a4f0a");
INSERT INTO V_VAL
	VALUES ("50398905-b44f-4c17-a4d0-d073784b4b9c",
	0,
	0,
	12,
	12,
	52,
	0,
	0,
	0,
	0,
	"ba5eda7a-def5-0000-0000-000000000001",
	"9181bfb4-0181-4350-8324-014dd02af903");
INSERT INTO V_BIN
	VALUES ("50398905-b44f-4c17-a4d0-d073784b4b9c",
	"d09aac46-c7ef-483f-ad9d-e539d4833e41",
	"2e04a365-e001-488c-954c-c5872b75e485",
	'!=');
INSERT INTO V_VAL
	VALUES ("d09aac46-c7ef-483f-ad9d-e539d4833e41",
	0,
	0,
	12,
	44,
	52,
	0,
	0,
	0,
	0,
	"ca91d910-53ec-403c-9551-bfc1a9aa9b73",
	"9181bfb4-0181-4350-8324-014dd02af903");
INSERT INTO V_LEN
	VALUES ("d09aac46-c7ef-483f-ad9d-e539d4833e41",
	"42d59715-a1d3-4693-82cd-e43c5e41c1cd",
	12,
	27);
INSERT INTO V_VAL
	VALUES ("f9064fe1-2625-41f1-8d9b-49c3907e2e57",
	0,
	0,
	12,
	60,
	70,
	0,
	0,
	0,
	0,
	"ca91d910-53ec-403c-9551-bfc1a9aa9b73",
	"9181bfb4-0181-4350-8324-014dd02af903");
INSERT INTO V_TVL
	VALUES ("f9064fe1-2625-41f1-8d9b-49c3907e2e57",
	"355b849e-6cbe-4802-b900-ea74f04f3214");
INSERT INTO V_VAL
	VALUES ("9578d2e7-b94d-4b70-b520-67b7ae34cedd",
	0,
	0,
	12,
	60,
	100,
	0,
	0,
	0,
	0,
	"ba5eda7a-def5-0000-0000-000000000001",
	"9181bfb4-0181-4350-8324-014dd02af903");
INSERT INTO V_BIN
	VALUES ("9578d2e7-b94d-4b70-b520-67b7ae34cedd",
	"805c9c2f-f9ab-47fa-827e-55b06e15b886",
	"f9064fe1-2625-41f1-8d9b-49c3907e2e57",
	'==');
INSERT INTO V_VAL
	VALUES ("805c9c2f-f9ab-47fa-827e-55b06e15b886",
	0,
	0,
	12,
	92,
	100,
	0,
	0,
	0,
	0,
	"ca91d910-53ec-403c-9551-bfc1a9aa9b73",
	"9181bfb4-0181-4350-8324-014dd02af903");
INSERT INTO V_LEN
	VALUES ("805c9c2f-f9ab-47fa-827e-55b06e15b886",
	"42d59715-a1d3-4693-82cd-e43c5e41c1cd",
	12,
	75);
INSERT INTO V_VAL
	VALUES ("bd687fcb-0f54-4935-861a-246bf76aee38",
	0,
	0,
	12,
	12,
	100,
	0,
	0,
	0,
	0,
	"ba5eda7a-def5-0000-0000-000000000001",
	"9181bfb4-0181-4350-8324-014dd02af903");
INSERT INTO V_BIN
	VALUES ("bd687fcb-0f54-4935-861a-246bf76aee38",
	"9578d2e7-b94d-4b70-b520-67b7ae34cedd",
	"50398905-b44f-4c17-a4d0-d073784b4b9c",
	'and');
INSERT INTO V_VAL
	VALUES ("5e17086a-0c79-4d12-ad5e-60370e7780df",
	0,
	0,
	17,
	9,
	12,
	0,
	0,
	0,
	0,
	"ba5eda7a-def5-0000-0000-000000000008",
	"9181bfb4-0181-4350-8324-014dd02af903");
INSERT INTO V_IRF
	VALUES ("5e17086a-0c79-4d12-ad5e-60370e7780df",
	"dd6d3f19-5541-4082-96bd-93ae99bb888c");
INSERT INTO V_VAL
	VALUES ("f5201f34-2068-49bc-aa79-32b393a71045",
	0,
	0,
	17,
	14,
	24,
	0,
	0,
	0,
	0,
	"ca91d910-53ec-403c-9551-bfc1a9aa9b73",
	"9181bfb4-0181-4350-8324-014dd02af903");
INSERT INTO V_AVL
	VALUES ("f5201f34-2068-49bc-aa79-32b393a71045",
	"5e17086a-0c79-4d12-ad5e-60370e7780df",
	"c1022670-c44d-401e-bb23-dfcef6084fba",
	"fa9000ac-0495-47fe-bbaf-66bc8f9a4f0a");
INSERT INTO V_VAL
	VALUES ("21ae4652-7a30-46f5-9429-c4c3c2944ffc",
	0,
	0,
	17,
	14,
	54,
	0,
	0,
	0,
	0,
	"ba5eda7a-def5-0000-0000-000000000001",
	"9181bfb4-0181-4350-8324-014dd02af903");
INSERT INTO V_BIN
	VALUES ("21ae4652-7a30-46f5-9429-c4c3c2944ffc",
	"2f259bc0-8f06-4f00-a0c4-36cd864c553a",
	"f5201f34-2068-49bc-aa79-32b393a71045",
	'==');
INSERT INTO V_VAL
	VALUES ("2f259bc0-8f06-4f00-a0c4-36cd864c553a",
	0,
	0,
	17,
	46,
	54,
	0,
	0,
	0,
	0,
	"ca91d910-53ec-403c-9551-bfc1a9aa9b73",
	"9181bfb4-0181-4350-8324-014dd02af903");
INSERT INTO V_LEN
	VALUES ("2f259bc0-8f06-4f00-a0c4-36cd864c553a",
	"42d59715-a1d3-4693-82cd-e43c5e41c1cd",
	17,
	29);
INSERT INTO V_VAL
	VALUES ("b0e50cff-1903-4637-b793-2bd07ac34902",
	0,
	0,
	17,
	62,
	72,
	0,
	0,
	0,
	0,
	"ca91d910-53ec-403c-9551-bfc1a9aa9b73",
	"9181bfb4-0181-4350-8324-014dd02af903");
INSERT INTO V_TVL
	VALUES ("b0e50cff-1903-4637-b793-2bd07ac34902",
	"355b849e-6cbe-4802-b900-ea74f04f3214");
INSERT INTO V_VAL
	VALUES ("bcde0b6e-d932-4203-8a4c-e880c262471f",
	0,
	0,
	17,
	62,
	102,
	0,
	0,
	0,
	0,
	"ba5eda7a-def5-0000-0000-000000000001",
	"9181bfb4-0181-4350-8324-014dd02af903");
INSERT INTO V_BIN
	VALUES ("bcde0b6e-d932-4203-8a4c-e880c262471f",
	"1415a2b3-4183-4a09-b49b-206fa9d0abfd",
	"b0e50cff-1903-4637-b793-2bd07ac34902",
	'!=');
INSERT INTO V_VAL
	VALUES ("1415a2b3-4183-4a09-b49b-206fa9d0abfd",
	0,
	0,
	17,
	94,
	102,
	0,
	0,
	0,
	0,
	"ca91d910-53ec-403c-9551-bfc1a9aa9b73",
	"9181bfb4-0181-4350-8324-014dd02af903");
INSERT INTO V_LEN
	VALUES ("1415a2b3-4183-4a09-b49b-206fa9d0abfd",
	"42d59715-a1d3-4693-82cd-e43c5e41c1cd",
	17,
	77);
INSERT INTO V_VAL
	VALUES ("c820229a-d3b3-4264-ad6d-2d66e087e9f0",
	0,
	0,
	17,
	14,
	102,
	0,
	0,
	0,
	0,
	"ba5eda7a-def5-0000-0000-000000000001",
	"9181bfb4-0181-4350-8324-014dd02af903");
INSERT INTO V_BIN
	VALUES ("c820229a-d3b3-4264-ad6d-2d66e087e9f0",
	"bcde0b6e-d932-4203-8a4c-e880c262471f",
	"21ae4652-7a30-46f5-9429-c4c3c2944ffc",
	'and');
INSERT INTO V_VAL
	VALUES ("433e75d1-50ad-43ae-aa8f-2a0a42fa7e23",
	1,
	0,
	24,
	1,
	4,
	0,
	0,
	0,
	0,
	"ba5eda7a-def5-0000-0000-000000000008",
	"9181bfb4-0181-4350-8324-014dd02af903");
INSERT INTO V_IRF
	VALUES ("433e75d1-50ad-43ae-aa8f-2a0a42fa7e23",
	"dd6d3f19-5541-4082-96bd-93ae99bb888c");
INSERT INTO V_VAL
	VALUES ("e0c9b577-fdd5-45d9-860c-9524581926f1",
	1,
	0,
	24,
	6,
	16,
	0,
	0,
	0,
	0,
	"ca91d910-53ec-403c-9551-bfc1a9aa9b73",
	"9181bfb4-0181-4350-8324-014dd02af903");
INSERT INTO V_AVL
	VALUES ("e0c9b577-fdd5-45d9-860c-9524581926f1",
	"433e75d1-50ad-43ae-aa8f-2a0a42fa7e23",
	"c1022670-c44d-401e-bb23-dfcef6084fba",
	"fa9000ac-0495-47fe-bbaf-66bc8f9a4f0a");
INSERT INTO V_VAL
	VALUES ("ae0cd670-5b3c-4bba-a7e0-1d2ba0192abd",
	0,
	0,
	24,
	20,
	30,
	0,
	0,
	0,
	0,
	"ca91d910-53ec-403c-9551-bfc1a9aa9b73",
	"9181bfb4-0181-4350-8324-014dd02af903");
INSERT INTO V_TVL
	VALUES ("ae0cd670-5b3c-4bba-a7e0-1d2ba0192abd",
	"355b849e-6cbe-4802-b900-ea74f04f3214");
INSERT INTO V_VAR
	VALUES ("355b849e-6cbe-4802-b900-ea74f04f3214",
	"9181bfb4-0181-4350-8324-014dd02af903",
	'disposition',
	1,
	"ca91d910-53ec-403c-9551-bfc1a9aa9b73");
INSERT INTO V_TRN
	VALUES ("355b849e-6cbe-4802-b900-ea74f04f3214",
	"00000000-0000-0000-0000-000000000000",
	'');
INSERT INTO V_VAR
	VALUES ("dd6d3f19-5541-4082-96bd-93ae99bb888c",
	"9181bfb4-0181-4350-8324-014dd02af903",
	'self',
	1,
	"ba5eda7a-def5-0000-0000-000000000008");
INSERT INTO V_INT
	VALUES ("dd6d3f19-5541-4082-96bd-93ae99bb888c",
	0,
	"c1022670-c44d-401e-bb23-dfcef6084fba");
INSERT INTO ACT_BLK
	VALUES ("d66f4331-9aaa-4940-ba88-c126983afc13",
	1,
	0,
	0,
	'''has_open''',
	'',
	'',
	16,
	3,
	15,
	41,
	0,
	0,
	16,
	37,
	16,
	41,
	0,
	0,
	0,
	"81576b0a-6d8a-4c40-b5b4-366569bddd7e",
	"00000000-0000-0000-0000-000000000000");
INSERT INTO ACT_SMT
	VALUES ("d6dd4a4a-b552-46e3-a4cb-52b4b6c3634d",
	"d66f4331-9aaa-4940-ba88-c126983afc13",
	"0e8b673e-852a-49bb-96f6-55eeb61af20f",
	14,
	3,
	'Goal::Executing line: 14');
INSERT INTO ACT_SEL
	VALUES ("d6dd4a4a-b552-46e3-a4cb-52b4b6c3634d",
	"0455558f-d7c2-4a7a-aba2-0ee5562ca866",
	1,
	'one',
	"ff906fc7-4453-4cf4-85bf-fc5351675ef6");
INSERT INTO ACT_SR
	VALUES ("d6dd4a4a-b552-46e3-a4cb-52b4b6c3634d");
INSERT INTO ACT_LNK
	VALUES ("9333c414-6b94-4692-b9a1-6be1ac4d5372",
	'''is_currently_executing_within''',
	"d6dd4a4a-b552-46e3-a4cb-52b4b6c3634d",
	"50d628e2-9d2f-4810-93d9-44fb62bf9031",
	"584c7f42-571d-4e1b-adba-65c5a80bac31",
	2,
	"2522ffa2-db69-4807-ab45-06acf4cf893a",
	14,
	44,
	14,
	59,
	14,
	63);
INSERT INTO ACT_LNK
	VALUES ("584c7f42-571d-4e1b-adba-65c5a80bac31",
	'''is_timed_by''',
	"00000000-0000-0000-0000-000000000000",
	"b04987ba-d80b-4527-a1fd-894139a710d8",
	"00000000-0000-0000-0000-000000000000",
	2,
	"8d4b82cf-ec16-4fd9-925b-0e51eb64a2f7",
	14,
	97,
	14,
	110,
	14,
	113);
INSERT INTO ACT_SMT
	VALUES ("0e8b673e-852a-49bb-96f6-55eeb61af20f",
	"d66f4331-9aaa-4940-ba88-c126983afc13",
	"7aae73c6-6968-4230-883e-0a57146dc51b",
	15,
	3,
	'Goal::Executing line: 15');
INSERT INTO ACT_CR
	VALUES ("0e8b673e-852a-49bb-96f6-55eeb61af20f",
	"cb12dc42-dfe0-48e2-b37a-8fd22f9f7714",
	1,
	"313e48f7-0516-49bd-9401-5c67c2e55db9",
	15,
	41);
INSERT INTO ACT_SMT
	VALUES ("7aae73c6-6968-4230-883e-0a57146dc51b",
	"d66f4331-9aaa-4940-ba88-c126983afc13",
	"5ea0c38c-b8bb-4bad-8b53-6e40039a4dad",
	15,
	54,
	'Goal::Executing line: 15');
INSERT INTO ACT_AI
	VALUES ("7aae73c6-6968-4230-883e-0a57146dc51b",
	"00bc25ab-548a-4cc0-8007-67aefa442901",
	"87503d4c-7bd3-489b-ad97-9ba061308d90",
	0,
	0);
INSERT INTO ACT_SMT
	VALUES ("5ea0c38c-b8bb-4bad-8b53-6e40039a4dad",
	"d66f4331-9aaa-4940-ba88-c126983afc13",
	"00000000-0000-0000-0000-000000000000",
	16,
	3,
	'Goal::Executing line: 16');
INSERT INTO ACT_REL
	VALUES ("5ea0c38c-b8bb-4bad-8b53-6e40039a4dad",
	"dd6d3f19-5541-4082-96bd-93ae99bb888c",
	"cb12dc42-dfe0-48e2-b37a-8fd22f9f7714",
	'''has_open''',
	"bc95f1bf-69a4-4013-ab97-58e1c1b23b15",
	16,
	37,
	16,
	41);
INSERT INTO V_VAL
	VALUES ("ff906fc7-4453-4cf4-85bf-fc5351675ef6",
	0,
	0,
	14,
	38,
	41,
	0,
	0,
	0,
	0,
	"ba5eda7a-def5-0000-0000-000000000008",
	"d66f4331-9aaa-4940-ba88-c126983afc13");
INSERT INTO V_IRF
	VALUES ("ff906fc7-4453-4cf4-85bf-fc5351675ef6",
	"dd6d3f19-5541-4082-96bd-93ae99bb888c");
INSERT INTO V_VAL
	VALUES ("7692b002-7173-4047-92dc-7911328d9d3d",
	1,
	0,
	15,
	54,
	64,
	0,
	0,
	0,
	0,
	"ba5eda7a-def5-0000-0000-000000000008",
	"d66f4331-9aaa-4940-ba88-c126983afc13");
INSERT INTO V_IRF
	VALUES ("7692b002-7173-4047-92dc-7911328d9d3d",
	"cb12dc42-dfe0-48e2-b37a-8fd22f9f7714");
INSERT INTO V_VAL
	VALUES ("87503d4c-7bd3-489b-ad97-9ba061308d90",
	1,
	0,
	15,
	66,
	74,
	0,
	0,
	0,
	0,
	"ba5eda7a-def5-0000-0000-000000000002",
	"d66f4331-9aaa-4940-ba88-c126983afc13");
INSERT INTO V_AVL
	VALUES ("87503d4c-7bd3-489b-ad97-9ba061308d90",
	"7692b002-7173-4047-92dc-7911328d9d3d",
	"313e48f7-0516-49bd-9401-5c67c2e55db9",
	"b3949e0b-65ec-4e72-82be-b899f2e3b63b");
INSERT INTO V_VAL
	VALUES ("566b5c1d-137b-49b6-a212-0c3e7c0b1247",
	0,
	0,
	15,
	78,
	89,
	0,
	0,
	0,
	0,
	"ba5eda7a-def5-0000-0000-000000000008",
	"d66f4331-9aaa-4940-ba88-c126983afc13");
INSERT INTO V_IRF
	VALUES ("566b5c1d-137b-49b6-a212-0c3e7c0b1247",
	"0455558f-d7c2-4a7a-aba2-0ee5562ca866");
INSERT INTO V_VAL
	VALUES ("00bc25ab-548a-4cc0-8007-67aefa442901",
	0,
	0,
	15,
	91,
	94,
	0,
	0,
	0,
	0,
	"ba5eda7a-def5-0000-0000-000000000002",
	"d66f4331-9aaa-4940-ba88-c126983afc13");
INSERT INTO V_AVL
	VALUES ("00bc25ab-548a-4cc0-8007-67aefa442901",
	"566b5c1d-137b-49b6-a212-0c3e7c0b1247",
	"8d4b82cf-ec16-4fd9-925b-0e51eb64a2f7",
	"e4e19783-1a13-4049-a49c-6e687000fdb9");
INSERT INTO V_VAR
	VALUES ("0455558f-d7c2-4a7a-aba2-0ee5562ca866",
	"d66f4331-9aaa-4940-ba88-c126983afc13",
	'workoutTimer',
	1,
	"ba5eda7a-def5-0000-0000-000000000008");
INSERT INTO V_INT
	VALUES ("0455558f-d7c2-4a7a-aba2-0ee5562ca866",
	0,
	"8d4b82cf-ec16-4fd9-925b-0e51eb64a2f7");
INSERT INTO V_VAR
	VALUES ("cb12dc42-dfe0-48e2-b37a-8fd22f9f7714",
	"d66f4331-9aaa-4940-ba88-c126983afc13",
	'achievement',
	1,
	"ba5eda7a-def5-0000-0000-000000000008");
INSERT INTO V_INT
	VALUES ("cb12dc42-dfe0-48e2-b37a-8fd22f9f7714",
	0,
	"313e48f7-0516-49bd-9401-5c67c2e55db9");
INSERT INTO ACT_BLK
	VALUES ("748256f0-1d14-4017-8432-05c85a6b3ec9",
	1,
	0,
	0,
	'',
	'',
	'',
	20,
	3,
	19,
	43,
	0,
	0,
	19,
	55,
	19,
	59,
	0,
	0,
	0,
	"81576b0a-6d8a-4c40-b5b4-366569bddd7e",
	"00000000-0000-0000-0000-000000000000");
INSERT INTO ACT_SMT
	VALUES ("9e344db3-d67f-446f-b3c5-2c1daef6d1f7",
	"748256f0-1d14-4017-8432-05c85a6b3ec9",
	"9c4baba8-79da-499b-a93f-68f3e92950d1",
	19,
	3,
	'Goal::Executing line: 19');
INSERT INTO ACT_SEL
	VALUES ("9e344db3-d67f-446f-b3c5-2c1daef6d1f7",
	"d044fd11-d389-47f4-be73-489bf4ef1ee1",
	1,
	'one',
	"a9ccf570-4ad3-4627-a5b3-41c8550e4adc");
INSERT INTO ACT_SR
	VALUES ("9e344db3-d67f-446f-b3c5-2c1daef6d1f7");
INSERT INTO ACT_LNK
	VALUES ("384fc51e-5d39-4ed0-9a06-d8949326258a",
	'''has_open''',
	"9e344db3-d67f-446f-b3c5-2c1daef6d1f7",
	"bc95f1bf-69a4-4013-ab97-58e1c1b23b15",
	"00000000-0000-0000-0000-000000000000",
	2,
	"313e48f7-0516-49bd-9401-5c67c2e55db9",
	19,
	43,
	19,
	55,
	19,
	59);
INSERT INTO ACT_SMT
	VALUES ("9c4baba8-79da-499b-a93f-68f3e92950d1",
	"748256f0-1d14-4017-8432-05c85a6b3ec9",
	"00000000-0000-0000-0000-000000000000",
	20,
	3,
	'Goal::Executing line: 20');
INSERT INTO ACT_TFM
	VALUES ("9c4baba8-79da-499b-a93f-68f3e92950d1",
	"6fac41c9-c339-4dbe-8651-11ff5f9db899",
	"d044fd11-d389-47f4-be73-489bf4ef1ee1",
	20,
	15,
	0,
	0);
INSERT INTO V_VAL
	VALUES ("a9ccf570-4ad3-4627-a5b3-41c8550e4adc",
	0,
	0,
	19,
	37,
	40,
	0,
	0,
	0,
	0,
	"ba5eda7a-def5-0000-0000-000000000008",
	"748256f0-1d14-4017-8432-05c85a6b3ec9");
INSERT INTO V_IRF
	VALUES ("a9ccf570-4ad3-4627-a5b3-41c8550e4adc",
	"dd6d3f19-5541-4082-96bd-93ae99bb888c");
INSERT INTO V_VAR
	VALUES ("d044fd11-d389-47f4-be73-489bf4ef1ee1",
	"748256f0-1d14-4017-8432-05c85a6b3ec9",
	'achievement',
	1,
	"ba5eda7a-def5-0000-0000-000000000008");
INSERT INTO V_INT
	VALUES ("d044fd11-d389-47f4-be73-489bf4ef1ee1",
	0,
	"313e48f7-0516-49bd-9401-5c67c2e55db9");
INSERT INTO SM_STATE
	VALUES ("a1b65a1d-af9d-48cc-9c30-f5d1135883a7",
	"7fc80988-4415-437c-acc5-4c130cc2715d",
	"00000000-0000-0000-0000-000000000000",
	'Completed',
	2,
	0);
INSERT INTO SM_EIGN
	VALUES ("a1b65a1d-af9d-48cc-9c30-f5d1135883a7",
	"31e33f61-ebe2-4812-ac85-09e65cd0180d",
	"7fc80988-4415-437c-acc5-4c130cc2715d",
	"00000000-0000-0000-0000-000000000000",
	'');
INSERT INTO SM_SEME
	VALUES ("a1b65a1d-af9d-48cc-9c30-f5d1135883a7",
	"31e33f61-ebe2-4812-ac85-09e65cd0180d",
	"7fc80988-4415-437c-acc5-4c130cc2715d",
	"00000000-0000-0000-0000-000000000000");
INSERT INTO SM_EIGN
	VALUES ("a1b65a1d-af9d-48cc-9c30-f5d1135883a7",
	"5706c37b-a57c-4258-ad16-eba5b972f5bf",
	"7fc80988-4415-437c-acc5-4c130cc2715d",
	"00000000-0000-0000-0000-000000000000",
	'');
INSERT INTO SM_SEME
	VALUES ("a1b65a1d-af9d-48cc-9c30-f5d1135883a7",
	"5706c37b-a57c-4258-ad16-eba5b972f5bf",
	"7fc80988-4415-437c-acc5-4c130cc2715d",
	"00000000-0000-0000-0000-000000000000");
INSERT INTO SM_CH
	VALUES ("a1b65a1d-af9d-48cc-9c30-f5d1135883a7",
	"38485f6b-0130-479f-ae4d-fdf6dfa8a9e8",
	"7fc80988-4415-437c-acc5-4c130cc2715d",
	"00000000-0000-0000-0000-000000000000",
	'');
INSERT INTO SM_SEME
	VALUES ("a1b65a1d-af9d-48cc-9c30-f5d1135883a7",
	"38485f6b-0130-479f-ae4d-fdf6dfa8a9e8",
	"7fc80988-4415-437c-acc5-4c130cc2715d",
	"00000000-0000-0000-0000-000000000000");
INSERT INTO SM_CH
	VALUES ("a1b65a1d-af9d-48cc-9c30-f5d1135883a7",
	"05e61996-8b11-42a2-9550-5d90a7a3b580",
	"7fc80988-4415-437c-acc5-4c130cc2715d",
	"00000000-0000-0000-0000-000000000000",
	'');
INSERT INTO SM_SEME
	VALUES ("a1b65a1d-af9d-48cc-9c30-f5d1135883a7",
	"05e61996-8b11-42a2-9550-5d90a7a3b580",
	"7fc80988-4415-437c-acc5-4c130cc2715d",
	"00000000-0000-0000-0000-000000000000");
INSERT INTO SM_MOAH
	VALUES ("4c799586-a213-493c-8525-7d7046820ad2",
	"7fc80988-4415-437c-acc5-4c130cc2715d",
	"a1b65a1d-af9d-48cc-9c30-f5d1135883a7");
INSERT INTO SM_AH
	VALUES ("4c799586-a213-493c-8525-7d7046820ad2",
	"7fc80988-4415-437c-acc5-4c130cc2715d");
INSERT INTO SM_ACT
	VALUES ("4c799586-a213-493c-8525-7d7046820ad2",
	"7fc80988-4415-437c-acc5-4c130cc2715d",
	1,
	'// Stop executing this goal and begin executing the next one, if there is one.

// Stop the goal-evaluation timer, ignoring the return code which indicates 
//   whether a timer event was in flight when the timer was cancelled.
cancelSucceeded = TIM::timer_cancel( timer_inst_ref: self.evaluationTimer );

// If this goal has an open achievement record, close it.
select one openAchievement related by self->Achievement[R14.''has_open''];
if ( not empty openAchievement )
  openAchievement.close();
end if;

// Add this goal to the collection of those that have already executed.
select one session related by self->WorkoutSession[R11.''is_currently_executing_within''];
relate self to session across R13.''was_executed_within'';

// Remove this goal from the collection of currently executing ones.
unrelate self from session across R11.''is_currently_executing_within'';

// Find the next goal specification in the sequence and start executing it, if it exists.
select one currentGoalSpec related by self->GoalSpec[R9.''specified_by''];

select any nextGoalSpec related by session->GoalSpec[R10.''includes''] where ( selected.sequenceNumber == (currentGoalSpec.sequenceNumber + 1) );
  
if ( not empty nextGoalSpec )
  Goal::initialize( sequenceNumber: nextGoalSpec.sequenceNumber );
end if;
',
	'',
	0);
INSERT INTO ACT_SAB
	VALUES ("33c5d411-a62e-4a27-b47e-2d070165fe46",
	"7fc80988-4415-437c-acc5-4c130cc2715d",
	"4c799586-a213-493c-8525-7d7046820ad2");
INSERT INTO ACT_ACT
	VALUES ("33c5d411-a62e-4a27-b47e-2d070165fe46",
	'state',
	0,
	"2abd74c4-4dfe-4573-96fb-12c568cd293a",
	"00000000-0000-0000-0000-000000000000",
	0,
	'Goal::Completed',
	"00000000-0000-0000-0000-000000000000");
INSERT INTO ACT_BLK
	VALUES ("2abd74c4-4dfe-4573-96fb-12c568cd293a",
	1,
	0,
	1,
	'',
	'',
	'',
	25,
	1,
	23,
	45,
	0,
	0,
	23,
	54,
	23,
	58,
	0,
	0,
	0,
	"33c5d411-a62e-4a27-b47e-2d070165fe46",
	"00000000-0000-0000-0000-000000000000");
INSERT INTO ACT_SMT
	VALUES ("61e0488f-d9cd-41c2-9076-527160774953",
	"2abd74c4-4dfe-4573-96fb-12c568cd293a",
	"df16fb32-002c-4612-94fe-886d62c8c37d",
	5,
	1,
	'Goal::Completed line: 5');
INSERT INTO ACT_AI
	VALUES ("61e0488f-d9cd-41c2-9076-527160774953",
	"cd6a52c9-c393-4ff4-a5b6-52488159fd7c",
	"66ab4eb5-9628-4c3c-8bea-9bbcb46b1ceb",
	0,
	0);
INSERT INTO ACT_SMT
	VALUES ("df16fb32-002c-4612-94fe-886d62c8c37d",
	"2abd74c4-4dfe-4573-96fb-12c568cd293a",
	"faa2b812-a032-4697-aa42-6aecb92d3032",
	8,
	1,
	'Goal::Completed line: 8');
INSERT INTO ACT_SEL
	VALUES ("df16fb32-002c-4612-94fe-886d62c8c37d",
	"5ee4c101-386e-4f0f-9544-4a397a1429d9",
	1,
	'one',
	"b2ef4acf-2718-4ed3-a78a-668ac5459292");
INSERT INTO ACT_SR
	VALUES ("df16fb32-002c-4612-94fe-886d62c8c37d");
INSERT INTO ACT_LNK
	VALUES ("92ed08a0-5a13-4f37-85a9-9b8ebec53389",
	'''has_open''',
	"df16fb32-002c-4612-94fe-886d62c8c37d",
	"bc95f1bf-69a4-4013-ab97-58e1c1b23b15",
	"00000000-0000-0000-0000-000000000000",
	2,
	"313e48f7-0516-49bd-9401-5c67c2e55db9",
	8,
	45,
	8,
	57,
	8,
	61);
INSERT INTO ACT_SMT
	VALUES ("faa2b812-a032-4697-aa42-6aecb92d3032",
	"2abd74c4-4dfe-4573-96fb-12c568cd293a",
	"b4400b53-d340-45c8-a8aa-a3fdc6488669",
	9,
	1,
	'Goal::Completed line: 9');
INSERT INTO ACT_IF
	VALUES ("faa2b812-a032-4697-aa42-6aecb92d3032",
	"8bde3e4a-8eca-4702-b567-aafef55deea8",
	"c4d07de2-ef3f-4484-9992-14d5444ce7a5",
	"00000000-0000-0000-0000-000000000000",
	"00000000-0000-0000-0000-000000000000");
INSERT INTO ACT_SMT
	VALUES ("b4400b53-d340-45c8-a8aa-a3fdc6488669",
	"2abd74c4-4dfe-4573-96fb-12c568cd293a",
	"1f802b51-c365-4b89-a0c9-536ab16369bf",
	14,
	1,
	'Goal::Completed line: 14');
INSERT INTO ACT_SEL
	VALUES ("b4400b53-d340-45c8-a8aa-a3fdc6488669",
	"bc8964f4-0a36-4ec4-8792-53a8fb261b12",
	1,
	'one',
	"e4678a3d-cfd3-4379-8492-bba2885773de");
INSERT INTO ACT_SR
	VALUES ("b4400b53-d340-45c8-a8aa-a3fdc6488669");
INSERT INTO ACT_LNK
	VALUES ("de83fdc9-8ee0-428d-af9b-314319121495",
	'''is_currently_executing_within''',
	"b4400b53-d340-45c8-a8aa-a3fdc6488669",
	"50d628e2-9d2f-4810-93d9-44fb62bf9031",
	"00000000-0000-0000-0000-000000000000",
	2,
	"2522ffa2-db69-4807-ab45-06acf4cf893a",
	14,
	37,
	14,
	52,
	14,
	56);
INSERT INTO ACT_SMT
	VALUES ("1f802b51-c365-4b89-a0c9-536ab16369bf",
	"2abd74c4-4dfe-4573-96fb-12c568cd293a",
	"288c4542-5da9-4096-aa96-53bbef813c03",
	15,
	1,
	'Goal::Completed line: 15');
INSERT INTO ACT_REL
	VALUES ("1f802b51-c365-4b89-a0c9-536ab16369bf",
	"40954680-e885-49e6-b2da-e98559412230",
	"bc8964f4-0a36-4ec4-8792-53a8fb261b12",
	'''was_executed_within''',
	"3755f3e3-3d22-4f05-a9f0-c93d3c6abd63",
	15,
	31,
	15,
	35);
INSERT INTO ACT_SMT
	VALUES ("288c4542-5da9-4096-aa96-53bbef813c03",
	"2abd74c4-4dfe-4573-96fb-12c568cd293a",
	"a912a125-e501-4aaf-af25-22fb88645af4",
	18,
	1,
	'Goal::Completed line: 18');
INSERT INTO ACT_UNR
	VALUES ("288c4542-5da9-4096-aa96-53bbef813c03",
	"40954680-e885-49e6-b2da-e98559412230",
	"bc8964f4-0a36-4ec4-8792-53a8fb261b12",
	'''is_currently_executing_within''',
	"50d628e2-9d2f-4810-93d9-44fb62bf9031",
	18,
	35,
	18,
	39);
INSERT INTO ACT_SMT
	VALUES ("a912a125-e501-4aaf-af25-22fb88645af4",
	"2abd74c4-4dfe-4573-96fb-12c568cd293a",
	"a9a08438-e11f-49b9-aee8-59078d345937",
	21,
	1,
	'Goal::Completed line: 21');
INSERT INTO ACT_SEL
	VALUES ("a912a125-e501-4aaf-af25-22fb88645af4",
	"b8cf9c02-8ce4-4191-bc67-fcbb0c413191",
	1,
	'one',
	"94361ea9-dc5c-46b7-9597-747f5a4455a3");
INSERT INTO ACT_SR
	VALUES ("a912a125-e501-4aaf-af25-22fb88645af4");
INSERT INTO ACT_LNK
	VALUES ("e96be26c-1363-4b6a-a4b3-386b5d1dcc04",
	'''specified_by''',
	"a912a125-e501-4aaf-af25-22fb88645af4",
	"78e3e6fd-b6ad-409d-a611-d20499f533da",
	"00000000-0000-0000-0000-000000000000",
	2,
	"be6ddd8b-37a5-4534-961b-772bb1d940ac",
	21,
	45,
	21,
	54,
	21,
	57);
INSERT INTO ACT_SMT
	VALUES ("a9a08438-e11f-49b9-aee8-59078d345937",
	"2abd74c4-4dfe-4573-96fb-12c568cd293a",
	"a948c815-32f2-4c72-a362-f66dd07a7a67",
	23,
	1,
	'Goal::Completed line: 23');
INSERT INTO ACT_SEL
	VALUES ("a9a08438-e11f-49b9-aee8-59078d345937",
	"bd16dce8-710b-46ae-ab0b-44185365d8a5",
	1,
	'any',
	"52c004a7-2264-4482-895c-4dcd1fd877ed");
INSERT INTO ACT_SRW
	VALUES ("a9a08438-e11f-49b9-aee8-59078d345937",
	"b66256f5-46f1-41ff-ab53-92968dd9272c");
INSERT INTO ACT_LNK
	VALUES ("9341520c-431a-4144-90f6-387198a445ac",
	'''includes''',
	"a9a08438-e11f-49b9-aee8-59078d345937",
	"c43c8e88-54fd-4de3-9adf-b324850fd9ec",
	"00000000-0000-0000-0000-000000000000",
	3,
	"be6ddd8b-37a5-4534-961b-772bb1d940ac",
	23,
	45,
	23,
	54,
	23,
	58);
INSERT INTO ACT_SMT
	VALUES ("a948c815-32f2-4c72-a362-f66dd07a7a67",
	"2abd74c4-4dfe-4573-96fb-12c568cd293a",
	"00000000-0000-0000-0000-000000000000",
	25,
	1,
	'Goal::Completed line: 25');
INSERT INTO ACT_IF
	VALUES ("a948c815-32f2-4c72-a362-f66dd07a7a67",
	"6d11ace1-a2c8-45e6-8f5e-be93346c1a9c",
	"341df6c5-b145-4959-ab77-18f658dce8f9",
	"00000000-0000-0000-0000-000000000000",
	"00000000-0000-0000-0000-000000000000");
INSERT INTO V_VAL
	VALUES ("66ab4eb5-9628-4c3c-8bea-9bbcb46b1ceb",
	1,
	1,
	5,
	1,
	15,
	0,
	0,
	0,
	0,
	"ba5eda7a-def5-0000-0000-000000000001",
	"2abd74c4-4dfe-4573-96fb-12c568cd293a");
INSERT INTO V_TVL
	VALUES ("66ab4eb5-9628-4c3c-8bea-9bbcb46b1ceb",
	"581d6c79-a1bb-49ec-8486-b65b21b81287");
INSERT INTO V_VAL
	VALUES ("cd6a52c9-c393-4ff4-a5b6-52488159fd7c",
	0,
	0,
	5,
	24,
	-1,
	5,
	38,
	0,
	0,
	"ba5eda7a-def5-0000-0000-000000000001",
	"2abd74c4-4dfe-4573-96fb-12c568cd293a");
INSERT INTO V_BRV
	VALUES ("cd6a52c9-c393-4ff4-a5b6-52488159fd7c",
	"b2f303f5-6e95-4731-a762-be0c0eb02ca7",
	1,
	5,
	19);
INSERT INTO V_VAL
	VALUES ("423b80db-7363-43db-ac4d-86ee6e761020",
	0,
	0,
	5,
	54,
	57,
	0,
	0,
	0,
	0,
	"ba5eda7a-def5-0000-0000-000000000008",
	"2abd74c4-4dfe-4573-96fb-12c568cd293a");
INSERT INTO V_IRF
	VALUES ("423b80db-7363-43db-ac4d-86ee6e761020",
	"40954680-e885-49e6-b2da-e98559412230");
INSERT INTO V_VAL
	VALUES ("d3d974fa-4050-4ff6-9791-1dc3a480b7d9",
	0,
	0,
	5,
	59,
	73,
	0,
	0,
	0,
	0,
	"ba5eda7a-def5-0000-0000-00000000000f",
	"2abd74c4-4dfe-4573-96fb-12c568cd293a");
INSERT INTO V_AVL
	VALUES ("d3d974fa-4050-4ff6-9791-1dc3a480b7d9",
	"423b80db-7363-43db-ac4d-86ee6e761020",
	"c1022670-c44d-401e-bb23-dfcef6084fba",
	"0078004b-9cab-4a56-beac-5014d746ad80");
INSERT INTO V_PAR
	VALUES ("d3d974fa-4050-4ff6-9791-1dc3a480b7d9",
	"00000000-0000-0000-0000-000000000000",
	"cd6a52c9-c393-4ff4-a5b6-52488159fd7c",
	'timer_inst_ref',
	"00000000-0000-0000-0000-000000000000",
	5,
	38);
INSERT INTO V_VAL
	VALUES ("b2ef4acf-2718-4ed3-a78a-668ac5459292",
	0,
	0,
	8,
	39,
	42,
	0,
	0,
	0,
	0,
	"ba5eda7a-def5-0000-0000-000000000008",
	"2abd74c4-4dfe-4573-96fb-12c568cd293a");
INSERT INTO V_IRF
	VALUES ("b2ef4acf-2718-4ed3-a78a-668ac5459292",
	"40954680-e885-49e6-b2da-e98559412230");
INSERT INTO V_VAL
	VALUES ("f2b8d844-2996-4923-abf0-d7672766882d",
	0,
	0,
	9,
	16,
	30,
	0,
	0,
	0,
	0,
	"ba5eda7a-def5-0000-0000-000000000008",
	"2abd74c4-4dfe-4573-96fb-12c568cd293a");
INSERT INTO V_IRF
	VALUES ("f2b8d844-2996-4923-abf0-d7672766882d",
	"5ee4c101-386e-4f0f-9544-4a397a1429d9");
INSERT INTO V_VAL
	VALUES ("24e4bf16-10ac-4c44-9e9a-7f668fa4883f",
	0,
	0,
	-1,
	-1,
	-1,
	0,
	0,
	0,
	0,
	"ba5eda7a-def5-0000-0000-000000000001",
	"2abd74c4-4dfe-4573-96fb-12c568cd293a");
INSERT INTO V_UNY
	VALUES ("24e4bf16-10ac-4c44-9e9a-7f668fa4883f",
	"f2b8d844-2996-4923-abf0-d7672766882d",
	'empty');
INSERT INTO V_VAL
	VALUES ("c4d07de2-ef3f-4484-9992-14d5444ce7a5",
	0,
	0,
	-1,
	-1,
	-1,
	0,
	0,
	0,
	0,
	"ba5eda7a-def5-0000-0000-000000000001",
	"2abd74c4-4dfe-4573-96fb-12c568cd293a");
INSERT INTO V_UNY
	VALUES ("c4d07de2-ef3f-4484-9992-14d5444ce7a5",
	"24e4bf16-10ac-4c44-9e9a-7f668fa4883f",
	'not');
INSERT INTO V_VAL
	VALUES ("e4678a3d-cfd3-4379-8492-bba2885773de",
	0,
	0,
	14,
	31,
	34,
	0,
	0,
	0,
	0,
	"ba5eda7a-def5-0000-0000-000000000008",
	"2abd74c4-4dfe-4573-96fb-12c568cd293a");
INSERT INTO V_IRF
	VALUES ("e4678a3d-cfd3-4379-8492-bba2885773de",
	"40954680-e885-49e6-b2da-e98559412230");
INSERT INTO V_VAL
	VALUES ("94361ea9-dc5c-46b7-9597-747f5a4455a3",
	0,
	0,
	21,
	39,
	42,
	0,
	0,
	0,
	0,
	"ba5eda7a-def5-0000-0000-000000000008",
	"2abd74c4-4dfe-4573-96fb-12c568cd293a");
INSERT INTO V_IRF
	VALUES ("94361ea9-dc5c-46b7-9597-747f5a4455a3",
	"40954680-e885-49e6-b2da-e98559412230");
INSERT INTO V_VAL
	VALUES ("52c004a7-2264-4482-895c-4dcd1fd877ed",
	0,
	0,
	23,
	36,
	42,
	0,
	0,
	0,
	0,
	"ba5eda7a-def5-0000-0000-000000000008",
	"2abd74c4-4dfe-4573-96fb-12c568cd293a");
INSERT INTO V_IRF
	VALUES ("52c004a7-2264-4482-895c-4dcd1fd877ed",
	"bc8964f4-0a36-4ec4-8792-53a8fb261b12");
INSERT INTO V_VAL
	VALUES ("e5e8184d-ea6c-425e-83f9-e3ed3a1942c0",
	0,
	0,
	23,
	78,
	-1,
	0,
	0,
	0,
	0,
	"ba5eda7a-def5-0000-0000-000000000008",
	"2abd74c4-4dfe-4573-96fb-12c568cd293a");
INSERT INTO V_SLR
	VALUES ("e5e8184d-ea6c-425e-83f9-e3ed3a1942c0",
	"00000000-0000-0000-0000-000000000000",
	"00000000-0000-0000-0000-000000000000",
	"00000000-0000-0000-0000-000000000000");
INSERT INTO V_VAL
	VALUES ("82fc6411-ac0c-4258-97bd-8d5101f2327e",
	0,
	0,
	23,
	87,
	100,
	0,
	0,
	0,
	0,
	"ba5eda7a-def5-0000-0000-000000000002",
	"2abd74c4-4dfe-4573-96fb-12c568cd293a");
INSERT INTO V_AVL
	VALUES ("82fc6411-ac0c-4258-97bd-8d5101f2327e",
	"e5e8184d-ea6c-425e-83f9-e3ed3a1942c0",
	"be6ddd8b-37a5-4534-961b-772bb1d940ac",
	"f568c69e-b0ba-41ee-aef1-25eb2c07142f");
INSERT INTO V_VAL
	VALUES ("b66256f5-46f1-41ff-ab53-92968dd9272c",
	0,
	0,
	23,
	87,
	139,
	0,
	0,
	0,
	0,
	"ba5eda7a-def5-0000-0000-000000000001",
	"2abd74c4-4dfe-4573-96fb-12c568cd293a");
INSERT INTO V_BIN
	VALUES ("b66256f5-46f1-41ff-ab53-92968dd9272c",
	"76f2270b-50b3-4587-ac0e-acc824066d6b",
	"82fc6411-ac0c-4258-97bd-8d5101f2327e",
	'==');
INSERT INTO V_VAL
	VALUES ("24c4ff93-e928-4f55-b112-7769b4295f30",
	0,
	0,
	23,
	106,
	120,
	0,
	0,
	0,
	0,
	"ba5eda7a-def5-0000-0000-000000000008",
	"2abd74c4-4dfe-4573-96fb-12c568cd293a");
INSERT INTO V_IRF
	VALUES ("24c4ff93-e928-4f55-b112-7769b4295f30",
	"b8cf9c02-8ce4-4191-bc67-fcbb0c413191");
INSERT INTO V_VAL
	VALUES ("73a3f8da-a190-4517-8288-a2fdcb511f41",
	0,
	0,
	23,
	122,
	135,
	0,
	0,
	0,
	0,
	"ba5eda7a-def5-0000-0000-000000000002",
	"2abd74c4-4dfe-4573-96fb-12c568cd293a");
INSERT INTO V_AVL
	VALUES ("73a3f8da-a190-4517-8288-a2fdcb511f41",
	"24c4ff93-e928-4f55-b112-7769b4295f30",
	"be6ddd8b-37a5-4534-961b-772bb1d940ac",
	"f568c69e-b0ba-41ee-aef1-25eb2c07142f");
INSERT INTO V_VAL
	VALUES ("76f2270b-50b3-4587-ac0e-acc824066d6b",
	0,
	0,
	23,
	122,
	139,
	0,
	0,
	0,
	0,
	"ba5eda7a-def5-0000-0000-000000000002",
	"2abd74c4-4dfe-4573-96fb-12c568cd293a");
INSERT INTO V_BIN
	VALUES ("76f2270b-50b3-4587-ac0e-acc824066d6b",
	"01ae7757-bd6c-478d-8a77-a4366efda0c9",
	"73a3f8da-a190-4517-8288-a2fdcb511f41",
	'+');
INSERT INTO V_VAL
	VALUES ("01ae7757-bd6c-478d-8a77-a4366efda0c9",
	0,
	0,
	23,
	139,
	139,
	0,
	0,
	0,
	0,
	"ba5eda7a-def5-0000-0000-000000000002",
	"2abd74c4-4dfe-4573-96fb-12c568cd293a");
INSERT INTO V_LIN
	VALUES ("01ae7757-bd6c-478d-8a77-a4366efda0c9",
	'1');
INSERT INTO V_VAL
	VALUES ("533fc1e5-7ea6-43ec-a0f7-2da74153bbdf",
	0,
	0,
	25,
	16,
	27,
	0,
	0,
	0,
	0,
	"ba5eda7a-def5-0000-0000-000000000008",
	"2abd74c4-4dfe-4573-96fb-12c568cd293a");
INSERT INTO V_IRF
	VALUES ("533fc1e5-7ea6-43ec-a0f7-2da74153bbdf",
	"bd16dce8-710b-46ae-ab0b-44185365d8a5");
INSERT INTO V_VAL
	VALUES ("f518dc16-308c-4fdc-b772-0de42a31795d",
	0,
	0,
	-1,
	-1,
	-1,
	0,
	0,
	0,
	0,
	"ba5eda7a-def5-0000-0000-000000000001",
	"2abd74c4-4dfe-4573-96fb-12c568cd293a");
INSERT INTO V_UNY
	VALUES ("f518dc16-308c-4fdc-b772-0de42a31795d",
	"533fc1e5-7ea6-43ec-a0f7-2da74153bbdf",
	'empty');
INSERT INTO V_VAL
	VALUES ("341df6c5-b145-4959-ab77-18f658dce8f9",
	0,
	0,
	-1,
	-1,
	-1,
	0,
	0,
	0,
	0,
	"ba5eda7a-def5-0000-0000-000000000001",
	"2abd74c4-4dfe-4573-96fb-12c568cd293a");
INSERT INTO V_UNY
	VALUES ("341df6c5-b145-4959-ab77-18f658dce8f9",
	"f518dc16-308c-4fdc-b772-0de42a31795d",
	'not');
INSERT INTO V_VAR
	VALUES ("581d6c79-a1bb-49ec-8486-b65b21b81287",
	"2abd74c4-4dfe-4573-96fb-12c568cd293a",
	'cancelSucceeded',
	1,
	"ba5eda7a-def5-0000-0000-000000000001");
INSERT INTO V_TRN
	VALUES ("581d6c79-a1bb-49ec-8486-b65b21b81287",
	"00000000-0000-0000-0000-000000000000",
	'');
INSERT INTO V_VAR
	VALUES ("40954680-e885-49e6-b2da-e98559412230",
	"2abd74c4-4dfe-4573-96fb-12c568cd293a",
	'self',
	1,
	"ba5eda7a-def5-0000-0000-000000000008");
INSERT INTO V_INT
	VALUES ("40954680-e885-49e6-b2da-e98559412230",
	0,
	"c1022670-c44d-401e-bb23-dfcef6084fba");
INSERT INTO V_VAR
	VALUES ("5ee4c101-386e-4f0f-9544-4a397a1429d9",
	"2abd74c4-4dfe-4573-96fb-12c568cd293a",
	'openAchievement',
	1,
	"ba5eda7a-def5-0000-0000-000000000008");
INSERT INTO V_INT
	VALUES ("5ee4c101-386e-4f0f-9544-4a397a1429d9",
	0,
	"313e48f7-0516-49bd-9401-5c67c2e55db9");
INSERT INTO V_VAR
	VALUES ("bc8964f4-0a36-4ec4-8792-53a8fb261b12",
	"2abd74c4-4dfe-4573-96fb-12c568cd293a",
	'session',
	1,
	"ba5eda7a-def5-0000-0000-000000000008");
INSERT INTO V_INT
	VALUES ("bc8964f4-0a36-4ec4-8792-53a8fb261b12",
	0,
	"2522ffa2-db69-4807-ab45-06acf4cf893a");
INSERT INTO V_VAR
	VALUES ("b8cf9c02-8ce4-4191-bc67-fcbb0c413191",
	"2abd74c4-4dfe-4573-96fb-12c568cd293a",
	'currentGoalSpec',
	1,
	"ba5eda7a-def5-0000-0000-000000000008");
INSERT INTO V_INT
	VALUES ("b8cf9c02-8ce4-4191-bc67-fcbb0c413191",
	0,
	"be6ddd8b-37a5-4534-961b-772bb1d940ac");
INSERT INTO V_VAR
	VALUES ("bd16dce8-710b-46ae-ab0b-44185365d8a5",
	"2abd74c4-4dfe-4573-96fb-12c568cd293a",
	'nextGoalSpec',
	1,
	"ba5eda7a-def5-0000-0000-000000000008");
INSERT INTO V_INT
	VALUES ("bd16dce8-710b-46ae-ab0b-44185365d8a5",
	0,
	"be6ddd8b-37a5-4534-961b-772bb1d940ac");
INSERT INTO ACT_BLK
	VALUES ("8bde3e4a-8eca-4702-b567-aafef55deea8",
	0,
	0,
	0,
	'',
	'',
	'',
	10,
	3,
	0,
	0,
	0,
	0,
	0,
	0,
	0,
	0,
	0,
	0,
	0,
	"33c5d411-a62e-4a27-b47e-2d070165fe46",
	"00000000-0000-0000-0000-000000000000");
INSERT INTO ACT_SMT
	VALUES ("e5c58609-fe99-43ed-8f06-3093e942fad4",
	"8bde3e4a-8eca-4702-b567-aafef55deea8",
	"00000000-0000-0000-0000-000000000000",
	10,
	3,
	'Goal::Completed line: 10');
INSERT INTO ACT_TFM
	VALUES ("e5c58609-fe99-43ed-8f06-3093e942fad4",
	"6fac41c9-c339-4dbe-8651-11ff5f9db899",
	"5ee4c101-386e-4f0f-9544-4a397a1429d9",
	10,
	19,
	0,
	0);
INSERT INTO ACT_BLK
	VALUES ("6d11ace1-a2c8-45e6-8f5e-be93346c1a9c",
	0,
	0,
	0,
	'Goal',
	'',
	'',
	26,
	3,
	26,
	3,
	0,
	0,
	0,
	0,
	0,
	0,
	0,
	0,
	0,
	"33c5d411-a62e-4a27-b47e-2d070165fe46",
	"00000000-0000-0000-0000-000000000000");
INSERT INTO ACT_SMT
	VALUES ("2f5ccc67-e3a4-41a4-88f9-6c784ef45f41",
	"6d11ace1-a2c8-45e6-8f5e-be93346c1a9c",
	"00000000-0000-0000-0000-000000000000",
	26,
	3,
	'Goal::Completed line: 26');
INSERT INTO ACT_TFM
	VALUES ("2f5ccc67-e3a4-41a4-88f9-6c784ef45f41",
	"8ac30761-d43a-49d9-b7e4-c3ec442ea9f3",
	"00000000-0000-0000-0000-000000000000",
	26,
	9,
	26,
	3);
INSERT INTO V_VAL
	VALUES ("30b71fae-fa23-4d42-a9a6-483a8dfccce8",
	0,
	0,
	26,
	37,
	48,
	0,
	0,
	0,
	0,
	"ba5eda7a-def5-0000-0000-000000000008",
	"6d11ace1-a2c8-45e6-8f5e-be93346c1a9c");
INSERT INTO V_IRF
	VALUES ("30b71fae-fa23-4d42-a9a6-483a8dfccce8",
	"bd16dce8-710b-46ae-ab0b-44185365d8a5");
INSERT INTO V_VAL
	VALUES ("6705f083-b7d4-4833-b961-63dc55522bea",
	0,
	0,
	26,
	50,
	63,
	0,
	0,
	0,
	0,
	"ba5eda7a-def5-0000-0000-000000000002",
	"6d11ace1-a2c8-45e6-8f5e-be93346c1a9c");
INSERT INTO V_AVL
	VALUES ("6705f083-b7d4-4833-b961-63dc55522bea",
	"30b71fae-fa23-4d42-a9a6-483a8dfccce8",
	"be6ddd8b-37a5-4534-961b-772bb1d940ac",
	"f568c69e-b0ba-41ee-aef1-25eb2c07142f");
INSERT INTO V_PAR
	VALUES ("6705f083-b7d4-4833-b961-63dc55522bea",
	"2f5ccc67-e3a4-41a4-88f9-6c784ef45f41",
	"00000000-0000-0000-0000-000000000000",
	'sequenceNumber',
	"00000000-0000-0000-0000-000000000000",
	26,
	21);
INSERT INTO SM_STATE
	VALUES ("d13e7584-a0a3-4218-9128-08ecf2a64c3d",
	"7fc80988-4415-437c-acc5-4c130cc2715d",
	"00000000-0000-0000-0000-000000000000",
	'Paused',
	3,
	0);
INSERT INTO SM_SEME
	VALUES ("d13e7584-a0a3-4218-9128-08ecf2a64c3d",
	"31e33f61-ebe2-4812-ac85-09e65cd0180d",
	"7fc80988-4415-437c-acc5-4c130cc2715d",
	"00000000-0000-0000-0000-000000000000");
INSERT INTO SM_SEME
	VALUES ("d13e7584-a0a3-4218-9128-08ecf2a64c3d",
	"5706c37b-a57c-4258-ad16-eba5b972f5bf",
	"7fc80988-4415-437c-acc5-4c130cc2715d",
	"00000000-0000-0000-0000-000000000000");
INSERT INTO SM_CH
	VALUES ("d13e7584-a0a3-4218-9128-08ecf2a64c3d",
	"38485f6b-0130-479f-ae4d-fdf6dfa8a9e8",
	"7fc80988-4415-437c-acc5-4c130cc2715d",
	"00000000-0000-0000-0000-000000000000",
	'');
INSERT INTO SM_SEME
	VALUES ("d13e7584-a0a3-4218-9128-08ecf2a64c3d",
	"38485f6b-0130-479f-ae4d-fdf6dfa8a9e8",
	"7fc80988-4415-437c-acc5-4c130cc2715d",
	"00000000-0000-0000-0000-000000000000");
INSERT INTO SM_CH
	VALUES ("d13e7584-a0a3-4218-9128-08ecf2a64c3d",
	"05e61996-8b11-42a2-9550-5d90a7a3b580",
	"7fc80988-4415-437c-acc5-4c130cc2715d",
	"00000000-0000-0000-0000-000000000000",
	'');
INSERT INTO SM_SEME
	VALUES ("d13e7584-a0a3-4218-9128-08ecf2a64c3d",
	"05e61996-8b11-42a2-9550-5d90a7a3b580",
	"7fc80988-4415-437c-acc5-4c130cc2715d",
	"00000000-0000-0000-0000-000000000000");
INSERT INTO SM_MOAH
	VALUES ("e6accc06-aa6e-4858-b4ba-b47beb51fae5",
	"7fc80988-4415-437c-acc5-4c130cc2715d",
	"d13e7584-a0a3-4218-9128-08ecf2a64c3d");
INSERT INTO SM_AH
	VALUES ("e6accc06-aa6e-4858-b4ba-b47beb51fae5",
	"7fc80988-4415-437c-acc5-4c130cc2715d");
INSERT INTO SM_ACT
	VALUES ("e6accc06-aa6e-4858-b4ba-b47beb51fae5",
	"7fc80988-4415-437c-acc5-4c130cc2715d",
	1,
	'// Deactivate evaluation timer, ignoring the return code because this 
//   state model ignores any latent timer events.
cancelSucceeded = TIM::timer_cancel( timer_inst_ref: self.evaluationTimer );',
	'',
	0);
INSERT INTO ACT_SAB
	VALUES ("f1d8bc98-80b2-40aa-84b3-daacb8df0f96",
	"7fc80988-4415-437c-acc5-4c130cc2715d",
	"e6accc06-aa6e-4858-b4ba-b47beb51fae5");
INSERT INTO ACT_ACT
	VALUES ("f1d8bc98-80b2-40aa-84b3-daacb8df0f96",
	'state',
	0,
	"04b8d39b-50fd-4d0d-b479-f773ad9c0d5c",
	"00000000-0000-0000-0000-000000000000",
	0,
	'Goal::Paused',
	"00000000-0000-0000-0000-000000000000");
INSERT INTO ACT_BLK
	VALUES ("04b8d39b-50fd-4d0d-b479-f773ad9c0d5c",
	0,
	0,
	0,
	'TIM',
	'',
	'',
	3,
	1,
	3,
	19,
	0,
	0,
	0,
	0,
	0,
	0,
	0,
	0,
	0,
	"f1d8bc98-80b2-40aa-84b3-daacb8df0f96",
	"00000000-0000-0000-0000-000000000000");
INSERT INTO ACT_SMT
	VALUES ("fde39261-ca67-4032-93db-aab629b25325",
	"04b8d39b-50fd-4d0d-b479-f773ad9c0d5c",
	"00000000-0000-0000-0000-000000000000",
	3,
	1,
	'Goal::Paused line: 3');
INSERT INTO ACT_AI
	VALUES ("fde39261-ca67-4032-93db-aab629b25325",
	"33b765a7-4d96-480a-80cb-7b3385c2c388",
	"a03024c3-cc8e-44d5-9484-2dca819d9d2f",
	0,
	0);
INSERT INTO V_VAL
	VALUES ("a03024c3-cc8e-44d5-9484-2dca819d9d2f",
	1,
	1,
	3,
	1,
	15,
	0,
	0,
	0,
	0,
	"ba5eda7a-def5-0000-0000-000000000001",
	"04b8d39b-50fd-4d0d-b479-f773ad9c0d5c");
INSERT INTO V_TVL
	VALUES ("a03024c3-cc8e-44d5-9484-2dca819d9d2f",
	"9f0c1c2a-9874-4a93-a839-6a11c3d83aae");
INSERT INTO V_VAL
	VALUES ("33b765a7-4d96-480a-80cb-7b3385c2c388",
	0,
	0,
	3,
	24,
	-1,
	3,
	38,
	0,
	0,
	"ba5eda7a-def5-0000-0000-000000000001",
	"04b8d39b-50fd-4d0d-b479-f773ad9c0d5c");
INSERT INTO V_BRV
	VALUES ("33b765a7-4d96-480a-80cb-7b3385c2c388",
	"b2f303f5-6e95-4731-a762-be0c0eb02ca7",
	1,
	3,
	19);
INSERT INTO V_VAL
	VALUES ("871bb415-7001-4e21-a11f-75b934ecd9d6",
	0,
	0,
	3,
	54,
	57,
	0,
	0,
	0,
	0,
	"ba5eda7a-def5-0000-0000-000000000008",
	"04b8d39b-50fd-4d0d-b479-f773ad9c0d5c");
INSERT INTO V_IRF
	VALUES ("871bb415-7001-4e21-a11f-75b934ecd9d6",
	"ba6ec9a3-5250-4324-940b-d486854fab09");
INSERT INTO V_VAL
	VALUES ("30796132-a491-436c-ba84-7243365d3081",
	0,
	0,
	3,
	59,
	73,
	0,
	0,
	0,
	0,
	"ba5eda7a-def5-0000-0000-00000000000f",
	"04b8d39b-50fd-4d0d-b479-f773ad9c0d5c");
INSERT INTO V_AVL
	VALUES ("30796132-a491-436c-ba84-7243365d3081",
	"871bb415-7001-4e21-a11f-75b934ecd9d6",
	"c1022670-c44d-401e-bb23-dfcef6084fba",
	"0078004b-9cab-4a56-beac-5014d746ad80");
INSERT INTO V_PAR
	VALUES ("30796132-a491-436c-ba84-7243365d3081",
	"00000000-0000-0000-0000-000000000000",
	"33b765a7-4d96-480a-80cb-7b3385c2c388",
	'timer_inst_ref',
	"00000000-0000-0000-0000-000000000000",
	3,
	38);
INSERT INTO V_VAR
	VALUES ("9f0c1c2a-9874-4a93-a839-6a11c3d83aae",
	"04b8d39b-50fd-4d0d-b479-f773ad9c0d5c",
	'cancelSucceeded',
	1,
	"ba5eda7a-def5-0000-0000-000000000001");
INSERT INTO V_TRN
	VALUES ("9f0c1c2a-9874-4a93-a839-6a11c3d83aae",
	"00000000-0000-0000-0000-000000000000",
	'');
INSERT INTO V_VAR
	VALUES ("ba6ec9a3-5250-4324-940b-d486854fab09",
	"04b8d39b-50fd-4d0d-b479-f773ad9c0d5c",
	'self',
	1,
	"ba5eda7a-def5-0000-0000-000000000008");
INSERT INTO V_INT
	VALUES ("ba6ec9a3-5250-4324-940b-d486854fab09",
	0,
	"c1022670-c44d-401e-bb23-dfcef6084fba");
INSERT INTO SM_STATE
	VALUES ("fe1b7527-046e-42b7-9822-e074d06d80cf",
	"7fc80988-4415-437c-acc5-4c130cc2715d",
	"00000000-0000-0000-0000-000000000000",
	'Evaluating',
	4,
	0);
INSERT INTO SM_CH
	VALUES ("fe1b7527-046e-42b7-9822-e074d06d80cf",
	"31e33f61-ebe2-4812-ac85-09e65cd0180d",
	"7fc80988-4415-437c-acc5-4c130cc2715d",
	"00000000-0000-0000-0000-000000000000",
	'');
INSERT INTO SM_SEME
	VALUES ("fe1b7527-046e-42b7-9822-e074d06d80cf",
	"31e33f61-ebe2-4812-ac85-09e65cd0180d",
	"7fc80988-4415-437c-acc5-4c130cc2715d",
	"00000000-0000-0000-0000-000000000000");
INSERT INTO SM_CH
	VALUES ("fe1b7527-046e-42b7-9822-e074d06d80cf",
	"5706c37b-a57c-4258-ad16-eba5b972f5bf",
	"7fc80988-4415-437c-acc5-4c130cc2715d",
	"00000000-0000-0000-0000-000000000000",
	'');
INSERT INTO SM_SEME
	VALUES ("fe1b7527-046e-42b7-9822-e074d06d80cf",
	"5706c37b-a57c-4258-ad16-eba5b972f5bf",
	"7fc80988-4415-437c-acc5-4c130cc2715d",
	"00000000-0000-0000-0000-000000000000");
INSERT INTO SM_CH
	VALUES ("fe1b7527-046e-42b7-9822-e074d06d80cf",
	"38485f6b-0130-479f-ae4d-fdf6dfa8a9e8",
	"7fc80988-4415-437c-acc5-4c130cc2715d",
	"00000000-0000-0000-0000-000000000000",
	'');
INSERT INTO SM_SEME
	VALUES ("fe1b7527-046e-42b7-9822-e074d06d80cf",
	"38485f6b-0130-479f-ae4d-fdf6dfa8a9e8",
	"7fc80988-4415-437c-acc5-4c130cc2715d",
	"00000000-0000-0000-0000-000000000000");
INSERT INTO SM_SEME
	VALUES ("fe1b7527-046e-42b7-9822-e074d06d80cf",
	"05e61996-8b11-42a2-9550-5d90a7a3b580",
	"7fc80988-4415-437c-acc5-4c130cc2715d",
	"00000000-0000-0000-0000-000000000000");
INSERT INTO SM_MOAH
	VALUES ("23f1d730-f476-4796-880d-ecae3d4f1985",
	"7fc80988-4415-437c-acc5-4c130cc2715d",
	"fe1b7527-046e-42b7-9822-e074d06d80cf");
INSERT INTO SM_AH
	VALUES ("23f1d730-f476-4796-880d-ecae3d4f1985",
	"7fc80988-4415-437c-acc5-4c130cc2715d");
INSERT INTO SM_ACT
	VALUES ("23f1d730-f476-4796-880d-ecae3d4f1985",
	"7fc80988-4415-437c-acc5-4c130cc2715d",
	1,
	'// Start a timer that periodically causes evaluation of goal achievement.
GoalAchievement::initialize();
select any goalachievement from instances of GoalAchievement;
create event instance evaluateEvent of Goal2:Evaluate to self; self.evaluationTimer = TIM::timer_start_recurring( event_inst: evaluateEvent, microseconds: goalachievement.evaluationPeriod );

generate Goal4:evaluationComplete() to self;',
	'',
	0);
INSERT INTO ACT_SAB
	VALUES ("711a4d69-47fd-46a6-a51f-e1ad332e6ba5",
	"7fc80988-4415-437c-acc5-4c130cc2715d",
	"23f1d730-f476-4796-880d-ecae3d4f1985");
INSERT INTO ACT_ACT
	VALUES ("711a4d69-47fd-46a6-a51f-e1ad332e6ba5",
	'state',
	0,
	"2a0882c2-189b-4e47-b862-de230a00540c",
	"00000000-0000-0000-0000-000000000000",
	0,
	'Goal::Evaluating',
	"00000000-0000-0000-0000-000000000000");
INSERT INTO ACT_BLK
	VALUES ("2a0882c2-189b-4e47-b862-de230a00540c",
	1,
	0,
	0,
	'V_VAR.Var_ID',
	'',
	'',
	6,
	1,
	4,
	87,
	0,
	0,
	0,
	0,
	0,
	0,
	0,
	0,
	0,
	"711a4d69-47fd-46a6-a51f-e1ad332e6ba5",
	"00000000-0000-0000-0000-000000000000");
INSERT INTO ACT_SMT
	VALUES ("7969bb5f-03cb-4644-8a47-a23f7309ae17",
	"2a0882c2-189b-4e47-b862-de230a00540c",
	"28f41030-9814-40ed-af8d-e0ffc090e5d8",
	2,
	1,
	'Goal::Evaluating line: 2');
INSERT INTO ACT_TFM
	VALUES ("7969bb5f-03cb-4644-8a47-a23f7309ae17",
	"5a3d77d0-6b01-4255-9e4d-56dbb9e4c299",
	"00000000-0000-0000-0000-000000000000",
	2,
	18,
	2,
	1);
INSERT INTO ACT_SMT
	VALUES ("28f41030-9814-40ed-af8d-e0ffc090e5d8",
	"2a0882c2-189b-4e47-b862-de230a00540c",
	"cf8d2868-5bac-46b1-833d-3b4a8e76262a",
	3,
	1,
	'Goal::Evaluating line: 3');
INSERT INTO ACT_FIO
	VALUES ("28f41030-9814-40ed-af8d-e0ffc090e5d8",
	"137149c4-b3a7-4368-bd0f-7227ffc62997",
	1,
	'any',
	"5fde89fd-3d3f-4844-b0c0-a4152fd17b46",
	3,
	46);
INSERT INTO ACT_SMT
	VALUES ("cf8d2868-5bac-46b1-833d-3b4a8e76262a",
	"2a0882c2-189b-4e47-b862-de230a00540c",
	"304b1f68-22b4-4f00-a05d-1a4e6cd1d344",
	4,
	1,
	'Goal::Evaluating line: 4');
INSERT INTO E_ESS
	VALUES ("cf8d2868-5bac-46b1-833d-3b4a8e76262a",
	1,
	0,
	4,
	40,
	4,
	46,
	3,
	46,
	0,
	0,
	0,
	0);
INSERT INTO E_CES
	VALUES ("cf8d2868-5bac-46b1-833d-3b4a8e76262a",
	1,
	"0afe06e1-a173-4142-9278-1eeaf3ed2933");
INSERT INTO E_CSME
	VALUES ("cf8d2868-5bac-46b1-833d-3b4a8e76262a",
	"5706c37b-a57c-4258-ad16-eba5b972f5bf");
INSERT INTO E_CEI
	VALUES ("cf8d2868-5bac-46b1-833d-3b4a8e76262a",
	"67780a66-ba4f-490a-866e-b60f5bedeeb7");
INSERT INTO ACT_SMT
	VALUES ("304b1f68-22b4-4f00-a05d-1a4e6cd1d344",
	"2a0882c2-189b-4e47-b862-de230a00540c",
	"6cbd026f-8cd6-4d64-bc13-2f454e0ec396",
	4,
	64,
	'Goal::Evaluating line: 4');
INSERT INTO ACT_AI
	VALUES ("304b1f68-22b4-4f00-a05d-1a4e6cd1d344",
	"0ad58399-5625-4e83-9851-ee9ebf704edd",
	"4d452dce-c855-4a8d-82fd-466b81fbb689",
	0,
	0);
INSERT INTO ACT_SMT
	VALUES ("6cbd026f-8cd6-4d64-bc13-2f454e0ec396",
	"2a0882c2-189b-4e47-b862-de230a00540c",
	"00000000-0000-0000-0000-000000000000",
	6,
	1,
	'Goal::Evaluating line: 6');
INSERT INTO E_ESS
	VALUES ("6cbd026f-8cd6-4d64-bc13-2f454e0ec396",
	1,
	0,
	6,
	10,
	6,
	16,
	4,
	87,
	0,
	0,
	0,
	0);
INSERT INTO E_GES
	VALUES ("6cbd026f-8cd6-4d64-bc13-2f454e0ec396");
INSERT INTO E_GSME
	VALUES ("6cbd026f-8cd6-4d64-bc13-2f454e0ec396",
	"05e61996-8b11-42a2-9550-5d90a7a3b580");
INSERT INTO E_GEN
	VALUES ("6cbd026f-8cd6-4d64-bc13-2f454e0ec396",
	"67780a66-ba4f-490a-866e-b60f5bedeeb7");
INSERT INTO V_VAL
	VALUES ("dd76771a-3e4c-4dd5-9fed-a65a9ad351ec",
	1,
	0,
	4,
	64,
	67,
	0,
	0,
	0,
	0,
	"ba5eda7a-def5-0000-0000-000000000008",
	"2a0882c2-189b-4e47-b862-de230a00540c");
INSERT INTO V_IRF
	VALUES ("dd76771a-3e4c-4dd5-9fed-a65a9ad351ec",
	"67780a66-ba4f-490a-866e-b60f5bedeeb7");
INSERT INTO V_VAL
	VALUES ("4d452dce-c855-4a8d-82fd-466b81fbb689",
	1,
	0,
	4,
	69,
	83,
	0,
	0,
	0,
	0,
	"ba5eda7a-def5-0000-0000-00000000000f",
	"2a0882c2-189b-4e47-b862-de230a00540c");
INSERT INTO V_AVL
	VALUES ("4d452dce-c855-4a8d-82fd-466b81fbb689",
	"dd76771a-3e4c-4dd5-9fed-a65a9ad351ec",
	"c1022670-c44d-401e-bb23-dfcef6084fba",
	"0078004b-9cab-4a56-beac-5014d746ad80");
INSERT INTO V_VAL
	VALUES ("0ad58399-5625-4e83-9851-ee9ebf704edd",
	0,
	0,
	4,
	92,
	-1,
	4,
	115,
	4,
	142,
	"ba5eda7a-def5-0000-0000-00000000000f",
	"2a0882c2-189b-4e47-b862-de230a00540c");
INSERT INTO V_BRV
	VALUES ("0ad58399-5625-4e83-9851-ee9ebf704edd",
	"16322409-ab18-4a8a-8189-42924b6ad4c7",
	1,
	4,
	87);
INSERT INTO V_VAL
	VALUES ("34642e63-b945-45a2-adfc-94da4ed3d1b4",
	0,
	0,
	4,
	127,
	139,
	0,
	0,
	0,
	0,
	"ba5eda7a-def5-0000-0000-00000000000a",
	"2a0882c2-189b-4e47-b862-de230a00540c");
INSERT INTO V_TVL
	VALUES ("34642e63-b945-45a2-adfc-94da4ed3d1b4",
	"0afe06e1-a173-4142-9278-1eeaf3ed2933");
INSERT INTO V_PAR
	VALUES ("34642e63-b945-45a2-adfc-94da4ed3d1b4",
	"00000000-0000-0000-0000-000000000000",
	"0ad58399-5625-4e83-9851-ee9ebf704edd",
	'event_inst',
	"a045da88-6848-4426-978c-d7a02a5981fa",
	4,
	115);
INSERT INTO V_VAL
	VALUES ("b4eb5251-5559-4729-a016-66eb65e3c1a5",
	0,
	0,
	4,
	156,
	170,
	0,
	0,
	0,
	0,
	"ba5eda7a-def5-0000-0000-000000000008",
	"2a0882c2-189b-4e47-b862-de230a00540c");
INSERT INTO V_IRF
	VALUES ("b4eb5251-5559-4729-a016-66eb65e3c1a5",
	"137149c4-b3a7-4368-bd0f-7227ffc62997");
INSERT INTO V_VAL
	VALUES ("a045da88-6848-4426-978c-d7a02a5981fa",
	0,
	0,
	4,
	172,
	187,
	0,
	0,
	0,
	0,
	"ba5eda7a-def5-0000-0000-000000000002",
	"2a0882c2-189b-4e47-b862-de230a00540c");
INSERT INTO V_AVL
	VALUES ("a045da88-6848-4426-978c-d7a02a5981fa",
	"b4eb5251-5559-4729-a016-66eb65e3c1a5",
	"5fde89fd-3d3f-4844-b0c0-a4152fd17b46",
	"f59c2a43-8010-486d-8b22-8ba69fb8af19");
INSERT INTO V_PAR
	VALUES ("a045da88-6848-4426-978c-d7a02a5981fa",
	"00000000-0000-0000-0000-000000000000",
	"0ad58399-5625-4e83-9851-ee9ebf704edd",
	'microseconds',
	"00000000-0000-0000-0000-000000000000",
	4,
	142);
INSERT INTO V_VAR
	VALUES ("137149c4-b3a7-4368-bd0f-7227ffc62997",
	"2a0882c2-189b-4e47-b862-de230a00540c",
	'goalachievement',
	1,
	"ba5eda7a-def5-0000-0000-000000000008");
INSERT INTO V_INT
	VALUES ("137149c4-b3a7-4368-bd0f-7227ffc62997",
	0,
	"5fde89fd-3d3f-4844-b0c0-a4152fd17b46");
INSERT INTO V_VAR
	VALUES ("0afe06e1-a173-4142-9278-1eeaf3ed2933",
	"2a0882c2-189b-4e47-b862-de230a00540c",
	'evaluateEvent',
	1,
	"ba5eda7a-def5-0000-0000-00000000000a");
INSERT INTO V_TRN
	VALUES ("0afe06e1-a173-4142-9278-1eeaf3ed2933",
	"00000000-0000-0000-0000-000000000000",
	'');
INSERT INTO V_VAR
	VALUES ("67780a66-ba4f-490a-866e-b60f5bedeeb7",
	"2a0882c2-189b-4e47-b862-de230a00540c",
	'self',
	1,
	"ba5eda7a-def5-0000-0000-000000000008");
INSERT INTO V_INT
	VALUES ("67780a66-ba4f-490a-866e-b60f5bedeeb7",
	0,
	"c1022670-c44d-401e-bb23-dfcef6084fba");
INSERT INTO SM_NSTXN
	VALUES ("4d3b865b-a2b5-49a9-8f19-a163f108922a",
	"7fc80988-4415-437c-acc5-4c130cc2715d",
	"d1099fe6-d28b-4da7-9fbb-d9dcd382d03f",
	"31e33f61-ebe2-4812-ac85-09e65cd0180d",
	"00000000-0000-0000-0000-000000000000");
INSERT INTO SM_TAH
	VALUES ("2dc59cdd-01b1-43c9-acb1-a07fd46b57aa",
	"7fc80988-4415-437c-acc5-4c130cc2715d",
	"4d3b865b-a2b5-49a9-8f19-a163f108922a");
INSERT INTO SM_AH
	VALUES ("2dc59cdd-01b1-43c9-acb1-a07fd46b57aa",
	"7fc80988-4415-437c-acc5-4c130cc2715d");
INSERT INTO SM_ACT
	VALUES ("2dc59cdd-01b1-43c9-acb1-a07fd46b57aa",
	"7fc80988-4415-437c-acc5-4c130cc2715d",
	1,
	'',
	'',
	0);
INSERT INTO ACT_TAB
	VALUES ("1db4fd6a-322e-4fd1-bc3c-1ec25790a821",
	"7fc80988-4415-437c-acc5-4c130cc2715d",
	"2dc59cdd-01b1-43c9-acb1-a07fd46b57aa");
INSERT INTO ACT_ACT
	VALUES ("1db4fd6a-322e-4fd1-bc3c-1ec25790a821",
	'transition',
	0,
	"8da22d65-0f3e-483e-b567-d740677a6c24",
	"00000000-0000-0000-0000-000000000000",
	0,
	'Goal1: Completed',
	"00000000-0000-0000-0000-000000000000");
INSERT INTO ACT_BLK
	VALUES ("8da22d65-0f3e-483e-b567-d740677a6c24",
	0,
	0,
	0,
	'',
	'',
	'',
	0,
	0,
	0,
	0,
	0,
	0,
	0,
	0,
	0,
	0,
	0,
	0,
	0,
	"1db4fd6a-322e-4fd1-bc3c-1ec25790a821",
	"00000000-0000-0000-0000-000000000000");
INSERT INTO SM_TXN
	VALUES ("4d3b865b-a2b5-49a9-8f19-a163f108922a",
	"7fc80988-4415-437c-acc5-4c130cc2715d",
	"a1b65a1d-af9d-48cc-9c30-f5d1135883a7",
	"00000000-0000-0000-0000-000000000000");
INSERT INTO SM_NSTXN
	VALUES ("4eca0ab7-ab17-4858-95ba-0389b4105cd1",
	"7fc80988-4415-437c-acc5-4c130cc2715d",
	"d1099fe6-d28b-4da7-9fbb-d9dcd382d03f",
	"5706c37b-a57c-4258-ad16-eba5b972f5bf",
	"00000000-0000-0000-0000-000000000000");
INSERT INTO SM_TAH
	VALUES ("cb9002c9-d6c7-4e38-b011-9821a4b28430",
	"7fc80988-4415-437c-acc5-4c130cc2715d",
	"4eca0ab7-ab17-4858-95ba-0389b4105cd1");
INSERT INTO SM_AH
	VALUES ("cb9002c9-d6c7-4e38-b011-9821a4b28430",
	"7fc80988-4415-437c-acc5-4c130cc2715d");
INSERT INTO SM_ACT
	VALUES ("cb9002c9-d6c7-4e38-b011-9821a4b28430",
	"7fc80988-4415-437c-acc5-4c130cc2715d",
	1,
	'',
	'',
	0);
INSERT INTO ACT_TAB
	VALUES ("15698f0a-442c-49c2-a2c8-309223a8f946",
	"7fc80988-4415-437c-acc5-4c130cc2715d",
	"cb9002c9-d6c7-4e38-b011-9821a4b28430");
INSERT INTO ACT_ACT
	VALUES ("15698f0a-442c-49c2-a2c8-309223a8f946",
	'transition',
	0,
	"e21547cd-65d7-4ec1-b5ee-797d5ec39aa2",
	"00000000-0000-0000-0000-000000000000",
	0,
	'Goal2: Evaluate',
	"00000000-0000-0000-0000-000000000000");
INSERT INTO ACT_BLK
	VALUES ("e21547cd-65d7-4ec1-b5ee-797d5ec39aa2",
	0,
	0,
	0,
	'',
	'',
	'',
	0,
	0,
	0,
	0,
	0,
	0,
	0,
	0,
	0,
	0,
	0,
	0,
	0,
	"15698f0a-442c-49c2-a2c8-309223a8f946",
	"00000000-0000-0000-0000-000000000000");
INSERT INTO SM_TXN
	VALUES ("4eca0ab7-ab17-4858-95ba-0389b4105cd1",
	"7fc80988-4415-437c-acc5-4c130cc2715d",
	"d1099fe6-d28b-4da7-9fbb-d9dcd382d03f",
	"00000000-0000-0000-0000-000000000000");
INSERT INTO SM_NSTXN
	VALUES ("964c1b29-10b3-4aa7-8fe5-219d594b6c5b",
	"7fc80988-4415-437c-acc5-4c130cc2715d",
	"d1099fe6-d28b-4da7-9fbb-d9dcd382d03f",
	"38485f6b-0130-479f-ae4d-fdf6dfa8a9e8",
	"00000000-0000-0000-0000-000000000000");
INSERT INTO SM_TAH
	VALUES ("7a395b9a-8d08-4e5f-9796-e1ae72cb16e0",
	"7fc80988-4415-437c-acc5-4c130cc2715d",
	"964c1b29-10b3-4aa7-8fe5-219d594b6c5b");
INSERT INTO SM_AH
	VALUES ("7a395b9a-8d08-4e5f-9796-e1ae72cb16e0",
	"7fc80988-4415-437c-acc5-4c130cc2715d");
INSERT INTO SM_ACT
	VALUES ("7a395b9a-8d08-4e5f-9796-e1ae72cb16e0",
	"7fc80988-4415-437c-acc5-4c130cc2715d",
	1,
	'',
	'',
	0);
INSERT INTO ACT_TAB
	VALUES ("bc7f675e-6ba9-447b-89bc-f727b5597fac",
	"7fc80988-4415-437c-acc5-4c130cc2715d",
	"7a395b9a-8d08-4e5f-9796-e1ae72cb16e0");
INSERT INTO ACT_ACT
	VALUES ("bc7f675e-6ba9-447b-89bc-f727b5597fac",
	'transition',
	0,
	"96ec23f3-c571-44d5-ac17-e3f49fdb6087",
	"00000000-0000-0000-0000-000000000000",
	0,
	'Goal3: Pause',
	"00000000-0000-0000-0000-000000000000");
INSERT INTO ACT_BLK
	VALUES ("96ec23f3-c571-44d5-ac17-e3f49fdb6087",
	0,
	0,
	0,
	'',
	'',
	'',
	0,
	0,
	0,
	0,
	0,
	0,
	0,
	0,
	0,
	0,
	0,
	0,
	0,
	"bc7f675e-6ba9-447b-89bc-f727b5597fac",
	"00000000-0000-0000-0000-000000000000");
INSERT INTO SM_TXN
	VALUES ("964c1b29-10b3-4aa7-8fe5-219d594b6c5b",
	"7fc80988-4415-437c-acc5-4c130cc2715d",
	"d13e7584-a0a3-4218-9128-08ecf2a64c3d",
	"00000000-0000-0000-0000-000000000000");
INSERT INTO SM_NSTXN
	VALUES ("71523bf3-5a91-4ed9-952c-e2e31c55c657",
	"7fc80988-4415-437c-acc5-4c130cc2715d",
	"d13e7584-a0a3-4218-9128-08ecf2a64c3d",
	"31e33f61-ebe2-4812-ac85-09e65cd0180d",
	"00000000-0000-0000-0000-000000000000");
INSERT INTO SM_TAH
	VALUES ("08f7388c-4065-4e5e-ac80-1c5fd8b08a70",
	"7fc80988-4415-437c-acc5-4c130cc2715d",
	"71523bf3-5a91-4ed9-952c-e2e31c55c657");
INSERT INTO SM_AH
	VALUES ("08f7388c-4065-4e5e-ac80-1c5fd8b08a70",
	"7fc80988-4415-437c-acc5-4c130cc2715d");
INSERT INTO SM_ACT
	VALUES ("08f7388c-4065-4e5e-ac80-1c5fd8b08a70",
	"7fc80988-4415-437c-acc5-4c130cc2715d",
	1,
	'',
	'',
	0);
INSERT INTO ACT_TAB
	VALUES ("f3b5e672-8bd7-4c47-a236-94c36864b7c6",
	"7fc80988-4415-437c-acc5-4c130cc2715d",
	"08f7388c-4065-4e5e-ac80-1c5fd8b08a70");
INSERT INTO ACT_ACT
	VALUES ("f3b5e672-8bd7-4c47-a236-94c36864b7c6",
	'transition',
	0,
	"1557e9d8-a779-43e8-8f2b-8932927b5d34",
	"00000000-0000-0000-0000-000000000000",
	0,
	'Goal1: Completed',
	"00000000-0000-0000-0000-000000000000");
INSERT INTO ACT_BLK
	VALUES ("1557e9d8-a779-43e8-8f2b-8932927b5d34",
	0,
	0,
	0,
	'',
	'',
	'',
	0,
	0,
	0,
	0,
	0,
	0,
	0,
	0,
	0,
	0,
	0,
	0,
	0,
	"f3b5e672-8bd7-4c47-a236-94c36864b7c6",
	"00000000-0000-0000-0000-000000000000");
INSERT INTO SM_TXN
	VALUES ("71523bf3-5a91-4ed9-952c-e2e31c55c657",
	"7fc80988-4415-437c-acc5-4c130cc2715d",
	"a1b65a1d-af9d-48cc-9c30-f5d1135883a7",
	"00000000-0000-0000-0000-000000000000");
INSERT INTO SM_NSTXN
	VALUES ("addf4afa-b078-4ddf-96f0-314c23c8497e",
	"7fc80988-4415-437c-acc5-4c130cc2715d",
	"fe1b7527-046e-42b7-9822-e074d06d80cf",
	"05e61996-8b11-42a2-9550-5d90a7a3b580",
	"00000000-0000-0000-0000-000000000000");
INSERT INTO SM_TAH
	VALUES ("dfa760b2-f136-4ca0-a39f-e60daa82af4e",
	"7fc80988-4415-437c-acc5-4c130cc2715d",
	"addf4afa-b078-4ddf-96f0-314c23c8497e");
INSERT INTO SM_AH
	VALUES ("dfa760b2-f136-4ca0-a39f-e60daa82af4e",
	"7fc80988-4415-437c-acc5-4c130cc2715d");
INSERT INTO SM_ACT
	VALUES ("dfa760b2-f136-4ca0-a39f-e60daa82af4e",
	"7fc80988-4415-437c-acc5-4c130cc2715d",
	1,
	'',
	'',
	0);
INSERT INTO ACT_TAB
	VALUES ("3440f0b7-65c0-472e-920b-41cc8ae411b4",
	"7fc80988-4415-437c-acc5-4c130cc2715d",
	"dfa760b2-f136-4ca0-a39f-e60daa82af4e");
INSERT INTO ACT_ACT
	VALUES ("3440f0b7-65c0-472e-920b-41cc8ae411b4",
	'transition',
	0,
	"e6d03cc5-3ab9-4196-b145-ed850c22055b",
	"00000000-0000-0000-0000-000000000000",
	0,
	'Goal4: evaluationComplete',
	"00000000-0000-0000-0000-000000000000");
INSERT INTO ACT_BLK
	VALUES ("e6d03cc5-3ab9-4196-b145-ed850c22055b",
	0,
	0,
	0,
	'',
	'',
	'',
	0,
	0,
	0,
	0,
	0,
	0,
	0,
	0,
	0,
	0,
	0,
	0,
	0,
	"3440f0b7-65c0-472e-920b-41cc8ae411b4",
	"00000000-0000-0000-0000-000000000000");
INSERT INTO SM_TXN
	VALUES ("addf4afa-b078-4ddf-96f0-314c23c8497e",
	"7fc80988-4415-437c-acc5-4c130cc2715d",
	"d1099fe6-d28b-4da7-9fbb-d9dcd382d03f",
	"00000000-0000-0000-0000-000000000000");
INSERT INTO SM_NSTXN
	VALUES ("90153097-1478-4833-8700-0ea457f63efa",
	"7fc80988-4415-437c-acc5-4c130cc2715d",
	"d13e7584-a0a3-4218-9128-08ecf2a64c3d",
	"5706c37b-a57c-4258-ad16-eba5b972f5bf",
	"00000000-0000-0000-0000-000000000000");
INSERT INTO SM_TAH
	VALUES ("bf8852a2-4cc2-47ac-a44c-49d721fb2eef",
	"7fc80988-4415-437c-acc5-4c130cc2715d",
	"90153097-1478-4833-8700-0ea457f63efa");
INSERT INTO SM_AH
	VALUES ("bf8852a2-4cc2-47ac-a44c-49d721fb2eef",
	"7fc80988-4415-437c-acc5-4c130cc2715d");
INSERT INTO SM_ACT
	VALUES ("bf8852a2-4cc2-47ac-a44c-49d721fb2eef",
	"7fc80988-4415-437c-acc5-4c130cc2715d",
	1,
	'',
	'',
	0);
INSERT INTO ACT_TAB
	VALUES ("e055f9b3-e8df-4380-be44-881c430ff547",
	"7fc80988-4415-437c-acc5-4c130cc2715d",
	"bf8852a2-4cc2-47ac-a44c-49d721fb2eef");
INSERT INTO ACT_ACT
	VALUES ("e055f9b3-e8df-4380-be44-881c430ff547",
	'transition',
	0,
	"bf001aa9-c107-452e-b7a3-49df4b1d773a",
	"00000000-0000-0000-0000-000000000000",
	0,
	'Goal2: Evaluate',
	"00000000-0000-0000-0000-000000000000");
INSERT INTO ACT_BLK
	VALUES ("bf001aa9-c107-452e-b7a3-49df4b1d773a",
	0,
	0,
	0,
	'',
	'',
	'',
	0,
	0,
	0,
	0,
	0,
	0,
	0,
	0,
	0,
	0,
	0,
	0,
	0,
	"e055f9b3-e8df-4380-be44-881c430ff547",
	"00000000-0000-0000-0000-000000000000");
INSERT INTO SM_TXN
	VALUES ("90153097-1478-4833-8700-0ea457f63efa",
	"7fc80988-4415-437c-acc5-4c130cc2715d",
	"fe1b7527-046e-42b7-9822-e074d06d80cf",
	"00000000-0000-0000-0000-000000000000");
INSERT INTO PE_PE
	VALUES ("e4f33430-b3cd-4e2a-8dff-b91094d7d095",
	1,
	"a09220a4-d685-4338-83fd-0d42f7c7e308",
	"00000000-0000-0000-0000-000000000000",
	4);
INSERT INTO O_OBJ
	VALUES ("e4f33430-b3cd-4e2a-8dff-b91094d7d095",
	'Display',
	6,
	'Display',
	'Represents the display for the device, managing the sequence of screens
and displaying the appropriate values based on the current mode of the 
display.  
This is a singleton instance.
',
	"00000000-0000-0000-0000-000000000000");
INSERT INTO O_TFR
	VALUES ("a29d7ebd-8df6-44b9-a088-55d69709c957",
	"e4f33430-b3cd-4e2a-8dff-b91094d7d095",
	'goalDispositionIndicator',
	'',
	"0c2280ac-677d-4cc7-a34f-fde18b6c9506",
	0,
	'// Return the indicator value representing the disposition of 
// the currently executing goal, if one exists.  If there is
// no currently executing goal, return Blank.

// Find the currently executing goal (if one exists) associated 
// with the singleton instance of the workout session.
select any session from instances of WorkoutSession;
select one goal related by session->Goal[R11.''is_currently_executing''];

// Convert the disposition of the currently executing goal
// (if it exists) to a UI indicator.
indicator = Indicator::Blank;
if ( not empty goal )
  if ( goal.disposition == GoalDisposition::Increase )
    indicator = Indicator::Up;
  elif ( goal.disposition == GoalDisposition::Decrease )
    indicator = Indicator::Down;
  else
    indicator = Indicator::Flat;
  end if;
end if;

return( indicator );',
	1,
	'',
	"00000000-0000-0000-0000-000000000000",
	0);
INSERT INTO ACT_OPB
	VALUES ("a65aec5e-bef5-4cdf-8ff1-cbe19fd8da75",
	"a29d7ebd-8df6-44b9-a088-55d69709c957");
INSERT INTO ACT_ACT
	VALUES ("a65aec5e-bef5-4cdf-8ff1-cbe19fd8da75",
	'class operation',
	0,
	"a9e1c81d-70f6-4f0f-bc2c-5508b09f088e",
	"00000000-0000-0000-0000-000000000000",
	0,
	'Display::goalDispositionIndicator',
	"00000000-0000-0000-0000-000000000000");
INSERT INTO ACT_BLK
	VALUES ("a9e1c81d-70f6-4f0f-bc2c-5508b09f088e",
	1,
	0,
	0,
	'',
	'',
	'',
	23,
	1,
	8,
	37,
	0,
	0,
	8,
	42,
	8,
	46,
	12,
	13,
	0,
	"a65aec5e-bef5-4cdf-8ff1-cbe19fd8da75",
	"00000000-0000-0000-0000-000000000000");
INSERT INTO ACT_SMT
	VALUES ("f4e18f96-368a-43ae-9a2a-5c7b60839d28",
	"a9e1c81d-70f6-4f0f-bc2c-5508b09f088e",
	"45bdee10-848f-4c2f-9134-9d15bbc20d27",
	7,
	1,
	'Display::goalDispositionIndicator line: 7');
INSERT INTO ACT_FIO
	VALUES ("f4e18f96-368a-43ae-9a2a-5c7b60839d28",
	"fcd74422-78a0-4cdc-894c-1e70be4128dd",
	1,
	'any',
	"2522ffa2-db69-4807-ab45-06acf4cf893a",
	7,
	38);
INSERT INTO ACT_SMT
	VALUES ("45bdee10-848f-4c2f-9134-9d15bbc20d27",
	"a9e1c81d-70f6-4f0f-bc2c-5508b09f088e",
	"ab58d802-c8be-4781-b838-31ce3bf94279",
	8,
	1,
	'Display::goalDispositionIndicator line: 8');
INSERT INTO ACT_SEL
	VALUES ("45bdee10-848f-4c2f-9134-9d15bbc20d27",
	"4dec66cb-6ea3-4d96-b0bf-eec7cf9efd00",
	1,
	'one',
	"58a09d90-eddf-4fcb-88f2-ad9caf6fbf6d");
INSERT INTO ACT_SR
	VALUES ("45bdee10-848f-4c2f-9134-9d15bbc20d27");
INSERT INTO ACT_LNK
	VALUES ("5a05e805-6e9a-4645-a7bf-18c55707efe5",
	'''is_currently_executing''',
	"45bdee10-848f-4c2f-9134-9d15bbc20d27",
	"50d628e2-9d2f-4810-93d9-44fb62bf9031",
	"00000000-0000-0000-0000-000000000000",
	2,
	"c1022670-c44d-401e-bb23-dfcef6084fba",
	8,
	37,
	8,
	42,
	8,
	46);
INSERT INTO ACT_SMT
	VALUES ("ab58d802-c8be-4781-b838-31ce3bf94279",
	"a9e1c81d-70f6-4f0f-bc2c-5508b09f088e",
	"f5898d9e-00dd-48b9-9aa5-c8298bbd2565",
	12,
	1,
	'Display::goalDispositionIndicator line: 12');
INSERT INTO ACT_AI
	VALUES ("ab58d802-c8be-4781-b838-31ce3bf94279",
	"6b5f18b0-66a7-4369-8640-472ef9c39b96",
	"3adec547-d678-4350-8fc9-16b75879c389",
	0,
	0);
INSERT INTO ACT_SMT
	VALUES ("f5898d9e-00dd-48b9-9aa5-c8298bbd2565",
	"a9e1c81d-70f6-4f0f-bc2c-5508b09f088e",
	"66b5f0b7-7963-413e-bda6-1751247a229f",
	13,
	1,
	'Display::goalDispositionIndicator line: 13');
INSERT INTO ACT_IF
	VALUES ("f5898d9e-00dd-48b9-9aa5-c8298bbd2565",
	"35b57414-3cc6-4bc3-a2ed-6732bdc651c9",
	"1f66245c-4518-4de7-aafd-85dcc0b02474",
	"00000000-0000-0000-0000-000000000000",
	"00000000-0000-0000-0000-000000000000");
INSERT INTO ACT_SMT
	VALUES ("66b5f0b7-7963-413e-bda6-1751247a229f",
	"a9e1c81d-70f6-4f0f-bc2c-5508b09f088e",
	"00000000-0000-0000-0000-000000000000",
	23,
	1,
	'Display::goalDispositionIndicator line: 23');
INSERT INTO ACT_RET
	VALUES ("66b5f0b7-7963-413e-bda6-1751247a229f",
	"d517059d-9e94-4389-a697-27f0d6f6d91e");
INSERT INTO V_VAL
	VALUES ("58a09d90-eddf-4fcb-88f2-ad9caf6fbf6d",
	0,
	0,
	8,
	28,
	34,
	0,
	0,
	0,
	0,
	"ba5eda7a-def5-0000-0000-000000000008",
	"a9e1c81d-70f6-4f0f-bc2c-5508b09f088e");
INSERT INTO V_IRF
	VALUES ("58a09d90-eddf-4fcb-88f2-ad9caf6fbf6d",
	"fcd74422-78a0-4cdc-894c-1e70be4128dd");
INSERT INTO V_VAL
	VALUES ("3adec547-d678-4350-8fc9-16b75879c389",
	1,
	1,
	12,
	1,
	9,
	0,
	0,
	0,
	0,
	"0c2280ac-677d-4cc7-a34f-fde18b6c9506",
	"a9e1c81d-70f6-4f0f-bc2c-5508b09f088e");
INSERT INTO V_TVL
	VALUES ("3adec547-d678-4350-8fc9-16b75879c389",
	"38cca034-97e3-45c8-a3e3-2a9bb51bdbba");
INSERT INTO V_VAL
	VALUES ("6b5f18b0-66a7-4369-8640-472ef9c39b96",
	0,
	0,
	12,
	24,
	28,
	0,
	0,
	0,
	0,
	"0c2280ac-677d-4cc7-a34f-fde18b6c9506",
	"a9e1c81d-70f6-4f0f-bc2c-5508b09f088e");
INSERT INTO V_LEN
	VALUES ("6b5f18b0-66a7-4369-8640-472ef9c39b96",
	"e24ca681-a88f-481f-9a58-563692e6a583",
	12,
	13);
INSERT INTO V_VAL
	VALUES ("cd90beb8-df6f-46cc-8f68-865566381e37",
	0,
	0,
	13,
	16,
	19,
	0,
	0,
	0,
	0,
	"ba5eda7a-def5-0000-0000-000000000008",
	"a9e1c81d-70f6-4f0f-bc2c-5508b09f088e");
INSERT INTO V_IRF
	VALUES ("cd90beb8-df6f-46cc-8f68-865566381e37",
	"4dec66cb-6ea3-4d96-b0bf-eec7cf9efd00");
INSERT INTO V_VAL
	VALUES ("c620fde6-f81f-4663-b5d9-37a1129d5ea4",
	0,
	0,
	-1,
	-1,
	-1,
	0,
	0,
	0,
	0,
	"ba5eda7a-def5-0000-0000-000000000001",
	"a9e1c81d-70f6-4f0f-bc2c-5508b09f088e");
INSERT INTO V_UNY
	VALUES ("c620fde6-f81f-4663-b5d9-37a1129d5ea4",
	"cd90beb8-df6f-46cc-8f68-865566381e37",
	'empty');
INSERT INTO V_VAL
	VALUES ("1f66245c-4518-4de7-aafd-85dcc0b02474",
	0,
	0,
	-1,
	-1,
	-1,
	0,
	0,
	0,
	0,
	"ba5eda7a-def5-0000-0000-000000000001",
	"a9e1c81d-70f6-4f0f-bc2c-5508b09f088e");
INSERT INTO V_UNY
	VALUES ("1f66245c-4518-4de7-aafd-85dcc0b02474",
	"c620fde6-f81f-4663-b5d9-37a1129d5ea4",
	'not');
INSERT INTO V_VAL
	VALUES ("d517059d-9e94-4389-a697-27f0d6f6d91e",
	0,
	0,
	23,
	9,
	17,
	0,
	0,
	0,
	0,
	"0c2280ac-677d-4cc7-a34f-fde18b6c9506",
	"a9e1c81d-70f6-4f0f-bc2c-5508b09f088e");
INSERT INTO V_TVL
	VALUES ("d517059d-9e94-4389-a697-27f0d6f6d91e",
	"38cca034-97e3-45c8-a3e3-2a9bb51bdbba");
INSERT INTO V_VAR
	VALUES ("fcd74422-78a0-4cdc-894c-1e70be4128dd",
	"a9e1c81d-70f6-4f0f-bc2c-5508b09f088e",
	'session',
	1,
	"ba5eda7a-def5-0000-0000-000000000008");
INSERT INTO V_INT
	VALUES ("fcd74422-78a0-4cdc-894c-1e70be4128dd",
	0,
	"2522ffa2-db69-4807-ab45-06acf4cf893a");
INSERT INTO V_VAR
	VALUES ("4dec66cb-6ea3-4d96-b0bf-eec7cf9efd00",
	"a9e1c81d-70f6-4f0f-bc2c-5508b09f088e",
	'goal',
	1,
	"ba5eda7a-def5-0000-0000-000000000008");
INSERT INTO V_INT
	VALUES ("4dec66cb-6ea3-4d96-b0bf-eec7cf9efd00",
	0,
	"c1022670-c44d-401e-bb23-dfcef6084fba");
INSERT INTO V_VAR
	VALUES ("38cca034-97e3-45c8-a3e3-2a9bb51bdbba",
	"a9e1c81d-70f6-4f0f-bc2c-5508b09f088e",
	'indicator',
	1,
	"0c2280ac-677d-4cc7-a34f-fde18b6c9506");
INSERT INTO V_TRN
	VALUES ("38cca034-97e3-45c8-a3e3-2a9bb51bdbba",
	"00000000-0000-0000-0000-000000000000",
	'');
INSERT INTO ACT_BLK
	VALUES ("35b57414-3cc6-4bc3-a2ed-6732bdc651c9",
	0,
	0,
	0,
	'',
	'',
	'',
	18,
	3,
	0,
	0,
	0,
	0,
	0,
	0,
	0,
	0,
	16,
	30,
	0,
	"a65aec5e-bef5-4cdf-8ff1-cbe19fd8da75",
	"00000000-0000-0000-0000-000000000000");
INSERT INTO ACT_SMT
	VALUES ("e6641ef7-ddd0-4765-b9d5-6e2135bf602b",
	"35b57414-3cc6-4bc3-a2ed-6732bdc651c9",
	"00000000-0000-0000-0000-000000000000",
	14,
	3,
	'Display::goalDispositionIndicator line: 14');
INSERT INTO ACT_IF
	VALUES ("e6641ef7-ddd0-4765-b9d5-6e2135bf602b",
	"178025d9-5e6c-456e-a3e7-ea637e63a52c",
	"418522b7-1943-49a7-87d2-64ff1ab46731",
	"00000000-0000-0000-0000-000000000000",
	"00000000-0000-0000-0000-000000000000");
INSERT INTO ACT_SMT
	VALUES ("95bf907b-5e8c-4703-93dc-5df9b0f2b1be",
	"35b57414-3cc6-4bc3-a2ed-6732bdc651c9",
	"00000000-0000-0000-0000-000000000000",
	16,
	3,
	'Display::goalDispositionIndicator line: 16');
INSERT INTO ACT_EL
	VALUES ("95bf907b-5e8c-4703-93dc-5df9b0f2b1be",
	"3ea6c0ea-8833-4fef-9ee7-29910358c974",
	"5949f2ca-8950-4fc5-814b-d4962ef621d6",
	"e6641ef7-ddd0-4765-b9d5-6e2135bf602b");
INSERT INTO ACT_SMT
	VALUES ("97d9e00b-7cef-4bc2-b3f4-a9d3c1868074",
	"35b57414-3cc6-4bc3-a2ed-6732bdc651c9",
	"00000000-0000-0000-0000-000000000000",
	18,
	3,
	'Display::goalDispositionIndicator line: 18');
INSERT INTO ACT_E
	VALUES ("97d9e00b-7cef-4bc2-b3f4-a9d3c1868074",
	"4e7f73cf-f20c-46df-8da2-62e4bb4e6857",
	"e6641ef7-ddd0-4765-b9d5-6e2135bf602b");
INSERT INTO V_VAL
	VALUES ("46bd7765-5ac0-417f-a54e-4821cbf49b8b",
	0,
	0,
	14,
	8,
	11,
	0,
	0,
	0,
	0,
	"ba5eda7a-def5-0000-0000-000000000008",
	"35b57414-3cc6-4bc3-a2ed-6732bdc651c9");
INSERT INTO V_IRF
	VALUES ("46bd7765-5ac0-417f-a54e-4821cbf49b8b",
	"4dec66cb-6ea3-4d96-b0bf-eec7cf9efd00");
INSERT INTO V_VAL
	VALUES ("a7b65ab5-b699-4ae6-b71d-534b863d3958",
	0,
	0,
	14,
	13,
	23,
	0,
	0,
	0,
	0,
	"ca91d910-53ec-403c-9551-bfc1a9aa9b73",
	"35b57414-3cc6-4bc3-a2ed-6732bdc651c9");
INSERT INTO V_AVL
	VALUES ("a7b65ab5-b699-4ae6-b71d-534b863d3958",
	"46bd7765-5ac0-417f-a54e-4821cbf49b8b",
	"c1022670-c44d-401e-bb23-dfcef6084fba",
	"fa9000ac-0495-47fe-bbaf-66bc8f9a4f0a");
INSERT INTO V_VAL
	VALUES ("418522b7-1943-49a7-87d2-64ff1ab46731",
	0,
	0,
	14,
	13,
	52,
	0,
	0,
	0,
	0,
	"ba5eda7a-def5-0000-0000-000000000001",
	"35b57414-3cc6-4bc3-a2ed-6732bdc651c9");
INSERT INTO V_BIN
	VALUES ("418522b7-1943-49a7-87d2-64ff1ab46731",
	"e82de2b5-698f-4f57-a9ee-f0b949567182",
	"a7b65ab5-b699-4ae6-b71d-534b863d3958",
	'==');
INSERT INTO V_VAL
	VALUES ("e82de2b5-698f-4f57-a9ee-f0b949567182",
	0,
	0,
	14,
	45,
	52,
	0,
	0,
	0,
	0,
	"ca91d910-53ec-403c-9551-bfc1a9aa9b73",
	"35b57414-3cc6-4bc3-a2ed-6732bdc651c9");
INSERT INTO V_LEN
	VALUES ("e82de2b5-698f-4f57-a9ee-f0b949567182",
	"9b20494e-b74a-43a6-827e-bdf246f511aa",
	14,
	28);
INSERT INTO V_VAL
	VALUES ("72da0aa5-9a64-4762-a6c9-711f39dbcb06",
	0,
	0,
	16,
	10,
	13,
	0,
	0,
	0,
	0,
	"ba5eda7a-def5-0000-0000-000000000008",
	"35b57414-3cc6-4bc3-a2ed-6732bdc651c9");
INSERT INTO V_IRF
	VALUES ("72da0aa5-9a64-4762-a6c9-711f39dbcb06",
	"4dec66cb-6ea3-4d96-b0bf-eec7cf9efd00");
INSERT INTO V_VAL
	VALUES ("01d1edfe-63de-4b38-97af-5edd09371703",
	0,
	0,
	16,
	15,
	25,
	0,
	0,
	0,
	0,
	"ca91d910-53ec-403c-9551-bfc1a9aa9b73",
	"35b57414-3cc6-4bc3-a2ed-6732bdc651c9");
INSERT INTO V_AVL
	VALUES ("01d1edfe-63de-4b38-97af-5edd09371703",
	"72da0aa5-9a64-4762-a6c9-711f39dbcb06",
	"c1022670-c44d-401e-bb23-dfcef6084fba",
	"fa9000ac-0495-47fe-bbaf-66bc8f9a4f0a");
INSERT INTO V_VAL
	VALUES ("5949f2ca-8950-4fc5-814b-d4962ef621d6",
	0,
	0,
	16,
	15,
	54,
	0,
	0,
	0,
	0,
	"ba5eda7a-def5-0000-0000-000000000001",
	"35b57414-3cc6-4bc3-a2ed-6732bdc651c9");
INSERT INTO V_BIN
	VALUES ("5949f2ca-8950-4fc5-814b-d4962ef621d6",
	"84dd47f4-064c-40d2-b65b-bcd9e5771fc1",
	"01d1edfe-63de-4b38-97af-5edd09371703",
	'==');
INSERT INTO V_VAL
	VALUES ("84dd47f4-064c-40d2-b65b-bcd9e5771fc1",
	0,
	0,
	16,
	47,
	54,
	0,
	0,
	0,
	0,
	"ca91d910-53ec-403c-9551-bfc1a9aa9b73",
	"35b57414-3cc6-4bc3-a2ed-6732bdc651c9");
INSERT INTO V_LEN
	VALUES ("84dd47f4-064c-40d2-b65b-bcd9e5771fc1",
	"4747b6cc-cb1a-4559-82f9-915290ff03fb",
	16,
	30);
INSERT INTO ACT_BLK
	VALUES ("178025d9-5e6c-456e-a3e7-ea637e63a52c",
	0,
	0,
	0,
	'',
	'',
	'',
	15,
	5,
	0,
	0,
	0,
	0,
	0,
	0,
	0,
	0,
	15,
	17,
	0,
	"a65aec5e-bef5-4cdf-8ff1-cbe19fd8da75",
	"00000000-0000-0000-0000-000000000000");
INSERT INTO ACT_SMT
	VALUES ("6c9317ed-ef5d-4706-9e58-5c0685ce4a00",
	"178025d9-5e6c-456e-a3e7-ea637e63a52c",
	"00000000-0000-0000-0000-000000000000",
	15,
	5,
	'Display::goalDispositionIndicator line: 15');
INSERT INTO ACT_AI
	VALUES ("6c9317ed-ef5d-4706-9e58-5c0685ce4a00",
	"6130be78-5365-4371-a816-175280d53d8a",
	"b9ba1997-5bd1-45de-8242-945505a51b2f",
	0,
	0);
INSERT INTO V_VAL
	VALUES ("b9ba1997-5bd1-45de-8242-945505a51b2f",
	1,
	0,
	15,
	5,
	13,
	0,
	0,
	0,
	0,
	"0c2280ac-677d-4cc7-a34f-fde18b6c9506",
	"178025d9-5e6c-456e-a3e7-ea637e63a52c");
INSERT INTO V_TVL
	VALUES ("b9ba1997-5bd1-45de-8242-945505a51b2f",
	"38cca034-97e3-45c8-a3e3-2a9bb51bdbba");
INSERT INTO V_VAL
	VALUES ("6130be78-5365-4371-a816-175280d53d8a",
	0,
	0,
	15,
	28,
	29,
	0,
	0,
	0,
	0,
	"0c2280ac-677d-4cc7-a34f-fde18b6c9506",
	"178025d9-5e6c-456e-a3e7-ea637e63a52c");
INSERT INTO V_LEN
	VALUES ("6130be78-5365-4371-a816-175280d53d8a",
	"77c1c31d-c558-4feb-8ea1-780d12a75db4",
	15,
	17);
INSERT INTO ACT_BLK
	VALUES ("3ea6c0ea-8833-4fef-9ee7-29910358c974",
	0,
	0,
	0,
	'',
	'',
	'',
	17,
	5,
	0,
	0,
	0,
	0,
	0,
	0,
	0,
	0,
	17,
	17,
	0,
	"a65aec5e-bef5-4cdf-8ff1-cbe19fd8da75",
	"00000000-0000-0000-0000-000000000000");
INSERT INTO ACT_SMT
	VALUES ("d6be9f6a-6c23-4bf4-af38-eeb8d9a8b5de",
	"3ea6c0ea-8833-4fef-9ee7-29910358c974",
	"00000000-0000-0000-0000-000000000000",
	17,
	5,
	'Display::goalDispositionIndicator line: 17');
INSERT INTO ACT_AI
	VALUES ("d6be9f6a-6c23-4bf4-af38-eeb8d9a8b5de",
	"ac2f1332-8f3d-4d19-a937-5c6859bbd2dd",
	"5ab40dc4-da79-4ad7-9659-74b7930f339a",
	0,
	0);
INSERT INTO V_VAL
	VALUES ("5ab40dc4-da79-4ad7-9659-74b7930f339a",
	1,
	0,
	17,
	5,
	13,
	0,
	0,
	0,
	0,
	"0c2280ac-677d-4cc7-a34f-fde18b6c9506",
	"3ea6c0ea-8833-4fef-9ee7-29910358c974");
INSERT INTO V_TVL
	VALUES ("5ab40dc4-da79-4ad7-9659-74b7930f339a",
	"38cca034-97e3-45c8-a3e3-2a9bb51bdbba");
INSERT INTO V_VAL
	VALUES ("ac2f1332-8f3d-4d19-a937-5c6859bbd2dd",
	0,
	0,
	17,
	28,
	31,
	0,
	0,
	0,
	0,
	"0c2280ac-677d-4cc7-a34f-fde18b6c9506",
	"3ea6c0ea-8833-4fef-9ee7-29910358c974");
INSERT INTO V_LEN
	VALUES ("ac2f1332-8f3d-4d19-a937-5c6859bbd2dd",
	"6f056bda-b51d-49b8-80e6-e3252575303f",
	17,
	17);
INSERT INTO ACT_BLK
	VALUES ("4e7f73cf-f20c-46df-8da2-62e4bb4e6857",
	0,
	0,
	0,
	'',
	'',
	'',
	19,
	5,
	0,
	0,
	0,
	0,
	0,
	0,
	0,
	0,
	19,
	17,
	0,
	"a65aec5e-bef5-4cdf-8ff1-cbe19fd8da75",
	"00000000-0000-0000-0000-000000000000");
INSERT INTO ACT_SMT
	VALUES ("aca89d02-9fc7-4962-a608-daddc40621c5",
	"4e7f73cf-f20c-46df-8da2-62e4bb4e6857",
	"00000000-0000-0000-0000-000000000000",
	19,
	5,
	'Display::goalDispositionIndicator line: 19');
INSERT INTO ACT_AI
	VALUES ("aca89d02-9fc7-4962-a608-daddc40621c5",
	"b92f0257-f7b2-45f8-bbf7-865d97060575",
	"b9ebdafd-7080-4abf-ac69-7df39ebb19e1",
	0,
	0);
INSERT INTO V_VAL
	VALUES ("b9ebdafd-7080-4abf-ac69-7df39ebb19e1",
	1,
	0,
	19,
	5,
	13,
	0,
	0,
	0,
	0,
	"0c2280ac-677d-4cc7-a34f-fde18b6c9506",
	"4e7f73cf-f20c-46df-8da2-62e4bb4e6857");
INSERT INTO V_TVL
	VALUES ("b9ebdafd-7080-4abf-ac69-7df39ebb19e1",
	"38cca034-97e3-45c8-a3e3-2a9bb51bdbba");
INSERT INTO V_VAL
	VALUES ("b92f0257-f7b2-45f8-bbf7-865d97060575",
	0,
	0,
	19,
	28,
	31,
	0,
	0,
	0,
	0,
	"0c2280ac-677d-4cc7-a34f-fde18b6c9506",
	"4e7f73cf-f20c-46df-8da2-62e4bb4e6857");
INSERT INTO V_LEN
	VALUES ("b92f0257-f7b2-45f8-bbf7-865d97060575",
	"5ac9a186-c6db-4585-b9f0-55b33f8f9188",
	19,
	17);
INSERT INTO O_NBATTR
	VALUES ("916bb9f2-3357-4bf4-87c4-0c9f6759e965",
	"e4f33430-b3cd-4e2a-8dff-b91094d7d095");
INSERT INTO O_BATTR
	VALUES ("916bb9f2-3357-4bf4-87c4-0c9f6759e965",
	"e4f33430-b3cd-4e2a-8dff-b91094d7d095");
INSERT INTO O_ATTR
	VALUES ("916bb9f2-3357-4bf4-87c4-0c9f6759e965",
	"e4f33430-b3cd-4e2a-8dff-b91094d7d095",
	"b68a74bc-c90b-4f2b-8838-bb69dea746ec",
	'current_state',
	'',
	'',
	'current_state',
	0,
	"ba5eda7a-def5-0000-0000-000000000006",
	'',
	'');
INSERT INTO O_REF
	VALUES ("e4f33430-b3cd-4e2a-8dff-b91094d7d095",
	"2522ffa2-db69-4807-ab45-06acf4cf893a",
	0,
	"7f25f45e-231c-4cfe-9481-7a86cabddbc6",
	"624a7f7e-f307-4c75-9412-3258327be18a",
	"443bb730-83d0-4714-bf48-28d75dea6c97",
	"fbd6fc51-af92-459e-8801-91c949fcd221",
	"b68a74bc-c90b-4f2b-8838-bb69dea746ec",
	"95fb3fb9-b8de-4a97-9acc-e42bd15fdb93",
	"00000000-0000-0000-0000-000000000000",
	0,
	'',
	'WorkoutSession',
	'startTime',
	'R7.''indicates_current_status_of''');
INSERT INTO O_RATTR
	VALUES ("b68a74bc-c90b-4f2b-8838-bb69dea746ec",
	"e4f33430-b3cd-4e2a-8dff-b91094d7d095",
	"7f25f45e-231c-4cfe-9481-7a86cabddbc6",
	"2522ffa2-db69-4807-ab45-06acf4cf893a",
	1,
	'startTime');
INSERT INTO O_ATTR
	VALUES ("b68a74bc-c90b-4f2b-8838-bb69dea746ec",
	"e4f33430-b3cd-4e2a-8dff-b91094d7d095",
	"00000000-0000-0000-0000-000000000000",
	'session_startTime',
	'',
	'session_',
	'startTime',
	1,
	"ba5eda7a-def5-0000-0000-000000000007",
	'',
	'');
INSERT INTO O_ID
	VALUES (0,
	"e4f33430-b3cd-4e2a-8dff-b91094d7d095");
INSERT INTO O_OIDA
	VALUES ("b68a74bc-c90b-4f2b-8838-bb69dea746ec",
	"e4f33430-b3cd-4e2a-8dff-b91094d7d095",
	0,
	'session_startTime');
INSERT INTO O_ID
	VALUES (1,
	"e4f33430-b3cd-4e2a-8dff-b91094d7d095");
INSERT INTO O_ID
	VALUES (2,
	"e4f33430-b3cd-4e2a-8dff-b91094d7d095");
INSERT INTO SM_ISM
	VALUES ("a976fe2a-d67c-4ae5-b5fd-21cf77c5de22",
	"e4f33430-b3cd-4e2a-8dff-b91094d7d095");
INSERT INTO SM_SM
	VALUES ("a976fe2a-d67c-4ae5-b5fd-21cf77c5de22",
	'',
	0);
INSERT INTO SM_MOORE
	VALUES ("a976fe2a-d67c-4ae5-b5fd-21cf77c5de22");
INSERT INTO SM_LEVT
	VALUES ("27b4cf0c-e6fb-4c0a-a58f-551ab6c11bdd",
	"a976fe2a-d67c-4ae5-b5fd-21cf77c5de22",
	"00000000-0000-0000-0000-000000000000");
INSERT INTO SM_SEVT
	VALUES ("27b4cf0c-e6fb-4c0a-a58f-551ab6c11bdd",
	"a976fe2a-d67c-4ae5-b5fd-21cf77c5de22",
	"00000000-0000-0000-0000-000000000000");
INSERT INTO SM_EVT
	VALUES ("27b4cf0c-e6fb-4c0a-a58f-551ab6c11bdd",
	"a976fe2a-d67c-4ae5-b5fd-21cf77c5de22",
	"00000000-0000-0000-0000-000000000000",
	1,
	'modeChange',
	0,
	'',
	'Display1',
	'');
INSERT INTO SM_LEVT
	VALUES ("1f99c5a4-1b49-435a-b1af-470e1a85ac18",
	"a976fe2a-d67c-4ae5-b5fd-21cf77c5de22",
	"00000000-0000-0000-0000-000000000000");
INSERT INTO SM_SEVT
	VALUES ("1f99c5a4-1b49-435a-b1af-470e1a85ac18",
	"a976fe2a-d67c-4ae5-b5fd-21cf77c5de22",
	"00000000-0000-0000-0000-000000000000");
INSERT INTO SM_EVT
	VALUES ("1f99c5a4-1b49-435a-b1af-470e1a85ac18",
	"a976fe2a-d67c-4ae5-b5fd-21cf77c5de22",
	"00000000-0000-0000-0000-000000000000",
	2,
	'refresh',
	0,
	'',
	'Display2',
	'');
INSERT INTO SM_STATE
	VALUES ("b55592a4-763c-469d-9c93-ab7f5b6791dd",
	"a976fe2a-d67c-4ae5-b5fd-21cf77c5de22",
	"00000000-0000-0000-0000-000000000000",
	'displayDistance',
	1,
	0);
INSERT INTO SM_SEME
	VALUES ("b55592a4-763c-469d-9c93-ab7f5b6791dd",
	"27b4cf0c-e6fb-4c0a-a58f-551ab6c11bdd",
	"a976fe2a-d67c-4ae5-b5fd-21cf77c5de22",
	"00000000-0000-0000-0000-000000000000");
INSERT INTO SM_SEME
	VALUES ("b55592a4-763c-469d-9c93-ab7f5b6791dd",
	"1f99c5a4-1b49-435a-b1af-470e1a85ac18",
	"a976fe2a-d67c-4ae5-b5fd-21cf77c5de22",
	"00000000-0000-0000-0000-000000000000");
INSERT INTO SM_MOAH
	VALUES ("c1c13511-e488-4147-9f31-fb7cb4888407",
	"a976fe2a-d67c-4ae5-b5fd-21cf77c5de22",
	"b55592a4-763c-469d-9c93-ab7f5b6791dd");
INSERT INTO SM_AH
	VALUES ("c1c13511-e488-4147-9f31-fb7cb4888407",
	"a976fe2a-d67c-4ae5-b5fd-21cf77c5de22");
INSERT INTO SM_ACT
	VALUES ("c1c13511-e488-4147-9f31-fb7cb4888407",
	"a976fe2a-d67c-4ae5-b5fd-21cf77c5de22",
	1,
	'select one session related by self->WorkoutSession[R7.''indicates_current_status_of''];
distance = session.accumulatedDistance;
if ( distance > 1000.0 )
  send UI::setData(value: distance / 1000.0, unit: Unit::km);
else 
  send UI::setData(value: distance, unit: Unit::meters);
end if;
send UI::setIndicator( indicator: Display::goalDispositionIndicator() );',
	'',
	0);
INSERT INTO ACT_SAB
	VALUES ("774afd9e-d69c-49bf-9a0a-5a01b5cf689f",
	"a976fe2a-d67c-4ae5-b5fd-21cf77c5de22",
	"c1c13511-e488-4147-9f31-fb7cb4888407");
INSERT INTO ACT_ACT
	VALUES ("774afd9e-d69c-49bf-9a0a-5a01b5cf689f",
	'state',
	0,
	"bcef4e64-6ad0-4576-858d-296ac9c0eb7f",
	"00000000-0000-0000-0000-000000000000",
	0,
	'Display::displayDistance',
	"00000000-0000-0000-0000-000000000000");
INSERT INTO ACT_BLK
	VALUES ("bcef4e64-6ad0-4576-858d-296ac9c0eb7f",
	1,
	0,
	0,
	'Display',
	'',
	'',
	8,
	1,
	8,
	35,
	0,
	0,
	1,
	52,
	1,
	55,
	0,
	0,
	0,
	"774afd9e-d69c-49bf-9a0a-5a01b5cf689f",
	"00000000-0000-0000-0000-000000000000");
INSERT INTO ACT_SMT
	VALUES ("899a0b58-e27d-459b-abd2-144a9669b951",
	"bcef4e64-6ad0-4576-858d-296ac9c0eb7f",
	"4bdd0c06-463c-4c0f-a205-cd690753f55f",
	1,
	1,
	'Display::displayDistance line: 1');
INSERT INTO ACT_SEL
	VALUES ("899a0b58-e27d-459b-abd2-144a9669b951",
	"ea5bf2e2-764c-499e-94b2-8d153d11e99f",
	1,
	'one',
	"1bcf0f23-2938-4396-9ecb-ea11d2143302");
INSERT INTO ACT_SR
	VALUES ("899a0b58-e27d-459b-abd2-144a9669b951");
INSERT INTO ACT_LNK
	VALUES ("d124ea65-bc20-4941-af0c-c7fcd3529800",
	'''indicates_current_status_of''',
	"899a0b58-e27d-459b-abd2-144a9669b951",
	"624a7f7e-f307-4c75-9412-3258327be18a",
	"00000000-0000-0000-0000-000000000000",
	2,
	"2522ffa2-db69-4807-ab45-06acf4cf893a",
	1,
	37,
	1,
	52,
	1,
	55);
INSERT INTO ACT_SMT
	VALUES ("4bdd0c06-463c-4c0f-a205-cd690753f55f",
	"bcef4e64-6ad0-4576-858d-296ac9c0eb7f",
	"dd9d20e8-ce30-4525-917c-35bbad3f30f8",
	2,
	1,
	'Display::displayDistance line: 2');
INSERT INTO ACT_AI
	VALUES ("4bdd0c06-463c-4c0f-a205-cd690753f55f",
	"8eae073e-4b55-4c1a-8f1d-eeac340b7657",
	"92667235-29b2-4e05-9126-f279e62780c4",
	0,
	0);
INSERT INTO ACT_SMT
	VALUES ("dd9d20e8-ce30-4525-917c-35bbad3f30f8",
	"bcef4e64-6ad0-4576-858d-296ac9c0eb7f",
	"95799588-6a54-4f80-ab73-370b3f50b525",
	3,
	1,
	'Display::displayDistance line: 3');
INSERT INTO ACT_IF
	VALUES ("dd9d20e8-ce30-4525-917c-35bbad3f30f8",
	"4ce2b647-498f-475d-b74d-46c1c4c819ad",
	"386f1d17-a84e-437a-8956-0b35fe43c128",
	"00000000-0000-0000-0000-000000000000",
	"00000000-0000-0000-0000-000000000000");
INSERT INTO ACT_SMT
	VALUES ("ea7845da-239c-4b39-9c12-199a7186b9b9",
	"bcef4e64-6ad0-4576-858d-296ac9c0eb7f",
	"00000000-0000-0000-0000-000000000000",
	5,
	1,
	'Display::displayDistance line: 5');
INSERT INTO ACT_E
	VALUES ("ea7845da-239c-4b39-9c12-199a7186b9b9",
	"59dfce3a-b890-4e14-b022-0c5fd3e2b106",
	"dd9d20e8-ce30-4525-917c-35bbad3f30f8");
INSERT INTO ACT_SMT
	VALUES ("95799588-6a54-4f80-ab73-370b3f50b525",
	"bcef4e64-6ad0-4576-858d-296ac9c0eb7f",
	"00000000-0000-0000-0000-000000000000",
	8,
	1,
	'Display::displayDistance line: 8');
INSERT INTO ACT_SGN
	VALUES ("95799588-6a54-4f80-ab73-370b3f50b525",
	8,
	10,
	8,
	6,
	"00000000-0000-0000-0000-000000000000",
	"4431a269-cb83-4b90-b711-1e0484a9cf52",
	"00000000-0000-0000-0000-000000000000");
INSERT INTO V_VAL
	VALUES ("1bcf0f23-2938-4396-9ecb-ea11d2143302",
	0,
	0,
	1,
	31,
	34,
	0,
	0,
	0,
	0,
	"ba5eda7a-def5-0000-0000-000000000008",
	"bcef4e64-6ad0-4576-858d-296ac9c0eb7f");
INSERT INTO V_IRF
	VALUES ("1bcf0f23-2938-4396-9ecb-ea11d2143302",
	"7677418e-f179-4e21-b44c-167eeb697d06");
INSERT INTO V_VAL
	VALUES ("92667235-29b2-4e05-9126-f279e62780c4",
	1,
	1,
	2,
	1,
	8,
	0,
	0,
	0,
	0,
	"ba5eda7a-def5-0000-0000-000000000003",
	"bcef4e64-6ad0-4576-858d-296ac9c0eb7f");
INSERT INTO V_TVL
	VALUES ("92667235-29b2-4e05-9126-f279e62780c4",
	"8fbb8469-22a4-45a1-866b-9b8795e85783");
INSERT INTO V_VAL
	VALUES ("e6983c72-6430-4374-ac2b-f47029a3527f",
	0,
	0,
	2,
	12,
	18,
	0,
	0,
	0,
	0,
	"ba5eda7a-def5-0000-0000-000000000008",
	"bcef4e64-6ad0-4576-858d-296ac9c0eb7f");
INSERT INTO V_IRF
	VALUES ("e6983c72-6430-4374-ac2b-f47029a3527f",
	"ea5bf2e2-764c-499e-94b2-8d153d11e99f");
INSERT INTO V_VAL
	VALUES ("8eae073e-4b55-4c1a-8f1d-eeac340b7657",
	0,
	0,
	2,
	20,
	38,
	0,
	0,
	0,
	0,
	"ba5eda7a-def5-0000-0000-000000000003",
	"bcef4e64-6ad0-4576-858d-296ac9c0eb7f");
INSERT INTO V_AVL
	VALUES ("8eae073e-4b55-4c1a-8f1d-eeac340b7657",
	"e6983c72-6430-4374-ac2b-f47029a3527f",
	"2522ffa2-db69-4807-ab45-06acf4cf893a",
	"d1d48d20-03f1-4c3c-b920-f64ef7b8a4d3");
INSERT INTO V_VAL
	VALUES ("5f679719-df8e-4715-8e63-a39bc8f18d35",
	0,
	0,
	3,
	6,
	13,
	0,
	0,
	0,
	0,
	"ba5eda7a-def5-0000-0000-000000000003",
	"bcef4e64-6ad0-4576-858d-296ac9c0eb7f");
INSERT INTO V_TVL
	VALUES ("5f679719-df8e-4715-8e63-a39bc8f18d35",
	"8fbb8469-22a4-45a1-866b-9b8795e85783");
INSERT INTO V_VAL
	VALUES ("386f1d17-a84e-437a-8956-0b35fe43c128",
	0,
	0,
	3,
	6,
	22,
	0,
	0,
	0,
	0,
	"ba5eda7a-def5-0000-0000-000000000001",
	"bcef4e64-6ad0-4576-858d-296ac9c0eb7f");
INSERT INTO V_BIN
	VALUES ("386f1d17-a84e-437a-8956-0b35fe43c128",
	"e9e9d49e-5c02-4a91-b80e-cc9807010a0c",
	"5f679719-df8e-4715-8e63-a39bc8f18d35",
	'>');
INSERT INTO V_VAL
	VALUES ("e9e9d49e-5c02-4a91-b80e-cc9807010a0c",
	0,
	0,
	3,
	17,
	22,
	0,
	0,
	0,
	0,
	"ba5eda7a-def5-0000-0000-000000000003",
	"bcef4e64-6ad0-4576-858d-296ac9c0eb7f");
INSERT INTO V_LRL
	VALUES ("e9e9d49e-5c02-4a91-b80e-cc9807010a0c",
	'1000.0');
INSERT INTO V_VAL
	VALUES ("20362c73-b517-478e-95cc-ac455c42ade8",
	0,
	0,
	8,
	44,
	-1,
	0,
	0,
	0,
	0,
	"0c2280ac-677d-4cc7-a34f-fde18b6c9506",
	"bcef4e64-6ad0-4576-858d-296ac9c0eb7f");
INSERT INTO V_TRV
	VALUES ("20362c73-b517-478e-95cc-ac455c42ade8",
	"a29d7ebd-8df6-44b9-a088-55d69709c957",
	"00000000-0000-0000-0000-000000000000",
	1,
	8,
	35);
INSERT INTO V_PAR
	VALUES ("20362c73-b517-478e-95cc-ac455c42ade8",
	"95799588-6a54-4f80-ab73-370b3f50b525",
	"00000000-0000-0000-0000-000000000000",
	'indicator',
	"00000000-0000-0000-0000-000000000000",
	8,
	24);
INSERT INTO V_VAR
	VALUES ("ea5bf2e2-764c-499e-94b2-8d153d11e99f",
	"bcef4e64-6ad0-4576-858d-296ac9c0eb7f",
	'session',
	1,
	"ba5eda7a-def5-0000-0000-000000000008");
INSERT INTO V_INT
	VALUES ("ea5bf2e2-764c-499e-94b2-8d153d11e99f",
	0,
	"2522ffa2-db69-4807-ab45-06acf4cf893a");
INSERT INTO V_VAR
	VALUES ("7677418e-f179-4e21-b44c-167eeb697d06",
	"bcef4e64-6ad0-4576-858d-296ac9c0eb7f",
	'self',
	1,
	"ba5eda7a-def5-0000-0000-000000000008");
INSERT INTO V_INT
	VALUES ("7677418e-f179-4e21-b44c-167eeb697d06",
	0,
	"e4f33430-b3cd-4e2a-8dff-b91094d7d095");
INSERT INTO V_VAR
	VALUES ("8fbb8469-22a4-45a1-866b-9b8795e85783",
	"bcef4e64-6ad0-4576-858d-296ac9c0eb7f",
	'distance',
	1,
	"ba5eda7a-def5-0000-0000-000000000003");
INSERT INTO V_TRN
	VALUES ("8fbb8469-22a4-45a1-866b-9b8795e85783",
	"00000000-0000-0000-0000-000000000000",
	'');
INSERT INTO ACT_BLK
	VALUES ("4ce2b647-498f-475d-b74d-46c1c4c819ad",
	0,
	0,
	0,
	'UI',
	'',
	'',
	4,
	3,
	4,
	8,
	0,
	0,
	0,
	0,
	0,
	0,
	4,
	52,
	0,
	"774afd9e-d69c-49bf-9a0a-5a01b5cf689f",
	"00000000-0000-0000-0000-000000000000");
INSERT INTO ACT_SMT
	VALUES ("bebb020d-86b4-4e52-8262-e063b7cddbb4",
	"4ce2b647-498f-475d-b74d-46c1c4c819ad",
	"00000000-0000-0000-0000-000000000000",
	4,
	3,
	'Display::displayDistance line: 4');
INSERT INTO ACT_SGN
	VALUES ("bebb020d-86b4-4e52-8262-e063b7cddbb4",
	4,
	12,
	4,
	8,
	"00000000-0000-0000-0000-000000000000",
	"b714be27-ba5e-45b5-ba00-6941711f7b7c",
	"00000000-0000-0000-0000-000000000000");
INSERT INTO V_VAL
	VALUES ("b1e0b551-03f4-4d4a-8632-2451f3597f33",
	0,
	0,
	4,
	27,
	34,
	0,
	0,
	0,
	0,
	"ba5eda7a-def5-0000-0000-000000000003",
	"4ce2b647-498f-475d-b74d-46c1c4c819ad");
INSERT INTO V_TVL
	VALUES ("b1e0b551-03f4-4d4a-8632-2451f3597f33",
	"8fbb8469-22a4-45a1-866b-9b8795e85783");
INSERT INTO V_VAL
	VALUES ("de427239-a747-4597-9854-8d10f5812417",
	0,
	0,
	4,
	27,
	43,
	0,
	0,
	0,
	0,
	"ba5eda7a-def5-0000-0000-000000000003",
	"4ce2b647-498f-475d-b74d-46c1c4c819ad");
INSERT INTO V_BIN
	VALUES ("de427239-a747-4597-9854-8d10f5812417",
	"f61dd1a8-b941-4be4-99e0-839bf47b07f2",
	"b1e0b551-03f4-4d4a-8632-2451f3597f33",
	'/');
INSERT INTO V_PAR
	VALUES ("de427239-a747-4597-9854-8d10f5812417",
	"bebb020d-86b4-4e52-8262-e063b7cddbb4",
	"00000000-0000-0000-0000-000000000000",
	'value',
	"7b6577c8-edc4-4fb2-899b-375dd986e305",
	4,
	20);
INSERT INTO V_VAL
	VALUES ("f61dd1a8-b941-4be4-99e0-839bf47b07f2",
	0,
	0,
	4,
	38,
	43,
	0,
	0,
	0,
	0,
	"ba5eda7a-def5-0000-0000-000000000003",
	"4ce2b647-498f-475d-b74d-46c1c4c819ad");
INSERT INTO V_LRL
	VALUES ("f61dd1a8-b941-4be4-99e0-839bf47b07f2",
	'1000.0');
INSERT INTO V_VAL
	VALUES ("7b6577c8-edc4-4fb2-899b-375dd986e305",
	0,
	0,
	4,
	58,
	59,
	0,
	0,
	0,
	0,
	"f9cb3942-d25e-4b1d-99d2-80346dffff7a",
	"4ce2b647-498f-475d-b74d-46c1c4c819ad");
INSERT INTO V_LEN
	VALUES ("7b6577c8-edc4-4fb2-899b-375dd986e305",
	"7a04d41b-8653-4023-ae95-2671d827213d",
	4,
	52);
INSERT INTO V_PAR
	VALUES ("7b6577c8-edc4-4fb2-899b-375dd986e305",
	"bebb020d-86b4-4e52-8262-e063b7cddbb4",
	"00000000-0000-0000-0000-000000000000",
	'unit',
	"00000000-0000-0000-0000-000000000000",
	4,
	46);
INSERT INTO ACT_BLK
	VALUES ("59dfce3a-b890-4e14-b022-0c5fd3e2b106",
	0,
	0,
	0,
	'UI',
	'',
	'',
	6,
	3,
	6,
	8,
	0,
	0,
	0,
	0,
	0,
	0,
	6,
	43,
	0,
	"774afd9e-d69c-49bf-9a0a-5a01b5cf689f",
	"00000000-0000-0000-0000-000000000000");
INSERT INTO ACT_SMT
	VALUES ("a7f67c3a-3482-48c8-9696-18152fab1fb0",
	"59dfce3a-b890-4e14-b022-0c5fd3e2b106",
	"00000000-0000-0000-0000-000000000000",
	6,
	3,
	'Display::displayDistance line: 6');
INSERT INTO ACT_SGN
	VALUES ("a7f67c3a-3482-48c8-9696-18152fab1fb0",
	6,
	12,
	6,
	8,
	"00000000-0000-0000-0000-000000000000",
	"b714be27-ba5e-45b5-ba00-6941711f7b7c",
	"00000000-0000-0000-0000-000000000000");
INSERT INTO V_VAL
	VALUES ("fe6aaf70-9af9-4496-b433-3787935c55d8",
	0,
	0,
	6,
	27,
	34,
	0,
	0,
	0,
	0,
	"ba5eda7a-def5-0000-0000-000000000003",
	"59dfce3a-b890-4e14-b022-0c5fd3e2b106");
INSERT INTO V_TVL
	VALUES ("fe6aaf70-9af9-4496-b433-3787935c55d8",
	"8fbb8469-22a4-45a1-866b-9b8795e85783");
INSERT INTO V_PAR
	VALUES ("fe6aaf70-9af9-4496-b433-3787935c55d8",
	"a7f67c3a-3482-48c8-9696-18152fab1fb0",
	"00000000-0000-0000-0000-000000000000",
	'value',
	"75bb8190-fd63-46cd-beb8-eafd106a9a4a",
	6,
	20);
INSERT INTO V_VAL
	VALUES ("75bb8190-fd63-46cd-beb8-eafd106a9a4a",
	0,
	0,
	6,
	49,
	54,
	0,
	0,
	0,
	0,
	"f9cb3942-d25e-4b1d-99d2-80346dffff7a",
	"59dfce3a-b890-4e14-b022-0c5fd3e2b106");
INSERT INTO V_LEN
	VALUES ("75bb8190-fd63-46cd-beb8-eafd106a9a4a",
	"e347c7a2-ebf8-4057-aa8c-23d495d08ad8",
	6,
	43);
INSERT INTO V_PAR
	VALUES ("75bb8190-fd63-46cd-beb8-eafd106a9a4a",
	"a7f67c3a-3482-48c8-9696-18152fab1fb0",
	"00000000-0000-0000-0000-000000000000",
	'unit',
	"00000000-0000-0000-0000-000000000000",
	6,
	37);
INSERT INTO SM_STATE
	VALUES ("c4aa354d-55b9-49ab-a14b-d797121fb408",
	"a976fe2a-d67c-4ae5-b5fd-21cf77c5de22",
	"00000000-0000-0000-0000-000000000000",
	'displaySpeed',
	2,
	0);
INSERT INTO SM_SEME
	VALUES ("c4aa354d-55b9-49ab-a14b-d797121fb408",
	"27b4cf0c-e6fb-4c0a-a58f-551ab6c11bdd",
	"a976fe2a-d67c-4ae5-b5fd-21cf77c5de22",
	"00000000-0000-0000-0000-000000000000");
INSERT INTO SM_SEME
	VALUES ("c4aa354d-55b9-49ab-a14b-d797121fb408",
	"1f99c5a4-1b49-435a-b1af-470e1a85ac18",
	"a976fe2a-d67c-4ae5-b5fd-21cf77c5de22",
	"00000000-0000-0000-0000-000000000000");
INSERT INTO SM_MOAH
	VALUES ("49e1102e-0e00-4fe3-bffe-c39c2e793234",
	"a976fe2a-d67c-4ae5-b5fd-21cf77c5de22",
	"c4aa354d-55b9-49ab-a14b-d797121fb408");
INSERT INTO SM_AH
	VALUES ("49e1102e-0e00-4fe3-bffe-c39c2e793234",
	"a976fe2a-d67c-4ae5-b5fd-21cf77c5de22");
INSERT INTO SM_ACT
	VALUES ("49e1102e-0e00-4fe3-bffe-c39c2e793234",
	"a976fe2a-d67c-4ae5-b5fd-21cf77c5de22",
	1,
	'select one session related by self->WorkoutSession[R7.''indicates_current_status_of''];
speed = session.getCurrentSpeed();
send UI::setData(value: speed, unit: Unit::kmPerHour);
send UI::setIndicator( indicator: Display::goalDispositionIndicator() );',
	'',
	0);
INSERT INTO ACT_SAB
	VALUES ("3dfdb05f-6b9c-4c10-aab6-42753a0bead0",
	"a976fe2a-d67c-4ae5-b5fd-21cf77c5de22",
	"49e1102e-0e00-4fe3-bffe-c39c2e793234");
INSERT INTO ACT_ACT
	VALUES ("3dfdb05f-6b9c-4c10-aab6-42753a0bead0",
	'state',
	0,
	"b4efd945-ad65-4f17-815a-f4fafc022e81",
	"00000000-0000-0000-0000-000000000000",
	0,
	'Display::displaySpeed',
	"00000000-0000-0000-0000-000000000000");
INSERT INTO ACT_BLK
	VALUES ("b4efd945-ad65-4f17-815a-f4fafc022e81",
	1,
	0,
	0,
	'Display',
	'',
	'',
	4,
	1,
	4,
	35,
	0,
	0,
	1,
	52,
	1,
	55,
	3,
	38,
	0,
	"3dfdb05f-6b9c-4c10-aab6-42753a0bead0",
	"00000000-0000-0000-0000-000000000000");
INSERT INTO ACT_SMT
	VALUES ("a01cc7b6-6df8-46b8-81ad-3c1f75287aae",
	"b4efd945-ad65-4f17-815a-f4fafc022e81",
	"0da8e557-34a7-4e7e-8ff4-0d769e821757",
	1,
	1,
	'Display::displaySpeed line: 1');
INSERT INTO ACT_SEL
	VALUES ("a01cc7b6-6df8-46b8-81ad-3c1f75287aae",
	"d152118b-5546-4a0d-8956-56608c978312",
	1,
	'one',
	"025d372e-f91f-44ef-b412-9690d466a7bf");
INSERT INTO ACT_SR
	VALUES ("a01cc7b6-6df8-46b8-81ad-3c1f75287aae");
INSERT INTO ACT_LNK
	VALUES ("6acc575e-dfab-4004-926a-077f7b980e2b",
	'''indicates_current_status_of''',
	"a01cc7b6-6df8-46b8-81ad-3c1f75287aae",
	"624a7f7e-f307-4c75-9412-3258327be18a",
	"00000000-0000-0000-0000-000000000000",
	2,
	"2522ffa2-db69-4807-ab45-06acf4cf893a",
	1,
	37,
	1,
	52,
	1,
	55);
INSERT INTO ACT_SMT
	VALUES ("0da8e557-34a7-4e7e-8ff4-0d769e821757",
	"b4efd945-ad65-4f17-815a-f4fafc022e81",
	"f27f0385-747c-4070-b4ad-b441f9e3e1db",
	2,
	1,
	'Display::displaySpeed line: 2');
INSERT INTO ACT_AI
	VALUES ("0da8e557-34a7-4e7e-8ff4-0d769e821757",
	"b282683c-8122-4384-be0f-226e71431156",
	"7e761a3f-1c53-45c6-8ff8-d1174e434951",
	0,
	0);
INSERT INTO ACT_SMT
	VALUES ("f27f0385-747c-4070-b4ad-b441f9e3e1db",
	"b4efd945-ad65-4f17-815a-f4fafc022e81",
	"6a58e22e-aed4-4b21-8dac-0264d3dafaf7",
	3,
	1,
	'Display::displaySpeed line: 3');
INSERT INTO ACT_SGN
	VALUES ("f27f0385-747c-4070-b4ad-b441f9e3e1db",
	3,
	10,
	3,
	6,
	"00000000-0000-0000-0000-000000000000",
	"b714be27-ba5e-45b5-ba00-6941711f7b7c",
	"00000000-0000-0000-0000-000000000000");
INSERT INTO ACT_SMT
	VALUES ("6a58e22e-aed4-4b21-8dac-0264d3dafaf7",
	"b4efd945-ad65-4f17-815a-f4fafc022e81",
	"00000000-0000-0000-0000-000000000000",
	4,
	1,
	'Display::displaySpeed line: 4');
INSERT INTO ACT_SGN
	VALUES ("6a58e22e-aed4-4b21-8dac-0264d3dafaf7",
	4,
	10,
	4,
	6,
	"00000000-0000-0000-0000-000000000000",
	"4431a269-cb83-4b90-b711-1e0484a9cf52",
	"00000000-0000-0000-0000-000000000000");
INSERT INTO V_VAL
	VALUES ("025d372e-f91f-44ef-b412-9690d466a7bf",
	0,
	0,
	1,
	31,
	34,
	0,
	0,
	0,
	0,
	"ba5eda7a-def5-0000-0000-000000000008",
	"b4efd945-ad65-4f17-815a-f4fafc022e81");
INSERT INTO V_IRF
	VALUES ("025d372e-f91f-44ef-b412-9690d466a7bf",
	"1089f78f-8675-44a7-9f1c-a78647971920");
INSERT INTO V_VAL
	VALUES ("7e761a3f-1c53-45c6-8ff8-d1174e434951",
	1,
	1,
	2,
	1,
	5,
	0,
	0,
	0,
	0,
	"ba5eda7a-def5-0000-0000-000000000003",
	"b4efd945-ad65-4f17-815a-f4fafc022e81");
INSERT INTO V_TVL
	VALUES ("7e761a3f-1c53-45c6-8ff8-d1174e434951",
	"36c1ae50-006b-461b-b608-1d32ccdfea7e");
INSERT INTO V_VAL
	VALUES ("b282683c-8122-4384-be0f-226e71431156",
	0,
	0,
	2,
	17,
	-1,
	0,
	0,
	0,
	0,
	"ba5eda7a-def5-0000-0000-000000000003",
	"b4efd945-ad65-4f17-815a-f4fafc022e81");
INSERT INTO V_TRV
	VALUES ("b282683c-8122-4384-be0f-226e71431156",
	"e96224fd-c698-497e-b876-5d78df9890a3",
	"d152118b-5546-4a0d-8956-56608c978312",
	1,
	0,
	0);
INSERT INTO V_VAL
	VALUES ("a0bfa6ac-b200-404d-88af-a027bc8a21ca",
	0,
	0,
	3,
	25,
	29,
	0,
	0,
	0,
	0,
	"ba5eda7a-def5-0000-0000-000000000003",
	"b4efd945-ad65-4f17-815a-f4fafc022e81");
INSERT INTO V_TVL
	VALUES ("a0bfa6ac-b200-404d-88af-a027bc8a21ca",
	"36c1ae50-006b-461b-b608-1d32ccdfea7e");
INSERT INTO V_PAR
	VALUES ("a0bfa6ac-b200-404d-88af-a027bc8a21ca",
	"f27f0385-747c-4070-b4ad-b441f9e3e1db",
	"00000000-0000-0000-0000-000000000000",
	'value',
	"d3693ebb-9e64-4f88-a6b0-5f3451cb6edb",
	3,
	18);
INSERT INTO V_VAL
	VALUES ("d3693ebb-9e64-4f88-a6b0-5f3451cb6edb",
	0,
	0,
	3,
	44,
	52,
	0,
	0,
	0,
	0,
	"f9cb3942-d25e-4b1d-99d2-80346dffff7a",
	"b4efd945-ad65-4f17-815a-f4fafc022e81");
INSERT INTO V_LEN
	VALUES ("d3693ebb-9e64-4f88-a6b0-5f3451cb6edb",
	"ca0a6b79-f15e-4321-9499-1000167712e5",
	3,
	38);
INSERT INTO V_PAR
	VALUES ("d3693ebb-9e64-4f88-a6b0-5f3451cb6edb",
	"f27f0385-747c-4070-b4ad-b441f9e3e1db",
	"00000000-0000-0000-0000-000000000000",
	'unit',
	"00000000-0000-0000-0000-000000000000",
	3,
	32);
INSERT INTO V_VAL
	VALUES ("c08aabf1-a8a5-449c-94d7-25545efc4e26",
	0,
	0,
	4,
	44,
	-1,
	0,
	0,
	0,
	0,
	"0c2280ac-677d-4cc7-a34f-fde18b6c9506",
	"b4efd945-ad65-4f17-815a-f4fafc022e81");
INSERT INTO V_TRV
	VALUES ("c08aabf1-a8a5-449c-94d7-25545efc4e26",
	"a29d7ebd-8df6-44b9-a088-55d69709c957",
	"00000000-0000-0000-0000-000000000000",
	1,
	4,
	35);
INSERT INTO V_PAR
	VALUES ("c08aabf1-a8a5-449c-94d7-25545efc4e26",
	"6a58e22e-aed4-4b21-8dac-0264d3dafaf7",
	"00000000-0000-0000-0000-000000000000",
	'indicator',
	"00000000-0000-0000-0000-000000000000",
	4,
	24);
INSERT INTO V_VAR
	VALUES ("d152118b-5546-4a0d-8956-56608c978312",
	"b4efd945-ad65-4f17-815a-f4fafc022e81",
	'session',
	1,
	"ba5eda7a-def5-0000-0000-000000000008");
INSERT INTO V_INT
	VALUES ("d152118b-5546-4a0d-8956-56608c978312",
	0,
	"2522ffa2-db69-4807-ab45-06acf4cf893a");
INSERT INTO V_VAR
	VALUES ("1089f78f-8675-44a7-9f1c-a78647971920",
	"b4efd945-ad65-4f17-815a-f4fafc022e81",
	'self',
	1,
	"ba5eda7a-def5-0000-0000-000000000008");
INSERT INTO V_INT
	VALUES ("1089f78f-8675-44a7-9f1c-a78647971920",
	0,
	"e4f33430-b3cd-4e2a-8dff-b91094d7d095");
INSERT INTO V_VAR
	VALUES ("36c1ae50-006b-461b-b608-1d32ccdfea7e",
	"b4efd945-ad65-4f17-815a-f4fafc022e81",
	'speed',
	1,
	"ba5eda7a-def5-0000-0000-000000000003");
INSERT INTO V_TRN
	VALUES ("36c1ae50-006b-461b-b608-1d32ccdfea7e",
	"00000000-0000-0000-0000-000000000000",
	'');
INSERT INTO SM_STATE
	VALUES ("e93d78bf-57be-43db-bdf2-e20380bde53e",
	"a976fe2a-d67c-4ae5-b5fd-21cf77c5de22",
	"00000000-0000-0000-0000-000000000000",
	'displayPace',
	3,
	0);
INSERT INTO SM_SEME
	VALUES ("e93d78bf-57be-43db-bdf2-e20380bde53e",
	"27b4cf0c-e6fb-4c0a-a58f-551ab6c11bdd",
	"a976fe2a-d67c-4ae5-b5fd-21cf77c5de22",
	"00000000-0000-0000-0000-000000000000");
INSERT INTO SM_SEME
	VALUES ("e93d78bf-57be-43db-bdf2-e20380bde53e",
	"1f99c5a4-1b49-435a-b1af-470e1a85ac18",
	"a976fe2a-d67c-4ae5-b5fd-21cf77c5de22",
	"00000000-0000-0000-0000-000000000000");
INSERT INTO SM_MOAH
	VALUES ("ef2fa515-19f8-475a-9f98-0170c72e8bab",
	"a976fe2a-d67c-4ae5-b5fd-21cf77c5de22",
	"e93d78bf-57be-43db-bdf2-e20380bde53e");
INSERT INTO SM_AH
	VALUES ("ef2fa515-19f8-475a-9f98-0170c72e8bab",
	"a976fe2a-d67c-4ae5-b5fd-21cf77c5de22");
INSERT INTO SM_ACT
	VALUES ("ef2fa515-19f8-475a-9f98-0170c72e8bab",
	"a976fe2a-d67c-4ae5-b5fd-21cf77c5de22",
	1,
	'select one session related by self->WorkoutSession[R7.''indicates_current_status_of''];
pace = session.getCurrentPace();
send UI::setData(value: pace, unit: Unit::minPerKm);
send UI::setIndicator( indicator: Display::goalDispositionIndicator() );',
	'',
	0);
INSERT INTO ACT_SAB
	VALUES ("2039607f-d1ce-4b4b-95c5-9e1f3d4b560e",
	"a976fe2a-d67c-4ae5-b5fd-21cf77c5de22",
	"ef2fa515-19f8-475a-9f98-0170c72e8bab");
INSERT INTO ACT_ACT
	VALUES ("2039607f-d1ce-4b4b-95c5-9e1f3d4b560e",
	'state',
	0,
	"fa7f5c91-391d-4647-80ba-0ffe6da58e0a",
	"00000000-0000-0000-0000-000000000000",
	0,
	'Display::displayPace',
	"00000000-0000-0000-0000-000000000000");
INSERT INTO ACT_BLK
	VALUES ("fa7f5c91-391d-4647-80ba-0ffe6da58e0a",
	1,
	0,
	0,
	'Display',
	'',
	'',
	4,
	1,
	4,
	35,
	0,
	0,
	1,
	52,
	1,
	55,
	3,
	37,
	0,
	"2039607f-d1ce-4b4b-95c5-9e1f3d4b560e",
	"00000000-0000-0000-0000-000000000000");
INSERT INTO ACT_SMT
	VALUES ("c07f2517-62b7-4b57-aae1-d8f9f58dec39",
	"fa7f5c91-391d-4647-80ba-0ffe6da58e0a",
	"b67f9b68-92e6-479b-a7be-e4325ad4f11e",
	1,
	1,
	'Display::displayPace line: 1');
INSERT INTO ACT_SEL
	VALUES ("c07f2517-62b7-4b57-aae1-d8f9f58dec39",
	"ed560dce-9899-4e78-ba20-e3901ed7e127",
	1,
	'one',
	"b9ab50f4-2974-4023-b3b5-4913c3b06c67");
INSERT INTO ACT_SR
	VALUES ("c07f2517-62b7-4b57-aae1-d8f9f58dec39");
INSERT INTO ACT_LNK
	VALUES ("82c9e1db-11f6-48eb-94b1-ca29aaa79b14",
	'''indicates_current_status_of''',
	"c07f2517-62b7-4b57-aae1-d8f9f58dec39",
	"624a7f7e-f307-4c75-9412-3258327be18a",
	"00000000-0000-0000-0000-000000000000",
	2,
	"2522ffa2-db69-4807-ab45-06acf4cf893a",
	1,
	37,
	1,
	52,
	1,
	55);
INSERT INTO ACT_SMT
	VALUES ("b67f9b68-92e6-479b-a7be-e4325ad4f11e",
	"fa7f5c91-391d-4647-80ba-0ffe6da58e0a",
	"9fccc05c-1ae2-40b2-8ee9-f985cfdab315",
	2,
	1,
	'Display::displayPace line: 2');
INSERT INTO ACT_AI
	VALUES ("b67f9b68-92e6-479b-a7be-e4325ad4f11e",
	"38d9218d-bbc0-4c45-b2f8-52a226845e1b",
	"3bd91800-527a-460c-9979-f171f1a81e5f",
	0,
	0);
INSERT INTO ACT_SMT
	VALUES ("9fccc05c-1ae2-40b2-8ee9-f985cfdab315",
	"fa7f5c91-391d-4647-80ba-0ffe6da58e0a",
	"03c7cc49-2e7d-4d2e-9baf-1c80c1824bb7",
	3,
	1,
	'Display::displayPace line: 3');
INSERT INTO ACT_SGN
	VALUES ("9fccc05c-1ae2-40b2-8ee9-f985cfdab315",
	3,
	10,
	3,
	6,
	"00000000-0000-0000-0000-000000000000",
	"b714be27-ba5e-45b5-ba00-6941711f7b7c",
	"00000000-0000-0000-0000-000000000000");
INSERT INTO ACT_SMT
	VALUES ("03c7cc49-2e7d-4d2e-9baf-1c80c1824bb7",
	"fa7f5c91-391d-4647-80ba-0ffe6da58e0a",
	"00000000-0000-0000-0000-000000000000",
	4,
	1,
	'Display::displayPace line: 4');
INSERT INTO ACT_SGN
	VALUES ("03c7cc49-2e7d-4d2e-9baf-1c80c1824bb7",
	4,
	10,
	4,
	6,
	"00000000-0000-0000-0000-000000000000",
	"4431a269-cb83-4b90-b711-1e0484a9cf52",
	"00000000-0000-0000-0000-000000000000");
INSERT INTO V_VAL
	VALUES ("b9ab50f4-2974-4023-b3b5-4913c3b06c67",
	0,
	0,
	1,
	31,
	34,
	0,
	0,
	0,
	0,
	"ba5eda7a-def5-0000-0000-000000000008",
	"fa7f5c91-391d-4647-80ba-0ffe6da58e0a");
INSERT INTO V_IRF
	VALUES ("b9ab50f4-2974-4023-b3b5-4913c3b06c67",
	"0da3e64d-0b98-4fb4-81c2-a7282c305335");
INSERT INTO V_VAL
	VALUES ("3bd91800-527a-460c-9979-f171f1a81e5f",
	1,
	1,
	2,
	1,
	4,
	0,
	0,
	0,
	0,
	"ba5eda7a-def5-0000-0000-000000000003",
	"fa7f5c91-391d-4647-80ba-0ffe6da58e0a");
INSERT INTO V_TVL
	VALUES ("3bd91800-527a-460c-9979-f171f1a81e5f",
	"7a9bac77-06ad-4e21-989c-f15c90460781");
INSERT INTO V_VAL
	VALUES ("38d9218d-bbc0-4c45-b2f8-52a226845e1b",
	0,
	0,
	2,
	16,
	-1,
	0,
	0,
	0,
	0,
	"ba5eda7a-def5-0000-0000-000000000003",
	"fa7f5c91-391d-4647-80ba-0ffe6da58e0a");
INSERT INTO V_TRV
	VALUES ("38d9218d-bbc0-4c45-b2f8-52a226845e1b",
	"8a49c77a-61a5-4d4e-b83c-04ba076f93ea",
	"ed560dce-9899-4e78-ba20-e3901ed7e127",
	1,
	0,
	0);
INSERT INTO V_VAL
	VALUES ("f3bea664-5fa7-4222-8f3f-e6875489be25",
	0,
	0,
	3,
	25,
	28,
	0,
	0,
	0,
	0,
	"ba5eda7a-def5-0000-0000-000000000003",
	"fa7f5c91-391d-4647-80ba-0ffe6da58e0a");
INSERT INTO V_TVL
	VALUES ("f3bea664-5fa7-4222-8f3f-e6875489be25",
	"7a9bac77-06ad-4e21-989c-f15c90460781");
INSERT INTO V_PAR
	VALUES ("f3bea664-5fa7-4222-8f3f-e6875489be25",
	"9fccc05c-1ae2-40b2-8ee9-f985cfdab315",
	"00000000-0000-0000-0000-000000000000",
	'value',
	"c8ba2cc7-1805-4756-a290-cf8f8f3d35e0",
	3,
	18);
INSERT INTO V_VAL
	VALUES ("c8ba2cc7-1805-4756-a290-cf8f8f3d35e0",
	0,
	0,
	3,
	43,
	50,
	0,
	0,
	0,
	0,
	"f9cb3942-d25e-4b1d-99d2-80346dffff7a",
	"fa7f5c91-391d-4647-80ba-0ffe6da58e0a");
INSERT INTO V_LEN
	VALUES ("c8ba2cc7-1805-4756-a290-cf8f8f3d35e0",
	"2b1a3b39-50f1-4448-b9c3-182a9c60992e",
	3,
	37);
INSERT INTO V_PAR
	VALUES ("c8ba2cc7-1805-4756-a290-cf8f8f3d35e0",
	"9fccc05c-1ae2-40b2-8ee9-f985cfdab315",
	"00000000-0000-0000-0000-000000000000",
	'unit',
	"00000000-0000-0000-0000-000000000000",
	3,
	31);
INSERT INTO V_VAL
	VALUES ("ae040268-f542-4912-a85d-5203be657b29",
	0,
	0,
	4,
	44,
	-1,
	0,
	0,
	0,
	0,
	"0c2280ac-677d-4cc7-a34f-fde18b6c9506",
	"fa7f5c91-391d-4647-80ba-0ffe6da58e0a");
INSERT INTO V_TRV
	VALUES ("ae040268-f542-4912-a85d-5203be657b29",
	"a29d7ebd-8df6-44b9-a088-55d69709c957",
	"00000000-0000-0000-0000-000000000000",
	1,
	4,
	35);
INSERT INTO V_PAR
	VALUES ("ae040268-f542-4912-a85d-5203be657b29",
	"03c7cc49-2e7d-4d2e-9baf-1c80c1824bb7",
	"00000000-0000-0000-0000-000000000000",
	'indicator',
	"00000000-0000-0000-0000-000000000000",
	4,
	24);
INSERT INTO V_VAR
	VALUES ("ed560dce-9899-4e78-ba20-e3901ed7e127",
	"fa7f5c91-391d-4647-80ba-0ffe6da58e0a",
	'session',
	1,
	"ba5eda7a-def5-0000-0000-000000000008");
INSERT INTO V_INT
	VALUES ("ed560dce-9899-4e78-ba20-e3901ed7e127",
	0,
	"2522ffa2-db69-4807-ab45-06acf4cf893a");
INSERT INTO V_VAR
	VALUES ("0da3e64d-0b98-4fb4-81c2-a7282c305335",
	"fa7f5c91-391d-4647-80ba-0ffe6da58e0a",
	'self',
	1,
	"ba5eda7a-def5-0000-0000-000000000008");
INSERT INTO V_INT
	VALUES ("0da3e64d-0b98-4fb4-81c2-a7282c305335",
	0,
	"e4f33430-b3cd-4e2a-8dff-b91094d7d095");
INSERT INTO V_VAR
	VALUES ("7a9bac77-06ad-4e21-989c-f15c90460781",
	"fa7f5c91-391d-4647-80ba-0ffe6da58e0a",
	'pace',
	1,
	"ba5eda7a-def5-0000-0000-000000000003");
INSERT INTO V_TRN
	VALUES ("7a9bac77-06ad-4e21-989c-f15c90460781",
	"00000000-0000-0000-0000-000000000000",
	'');
INSERT INTO SM_STATE
	VALUES ("39a30ce5-0077-4527-8ba3-017e526ba32f",
	"a976fe2a-d67c-4ae5-b5fd-21cf77c5de22",
	"00000000-0000-0000-0000-000000000000",
	'displayHeartRate',
	4,
	0);
INSERT INTO SM_SEME
	VALUES ("39a30ce5-0077-4527-8ba3-017e526ba32f",
	"27b4cf0c-e6fb-4c0a-a58f-551ab6c11bdd",
	"a976fe2a-d67c-4ae5-b5fd-21cf77c5de22",
	"00000000-0000-0000-0000-000000000000");
INSERT INTO SM_SEME
	VALUES ("39a30ce5-0077-4527-8ba3-017e526ba32f",
	"1f99c5a4-1b49-435a-b1af-470e1a85ac18",
	"a976fe2a-d67c-4ae5-b5fd-21cf77c5de22",
	"00000000-0000-0000-0000-000000000000");
INSERT INTO SM_MOAH
	VALUES ("d70b5596-8d73-4521-b4d2-066c2d1c76b5",
	"a976fe2a-d67c-4ae5-b5fd-21cf77c5de22",
	"39a30ce5-0077-4527-8ba3-017e526ba32f");
INSERT INTO SM_AH
	VALUES ("d70b5596-8d73-4521-b4d2-066c2d1c76b5",
	"a976fe2a-d67c-4ae5-b5fd-21cf77c5de22");
INSERT INTO SM_ACT
	VALUES ("d70b5596-8d73-4521-b4d2-066c2d1c76b5",
	"a976fe2a-d67c-4ae5-b5fd-21cf77c5de22",
	1,
	'select one session related by self->WorkoutSession[R7.''indicates_current_status_of''];
heartRate = session.getCurrentHeartRate();
send UI::setData(value: heartRate, unit: Unit::bpm);
send UI::setIndicator( indicator: Display::goalDispositionIndicator() );',
	'',
	0);
INSERT INTO ACT_SAB
	VALUES ("25dbea60-758d-4df3-a12d-5707b7263e77",
	"a976fe2a-d67c-4ae5-b5fd-21cf77c5de22",
	"d70b5596-8d73-4521-b4d2-066c2d1c76b5");
INSERT INTO ACT_ACT
	VALUES ("25dbea60-758d-4df3-a12d-5707b7263e77",
	'state',
	0,
	"f2a37e62-f625-4d31-8e95-eb057a48eb6d",
	"00000000-0000-0000-0000-000000000000",
	0,
	'Display::displayHeartRate',
	"00000000-0000-0000-0000-000000000000");
INSERT INTO ACT_BLK
	VALUES ("f2a37e62-f625-4d31-8e95-eb057a48eb6d",
	1,
	0,
	0,
	'Display',
	'',
	'',
	4,
	1,
	4,
	35,
	0,
	0,
	1,
	52,
	1,
	55,
	3,
	42,
	0,
	"25dbea60-758d-4df3-a12d-5707b7263e77",
	"00000000-0000-0000-0000-000000000000");
INSERT INTO ACT_SMT
	VALUES ("2702e88b-4985-4cd8-98f5-dd86c9194b18",
	"f2a37e62-f625-4d31-8e95-eb057a48eb6d",
	"4cbb3698-392d-4174-b394-8f457943e419",
	1,
	1,
	'Display::displayHeartRate line: 1');
INSERT INTO ACT_SEL
	VALUES ("2702e88b-4985-4cd8-98f5-dd86c9194b18",
	"5a4188a0-a705-4922-adb2-31c9714cd951",
	1,
	'one',
	"d9164ac8-281c-4ba6-b741-b9a07c4005d8");
INSERT INTO ACT_SR
	VALUES ("2702e88b-4985-4cd8-98f5-dd86c9194b18");
INSERT INTO ACT_LNK
	VALUES ("54e9dc55-b0e8-4404-bf5d-f1a2338c593f",
	'''indicates_current_status_of''',
	"2702e88b-4985-4cd8-98f5-dd86c9194b18",
	"624a7f7e-f307-4c75-9412-3258327be18a",
	"00000000-0000-0000-0000-000000000000",
	2,
	"2522ffa2-db69-4807-ab45-06acf4cf893a",
	1,
	37,
	1,
	52,
	1,
	55);
INSERT INTO ACT_SMT
	VALUES ("4cbb3698-392d-4174-b394-8f457943e419",
	"f2a37e62-f625-4d31-8e95-eb057a48eb6d",
	"cb0508c7-364a-4d24-b5f4-38fcd3462535",
	2,
	1,
	'Display::displayHeartRate line: 2');
INSERT INTO ACT_AI
	VALUES ("4cbb3698-392d-4174-b394-8f457943e419",
	"b02ee781-9afd-42e5-9923-6927231b1e40",
	"376f8427-1ba1-419a-b51c-b1db8d7df04f",
	0,
	0);
INSERT INTO ACT_SMT
	VALUES ("cb0508c7-364a-4d24-b5f4-38fcd3462535",
	"f2a37e62-f625-4d31-8e95-eb057a48eb6d",
	"d029efdd-eb21-4e16-a10b-720ce4a7ac0f",
	3,
	1,
	'Display::displayHeartRate line: 3');
INSERT INTO ACT_SGN
	VALUES ("cb0508c7-364a-4d24-b5f4-38fcd3462535",
	3,
	10,
	3,
	6,
	"00000000-0000-0000-0000-000000000000",
	"b714be27-ba5e-45b5-ba00-6941711f7b7c",
	"00000000-0000-0000-0000-000000000000");
INSERT INTO ACT_SMT
	VALUES ("d029efdd-eb21-4e16-a10b-720ce4a7ac0f",
	"f2a37e62-f625-4d31-8e95-eb057a48eb6d",
	"00000000-0000-0000-0000-000000000000",
	4,
	1,
	'Display::displayHeartRate line: 4');
INSERT INTO ACT_SGN
	VALUES ("d029efdd-eb21-4e16-a10b-720ce4a7ac0f",
	4,
	10,
	4,
	6,
	"00000000-0000-0000-0000-000000000000",
	"4431a269-cb83-4b90-b711-1e0484a9cf52",
	"00000000-0000-0000-0000-000000000000");
INSERT INTO V_VAL
	VALUES ("d9164ac8-281c-4ba6-b741-b9a07c4005d8",
	0,
	0,
	1,
	31,
	34,
	0,
	0,
	0,
	0,
	"ba5eda7a-def5-0000-0000-000000000008",
	"f2a37e62-f625-4d31-8e95-eb057a48eb6d");
INSERT INTO V_IRF
	VALUES ("d9164ac8-281c-4ba6-b741-b9a07c4005d8",
	"d1ac9b2c-4087-43a3-856e-e14834b4186b");
INSERT INTO V_VAL
	VALUES ("376f8427-1ba1-419a-b51c-b1db8d7df04f",
	1,
	1,
	2,
	1,
	9,
	0,
	0,
	0,
	0,
	"ba5eda7a-def5-0000-0000-000000000002",
	"f2a37e62-f625-4d31-8e95-eb057a48eb6d");
INSERT INTO V_TVL
	VALUES ("376f8427-1ba1-419a-b51c-b1db8d7df04f",
	"54271c50-11c5-42d4-ba6e-a39185db83b6");
INSERT INTO V_VAL
	VALUES ("b02ee781-9afd-42e5-9923-6927231b1e40",
	0,
	0,
	2,
	21,
	-1,
	0,
	0,
	0,
	0,
	"ba5eda7a-def5-0000-0000-000000000002",
	"f2a37e62-f625-4d31-8e95-eb057a48eb6d");
INSERT INTO V_TRV
	VALUES ("b02ee781-9afd-42e5-9923-6927231b1e40",
	"d88b756e-d419-4489-921e-2296c1f113b6",
	"5a4188a0-a705-4922-adb2-31c9714cd951",
	1,
	0,
	0);
INSERT INTO V_VAL
	VALUES ("79536cdd-8e3a-4229-b6ed-b5553ff6795e",
	0,
	0,
	3,
	25,
	33,
	0,
	0,
	0,
	0,
	"ba5eda7a-def5-0000-0000-000000000002",
	"f2a37e62-f625-4d31-8e95-eb057a48eb6d");
INSERT INTO V_TVL
	VALUES ("79536cdd-8e3a-4229-b6ed-b5553ff6795e",
	"54271c50-11c5-42d4-ba6e-a39185db83b6");
INSERT INTO V_PAR
	VALUES ("79536cdd-8e3a-4229-b6ed-b5553ff6795e",
	"cb0508c7-364a-4d24-b5f4-38fcd3462535",
	"00000000-0000-0000-0000-000000000000",
	'value',
	"1dc3bb6f-2ce0-4c84-b4e9-8e05324cc2e3",
	3,
	18);
INSERT INTO V_VAL
	VALUES ("1dc3bb6f-2ce0-4c84-b4e9-8e05324cc2e3",
	0,
	0,
	3,
	48,
	50,
	0,
	0,
	0,
	0,
	"f9cb3942-d25e-4b1d-99d2-80346dffff7a",
	"f2a37e62-f625-4d31-8e95-eb057a48eb6d");
INSERT INTO V_LEN
	VALUES ("1dc3bb6f-2ce0-4c84-b4e9-8e05324cc2e3",
	"f1164774-3947-48e6-b980-aefbdab5dccc",
	3,
	42);
INSERT INTO V_PAR
	VALUES ("1dc3bb6f-2ce0-4c84-b4e9-8e05324cc2e3",
	"cb0508c7-364a-4d24-b5f4-38fcd3462535",
	"00000000-0000-0000-0000-000000000000",
	'unit',
	"00000000-0000-0000-0000-000000000000",
	3,
	36);
INSERT INTO V_VAL
	VALUES ("da673ba4-08fe-4680-8d92-456f4e6c8745",
	0,
	0,
	4,
	44,
	-1,
	0,
	0,
	0,
	0,
	"0c2280ac-677d-4cc7-a34f-fde18b6c9506",
	"f2a37e62-f625-4d31-8e95-eb057a48eb6d");
INSERT INTO V_TRV
	VALUES ("da673ba4-08fe-4680-8d92-456f4e6c8745",
	"a29d7ebd-8df6-44b9-a088-55d69709c957",
	"00000000-0000-0000-0000-000000000000",
	1,
	4,
	35);
INSERT INTO V_PAR
	VALUES ("da673ba4-08fe-4680-8d92-456f4e6c8745",
	"d029efdd-eb21-4e16-a10b-720ce4a7ac0f",
	"00000000-0000-0000-0000-000000000000",
	'indicator',
	"00000000-0000-0000-0000-000000000000",
	4,
	24);
INSERT INTO V_VAR
	VALUES ("5a4188a0-a705-4922-adb2-31c9714cd951",
	"f2a37e62-f625-4d31-8e95-eb057a48eb6d",
	'session',
	1,
	"ba5eda7a-def5-0000-0000-000000000008");
INSERT INTO V_INT
	VALUES ("5a4188a0-a705-4922-adb2-31c9714cd951",
	0,
	"2522ffa2-db69-4807-ab45-06acf4cf893a");
INSERT INTO V_VAR
	VALUES ("d1ac9b2c-4087-43a3-856e-e14834b4186b",
	"f2a37e62-f625-4d31-8e95-eb057a48eb6d",
	'self',
	1,
	"ba5eda7a-def5-0000-0000-000000000008");
INSERT INTO V_INT
	VALUES ("d1ac9b2c-4087-43a3-856e-e14834b4186b",
	0,
	"e4f33430-b3cd-4e2a-8dff-b91094d7d095");
INSERT INTO V_VAR
	VALUES ("54271c50-11c5-42d4-ba6e-a39185db83b6",
	"f2a37e62-f625-4d31-8e95-eb057a48eb6d",
	'heartRate',
	1,
	"ba5eda7a-def5-0000-0000-000000000002");
INSERT INTO V_TRN
	VALUES ("54271c50-11c5-42d4-ba6e-a39185db83b6",
	"00000000-0000-0000-0000-000000000000",
	'');
INSERT INTO SM_STATE
	VALUES ("b8220f7b-fe6a-4310-95a5-e51f2371a537",
	"a976fe2a-d67c-4ae5-b5fd-21cf77c5de22",
	"00000000-0000-0000-0000-000000000000",
	'displayLapCount',
	5,
	0);
INSERT INTO SM_SEME
	VALUES ("b8220f7b-fe6a-4310-95a5-e51f2371a537",
	"27b4cf0c-e6fb-4c0a-a58f-551ab6c11bdd",
	"a976fe2a-d67c-4ae5-b5fd-21cf77c5de22",
	"00000000-0000-0000-0000-000000000000");
INSERT INTO SM_SEME
	VALUES ("b8220f7b-fe6a-4310-95a5-e51f2371a537",
	"1f99c5a4-1b49-435a-b1af-470e1a85ac18",
	"a976fe2a-d67c-4ae5-b5fd-21cf77c5de22",
	"00000000-0000-0000-0000-000000000000");
INSERT INTO SM_MOAH
	VALUES ("9c72c94b-0c22-4f17-815e-d5de9d25b547",
	"a976fe2a-d67c-4ae5-b5fd-21cf77c5de22",
	"b8220f7b-fe6a-4310-95a5-e51f2371a537");
INSERT INTO SM_AH
	VALUES ("9c72c94b-0c22-4f17-815e-d5de9d25b547",
	"a976fe2a-d67c-4ae5-b5fd-21cf77c5de22");
INSERT INTO SM_ACT
	VALUES ("9c72c94b-0c22-4f17-815e-d5de9d25b547",
	"a976fe2a-d67c-4ae5-b5fd-21cf77c5de22",
	1,
	'select many lapMarkers related by self->WorkoutSession[R7.''indicates_current_status_of'']->TrackLog[R4.''captures_path_in'']->LapMarker[R5.''has_laps_defined_by''];
send UI::setData(value: cardinality lapMarkers, unit: Unit::laps);
send UI::setIndicator( indicator: Display::goalDispositionIndicator() ); 
',
	'',
	0);
INSERT INTO ACT_SAB
	VALUES ("84f99851-9e54-4a02-8f3c-f536bdebbc9f",
	"a976fe2a-d67c-4ae5-b5fd-21cf77c5de22",
	"9c72c94b-0c22-4f17-815e-d5de9d25b547");
INSERT INTO ACT_ACT
	VALUES ("84f99851-9e54-4a02-8f3c-f536bdebbc9f",
	'state',
	0,
	"89a65d27-aeaa-4373-8f69-2f02a79fe68b",
	"00000000-0000-0000-0000-000000000000",
	0,
	'Display::displayLapCount',
	"00000000-0000-0000-0000-000000000000");
INSERT INTO ACT_BLK
	VALUES ("89a65d27-aeaa-4373-8f69-2f02a79fe68b",
	1,
	0,
	0,
	'Display',
	'',
	'',
	3,
	1,
	3,
	35,
	0,
	0,
	1,
	134,
	1,
	137,
	2,
	55,
	0,
	"84f99851-9e54-4a02-8f3c-f536bdebbc9f",
	"00000000-0000-0000-0000-000000000000");
INSERT INTO ACT_SMT
	VALUES ("4ac757d3-2bcf-46d3-a6c1-5b4ff8733a89",
	"89a65d27-aeaa-4373-8f69-2f02a79fe68b",
	"d8721904-b475-4de9-9a1f-6ec98932c7ed",
	1,
	1,
	'Display::displayLapCount line: 1');
INSERT INTO ACT_SEL
	VALUES ("4ac757d3-2bcf-46d3-a6c1-5b4ff8733a89",
	"8be82ba8-ab1f-4721-9cc3-515a45494815",
	1,
	'many',
	"240ec09a-46ed-4d45-bb36-15f34d18822d");
INSERT INTO ACT_SR
	VALUES ("4ac757d3-2bcf-46d3-a6c1-5b4ff8733a89");
INSERT INTO ACT_LNK
	VALUES ("6ae164ea-d71e-4b06-ade2-55a10ab31ea9",
	'''indicates_current_status_of''',
	"4ac757d3-2bcf-46d3-a6c1-5b4ff8733a89",
	"624a7f7e-f307-4c75-9412-3258327be18a",
	"272a0564-1719-460d-b826-19618023ecd1",
	2,
	"2522ffa2-db69-4807-ab45-06acf4cf893a",
	1,
	41,
	1,
	56,
	1,
	59);
INSERT INTO ACT_LNK
	VALUES ("272a0564-1719-460d-b826-19618023ecd1",
	'''captures_path_in''',
	"00000000-0000-0000-0000-000000000000",
	"f84935c8-946a-434d-91c1-1a845ca84868",
	"c0ab94ed-9aec-4550-8469-56819293d06e",
	2,
	"d2828038-110a-4559-8452-91651af0adcb",
	1,
	91,
	1,
	100,
	1,
	103);
INSERT INTO ACT_LNK
	VALUES ("c0ab94ed-9aec-4550-8469-56819293d06e",
	'''has_laps_defined_by''',
	"00000000-0000-0000-0000-000000000000",
	"d62976b4-4258-4aa6-8a5b-a1bb8dea1e60",
	"00000000-0000-0000-0000-000000000000",
	3,
	"21bd91e4-0a7e-4836-84f1-253f2298df88",
	1,
	124,
	1,
	134,
	1,
	137);
INSERT INTO ACT_SMT
	VALUES ("d8721904-b475-4de9-9a1f-6ec98932c7ed",
	"89a65d27-aeaa-4373-8f69-2f02a79fe68b",
	"eeac1350-467e-408a-8e8d-7764de933835",
	2,
	1,
	'Display::displayLapCount line: 2');
INSERT INTO ACT_SGN
	VALUES ("d8721904-b475-4de9-9a1f-6ec98932c7ed",
	2,
	10,
	2,
	6,
	"00000000-0000-0000-0000-000000000000",
	"b714be27-ba5e-45b5-ba00-6941711f7b7c",
	"00000000-0000-0000-0000-000000000000");
INSERT INTO ACT_SMT
	VALUES ("eeac1350-467e-408a-8e8d-7764de933835",
	"89a65d27-aeaa-4373-8f69-2f02a79fe68b",
	"00000000-0000-0000-0000-000000000000",
	3,
	1,
	'Display::displayLapCount line: 3');
INSERT INTO ACT_SGN
	VALUES ("eeac1350-467e-408a-8e8d-7764de933835",
	3,
	10,
	3,
	6,
	"00000000-0000-0000-0000-000000000000",
	"4431a269-cb83-4b90-b711-1e0484a9cf52",
	"00000000-0000-0000-0000-000000000000");
INSERT INTO V_VAL
	VALUES ("240ec09a-46ed-4d45-bb36-15f34d18822d",
	0,
	0,
	1,
	35,
	38,
	0,
	0,
	0,
	0,
	"ba5eda7a-def5-0000-0000-000000000008",
	"89a65d27-aeaa-4373-8f69-2f02a79fe68b");
INSERT INTO V_IRF
	VALUES ("240ec09a-46ed-4d45-bb36-15f34d18822d",
	"7836f0df-bdc0-49b3-bda8-2be21db9e919");
INSERT INTO V_VAL
	VALUES ("6b8804e9-f4bd-4f7a-b07e-0057bd13da9c",
	0,
	0,
	2,
	37,
	46,
	0,
	0,
	0,
	0,
	"ba5eda7a-def5-0000-0000-000000000009",
	"89a65d27-aeaa-4373-8f69-2f02a79fe68b");
INSERT INTO V_ISR
	VALUES ("6b8804e9-f4bd-4f7a-b07e-0057bd13da9c",
	"8be82ba8-ab1f-4721-9cc3-515a45494815");
INSERT INTO V_VAL
	VALUES ("7c5491eb-3636-44f6-9672-75e1065b1bbe",
	0,
	0,
	-1,
	-1,
	-1,
	0,
	0,
	0,
	0,
	"ba5eda7a-def5-0000-0000-000000000002",
	"89a65d27-aeaa-4373-8f69-2f02a79fe68b");
INSERT INTO V_UNY
	VALUES ("7c5491eb-3636-44f6-9672-75e1065b1bbe",
	"6b8804e9-f4bd-4f7a-b07e-0057bd13da9c",
	'cardinality');
INSERT INTO V_PAR
	VALUES ("7c5491eb-3636-44f6-9672-75e1065b1bbe",
	"d8721904-b475-4de9-9a1f-6ec98932c7ed",
	"00000000-0000-0000-0000-000000000000",
	'value',
	"4b4d4962-5da5-4307-b915-f2793be7be75",
	2,
	18);
INSERT INTO V_VAL
	VALUES ("4b4d4962-5da5-4307-b915-f2793be7be75",
	0,
	0,
	2,
	61,
	64,
	0,
	0,
	0,
	0,
	"f9cb3942-d25e-4b1d-99d2-80346dffff7a",
	"89a65d27-aeaa-4373-8f69-2f02a79fe68b");
INSERT INTO V_LEN
	VALUES ("4b4d4962-5da5-4307-b915-f2793be7be75",
	"ef8e3ed0-279f-4e51-bbca-9159c5413ba9",
	2,
	55);
INSERT INTO V_PAR
	VALUES ("4b4d4962-5da5-4307-b915-f2793be7be75",
	"d8721904-b475-4de9-9a1f-6ec98932c7ed",
	"00000000-0000-0000-0000-000000000000",
	'unit',
	"00000000-0000-0000-0000-000000000000",
	2,
	49);
INSERT INTO V_VAL
	VALUES ("374e5c3d-ba48-45a2-b1c4-8da0e654657d",
	0,
	0,
	3,
	44,
	-1,
	0,
	0,
	0,
	0,
	"0c2280ac-677d-4cc7-a34f-fde18b6c9506",
	"89a65d27-aeaa-4373-8f69-2f02a79fe68b");
INSERT INTO V_TRV
	VALUES ("374e5c3d-ba48-45a2-b1c4-8da0e654657d",
	"a29d7ebd-8df6-44b9-a088-55d69709c957",
	"00000000-0000-0000-0000-000000000000",
	1,
	3,
	35);
INSERT INTO V_PAR
	VALUES ("374e5c3d-ba48-45a2-b1c4-8da0e654657d",
	"eeac1350-467e-408a-8e8d-7764de933835",
	"00000000-0000-0000-0000-000000000000",
	'indicator',
	"00000000-0000-0000-0000-000000000000",
	3,
	24);
INSERT INTO V_VAR
	VALUES ("8be82ba8-ab1f-4721-9cc3-515a45494815",
	"89a65d27-aeaa-4373-8f69-2f02a79fe68b",
	'lapMarkers',
	1,
	"ba5eda7a-def5-0000-0000-000000000009");
INSERT INTO V_INS
	VALUES ("8be82ba8-ab1f-4721-9cc3-515a45494815",
	"21bd91e4-0a7e-4836-84f1-253f2298df88");
INSERT INTO V_VAR
	VALUES ("7836f0df-bdc0-49b3-bda8-2be21db9e919",
	"89a65d27-aeaa-4373-8f69-2f02a79fe68b",
	'self',
	1,
	"ba5eda7a-def5-0000-0000-000000000008");
INSERT INTO V_INT
	VALUES ("7836f0df-bdc0-49b3-bda8-2be21db9e919",
	0,
	"e4f33430-b3cd-4e2a-8dff-b91094d7d095");
INSERT INTO SM_NSTXN
	VALUES ("8ee4fc9d-fdea-4c12-a878-334173223288",
	"a976fe2a-d67c-4ae5-b5fd-21cf77c5de22",
	"b55592a4-763c-469d-9c93-ab7f5b6791dd",
	"27b4cf0c-e6fb-4c0a-a58f-551ab6c11bdd",
	"00000000-0000-0000-0000-000000000000");
INSERT INTO SM_TAH
	VALUES ("4fcf2438-30e7-4fbd-b0d6-1111a9f9acbc",
	"a976fe2a-d67c-4ae5-b5fd-21cf77c5de22",
	"8ee4fc9d-fdea-4c12-a878-334173223288");
INSERT INTO SM_AH
	VALUES ("4fcf2438-30e7-4fbd-b0d6-1111a9f9acbc",
	"a976fe2a-d67c-4ae5-b5fd-21cf77c5de22");
INSERT INTO SM_ACT
	VALUES ("4fcf2438-30e7-4fbd-b0d6-1111a9f9acbc",
	"a976fe2a-d67c-4ae5-b5fd-21cf77c5de22",
	1,
	'',
	'',
	0);
INSERT INTO ACT_TAB
	VALUES ("f6a1d3dc-e327-418a-961d-8952c24999ac",
	"a976fe2a-d67c-4ae5-b5fd-21cf77c5de22",
	"4fcf2438-30e7-4fbd-b0d6-1111a9f9acbc");
INSERT INTO ACT_ACT
	VALUES ("f6a1d3dc-e327-418a-961d-8952c24999ac",
	'transition',
	0,
	"90fed96b-ccf8-4022-9748-7a369a34e084",
	"00000000-0000-0000-0000-000000000000",
	0,
	'Display1: modeChange',
	"00000000-0000-0000-0000-000000000000");
INSERT INTO ACT_BLK
	VALUES ("90fed96b-ccf8-4022-9748-7a369a34e084",
	0,
	0,
	0,
	'',
	'',
	'',
	0,
	0,
	0,
	0,
	0,
	0,
	0,
	0,
	0,
	0,
	0,
	0,
	0,
	"f6a1d3dc-e327-418a-961d-8952c24999ac",
	"00000000-0000-0000-0000-000000000000");
INSERT INTO SM_TXN
	VALUES ("8ee4fc9d-fdea-4c12-a878-334173223288",
	"a976fe2a-d67c-4ae5-b5fd-21cf77c5de22",
	"c4aa354d-55b9-49ab-a14b-d797121fb408",
	"00000000-0000-0000-0000-000000000000");
INSERT INTO SM_NSTXN
	VALUES ("494252b5-e568-4bed-bb14-494ed71dc99a",
	"a976fe2a-d67c-4ae5-b5fd-21cf77c5de22",
	"c4aa354d-55b9-49ab-a14b-d797121fb408",
	"27b4cf0c-e6fb-4c0a-a58f-551ab6c11bdd",
	"00000000-0000-0000-0000-000000000000");
INSERT INTO SM_TAH
	VALUES ("6cf47c1f-4cc5-498b-9268-4c62efa0cba2",
	"a976fe2a-d67c-4ae5-b5fd-21cf77c5de22",
	"494252b5-e568-4bed-bb14-494ed71dc99a");
INSERT INTO SM_AH
	VALUES ("6cf47c1f-4cc5-498b-9268-4c62efa0cba2",
	"a976fe2a-d67c-4ae5-b5fd-21cf77c5de22");
INSERT INTO SM_ACT
	VALUES ("6cf47c1f-4cc5-498b-9268-4c62efa0cba2",
	"a976fe2a-d67c-4ae5-b5fd-21cf77c5de22",
	1,
	'',
	'',
	0);
INSERT INTO ACT_TAB
	VALUES ("cbc4ddf1-344e-4258-9ad4-1c5cdaa1c91c",
	"a976fe2a-d67c-4ae5-b5fd-21cf77c5de22",
	"6cf47c1f-4cc5-498b-9268-4c62efa0cba2");
INSERT INTO ACT_ACT
	VALUES ("cbc4ddf1-344e-4258-9ad4-1c5cdaa1c91c",
	'transition',
	0,
	"46b1a350-1099-4993-8cff-a5e1a9b7eae9",
	"00000000-0000-0000-0000-000000000000",
	0,
	'Display1: modeChange',
	"00000000-0000-0000-0000-000000000000");
INSERT INTO ACT_BLK
	VALUES ("46b1a350-1099-4993-8cff-a5e1a9b7eae9",
	0,
	0,
	0,
	'',
	'',
	'',
	0,
	0,
	0,
	0,
	0,
	0,
	0,
	0,
	0,
	0,
	0,
	0,
	0,
	"cbc4ddf1-344e-4258-9ad4-1c5cdaa1c91c",
	"00000000-0000-0000-0000-000000000000");
INSERT INTO SM_TXN
	VALUES ("494252b5-e568-4bed-bb14-494ed71dc99a",
	"a976fe2a-d67c-4ae5-b5fd-21cf77c5de22",
	"e93d78bf-57be-43db-bdf2-e20380bde53e",
	"00000000-0000-0000-0000-000000000000");
INSERT INTO SM_NSTXN
	VALUES ("24834113-f9ac-4395-8e62-1907eb05467c",
	"a976fe2a-d67c-4ae5-b5fd-21cf77c5de22",
	"e93d78bf-57be-43db-bdf2-e20380bde53e",
	"27b4cf0c-e6fb-4c0a-a58f-551ab6c11bdd",
	"00000000-0000-0000-0000-000000000000");
INSERT INTO SM_TAH
	VALUES ("e1a1b5e7-48a9-49d4-9d14-e0a9b3f89aaa",
	"a976fe2a-d67c-4ae5-b5fd-21cf77c5de22",
	"24834113-f9ac-4395-8e62-1907eb05467c");
INSERT INTO SM_AH
	VALUES ("e1a1b5e7-48a9-49d4-9d14-e0a9b3f89aaa",
	"a976fe2a-d67c-4ae5-b5fd-21cf77c5de22");
INSERT INTO SM_ACT
	VALUES ("e1a1b5e7-48a9-49d4-9d14-e0a9b3f89aaa",
	"a976fe2a-d67c-4ae5-b5fd-21cf77c5de22",
	1,
	'',
	'',
	0);
INSERT INTO ACT_TAB
	VALUES ("541dbd2b-de9e-456d-b724-d9184e42b327",
	"a976fe2a-d67c-4ae5-b5fd-21cf77c5de22",
	"e1a1b5e7-48a9-49d4-9d14-e0a9b3f89aaa");
INSERT INTO ACT_ACT
	VALUES ("541dbd2b-de9e-456d-b724-d9184e42b327",
	'transition',
	0,
	"2a07c730-5780-4aa3-8ef3-ed9b90dc9a3f",
	"00000000-0000-0000-0000-000000000000",
	0,
	'Display1: modeChange',
	"00000000-0000-0000-0000-000000000000");
INSERT INTO ACT_BLK
	VALUES ("2a07c730-5780-4aa3-8ef3-ed9b90dc9a3f",
	0,
	0,
	0,
	'',
	'',
	'',
	0,
	0,
	0,
	0,
	0,
	0,
	0,
	0,
	0,
	0,
	0,
	0,
	0,
	"541dbd2b-de9e-456d-b724-d9184e42b327",
	"00000000-0000-0000-0000-000000000000");
INSERT INTO SM_TXN
	VALUES ("24834113-f9ac-4395-8e62-1907eb05467c",
	"a976fe2a-d67c-4ae5-b5fd-21cf77c5de22",
	"39a30ce5-0077-4527-8ba3-017e526ba32f",
	"00000000-0000-0000-0000-000000000000");
INSERT INTO SM_NSTXN
	VALUES ("311f95c8-0eb2-46d4-b465-8fe5c3c3993a",
	"a976fe2a-d67c-4ae5-b5fd-21cf77c5de22",
	"39a30ce5-0077-4527-8ba3-017e526ba32f",
	"27b4cf0c-e6fb-4c0a-a58f-551ab6c11bdd",
	"00000000-0000-0000-0000-000000000000");
INSERT INTO SM_TAH
	VALUES ("669a4f6e-42eb-48ac-873a-bb16ff027024",
	"a976fe2a-d67c-4ae5-b5fd-21cf77c5de22",
	"311f95c8-0eb2-46d4-b465-8fe5c3c3993a");
INSERT INTO SM_AH
	VALUES ("669a4f6e-42eb-48ac-873a-bb16ff027024",
	"a976fe2a-d67c-4ae5-b5fd-21cf77c5de22");
INSERT INTO SM_ACT
	VALUES ("669a4f6e-42eb-48ac-873a-bb16ff027024",
	"a976fe2a-d67c-4ae5-b5fd-21cf77c5de22",
	1,
	'',
	'',
	0);
INSERT INTO ACT_TAB
	VALUES ("607093f2-4263-4baa-82cc-98601d2e3300",
	"a976fe2a-d67c-4ae5-b5fd-21cf77c5de22",
	"669a4f6e-42eb-48ac-873a-bb16ff027024");
INSERT INTO ACT_ACT
	VALUES ("607093f2-4263-4baa-82cc-98601d2e3300",
	'transition',
	0,
	"e5e30e40-dd90-4855-8bf6-d988821f797e",
	"00000000-0000-0000-0000-000000000000",
	0,
	'Display1: modeChange',
	"00000000-0000-0000-0000-000000000000");
INSERT INTO ACT_BLK
	VALUES ("e5e30e40-dd90-4855-8bf6-d988821f797e",
	0,
	0,
	0,
	'',
	'',
	'',
	0,
	0,
	0,
	0,
	0,
	0,
	0,
	0,
	0,
	0,
	0,
	0,
	0,
	"607093f2-4263-4baa-82cc-98601d2e3300",
	"00000000-0000-0000-0000-000000000000");
INSERT INTO SM_TXN
	VALUES ("311f95c8-0eb2-46d4-b465-8fe5c3c3993a",
	"a976fe2a-d67c-4ae5-b5fd-21cf77c5de22",
	"b8220f7b-fe6a-4310-95a5-e51f2371a537",
	"00000000-0000-0000-0000-000000000000");
INSERT INTO SM_NSTXN
	VALUES ("673d61a5-7919-42fb-8818-786eed08aaf9",
	"a976fe2a-d67c-4ae5-b5fd-21cf77c5de22",
	"b55592a4-763c-469d-9c93-ab7f5b6791dd",
	"1f99c5a4-1b49-435a-b1af-470e1a85ac18",
	"00000000-0000-0000-0000-000000000000");
INSERT INTO SM_TAH
	VALUES ("f0f6287e-b335-4104-a4cd-3d60519fdce3",
	"a976fe2a-d67c-4ae5-b5fd-21cf77c5de22",
	"673d61a5-7919-42fb-8818-786eed08aaf9");
INSERT INTO SM_AH
	VALUES ("f0f6287e-b335-4104-a4cd-3d60519fdce3",
	"a976fe2a-d67c-4ae5-b5fd-21cf77c5de22");
INSERT INTO SM_ACT
	VALUES ("f0f6287e-b335-4104-a4cd-3d60519fdce3",
	"a976fe2a-d67c-4ae5-b5fd-21cf77c5de22",
	1,
	'',
	'',
	0);
INSERT INTO ACT_TAB
	VALUES ("8232eeb1-a741-481a-afb3-6bcbbf85ddf9",
	"a976fe2a-d67c-4ae5-b5fd-21cf77c5de22",
	"f0f6287e-b335-4104-a4cd-3d60519fdce3");
INSERT INTO ACT_ACT
	VALUES ("8232eeb1-a741-481a-afb3-6bcbbf85ddf9",
	'transition',
	0,
	"93ab10f0-21ac-407c-9aa5-cdc3c6f8a069",
	"00000000-0000-0000-0000-000000000000",
	0,
	'Display2: refresh',
	"00000000-0000-0000-0000-000000000000");
INSERT INTO ACT_BLK
	VALUES ("93ab10f0-21ac-407c-9aa5-cdc3c6f8a069",
	0,
	0,
	0,
	'',
	'',
	'',
	0,
	0,
	0,
	0,
	0,
	0,
	0,
	0,
	0,
	0,
	0,
	0,
	0,
	"8232eeb1-a741-481a-afb3-6bcbbf85ddf9",
	"00000000-0000-0000-0000-000000000000");
INSERT INTO SM_TXN
	VALUES ("673d61a5-7919-42fb-8818-786eed08aaf9",
	"a976fe2a-d67c-4ae5-b5fd-21cf77c5de22",
	"b55592a4-763c-469d-9c93-ab7f5b6791dd",
	"00000000-0000-0000-0000-000000000000");
INSERT INTO SM_NSTXN
	VALUES ("f629daf6-38c4-4fa4-88c5-74819d3dd31f",
	"a976fe2a-d67c-4ae5-b5fd-21cf77c5de22",
	"c4aa354d-55b9-49ab-a14b-d797121fb408",
	"1f99c5a4-1b49-435a-b1af-470e1a85ac18",
	"00000000-0000-0000-0000-000000000000");
INSERT INTO SM_TAH
	VALUES ("46fd54a7-e774-4a36-93f8-8e188f26a5c9",
	"a976fe2a-d67c-4ae5-b5fd-21cf77c5de22",
	"f629daf6-38c4-4fa4-88c5-74819d3dd31f");
INSERT INTO SM_AH
	VALUES ("46fd54a7-e774-4a36-93f8-8e188f26a5c9",
	"a976fe2a-d67c-4ae5-b5fd-21cf77c5de22");
INSERT INTO SM_ACT
	VALUES ("46fd54a7-e774-4a36-93f8-8e188f26a5c9",
	"a976fe2a-d67c-4ae5-b5fd-21cf77c5de22",
	1,
	'',
	'',
	0);
INSERT INTO ACT_TAB
	VALUES ("9d73cfc0-6fbb-464a-a50e-92d56336d42f",
	"a976fe2a-d67c-4ae5-b5fd-21cf77c5de22",
	"46fd54a7-e774-4a36-93f8-8e188f26a5c9");
INSERT INTO ACT_ACT
	VALUES ("9d73cfc0-6fbb-464a-a50e-92d56336d42f",
	'transition',
	0,
	"3e7cc51f-a9ba-43d1-b3fb-0f76e66c17d0",
	"00000000-0000-0000-0000-000000000000",
	0,
	'Display2: refresh',
	"00000000-0000-0000-0000-000000000000");
INSERT INTO ACT_BLK
	VALUES ("3e7cc51f-a9ba-43d1-b3fb-0f76e66c17d0",
	0,
	0,
	0,
	'',
	'',
	'',
	0,
	0,
	0,
	0,
	0,
	0,
	0,
	0,
	0,
	0,
	0,
	0,
	0,
	"9d73cfc0-6fbb-464a-a50e-92d56336d42f",
	"00000000-0000-0000-0000-000000000000");
INSERT INTO SM_TXN
	VALUES ("f629daf6-38c4-4fa4-88c5-74819d3dd31f",
	"a976fe2a-d67c-4ae5-b5fd-21cf77c5de22",
	"c4aa354d-55b9-49ab-a14b-d797121fb408",
	"00000000-0000-0000-0000-000000000000");
INSERT INTO SM_NSTXN
	VALUES ("2953d973-41ff-4b44-8adf-8ce1770b9945",
	"a976fe2a-d67c-4ae5-b5fd-21cf77c5de22",
	"39a30ce5-0077-4527-8ba3-017e526ba32f",
	"1f99c5a4-1b49-435a-b1af-470e1a85ac18",
	"00000000-0000-0000-0000-000000000000");
INSERT INTO SM_TAH
	VALUES ("ca9b33a6-e097-4be3-b1b3-68fa0855aaf1",
	"a976fe2a-d67c-4ae5-b5fd-21cf77c5de22",
	"2953d973-41ff-4b44-8adf-8ce1770b9945");
INSERT INTO SM_AH
	VALUES ("ca9b33a6-e097-4be3-b1b3-68fa0855aaf1",
	"a976fe2a-d67c-4ae5-b5fd-21cf77c5de22");
INSERT INTO SM_ACT
	VALUES ("ca9b33a6-e097-4be3-b1b3-68fa0855aaf1",
	"a976fe2a-d67c-4ae5-b5fd-21cf77c5de22",
	1,
	'',
	'',
	0);
INSERT INTO ACT_TAB
	VALUES ("33296380-2ed1-4cd5-99eb-218c8c9f48e6",
	"a976fe2a-d67c-4ae5-b5fd-21cf77c5de22",
	"ca9b33a6-e097-4be3-b1b3-68fa0855aaf1");
INSERT INTO ACT_ACT
	VALUES ("33296380-2ed1-4cd5-99eb-218c8c9f48e6",
	'transition',
	0,
	"b9a3709b-bbb5-456f-9576-74efcbb3b128",
	"00000000-0000-0000-0000-000000000000",
	0,
	'Display2: refresh',
	"00000000-0000-0000-0000-000000000000");
INSERT INTO ACT_BLK
	VALUES ("b9a3709b-bbb5-456f-9576-74efcbb3b128",
	0,
	0,
	0,
	'',
	'',
	'',
	0,
	0,
	0,
	0,
	0,
	0,
	0,
	0,
	0,
	0,
	0,
	0,
	0,
	"33296380-2ed1-4cd5-99eb-218c8c9f48e6",
	"00000000-0000-0000-0000-000000000000");
INSERT INTO SM_TXN
	VALUES ("2953d973-41ff-4b44-8adf-8ce1770b9945",
	"a976fe2a-d67c-4ae5-b5fd-21cf77c5de22",
	"39a30ce5-0077-4527-8ba3-017e526ba32f",
	"00000000-0000-0000-0000-000000000000");
INSERT INTO SM_NSTXN
	VALUES ("e67992d4-4bee-431d-aacc-2897eed38f8f",
	"a976fe2a-d67c-4ae5-b5fd-21cf77c5de22",
	"b8220f7b-fe6a-4310-95a5-e51f2371a537",
	"1f99c5a4-1b49-435a-b1af-470e1a85ac18",
	"00000000-0000-0000-0000-000000000000");
INSERT INTO SM_TAH
	VALUES ("c0216126-09c0-4178-a137-14633760f186",
	"a976fe2a-d67c-4ae5-b5fd-21cf77c5de22",
	"e67992d4-4bee-431d-aacc-2897eed38f8f");
INSERT INTO SM_AH
	VALUES ("c0216126-09c0-4178-a137-14633760f186",
	"a976fe2a-d67c-4ae5-b5fd-21cf77c5de22");
INSERT INTO SM_ACT
	VALUES ("c0216126-09c0-4178-a137-14633760f186",
	"a976fe2a-d67c-4ae5-b5fd-21cf77c5de22",
	1,
	'',
	'',
	0);
INSERT INTO ACT_TAB
	VALUES ("706a434a-e751-499a-a368-55c293a1cd3a",
	"a976fe2a-d67c-4ae5-b5fd-21cf77c5de22",
	"c0216126-09c0-4178-a137-14633760f186");
INSERT INTO ACT_ACT
	VALUES ("706a434a-e751-499a-a368-55c293a1cd3a",
	'transition',
	0,
	"9eb7afa4-6b07-41c8-b3f6-e038f99cfd1e",
	"00000000-0000-0000-0000-000000000000",
	0,
	'Display2: refresh',
	"00000000-0000-0000-0000-000000000000");
INSERT INTO ACT_BLK
	VALUES ("9eb7afa4-6b07-41c8-b3f6-e038f99cfd1e",
	0,
	0,
	0,
	'',
	'',
	'',
	0,
	0,
	0,
	0,
	0,
	0,
	0,
	0,
	0,
	0,
	0,
	0,
	0,
	"706a434a-e751-499a-a368-55c293a1cd3a",
	"00000000-0000-0000-0000-000000000000");
INSERT INTO SM_TXN
	VALUES ("e67992d4-4bee-431d-aacc-2897eed38f8f",
	"a976fe2a-d67c-4ae5-b5fd-21cf77c5de22",
	"b8220f7b-fe6a-4310-95a5-e51f2371a537",
	"00000000-0000-0000-0000-000000000000");
INSERT INTO SM_NSTXN
	VALUES ("f2c6b7e9-d851-432f-9d7b-b13d6c392fdc",
	"a976fe2a-d67c-4ae5-b5fd-21cf77c5de22",
	"e93d78bf-57be-43db-bdf2-e20380bde53e",
	"1f99c5a4-1b49-435a-b1af-470e1a85ac18",
	"00000000-0000-0000-0000-000000000000");
INSERT INTO SM_TAH
	VALUES ("229102f9-6d0b-44af-90bb-ae61d289a2e0",
	"a976fe2a-d67c-4ae5-b5fd-21cf77c5de22",
	"f2c6b7e9-d851-432f-9d7b-b13d6c392fdc");
INSERT INTO SM_AH
	VALUES ("229102f9-6d0b-44af-90bb-ae61d289a2e0",
	"a976fe2a-d67c-4ae5-b5fd-21cf77c5de22");
INSERT INTO SM_ACT
	VALUES ("229102f9-6d0b-44af-90bb-ae61d289a2e0",
	"a976fe2a-d67c-4ae5-b5fd-21cf77c5de22",
	1,
	'',
	'',
	0);
INSERT INTO ACT_TAB
	VALUES ("19def1be-1ed2-4310-b0bb-697a9c83fbcc",
	"a976fe2a-d67c-4ae5-b5fd-21cf77c5de22",
	"229102f9-6d0b-44af-90bb-ae61d289a2e0");
INSERT INTO ACT_ACT
	VALUES ("19def1be-1ed2-4310-b0bb-697a9c83fbcc",
	'transition',
	0,
	"c0ba45da-20ab-4141-b6bf-f00013e95528",
	"00000000-0000-0000-0000-000000000000",
	0,
	'Display2: refresh',
	"00000000-0000-0000-0000-000000000000");
INSERT INTO ACT_BLK
	VALUES ("c0ba45da-20ab-4141-b6bf-f00013e95528",
	0,
	0,
	0,
	'',
	'',
	'',
	0,
	0,
	0,
	0,
	0,
	0,
	0,
	0,
	0,
	0,
	0,
	0,
	0,
	"19def1be-1ed2-4310-b0bb-697a9c83fbcc",
	"00000000-0000-0000-0000-000000000000");
INSERT INTO SM_TXN
	VALUES ("f2c6b7e9-d851-432f-9d7b-b13d6c392fdc",
	"a976fe2a-d67c-4ae5-b5fd-21cf77c5de22",
	"e93d78bf-57be-43db-bdf2-e20380bde53e",
	"00000000-0000-0000-0000-000000000000");
INSERT INTO SM_NSTXN
	VALUES ("e4727017-0020-4073-9e4c-65546787ceaa",
	"a976fe2a-d67c-4ae5-b5fd-21cf77c5de22",
	"b8220f7b-fe6a-4310-95a5-e51f2371a537",
	"27b4cf0c-e6fb-4c0a-a58f-551ab6c11bdd",
	"00000000-0000-0000-0000-000000000000");
INSERT INTO SM_TAH
	VALUES ("affc1c39-a423-41f6-bb0a-e3faa00c7912",
	"a976fe2a-d67c-4ae5-b5fd-21cf77c5de22",
	"e4727017-0020-4073-9e4c-65546787ceaa");
INSERT INTO SM_AH
	VALUES ("affc1c39-a423-41f6-bb0a-e3faa00c7912",
	"a976fe2a-d67c-4ae5-b5fd-21cf77c5de22");
INSERT INTO SM_ACT
	VALUES ("affc1c39-a423-41f6-bb0a-e3faa00c7912",
	"a976fe2a-d67c-4ae5-b5fd-21cf77c5de22",
	1,
	'',
	'',
	0);
INSERT INTO ACT_TAB
	VALUES ("9577f2f6-6317-4aa4-8b52-ebc22a403f31",
	"a976fe2a-d67c-4ae5-b5fd-21cf77c5de22",
	"affc1c39-a423-41f6-bb0a-e3faa00c7912");
INSERT INTO ACT_ACT
	VALUES ("9577f2f6-6317-4aa4-8b52-ebc22a403f31",
	'transition',
	0,
	"65ad8f74-9097-40c6-a1ca-ad52c026dbb8",
	"00000000-0000-0000-0000-000000000000",
	0,
	'Display1: modeChange',
	"00000000-0000-0000-0000-000000000000");
INSERT INTO ACT_BLK
	VALUES ("65ad8f74-9097-40c6-a1ca-ad52c026dbb8",
	0,
	0,
	0,
	'',
	'',
	'',
	0,
	0,
	0,
	0,
	0,
	0,
	0,
	0,
	0,
	0,
	0,
	0,
	0,
	"9577f2f6-6317-4aa4-8b52-ebc22a403f31",
	"00000000-0000-0000-0000-000000000000");
INSERT INTO SM_TXN
	VALUES ("e4727017-0020-4073-9e4c-65546787ceaa",
	"a976fe2a-d67c-4ae5-b5fd-21cf77c5de22",
	"b55592a4-763c-469d-9c93-ab7f5b6791dd",
	"00000000-0000-0000-0000-000000000000");
INSERT INTO PE_PE
	VALUES ("313e48f7-0516-49bd-9401-5c67c2e55db9",
	1,
	"a09220a4-d685-4338-83fd-0d42f7c7e308",
	"00000000-0000-0000-0000-000000000000",
	4);
INSERT INTO O_OBJ
	VALUES ("313e48f7-0516-49bd-9401-5c67c2e55db9",
	'Achievement',
	10,
	'Achievement',
	'Each instance represents one contiguous period of time during 
which a particular goal was being met (achieved).',
	"00000000-0000-0000-0000-000000000000");
INSERT INTO O_TFR
	VALUES ("6fac41c9-c339-4dbe-8651-11ff5f9db899",
	"313e48f7-0516-49bd-9401-5c67c2e55db9",
	'close',
	'',
	"ba5eda7a-def5-0000-0000-000000000000",
	1,
	'// Close this open achievement record by storing the end time, relating this
//   record as a recorded one and unrelating it as the open one.
select one goal related by self->Goal[R14.''is_open_for''];
select one workoutTimer related by goal->WorkoutSession[R11.''is_currently_executing_within'']->WorkoutTimer[R8.''is_timed_by''];
self.endTime = workoutTimer.time;
unrelate self from goal across R14.''is_open_for'';
relate self to goal across R12.''specifies_achievement_of'';


',
	1,
	'',
	"00000000-0000-0000-0000-000000000000",
	0);
INSERT INTO ACT_OPB
	VALUES ("c391829f-a80a-4004-a4e8-3b28d6637621",
	"6fac41c9-c339-4dbe-8651-11ff5f9db899");
INSERT INTO ACT_ACT
	VALUES ("c391829f-a80a-4004-a4e8-3b28d6637621",
	'operation',
	0,
	"7956c1a2-0ce7-48ce-b576-0b77db3234a9",
	"00000000-0000-0000-0000-000000000000",
	0,
	'Achievement::close',
	"00000000-0000-0000-0000-000000000000");
INSERT INTO ACT_BLK
	VALUES ("7956c1a2-0ce7-48ce-b576-0b77db3234a9",
	1,
	0,
	0,
	'''specifies_achievement_of''',
	'',
	'',
	7,
	1,
	4,
	95,
	0,
	0,
	7,
	28,
	7,
	32,
	0,
	0,
	0,
	"c391829f-a80a-4004-a4e8-3b28d6637621",
	"00000000-0000-0000-0000-000000000000");
INSERT INTO ACT_SMT
	VALUES ("b33afab9-f3ab-4c31-9964-7ed01ae349b5",
	"7956c1a2-0ce7-48ce-b576-0b77db3234a9",
	"62ecbd58-713d-49f4-bd65-f5f49a1528bd",
	3,
	1,
	'Achievement::close line: 3');
INSERT INTO ACT_SEL
	VALUES ("b33afab9-f3ab-4c31-9964-7ed01ae349b5",
	"080c9f7f-a6e9-49e7-95f6-532ca083c888",
	1,
	'one',
	"6ab24b17-2125-46ce-88dc-9cd0857d560c");
INSERT INTO ACT_SR
	VALUES ("b33afab9-f3ab-4c31-9964-7ed01ae349b5");
INSERT INTO ACT_LNK
	VALUES ("c16f76c1-520b-4b94-bd4c-ee127ee87f80",
	'''is_open_for''',
	"b33afab9-f3ab-4c31-9964-7ed01ae349b5",
	"bc95f1bf-69a4-4013-ab97-58e1c1b23b15",
	"00000000-0000-0000-0000-000000000000",
	2,
	"c1022670-c44d-401e-bb23-dfcef6084fba",
	3,
	34,
	3,
	39,
	3,
	43);
INSERT INTO ACT_SMT
	VALUES ("62ecbd58-713d-49f4-bd65-f5f49a1528bd",
	"7956c1a2-0ce7-48ce-b576-0b77db3234a9",
	"de17607e-a7b3-47cc-98b6-794131fc96e5",
	4,
	1,
	'Achievement::close line: 4');
INSERT INTO ACT_SEL
	VALUES ("62ecbd58-713d-49f4-bd65-f5f49a1528bd",
	"0655b3bd-d258-41ec-99d7-1a8f45dc05d3",
	1,
	'one',
	"794d13bc-fe5f-4e89-8980-5eae89721c92");
INSERT INTO ACT_SR
	VALUES ("62ecbd58-713d-49f4-bd65-f5f49a1528bd");
INSERT INTO ACT_LNK
	VALUES ("8c3e87a9-69ad-4fd1-bcce-6e65d7ba572a",
	'''is_currently_executing_within''',
	"62ecbd58-713d-49f4-bd65-f5f49a1528bd",
	"50d628e2-9d2f-4810-93d9-44fb62bf9031",
	"159bf5df-972a-4a00-8cb1-bc42bbd26a84",
	2,
	"2522ffa2-db69-4807-ab45-06acf4cf893a",
	4,
	42,
	4,
	57,
	4,
	61);
INSERT INTO ACT_LNK
	VALUES ("159bf5df-972a-4a00-8cb1-bc42bbd26a84",
	'''is_timed_by''',
	"00000000-0000-0000-0000-000000000000",
	"b04987ba-d80b-4527-a1fd-894139a710d8",
	"00000000-0000-0000-0000-000000000000",
	2,
	"8d4b82cf-ec16-4fd9-925b-0e51eb64a2f7",
	4,
	95,
	4,
	108,
	4,
	111);
INSERT INTO ACT_SMT
	VALUES ("de17607e-a7b3-47cc-98b6-794131fc96e5",
	"7956c1a2-0ce7-48ce-b576-0b77db3234a9",
	"e82cd70b-b53f-451f-8c9e-083e6face702",
	5,
	1,
	'Achievement::close line: 5');
INSERT INTO ACT_AI
	VALUES ("de17607e-a7b3-47cc-98b6-794131fc96e5",
	"a9df49e8-775d-4acf-9aff-1c9365c561fc",
	"4eb5fc2e-e5d3-444b-ba91-40ea44a286e9",
	0,
	0);
INSERT INTO ACT_SMT
	VALUES ("e82cd70b-b53f-451f-8c9e-083e6face702",
	"7956c1a2-0ce7-48ce-b576-0b77db3234a9",
	"8c91be87-5301-4e0e-b8b8-b2941ddddadb",
	6,
	1,
	'Achievement::close line: 6');
INSERT INTO ACT_UNR
	VALUES ("e82cd70b-b53f-451f-8c9e-083e6face702",
	"40a7bd7f-398b-42eb-8ec2-c885332b833a",
	"080c9f7f-a6e9-49e7-95f6-532ca083c888",
	'''is_open_for''',
	"bc95f1bf-69a4-4013-ab97-58e1c1b23b15",
	6,
	32,
	6,
	36);
INSERT INTO ACT_SMT
	VALUES ("8c91be87-5301-4e0e-b8b8-b2941ddddadb",
	"7956c1a2-0ce7-48ce-b576-0b77db3234a9",
	"00000000-0000-0000-0000-000000000000",
	7,
	1,
	'Achievement::close line: 7');
INSERT INTO ACT_REL
	VALUES ("8c91be87-5301-4e0e-b8b8-b2941ddddadb",
	"40a7bd7f-398b-42eb-8ec2-c885332b833a",
	"080c9f7f-a6e9-49e7-95f6-532ca083c888",
	'''specifies_achievement_of''',
	"b8328a39-3292-4b79-9990-82aae21a82e6",
	7,
	28,
	7,
	32);
INSERT INTO V_VAL
	VALUES ("6ab24b17-2125-46ce-88dc-9cd0857d560c",
	0,
	0,
	3,
	28,
	31,
	0,
	0,
	0,
	0,
	"ba5eda7a-def5-0000-0000-000000000008",
	"7956c1a2-0ce7-48ce-b576-0b77db3234a9");
INSERT INTO V_IRF
	VALUES ("6ab24b17-2125-46ce-88dc-9cd0857d560c",
	"40a7bd7f-398b-42eb-8ec2-c885332b833a");
INSERT INTO V_VAL
	VALUES ("794d13bc-fe5f-4e89-8980-5eae89721c92",
	0,
	0,
	4,
	36,
	39,
	0,
	0,
	0,
	0,
	"ba5eda7a-def5-0000-0000-000000000008",
	"7956c1a2-0ce7-48ce-b576-0b77db3234a9");
INSERT INTO V_IRF
	VALUES ("794d13bc-fe5f-4e89-8980-5eae89721c92",
	"080c9f7f-a6e9-49e7-95f6-532ca083c888");
INSERT INTO V_VAL
	VALUES ("6079be14-e2c2-4053-9888-84d90dc9594b",
	1,
	0,
	5,
	1,
	4,
	0,
	0,
	0,
	0,
	"ba5eda7a-def5-0000-0000-000000000008",
	"7956c1a2-0ce7-48ce-b576-0b77db3234a9");
INSERT INTO V_IRF
	VALUES ("6079be14-e2c2-4053-9888-84d90dc9594b",
	"40a7bd7f-398b-42eb-8ec2-c885332b833a");
INSERT INTO V_VAL
	VALUES ("4eb5fc2e-e5d3-444b-ba91-40ea44a286e9",
	1,
	0,
	5,
	6,
	12,
	0,
	0,
	0,
	0,
	"ba5eda7a-def5-0000-0000-000000000002",
	"7956c1a2-0ce7-48ce-b576-0b77db3234a9");
INSERT INTO V_AVL
	VALUES ("4eb5fc2e-e5d3-444b-ba91-40ea44a286e9",
	"6079be14-e2c2-4053-9888-84d90dc9594b",
	"313e48f7-0516-49bd-9401-5c67c2e55db9",
	"46b6c2f4-87ac-494d-b31e-62f1d0581155");
INSERT INTO V_VAL
	VALUES ("029051f8-9ce3-4d7c-9f5c-f1aaee638ea2",
	0,
	0,
	5,
	16,
	27,
	0,
	0,
	0,
	0,
	"ba5eda7a-def5-0000-0000-000000000008",
	"7956c1a2-0ce7-48ce-b576-0b77db3234a9");
INSERT INTO V_IRF
	VALUES ("029051f8-9ce3-4d7c-9f5c-f1aaee638ea2",
	"0655b3bd-d258-41ec-99d7-1a8f45dc05d3");
INSERT INTO V_VAL
	VALUES ("a9df49e8-775d-4acf-9aff-1c9365c561fc",
	0,
	0,
	5,
	29,
	32,
	0,
	0,
	0,
	0,
	"ba5eda7a-def5-0000-0000-000000000002",
	"7956c1a2-0ce7-48ce-b576-0b77db3234a9");
INSERT INTO V_AVL
	VALUES ("a9df49e8-775d-4acf-9aff-1c9365c561fc",
	"029051f8-9ce3-4d7c-9f5c-f1aaee638ea2",
	"8d4b82cf-ec16-4fd9-925b-0e51eb64a2f7",
	"e4e19783-1a13-4049-a49c-6e687000fdb9");
INSERT INTO V_VAR
	VALUES ("080c9f7f-a6e9-49e7-95f6-532ca083c888",
	"7956c1a2-0ce7-48ce-b576-0b77db3234a9",
	'goal',
	1,
	"ba5eda7a-def5-0000-0000-000000000008");
INSERT INTO V_INT
	VALUES ("080c9f7f-a6e9-49e7-95f6-532ca083c888",
	0,
	"c1022670-c44d-401e-bb23-dfcef6084fba");
INSERT INTO V_VAR
	VALUES ("40a7bd7f-398b-42eb-8ec2-c885332b833a",
	"7956c1a2-0ce7-48ce-b576-0b77db3234a9",
	'self',
	1,
	"ba5eda7a-def5-0000-0000-000000000008");
INSERT INTO V_INT
	VALUES ("40a7bd7f-398b-42eb-8ec2-c885332b833a",
	0,
	"313e48f7-0516-49bd-9401-5c67c2e55db9");
INSERT INTO V_VAR
	VALUES ("0655b3bd-d258-41ec-99d7-1a8f45dc05d3",
	"7956c1a2-0ce7-48ce-b576-0b77db3234a9",
	'workoutTimer',
	1,
	"ba5eda7a-def5-0000-0000-000000000008");
INSERT INTO V_INT
	VALUES ("0655b3bd-d258-41ec-99d7-1a8f45dc05d3",
	0,
	"8d4b82cf-ec16-4fd9-925b-0e51eb64a2f7");
INSERT INTO O_NBATTR
	VALUES ("b3949e0b-65ec-4e72-82be-b899f2e3b63b",
	"313e48f7-0516-49bd-9401-5c67c2e55db9");
INSERT INTO O_BATTR
	VALUES ("b3949e0b-65ec-4e72-82be-b899f2e3b63b",
	"313e48f7-0516-49bd-9401-5c67c2e55db9");
INSERT INTO O_ATTR
	VALUES ("b3949e0b-65ec-4e72-82be-b899f2e3b63b",
	"313e48f7-0516-49bd-9401-5c67c2e55db9",
	"cded74fd-309e-4629-99ff-b9445b82116c",
	'startTime',
	'Starting time for this achievement, expressed as the number of seconds
since the beginning of the associated workout session.',
	'',
	'startTime',
	0,
	"ba5eda7a-def5-0000-0000-000000000002",
	'',
	'');
INSERT INTO O_NBATTR
	VALUES ("46b6c2f4-87ac-494d-b31e-62f1d0581155",
	"313e48f7-0516-49bd-9401-5c67c2e55db9");
INSERT INTO O_BATTR
	VALUES ("46b6c2f4-87ac-494d-b31e-62f1d0581155",
	"313e48f7-0516-49bd-9401-5c67c2e55db9");
INSERT INTO O_ATTR
	VALUES ("46b6c2f4-87ac-494d-b31e-62f1d0581155",
	"313e48f7-0516-49bd-9401-5c67c2e55db9",
	"b3949e0b-65ec-4e72-82be-b899f2e3b63b",
	'endTime',
	'Ending time for this achievement, expressed as the number of seconds
since the beginning of the associated workout session.',
	'',
	'endTime',
	0,
	"ba5eda7a-def5-0000-0000-000000000002",
	'',
	'');
INSERT INTO O_REF
	VALUES ("313e48f7-0516-49bd-9401-5c67c2e55db9",
	"c1022670-c44d-401e-bb23-dfcef6084fba",
	0,
	"1112db20-38b9-44b6-8df7-863caab66a7d",
	"b8328a39-3292-4b79-9990-82aae21a82e6",
	"dd8fe793-e15c-4ad3-b625-2aaf0c5a4173",
	"2a974a63-3880-400e-a031-c56390a6083f",
	"9a4cc2c2-78c6-4a7b-8b3a-7ff01a3c12fc",
	"5c4af506-a9a4-4e1b-9a1b-186d779a6658",
	"00000000-0000-0000-0000-000000000000",
	0,
	'',
	'Goal',
	'session_startTime',
	'R12.''specifies_achievement_of''');
INSERT INTO O_REF
	VALUES ("313e48f7-0516-49bd-9401-5c67c2e55db9",
	"c1022670-c44d-401e-bb23-dfcef6084fba",
	0,
	"1112db20-38b9-44b6-8df7-863caab66a7d",
	"bc95f1bf-69a4-4013-ab97-58e1c1b23b15",
	"af362b48-c65b-4376-b576-1fd79da9a092",
	"9bd2e282-0d41-4dc4-9e49-54af9316b174",
	"9a4cc2c2-78c6-4a7b-8b3a-7ff01a3c12fc",
	"0e02beac-d583-4ae3-a643-ec5a028e24c7",
	"5c4af506-a9a4-4e1b-9a1b-186d779a6658",
	0,
	'',
	'Goal',
	'session_startTime',
	'R14.''is_open_for''');
INSERT INTO O_RATTR
	VALUES ("9a4cc2c2-78c6-4a7b-8b3a-7ff01a3c12fc",
	"313e48f7-0516-49bd-9401-5c67c2e55db9",
	"7f25f45e-231c-4cfe-9481-7a86cabddbc6",
	"2522ffa2-db69-4807-ab45-06acf4cf893a",
	1,
	'startTime');
INSERT INTO O_ATTR
	VALUES ("9a4cc2c2-78c6-4a7b-8b3a-7ff01a3c12fc",
	"313e48f7-0516-49bd-9401-5c67c2e55db9",
	"00000000-0000-0000-0000-000000000000",
	'session_startTime',
	'

',
	'',
	'session_startTime',
	2,
	"ba5eda7a-def5-0000-0000-000000000007",
	'',
	'');
INSERT INTO O_REF
	VALUES ("313e48f7-0516-49bd-9401-5c67c2e55db9",
	"c1022670-c44d-401e-bb23-dfcef6084fba",
	0,
	"645a58ca-7e54-4f1b-bb56-64249dab5aaa",
	"b8328a39-3292-4b79-9990-82aae21a82e6",
	"dd8fe793-e15c-4ad3-b625-2aaf0c5a4173",
	"2a974a63-3880-400e-a031-c56390a6083f",
	"cded74fd-309e-4629-99ff-b9445b82116c",
	"e6dcc2bb-7bac-47b7-af36-31fd6c3211ff",
	"00000000-0000-0000-0000-000000000000",
	0,
	'',
	'Goal',
	'ID',
	'R12.''specifies_achievement_of''');
INSERT INTO O_REF
	VALUES ("313e48f7-0516-49bd-9401-5c67c2e55db9",
	"c1022670-c44d-401e-bb23-dfcef6084fba",
	0,
	"645a58ca-7e54-4f1b-bb56-64249dab5aaa",
	"bc95f1bf-69a4-4013-ab97-58e1c1b23b15",
	"af362b48-c65b-4376-b576-1fd79da9a092",
	"9bd2e282-0d41-4dc4-9e49-54af9316b174",
	"cded74fd-309e-4629-99ff-b9445b82116c",
	"7d4444b1-0d27-44ca-ba5b-5da0c9b35832",
	"e6dcc2bb-7bac-47b7-af36-31fd6c3211ff",
	0,
	'',
	'Goal',
	'ID',
	'R14.''is_open_for''');
INSERT INTO O_RATTR
	VALUES ("cded74fd-309e-4629-99ff-b9445b82116c",
	"313e48f7-0516-49bd-9401-5c67c2e55db9",
	"645a58ca-7e54-4f1b-bb56-64249dab5aaa",
	"c1022670-c44d-401e-bb23-dfcef6084fba",
	1,
	'ID');
INSERT INTO O_ATTR
	VALUES ("cded74fd-309e-4629-99ff-b9445b82116c",
	"313e48f7-0516-49bd-9401-5c67c2e55db9",
	"3469b65e-2f3d-4971-b9b8-f938563b1d17",
	'goal_ID',
	'

',
	'goal_',
	'ID',
	1,
	"ba5eda7a-def5-0000-0000-000000000007",
	'',
	'');
INSERT INTO O_REF
	VALUES ("313e48f7-0516-49bd-9401-5c67c2e55db9",
	"c1022670-c44d-401e-bb23-dfcef6084fba",
	0,
	"3d76c79d-be06-4cb9-8efd-0960b4a4e8d4",
	"b8328a39-3292-4b79-9990-82aae21a82e6",
	"dd8fe793-e15c-4ad3-b625-2aaf0c5a4173",
	"2a974a63-3880-400e-a031-c56390a6083f",
	"3469b65e-2f3d-4971-b9b8-f938563b1d17",
	"3ed0c0ca-5a64-4af8-b09b-ef20d97b3223",
	"00000000-0000-0000-0000-000000000000",
	0,
	'',
	'Goal',
	'spec_sequenceNumber',
	'R12.''specifies_achievement_of''');
INSERT INTO O_REF
	VALUES ("313e48f7-0516-49bd-9401-5c67c2e55db9",
	"c1022670-c44d-401e-bb23-dfcef6084fba",
	0,
	"3d76c79d-be06-4cb9-8efd-0960b4a4e8d4",
	"bc95f1bf-69a4-4013-ab97-58e1c1b23b15",
	"af362b48-c65b-4376-b576-1fd79da9a092",
	"9bd2e282-0d41-4dc4-9e49-54af9316b174",
	"3469b65e-2f3d-4971-b9b8-f938563b1d17",
	"3ace9399-eb16-4ce7-a3f2-6fed637077e4",
	"3ed0c0ca-5a64-4af8-b09b-ef20d97b3223",
	0,
	'',
	'Goal',
	'spec_sequenceNumber',
	'R14.''is_open_for''');
INSERT INTO O_RATTR
	VALUES ("3469b65e-2f3d-4971-b9b8-f938563b1d17",
	"313e48f7-0516-49bd-9401-5c67c2e55db9",
	"f568c69e-b0ba-41ee-aef1-25eb2c07142f",
	"be6ddd8b-37a5-4534-961b-772bb1d940ac",
	1,
	'sequenceNumber');
INSERT INTO O_ATTR
	VALUES ("3469b65e-2f3d-4971-b9b8-f938563b1d17",
	"313e48f7-0516-49bd-9401-5c67c2e55db9",
	"9a4cc2c2-78c6-4a7b-8b3a-7ff01a3c12fc",
	'spec_sequenceNumber',
	'

',
	'',
	'spec_sequenceNumber',
	2,
	"ba5eda7a-def5-0000-0000-000000000007",
	'',
	'');
INSERT INTO O_ID
	VALUES (0,
	"313e48f7-0516-49bd-9401-5c67c2e55db9");
INSERT INTO O_OIDA
	VALUES ("9a4cc2c2-78c6-4a7b-8b3a-7ff01a3c12fc",
	"313e48f7-0516-49bd-9401-5c67c2e55db9",
	0,
	'session_startTime');
INSERT INTO O_OIDA
	VALUES ("3469b65e-2f3d-4971-b9b8-f938563b1d17",
	"313e48f7-0516-49bd-9401-5c67c2e55db9",
	0,
	'spec_sequenceNumber');
INSERT INTO O_OIDA
	VALUES ("cded74fd-309e-4629-99ff-b9445b82116c",
	"313e48f7-0516-49bd-9401-5c67c2e55db9",
	0,
	'goal_ID');
INSERT INTO O_OIDA
	VALUES ("b3949e0b-65ec-4e72-82be-b899f2e3b63b",
	"313e48f7-0516-49bd-9401-5c67c2e55db9",
	0,
	'startTime');
INSERT INTO O_ID
	VALUES (1,
	"313e48f7-0516-49bd-9401-5c67c2e55db9");
INSERT INTO O_ID
	VALUES (2,
	"313e48f7-0516-49bd-9401-5c67c2e55db9");
INSERT INTO PE_PE
	VALUES ("21bd91e4-0a7e-4836-84f1-253f2298df88",
	1,
	"a09220a4-d685-4338-83fd-0d42f7c7e308",
	"00000000-0000-0000-0000-000000000000",
	4);
INSERT INTO O_OBJ
	VALUES ("21bd91e4-0a7e-4836-84f1-253f2298df88",
	'LapMarker',
	4,
	'LapMarker',
	'Each instance represents a single lap marker.',
	"00000000-0000-0000-0000-000000000000");
INSERT INTO O_NBATTR
	VALUES ("a0786293-5443-43ae-a902-37b69cd1d7e3",
	"21bd91e4-0a7e-4836-84f1-253f2298df88");
INSERT INTO O_BATTR
	VALUES ("a0786293-5443-43ae-a902-37b69cd1d7e3",
	"21bd91e4-0a7e-4836-84f1-253f2298df88");
INSERT INTO O_ATTR
	VALUES ("a0786293-5443-43ae-a902-37b69cd1d7e3",
	"21bd91e4-0a7e-4836-84f1-253f2298df88",
	"4bcd3698-56f6-4d19-990f-d412d2db046e",
	'lapTime',
	'Number of seconds between start time for the associated workout and this lap marker.',
	'',
	'lapTime',
	0,
	"ba5eda7a-def5-0000-0000-000000000002",
	'',
	'');
INSERT INTO O_REF
	VALUES ("21bd91e4-0a7e-4836-84f1-253f2298df88",
	"d2828038-110a-4559-8452-91651af0adcb",
	0,
	"4e0a65c3-0128-4fda-b003-cff06b9b7367",
	"d62976b4-4258-4aa6-8a5b-a1bb8dea1e60",
	"05024aea-a603-4e50-bdc3-af1a9a3b88a8",
	"2b89183d-5002-42b6-bcce-1ad8d016ceb1",
	"4bcd3698-56f6-4d19-990f-d412d2db046e",
	"9e4dace4-c4e1-490c-8292-f6a228fa877b",
	"00000000-0000-0000-0000-000000000000",
	0,
	'',
	'TrackLog',
	'session_startTime',
	'R5.''marks_end_of_lap_in''');
INSERT INTO O_RATTR
	VALUES ("4bcd3698-56f6-4d19-990f-d412d2db046e",
	"21bd91e4-0a7e-4836-84f1-253f2298df88",
	"7f25f45e-231c-4cfe-9481-7a86cabddbc6",
	"2522ffa2-db69-4807-ab45-06acf4cf893a",
	1,
	'startTime');
INSERT INTO O_ATTR
	VALUES ("4bcd3698-56f6-4d19-990f-d412d2db046e",
	"21bd91e4-0a7e-4836-84f1-253f2298df88",
	"00000000-0000-0000-0000-000000000000",
	'session_startTime',
	'',
	'',
	'session_startTime',
	2,
	"ba5eda7a-def5-0000-0000-000000000007",
	'',
	'');
INSERT INTO O_ID
	VALUES (0,
	"21bd91e4-0a7e-4836-84f1-253f2298df88");
INSERT INTO O_OIDA
	VALUES ("4bcd3698-56f6-4d19-990f-d412d2db046e",
	"21bd91e4-0a7e-4836-84f1-253f2298df88",
	0,
	'session_startTime');
INSERT INTO O_OIDA
	VALUES ("a0786293-5443-43ae-a902-37b69cd1d7e3",
	"21bd91e4-0a7e-4836-84f1-253f2298df88",
	0,
	'lapTime');
INSERT INTO O_ID
	VALUES (1,
	"21bd91e4-0a7e-4836-84f1-253f2298df88");
INSERT INTO O_ID
	VALUES (2,
	"21bd91e4-0a7e-4836-84f1-253f2298df88");
INSERT INTO PE_PE
	VALUES ("d2828038-110a-4559-8452-91651af0adcb",
	1,
	"a09220a4-d685-4338-83fd-0d42f7c7e308",
	"00000000-0000-0000-0000-000000000000",
	4);
INSERT INTO O_OBJ
	VALUES ("d2828038-110a-4559-8452-91651af0adcb",
	'TrackLog',
	2,
	'TrackLog',
	'The collection of track points stored during a workout session.

Presently the device supports only a single track log, and it 
is always the active one for the current workout session.
However, future releases may add a capability for storing
multiple track logs on the device.',
	"00000000-0000-0000-0000-000000000000");
INSERT INTO O_TFR
	VALUES ("0f45bbc6-da36-4b5b-a2dd-f739a6f0cbdd",
	"d2828038-110a-4559-8452-91651af0adcb",
	'addTrackPoint',
	'',
	"ba5eda7a-def5-0000-0000-000000000000",
	1,
	'// Add a track point to this track log, update the accumulated distance
// and current speed, and then notify the UI.

// Create a new track point, retrieving the current location from the GPS.
select one workoutTimer related by self->WorkoutSession[R4.''represents_path_for'']->WorkoutTimer[R8.''is_timed_by''];
create object instance trackPoint of TrackPoint; trackPoint.time = workoutTimer.time;
trackPoint.latitude = param.latitude;
trackPoint.longitude = param.longitude;

// Add the newly created track point to the track log.
select one firstPoint related by self->TrackPoint[R1];
select one lastPoint related by self->TrackPoint[R3];

// Explicit variable declarations for later use outside if-else clause.
isFirstTrackPoint = false;
lastLatitude = 0.0;
lastLongitude = 0.0;  
if (empty firstPoint)
  isFirstTrackPoint = true;
  relate self to trackPoint across R1.''has_first'';
  relate self to trackPoint across R3.''has_last'';
else 
  // Save last location for use in updating accumulated distance.
  lastLatitude = lastPoint.latitude;
  lastLongitude = lastPoint.longitude;
  unrelate self from lastPoint across R3.''has_last'';
  relate self to trackPoint across R3.''has_last'';
  relate lastPoint to trackPoint across R2.''follows'';
end if;

// Update accumulated distance and current speed.
distance = 0.0;
if (not isFirstTrackPoint)
  distance = ::getDistance( fromLat: lastLatitude, fromLong: lastLongitude, toLat: trackPoint.latitude, toLong: trackPoint.longitude );
end if;

select one session related by self->WorkoutSession[R4.''represents_path_for''];
session.accumulatedDistance = session.accumulatedDistance + distance;

// Notify display of of the updated values.
self.updateDisplay();',
	1,
	'',
	"00000000-0000-0000-0000-000000000000",
	0);
INSERT INTO O_TPARM
	VALUES ("e3d4e124-aa45-4348-a51f-7157e6debbcb",
	"0f45bbc6-da36-4b5b-a2dd-f739a6f0cbdd",
	'latitude',
	"ba5eda7a-def5-0000-0000-000000000003",
	0,
	'',
	"00000000-0000-0000-0000-000000000000",
	'');
INSERT INTO O_TPARM
	VALUES ("af25c8fd-8bd9-4b97-9db8-9db97672b3df",
	"0f45bbc6-da36-4b5b-a2dd-f739a6f0cbdd",
	'longitude',
	"ba5eda7a-def5-0000-0000-000000000003",
	0,
	'',
	"e3d4e124-aa45-4348-a51f-7157e6debbcb",
	'');
INSERT INTO ACT_OPB
	VALUES ("f833d39b-a439-43c9-94e7-f28204aee81f",
	"0f45bbc6-da36-4b5b-a2dd-f739a6f0cbdd");
INSERT INTO ACT_ACT
	VALUES ("f833d39b-a439-43c9-94e7-f28204aee81f",
	'operation',
	0,
	"a9c13b95-da4d-4bf1-9569-94dff1b99538",
	"00000000-0000-0000-0000-000000000000",
	0,
	'TrackLog::addTrackPoint',
	"00000000-0000-0000-0000-000000000000");
INSERT INTO ACT_BLK
	VALUES ("a9c13b95-da4d-4bf1-9569-94dff1b99538",
	1,
	0,
	0,
	'',
	'',
	'',
	41,
	1,
	37,
	37,
	0,
	0,
	37,
	52,
	37,
	55,
	0,
	0,
	0,
	"f833d39b-a439-43c9-94e7-f28204aee81f",
	"00000000-0000-0000-0000-000000000000");
INSERT INTO ACT_SMT
	VALUES ("41a5845c-1174-4286-b47d-9b0b08ae3355",
	"a9c13b95-da4d-4bf1-9569-94dff1b99538",
	"dde1063e-e5bd-4261-a9c6-f3a2e0888af8",
	5,
	1,
	'TrackLog::addTrackPoint line: 5');
INSERT INTO ACT_SEL
	VALUES ("41a5845c-1174-4286-b47d-9b0b08ae3355",
	"84afe53a-141d-4629-aac5-a3a6e9d06011",
	1,
	'one',
	"efe5f182-e4b7-4588-97ca-73bc114092ca");
INSERT INTO ACT_SR
	VALUES ("41a5845c-1174-4286-b47d-9b0b08ae3355");
INSERT INTO ACT_LNK
	VALUES ("f02143b5-f283-4cf3-a569-7fbbb224bfe3",
	'''represents_path_for''',
	"41a5845c-1174-4286-b47d-9b0b08ae3355",
	"f84935c8-946a-434d-91c1-1a845ca84868",
	"9b78825b-0dfa-464c-bee3-fa38d1431ef8",
	2,
	"2522ffa2-db69-4807-ab45-06acf4cf893a",
	5,
	42,
	5,
	57,
	5,
	60);
INSERT INTO ACT_LNK
	VALUES ("9b78825b-0dfa-464c-bee3-fa38d1431ef8",
	'''is_timed_by''',
	"00000000-0000-0000-0000-000000000000",
	"b04987ba-d80b-4527-a1fd-894139a710d8",
	"00000000-0000-0000-0000-000000000000",
	2,
	"8d4b82cf-ec16-4fd9-925b-0e51eb64a2f7",
	5,
	84,
	5,
	97,
	5,
	100);
INSERT INTO ACT_SMT
	VALUES ("dde1063e-e5bd-4261-a9c6-f3a2e0888af8",
	"a9c13b95-da4d-4bf1-9569-94dff1b99538",
	"023a1435-1733-4ea9-a705-3c1d110eb4bc",
	6,
	1,
	'TrackLog::addTrackPoint line: 6');
INSERT INTO ACT_CR
	VALUES ("dde1063e-e5bd-4261-a9c6-f3a2e0888af8",
	"23590637-c13d-4470-a3c2-643ec71f9bd7",
	1,
	"66920350-b77d-4876-9b05-0c545b5437ae",
	6,
	38);
INSERT INTO ACT_SMT
	VALUES ("023a1435-1733-4ea9-a705-3c1d110eb4bc",
	"a9c13b95-da4d-4bf1-9569-94dff1b99538",
	"f0e46567-1756-4351-8e55-2b97c51beac7",
	6,
	50,
	'TrackLog::addTrackPoint line: 6');
INSERT INTO ACT_AI
	VALUES ("023a1435-1733-4ea9-a705-3c1d110eb4bc",
	"64b2712f-a7f1-448a-be01-a4f51d862733",
	"2897d869-0924-42d5-843f-3ce247c22e2f",
	0,
	0);
INSERT INTO ACT_SMT
	VALUES ("f0e46567-1756-4351-8e55-2b97c51beac7",
	"a9c13b95-da4d-4bf1-9569-94dff1b99538",
	"fa861809-d472-470a-8840-881d264886e2",
	7,
	1,
	'TrackLog::addTrackPoint line: 7');
INSERT INTO ACT_AI
	VALUES ("f0e46567-1756-4351-8e55-2b97c51beac7",
	"0940d0ac-8854-42ad-b92d-f1cfa6a069ca",
	"40cbad9d-4d07-4842-a3d4-b3d55c297738",
	0,
	0);
INSERT INTO ACT_SMT
	VALUES ("fa861809-d472-470a-8840-881d264886e2",
	"a9c13b95-da4d-4bf1-9569-94dff1b99538",
	"2567d5f6-fe1c-4ce8-b9b9-d7e0f49e7e40",
	8,
	1,
	'TrackLog::addTrackPoint line: 8');
INSERT INTO ACT_AI
	VALUES ("fa861809-d472-470a-8840-881d264886e2",
	"a8d3e23b-3cd5-4954-af59-2bd76c16a171",
	"9261e02c-24d7-49d5-81ea-841f81b87a6f",
	0,
	0);
INSERT INTO ACT_SMT
	VALUES ("2567d5f6-fe1c-4ce8-b9b9-d7e0f49e7e40",
	"a9c13b95-da4d-4bf1-9569-94dff1b99538",
	"94b1f3d8-d335-42b9-aa4c-5915eeffeebc",
	11,
	1,
	'TrackLog::addTrackPoint line: 11');
INSERT INTO ACT_SEL
	VALUES ("2567d5f6-fe1c-4ce8-b9b9-d7e0f49e7e40",
	"ab903025-e4e4-4813-87bd-309dd6a3ae58",
	1,
	'one',
	"2a71b4e9-2371-468b-80d1-ceb1df97e3dd");
INSERT INTO ACT_SR
	VALUES ("2567d5f6-fe1c-4ce8-b9b9-d7e0f49e7e40");
INSERT INTO ACT_LNK
	VALUES ("3a5c9264-3472-49ea-8aa0-014c0eaac457",
	'',
	"2567d5f6-fe1c-4ce8-b9b9-d7e0f49e7e40",
	"7ea6b294-af80-4908-a92d-d4dd2302915f",
	"00000000-0000-0000-0000-000000000000",
	2,
	"66920350-b77d-4876-9b05-0c545b5437ae",
	11,
	40,
	11,
	51,
	0,
	0);
INSERT INTO ACT_SMT
	VALUES ("94b1f3d8-d335-42b9-aa4c-5915eeffeebc",
	"a9c13b95-da4d-4bf1-9569-94dff1b99538",
	"ec166002-504e-4369-936b-74463187a8b4",
	12,
	1,
	'TrackLog::addTrackPoint line: 12');
INSERT INTO ACT_SEL
	VALUES ("94b1f3d8-d335-42b9-aa4c-5915eeffeebc",
	"fce4780d-05db-42e4-acc9-767abd74cbea",
	1,
	'one',
	"d2314817-c122-4be1-85ef-eb398575eb5c");
INSERT INTO ACT_SR
	VALUES ("94b1f3d8-d335-42b9-aa4c-5915eeffeebc");
INSERT INTO ACT_LNK
	VALUES ("9d273890-4f33-46e8-b67d-f42dfdcf5489",
	'',
	"94b1f3d8-d335-42b9-aa4c-5915eeffeebc",
	"aa6b0d93-73c8-47bd-8bb3-254041981d6a",
	"00000000-0000-0000-0000-000000000000",
	2,
	"66920350-b77d-4876-9b05-0c545b5437ae",
	12,
	39,
	12,
	50,
	0,
	0);
INSERT INTO ACT_SMT
	VALUES ("ec166002-504e-4369-936b-74463187a8b4",
	"a9c13b95-da4d-4bf1-9569-94dff1b99538",
	"ef1b565d-4f3f-490f-afc1-9a6ad857c13c",
	15,
	1,
	'TrackLog::addTrackPoint line: 15');
INSERT INTO ACT_AI
	VALUES ("ec166002-504e-4369-936b-74463187a8b4",
	"f21138e5-3d38-4dcd-8ccc-52808f250306",
	"82253690-ad26-4cc2-bdf5-0c0300524c85",
	0,
	0);
INSERT INTO ACT_SMT
	VALUES ("ef1b565d-4f3f-490f-afc1-9a6ad857c13c",
	"a9c13b95-da4d-4bf1-9569-94dff1b99538",
	"a6efe003-8848-4704-8f82-d985bf00699e",
	16,
	1,
	'TrackLog::addTrackPoint line: 16');
INSERT INTO ACT_AI
	VALUES ("ef1b565d-4f3f-490f-afc1-9a6ad857c13c",
	"29584d3d-d4eb-4f2e-a981-88e95db25ba1",
	"02c45065-06ea-4f53-a1c7-c47f7c7865b3",
	0,
	0);
INSERT INTO ACT_SMT
	VALUES ("a6efe003-8848-4704-8f82-d985bf00699e",
	"a9c13b95-da4d-4bf1-9569-94dff1b99538",
	"7f3fffeb-05b8-4bd5-8143-006e450b0379",
	17,
	1,
	'TrackLog::addTrackPoint line: 17');
INSERT INTO ACT_AI
	VALUES ("a6efe003-8848-4704-8f82-d985bf00699e",
	"e010ed35-e26f-4a3b-b550-988f16241ff1",
	"1706c79f-0963-471d-bb4b-a6705741f50b",
	0,
	0);
INSERT INTO ACT_SMT
	VALUES ("7f3fffeb-05b8-4bd5-8143-006e450b0379",
	"a9c13b95-da4d-4bf1-9569-94dff1b99538",
	"18084344-29b6-4533-9b14-1fc3b4bdde9d",
	18,
	1,
	'TrackLog::addTrackPoint line: 18');
INSERT INTO ACT_IF
	VALUES ("7f3fffeb-05b8-4bd5-8143-006e450b0379",
	"0338e9d1-d49d-4442-9de1-279eed0ba9e5",
	"25d4563b-a9c6-47ba-aaf4-75b57f3b521a",
	"00000000-0000-0000-0000-000000000000",
	"00000000-0000-0000-0000-000000000000");
INSERT INTO ACT_SMT
	VALUES ("72315182-221e-4f1f-aceb-009dbbc5244a",
	"a9c13b95-da4d-4bf1-9569-94dff1b99538",
	"00000000-0000-0000-0000-000000000000",
	22,
	1,
	'TrackLog::addTrackPoint line: 22');
INSERT INTO ACT_E
	VALUES ("72315182-221e-4f1f-aceb-009dbbc5244a",
	"1d3aa575-efa4-465c-ad1d-d90ff8a04439",
	"7f3fffeb-05b8-4bd5-8143-006e450b0379");
INSERT INTO ACT_SMT
	VALUES ("18084344-29b6-4533-9b14-1fc3b4bdde9d",
	"a9c13b95-da4d-4bf1-9569-94dff1b99538",
	"c06177ab-775f-43c9-98ef-50248814326d",
	32,
	1,
	'TrackLog::addTrackPoint line: 32');
INSERT INTO ACT_AI
	VALUES ("18084344-29b6-4533-9b14-1fc3b4bdde9d",
	"583506ca-79f1-47d6-b39f-f026b008bcc9",
	"3d2e6fc2-c0f9-4da9-97da-acd9d55dcbad",
	0,
	0);
INSERT INTO ACT_SMT
	VALUES ("c06177ab-775f-43c9-98ef-50248814326d",
	"a9c13b95-da4d-4bf1-9569-94dff1b99538",
	"d5707455-5a18-4e0a-81f5-54c9f9ce5f74",
	33,
	1,
	'TrackLog::addTrackPoint line: 33');
INSERT INTO ACT_IF
	VALUES ("c06177ab-775f-43c9-98ef-50248814326d",
	"d4ec3ff5-355a-4a29-8150-f4bcae44df9b",
	"53c3930d-da59-46d7-bb60-47487f726ded",
	"00000000-0000-0000-0000-000000000000",
	"00000000-0000-0000-0000-000000000000");
INSERT INTO ACT_SMT
	VALUES ("d5707455-5a18-4e0a-81f5-54c9f9ce5f74",
	"a9c13b95-da4d-4bf1-9569-94dff1b99538",
	"814864d2-c3ee-4da5-816c-86463d993228",
	37,
	1,
	'TrackLog::addTrackPoint line: 37');
INSERT INTO ACT_SEL
	VALUES ("d5707455-5a18-4e0a-81f5-54c9f9ce5f74",
	"7dbeaa1e-ddb4-44b7-93d2-d2cf3e93661e",
	1,
	'one',
	"741be437-25ad-450c-89df-9a3a10ec9189");
INSERT INTO ACT_SR
	VALUES ("d5707455-5a18-4e0a-81f5-54c9f9ce5f74");
INSERT INTO ACT_LNK
	VALUES ("441df7f4-5d87-4a92-931e-a57c489a7efe",
	'''represents_path_for''',
	"d5707455-5a18-4e0a-81f5-54c9f9ce5f74",
	"f84935c8-946a-434d-91c1-1a845ca84868",
	"00000000-0000-0000-0000-000000000000",
	2,
	"2522ffa2-db69-4807-ab45-06acf4cf893a",
	37,
	37,
	37,
	52,
	37,
	55);
INSERT INTO ACT_SMT
	VALUES ("814864d2-c3ee-4da5-816c-86463d993228",
	"a9c13b95-da4d-4bf1-9569-94dff1b99538",
	"fc7e0479-9f9b-429d-8ec0-4c3e775260a9",
	38,
	1,
	'TrackLog::addTrackPoint line: 38');
INSERT INTO ACT_AI
	VALUES ("814864d2-c3ee-4da5-816c-86463d993228",
	"ac53ccf8-f676-4b95-b129-24fb034f31d3",
	"dec2aec0-08de-465b-bdaa-5525b9900f17",
	0,
	0);
INSERT INTO ACT_SMT
	VALUES ("fc7e0479-9f9b-429d-8ec0-4c3e775260a9",
	"a9c13b95-da4d-4bf1-9569-94dff1b99538",
	"00000000-0000-0000-0000-000000000000",
	41,
	1,
	'TrackLog::addTrackPoint line: 41');
INSERT INTO ACT_TFM
	VALUES ("fc7e0479-9f9b-429d-8ec0-4c3e775260a9",
	"9723d50b-bb3d-4fed-86de-6413406a6a2e",
	"a97b59b0-c0ab-4995-90d6-4e4d417412d7",
	41,
	6,
	0,
	0);
INSERT INTO V_VAL
	VALUES ("efe5f182-e4b7-4588-97ca-73bc114092ca",
	0,
	0,
	5,
	36,
	39,
	0,
	0,
	0,
	0,
	"ba5eda7a-def5-0000-0000-000000000008",
	"a9c13b95-da4d-4bf1-9569-94dff1b99538");
INSERT INTO V_IRF
	VALUES ("efe5f182-e4b7-4588-97ca-73bc114092ca",
	"a97b59b0-c0ab-4995-90d6-4e4d417412d7");
INSERT INTO V_VAL
	VALUES ("b294dbf6-e88c-4034-83fe-9bd9c7d86fb7",
	1,
	0,
	6,
	50,
	59,
	0,
	0,
	0,
	0,
	"ba5eda7a-def5-0000-0000-000000000008",
	"a9c13b95-da4d-4bf1-9569-94dff1b99538");
INSERT INTO V_IRF
	VALUES ("b294dbf6-e88c-4034-83fe-9bd9c7d86fb7",
	"23590637-c13d-4470-a3c2-643ec71f9bd7");
INSERT INTO V_VAL
	VALUES ("2897d869-0924-42d5-843f-3ce247c22e2f",
	1,
	0,
	6,
	61,
	64,
	0,
	0,
	0,
	0,
	"ba5eda7a-def5-0000-0000-000000000002",
	"a9c13b95-da4d-4bf1-9569-94dff1b99538");
INSERT INTO V_AVL
	VALUES ("2897d869-0924-42d5-843f-3ce247c22e2f",
	"b294dbf6-e88c-4034-83fe-9bd9c7d86fb7",
	"66920350-b77d-4876-9b05-0c545b5437ae",
	"7080b4f6-ebf6-47fe-be82-a1c2cf39143c");
INSERT INTO V_VAL
	VALUES ("bc9bf3e9-c016-475a-aece-58fe284bf0be",
	0,
	0,
	6,
	68,
	79,
	0,
	0,
	0,
	0,
	"ba5eda7a-def5-0000-0000-000000000008",
	"a9c13b95-da4d-4bf1-9569-94dff1b99538");
INSERT INTO V_IRF
	VALUES ("bc9bf3e9-c016-475a-aece-58fe284bf0be",
	"84afe53a-141d-4629-aac5-a3a6e9d06011");
INSERT INTO V_VAL
	VALUES ("64b2712f-a7f1-448a-be01-a4f51d862733",
	0,
	0,
	6,
	81,
	84,
	0,
	0,
	0,
	0,
	"ba5eda7a-def5-0000-0000-000000000002",
	"a9c13b95-da4d-4bf1-9569-94dff1b99538");
INSERT INTO V_AVL
	VALUES ("64b2712f-a7f1-448a-be01-a4f51d862733",
	"bc9bf3e9-c016-475a-aece-58fe284bf0be",
	"8d4b82cf-ec16-4fd9-925b-0e51eb64a2f7",
	"e4e19783-1a13-4049-a49c-6e687000fdb9");
INSERT INTO V_VAL
	VALUES ("d398d4f9-04a3-44cb-b73b-59ccad6c1884",
	1,
	0,
	7,
	1,
	10,
	0,
	0,
	0,
	0,
	"ba5eda7a-def5-0000-0000-000000000008",
	"a9c13b95-da4d-4bf1-9569-94dff1b99538");
INSERT INTO V_IRF
	VALUES ("d398d4f9-04a3-44cb-b73b-59ccad6c1884",
	"23590637-c13d-4470-a3c2-643ec71f9bd7");
INSERT INTO V_VAL
	VALUES ("40cbad9d-4d07-4842-a3d4-b3d55c297738",
	1,
	0,
	7,
	12,
	19,
	0,
	0,
	0,
	0,
	"ba5eda7a-def5-0000-0000-000000000003",
	"a9c13b95-da4d-4bf1-9569-94dff1b99538");
INSERT INTO V_AVL
	VALUES ("40cbad9d-4d07-4842-a3d4-b3d55c297738",
	"d398d4f9-04a3-44cb-b73b-59ccad6c1884",
	"66920350-b77d-4876-9b05-0c545b5437ae",
	"0e9b613a-bc28-4a41-96e5-f6838133fe3e");
INSERT INTO V_VAL
	VALUES ("0940d0ac-8854-42ad-b92d-f1cfa6a069ca",
	0,
	0,
	7,
	29,
	36,
	0,
	0,
	0,
	0,
	"ba5eda7a-def5-0000-0000-000000000003",
	"a9c13b95-da4d-4bf1-9569-94dff1b99538");
INSERT INTO V_PVL
	VALUES ("0940d0ac-8854-42ad-b92d-f1cfa6a069ca",
	"00000000-0000-0000-0000-000000000000",
	"00000000-0000-0000-0000-000000000000",
	"e3d4e124-aa45-4348-a51f-7157e6debbcb",
	"00000000-0000-0000-0000-000000000000");
INSERT INTO V_VAL
	VALUES ("bdc4bf26-05f4-45b6-b900-079fab85f30f",
	1,
	0,
	8,
	1,
	10,
	0,
	0,
	0,
	0,
	"ba5eda7a-def5-0000-0000-000000000008",
	"a9c13b95-da4d-4bf1-9569-94dff1b99538");
INSERT INTO V_IRF
	VALUES ("bdc4bf26-05f4-45b6-b900-079fab85f30f",
	"23590637-c13d-4470-a3c2-643ec71f9bd7");
INSERT INTO V_VAL
	VALUES ("9261e02c-24d7-49d5-81ea-841f81b87a6f",
	1,
	0,
	8,
	12,
	20,
	0,
	0,
	0,
	0,
	"ba5eda7a-def5-0000-0000-000000000003",
	"a9c13b95-da4d-4bf1-9569-94dff1b99538");
INSERT INTO V_AVL
	VALUES ("9261e02c-24d7-49d5-81ea-841f81b87a6f",
	"bdc4bf26-05f4-45b6-b900-079fab85f30f",
	"66920350-b77d-4876-9b05-0c545b5437ae",
	"e20254f9-1d38-4562-bba0-f7f597acd02d");
INSERT INTO V_VAL
	VALUES ("a8d3e23b-3cd5-4954-af59-2bd76c16a171",
	0,
	0,
	8,
	30,
	38,
	0,
	0,
	0,
	0,
	"ba5eda7a-def5-0000-0000-000000000003",
	"a9c13b95-da4d-4bf1-9569-94dff1b99538");
INSERT INTO V_PVL
	VALUES ("a8d3e23b-3cd5-4954-af59-2bd76c16a171",
	"00000000-0000-0000-0000-000000000000",
	"00000000-0000-0000-0000-000000000000",
	"af25c8fd-8bd9-4b97-9db8-9db97672b3df",
	"00000000-0000-0000-0000-000000000000");
INSERT INTO V_VAL
	VALUES ("2a71b4e9-2371-468b-80d1-ceb1df97e3dd",
	0,
	0,
	11,
	34,
	37,
	0,
	0,
	0,
	0,
	"ba5eda7a-def5-0000-0000-000000000008",
	"a9c13b95-da4d-4bf1-9569-94dff1b99538");
INSERT INTO V_IRF
	VALUES ("2a71b4e9-2371-468b-80d1-ceb1df97e3dd",
	"a97b59b0-c0ab-4995-90d6-4e4d417412d7");
INSERT INTO V_VAL
	VALUES ("d2314817-c122-4be1-85ef-eb398575eb5c",
	0,
	0,
	12,
	33,
	36,
	0,
	0,
	0,
	0,
	"ba5eda7a-def5-0000-0000-000000000008",
	"a9c13b95-da4d-4bf1-9569-94dff1b99538");
INSERT INTO V_IRF
	VALUES ("d2314817-c122-4be1-85ef-eb398575eb5c",
	"a97b59b0-c0ab-4995-90d6-4e4d417412d7");
INSERT INTO V_VAL
	VALUES ("82253690-ad26-4cc2-bdf5-0c0300524c85",
	1,
	1,
	15,
	1,
	17,
	0,
	0,
	0,
	0,
	"ba5eda7a-def5-0000-0000-000000000001",
	"a9c13b95-da4d-4bf1-9569-94dff1b99538");
INSERT INTO V_TVL
	VALUES ("82253690-ad26-4cc2-bdf5-0c0300524c85",
	"4240775e-0c0f-455f-8587-bc52430335de");
INSERT INTO V_VAL
	VALUES ("f21138e5-3d38-4dcd-8ccc-52808f250306",
	0,
	0,
	-1,
	-1,
	-1,
	0,
	0,
	0,
	0,
	"ba5eda7a-def5-0000-0000-000000000001",
	"a9c13b95-da4d-4bf1-9569-94dff1b99538");
INSERT INTO V_LBO
	VALUES ("f21138e5-3d38-4dcd-8ccc-52808f250306",
	'FALSE');
INSERT INTO V_VAL
	VALUES ("02c45065-06ea-4f53-a1c7-c47f7c7865b3",
	1,
	1,
	16,
	1,
	12,
	0,
	0,
	0,
	0,
	"ba5eda7a-def5-0000-0000-000000000003",
	"a9c13b95-da4d-4bf1-9569-94dff1b99538");
INSERT INTO V_TVL
	VALUES ("02c45065-06ea-4f53-a1c7-c47f7c7865b3",
	"d5cea19b-0c62-4c16-9112-eba66d656d81");
INSERT INTO V_VAL
	VALUES ("29584d3d-d4eb-4f2e-a981-88e95db25ba1",
	0,
	0,
	16,
	16,
	18,
	0,
	0,
	0,
	0,
	"ba5eda7a-def5-0000-0000-000000000003",
	"a9c13b95-da4d-4bf1-9569-94dff1b99538");
INSERT INTO V_LRL
	VALUES ("29584d3d-d4eb-4f2e-a981-88e95db25ba1",
	'0.0');
INSERT INTO V_VAL
	VALUES ("1706c79f-0963-471d-bb4b-a6705741f50b",
	1,
	1,
	17,
	1,
	13,
	0,
	0,
	0,
	0,
	"ba5eda7a-def5-0000-0000-000000000003",
	"a9c13b95-da4d-4bf1-9569-94dff1b99538");
INSERT INTO V_TVL
	VALUES ("1706c79f-0963-471d-bb4b-a6705741f50b",
	"f92f8981-19a0-45be-9476-af6d3a2b8d03");
INSERT INTO V_VAL
	VALUES ("e010ed35-e26f-4a3b-b550-988f16241ff1",
	0,
	0,
	17,
	17,
	19,
	0,
	0,
	0,
	0,
	"ba5eda7a-def5-0000-0000-000000000003",
	"a9c13b95-da4d-4bf1-9569-94dff1b99538");
INSERT INTO V_LRL
	VALUES ("e010ed35-e26f-4a3b-b550-988f16241ff1",
	'0.0');
INSERT INTO V_VAL
	VALUES ("82853886-40d4-4e37-a5e6-f95f8d59a4bb",
	0,
	0,
	18,
	11,
	20,
	0,
	0,
	0,
	0,
	"ba5eda7a-def5-0000-0000-000000000008",
	"a9c13b95-da4d-4bf1-9569-94dff1b99538");
INSERT INTO V_IRF
	VALUES ("82853886-40d4-4e37-a5e6-f95f8d59a4bb",
	"ab903025-e4e4-4813-87bd-309dd6a3ae58");
INSERT INTO V_VAL
	VALUES ("25d4563b-a9c6-47ba-aaf4-75b57f3b521a",
	0,
	0,
	-1,
	-1,
	-1,
	0,
	0,
	0,
	0,
	"ba5eda7a-def5-0000-0000-000000000001",
	"a9c13b95-da4d-4bf1-9569-94dff1b99538");
INSERT INTO V_UNY
	VALUES ("25d4563b-a9c6-47ba-aaf4-75b57f3b521a",
	"82853886-40d4-4e37-a5e6-f95f8d59a4bb",
	'empty');
INSERT INTO V_VAL
	VALUES ("3d2e6fc2-c0f9-4da9-97da-acd9d55dcbad",
	1,
	1,
	32,
	1,
	8,
	0,
	0,
	0,
	0,
	"ba5eda7a-def5-0000-0000-000000000003",
	"a9c13b95-da4d-4bf1-9569-94dff1b99538");
INSERT INTO V_TVL
	VALUES ("3d2e6fc2-c0f9-4da9-97da-acd9d55dcbad",
	"67492f1a-74b7-4c4c-8ce5-5040c542d378");
INSERT INTO V_VAL
	VALUES ("583506ca-79f1-47d6-b39f-f026b008bcc9",
	0,
	0,
	32,
	12,
	14,
	0,
	0,
	0,
	0,
	"ba5eda7a-def5-0000-0000-000000000003",
	"a9c13b95-da4d-4bf1-9569-94dff1b99538");
INSERT INTO V_LRL
	VALUES ("583506ca-79f1-47d6-b39f-f026b008bcc9",
	'0.0');
INSERT INTO V_VAL
	VALUES ("38e1e915-b70b-4dc4-b9b8-66440fa6b1e7",
	0,
	0,
	33,
	9,
	25,
	0,
	0,
	0,
	0,
	"ba5eda7a-def5-0000-0000-000000000001",
	"a9c13b95-da4d-4bf1-9569-94dff1b99538");
INSERT INTO V_TVL
	VALUES ("38e1e915-b70b-4dc4-b9b8-66440fa6b1e7",
	"4240775e-0c0f-455f-8587-bc52430335de");
INSERT INTO V_VAL
	VALUES ("53c3930d-da59-46d7-bb60-47487f726ded",
	0,
	0,
	-1,
	-1,
	-1,
	0,
	0,
	0,
	0,
	"ba5eda7a-def5-0000-0000-000000000001",
	"a9c13b95-da4d-4bf1-9569-94dff1b99538");
INSERT INTO V_UNY
	VALUES ("53c3930d-da59-46d7-bb60-47487f726ded",
	"38e1e915-b70b-4dc4-b9b8-66440fa6b1e7",
	'not');
INSERT INTO V_VAL
	VALUES ("741be437-25ad-450c-89df-9a3a10ec9189",
	0,
	0,
	37,
	31,
	34,
	0,
	0,
	0,
	0,
	"ba5eda7a-def5-0000-0000-000000000008",
	"a9c13b95-da4d-4bf1-9569-94dff1b99538");
INSERT INTO V_IRF
	VALUES ("741be437-25ad-450c-89df-9a3a10ec9189",
	"a97b59b0-c0ab-4995-90d6-4e4d417412d7");
INSERT INTO V_VAL
	VALUES ("c0fe23c3-d004-4a33-8632-1186e30f95a8",
	1,
	0,
	38,
	1,
	7,
	0,
	0,
	0,
	0,
	"ba5eda7a-def5-0000-0000-000000000008",
	"a9c13b95-da4d-4bf1-9569-94dff1b99538");
INSERT INTO V_IRF
	VALUES ("c0fe23c3-d004-4a33-8632-1186e30f95a8",
	"7dbeaa1e-ddb4-44b7-93d2-d2cf3e93661e");
INSERT INTO V_VAL
	VALUES ("dec2aec0-08de-465b-bdaa-5525b9900f17",
	1,
	0,
	38,
	9,
	27,
	0,
	0,
	0,
	0,
	"ba5eda7a-def5-0000-0000-000000000003",
	"a9c13b95-da4d-4bf1-9569-94dff1b99538");
INSERT INTO V_AVL
	VALUES ("dec2aec0-08de-465b-bdaa-5525b9900f17",
	"c0fe23c3-d004-4a33-8632-1186e30f95a8",
	"2522ffa2-db69-4807-ab45-06acf4cf893a",
	"d1d48d20-03f1-4c3c-b920-f64ef7b8a4d3");
INSERT INTO V_VAL
	VALUES ("1d12d531-3479-4a89-8506-ab620a5c0ee2",
	0,
	0,
	38,
	31,
	37,
	0,
	0,
	0,
	0,
	"ba5eda7a-def5-0000-0000-000000000008",
	"a9c13b95-da4d-4bf1-9569-94dff1b99538");
INSERT INTO V_IRF
	VALUES ("1d12d531-3479-4a89-8506-ab620a5c0ee2",
	"7dbeaa1e-ddb4-44b7-93d2-d2cf3e93661e");
INSERT INTO V_VAL
	VALUES ("ce37c63f-8fa3-4f41-b1fa-88578ea4d831",
	0,
	0,
	38,
	39,
	57,
	0,
	0,
	0,
	0,
	"ba5eda7a-def5-0000-0000-000000000003",
	"a9c13b95-da4d-4bf1-9569-94dff1b99538");
INSERT INTO V_AVL
	VALUES ("ce37c63f-8fa3-4f41-b1fa-88578ea4d831",
	"1d12d531-3479-4a89-8506-ab620a5c0ee2",
	"2522ffa2-db69-4807-ab45-06acf4cf893a",
	"d1d48d20-03f1-4c3c-b920-f64ef7b8a4d3");
INSERT INTO V_VAL
	VALUES ("ac53ccf8-f676-4b95-b129-24fb034f31d3",
	0,
	0,
	38,
	39,
	68,
	0,
	0,
	0,
	0,
	"ba5eda7a-def5-0000-0000-000000000003",
	"a9c13b95-da4d-4bf1-9569-94dff1b99538");
INSERT INTO V_BIN
	VALUES ("ac53ccf8-f676-4b95-b129-24fb034f31d3",
	"ad4f9b9a-8f6b-4aae-978b-c0336a5c2d37",
	"ce37c63f-8fa3-4f41-b1fa-88578ea4d831",
	'+');
INSERT INTO V_VAL
	VALUES ("ad4f9b9a-8f6b-4aae-978b-c0336a5c2d37",
	0,
	0,
	38,
	61,
	68,
	0,
	0,
	0,
	0,
	"ba5eda7a-def5-0000-0000-000000000003",
	"a9c13b95-da4d-4bf1-9569-94dff1b99538");
INSERT INTO V_TVL
	VALUES ("ad4f9b9a-8f6b-4aae-978b-c0336a5c2d37",
	"67492f1a-74b7-4c4c-8ce5-5040c542d378");
INSERT INTO V_VAR
	VALUES ("84afe53a-141d-4629-aac5-a3a6e9d06011",
	"a9c13b95-da4d-4bf1-9569-94dff1b99538",
	'workoutTimer',
	1,
	"ba5eda7a-def5-0000-0000-000000000008");
INSERT INTO V_INT
	VALUES ("84afe53a-141d-4629-aac5-a3a6e9d06011",
	0,
	"8d4b82cf-ec16-4fd9-925b-0e51eb64a2f7");
INSERT INTO V_VAR
	VALUES ("a97b59b0-c0ab-4995-90d6-4e4d417412d7",
	"a9c13b95-da4d-4bf1-9569-94dff1b99538",
	'self',
	1,
	"ba5eda7a-def5-0000-0000-000000000008");
INSERT INTO V_INT
	VALUES ("a97b59b0-c0ab-4995-90d6-4e4d417412d7",
	0,
	"d2828038-110a-4559-8452-91651af0adcb");
INSERT INTO V_VAR
	VALUES ("23590637-c13d-4470-a3c2-643ec71f9bd7",
	"a9c13b95-da4d-4bf1-9569-94dff1b99538",
	'trackPoint',
	1,
	"ba5eda7a-def5-0000-0000-000000000008");
INSERT INTO V_INT
	VALUES ("23590637-c13d-4470-a3c2-643ec71f9bd7",
	0,
	"66920350-b77d-4876-9b05-0c545b5437ae");
INSERT INTO V_VAR
	VALUES ("ab903025-e4e4-4813-87bd-309dd6a3ae58",
	"a9c13b95-da4d-4bf1-9569-94dff1b99538",
	'firstPoint',
	1,
	"ba5eda7a-def5-0000-0000-000000000008");
INSERT INTO V_INT
	VALUES ("ab903025-e4e4-4813-87bd-309dd6a3ae58",
	0,
	"66920350-b77d-4876-9b05-0c545b5437ae");
INSERT INTO V_VAR
	VALUES ("fce4780d-05db-42e4-acc9-767abd74cbea",
	"a9c13b95-da4d-4bf1-9569-94dff1b99538",
	'lastPoint',
	1,
	"ba5eda7a-def5-0000-0000-000000000008");
INSERT INTO V_INT
	VALUES ("fce4780d-05db-42e4-acc9-767abd74cbea",
	0,
	"66920350-b77d-4876-9b05-0c545b5437ae");
INSERT INTO V_VAR
	VALUES ("4240775e-0c0f-455f-8587-bc52430335de",
	"a9c13b95-da4d-4bf1-9569-94dff1b99538",
	'isFirstTrackPoint',
	1,
	"ba5eda7a-def5-0000-0000-000000000001");
INSERT INTO V_TRN
	VALUES ("4240775e-0c0f-455f-8587-bc52430335de",
	"00000000-0000-0000-0000-000000000000",
	'');
INSERT INTO V_VAR
	VALUES ("d5cea19b-0c62-4c16-9112-eba66d656d81",
	"a9c13b95-da4d-4bf1-9569-94dff1b99538",
	'lastLatitude',
	1,
	"ba5eda7a-def5-0000-0000-000000000003");
INSERT INTO V_TRN
	VALUES ("d5cea19b-0c62-4c16-9112-eba66d656d81",
	"00000000-0000-0000-0000-000000000000",
	'');
INSERT INTO V_VAR
	VALUES ("f92f8981-19a0-45be-9476-af6d3a2b8d03",
	"a9c13b95-da4d-4bf1-9569-94dff1b99538",
	'lastLongitude',
	1,
	"ba5eda7a-def5-0000-0000-000000000003");
INSERT INTO V_TRN
	VALUES ("f92f8981-19a0-45be-9476-af6d3a2b8d03",
	"00000000-0000-0000-0000-000000000000",
	'');
INSERT INTO V_VAR
	VALUES ("67492f1a-74b7-4c4c-8ce5-5040c542d378",
	"a9c13b95-da4d-4bf1-9569-94dff1b99538",
	'distance',
	1,
	"ba5eda7a-def5-0000-0000-000000000003");
INSERT INTO V_TRN
	VALUES ("67492f1a-74b7-4c4c-8ce5-5040c542d378",
	"00000000-0000-0000-0000-000000000000",
	'');
INSERT INTO V_VAR
	VALUES ("7dbeaa1e-ddb4-44b7-93d2-d2cf3e93661e",
	"a9c13b95-da4d-4bf1-9569-94dff1b99538",
	'session',
	1,
	"ba5eda7a-def5-0000-0000-000000000008");
INSERT INTO V_INT
	VALUES ("7dbeaa1e-ddb4-44b7-93d2-d2cf3e93661e",
	0,
	"2522ffa2-db69-4807-ab45-06acf4cf893a");
INSERT INTO ACT_BLK
	VALUES ("0338e9d1-d49d-4442-9de1-279eed0ba9e5",
	0,
	0,
	0,
	'''has_last''',
	'',
	'',
	21,
	3,
	0,
	0,
	0,
	0,
	21,
	36,
	21,
	39,
	0,
	0,
	0,
	"f833d39b-a439-43c9-94e7-f28204aee81f",
	"00000000-0000-0000-0000-000000000000");
INSERT INTO ACT_SMT
	VALUES ("2262ccf7-18b5-4300-945e-85e4626a1997",
	"0338e9d1-d49d-4442-9de1-279eed0ba9e5",
	"7741d485-4c90-4439-8fce-a9932aeeca71",
	19,
	3,
	'TrackLog::addTrackPoint line: 19');
INSERT INTO ACT_AI
	VALUES ("2262ccf7-18b5-4300-945e-85e4626a1997",
	"c3d6092e-ba81-4753-a932-953c156f1c82",
	"f91203bf-853e-4c4d-8e9f-6546c3aded08",
	0,
	0);
INSERT INTO ACT_SMT
	VALUES ("7741d485-4c90-4439-8fce-a9932aeeca71",
	"0338e9d1-d49d-4442-9de1-279eed0ba9e5",
	"dbc3461d-54a3-4008-b46a-8a1718ae85a2",
	20,
	3,
	'TrackLog::addTrackPoint line: 20');
INSERT INTO ACT_REL
	VALUES ("7741d485-4c90-4439-8fce-a9932aeeca71",
	"a97b59b0-c0ab-4995-90d6-4e4d417412d7",
	"23590637-c13d-4470-a3c2-643ec71f9bd7",
	'''has_first''',
	"7ea6b294-af80-4908-a92d-d4dd2302915f",
	20,
	36,
	20,
	39);
INSERT INTO ACT_SMT
	VALUES ("dbc3461d-54a3-4008-b46a-8a1718ae85a2",
	"0338e9d1-d49d-4442-9de1-279eed0ba9e5",
	"00000000-0000-0000-0000-000000000000",
	21,
	3,
	'TrackLog::addTrackPoint line: 21');
INSERT INTO ACT_REL
	VALUES ("dbc3461d-54a3-4008-b46a-8a1718ae85a2",
	"a97b59b0-c0ab-4995-90d6-4e4d417412d7",
	"23590637-c13d-4470-a3c2-643ec71f9bd7",
	'''has_last''',
	"aa6b0d93-73c8-47bd-8bb3-254041981d6a",
	21,
	36,
	21,
	39);
INSERT INTO V_VAL
	VALUES ("f91203bf-853e-4c4d-8e9f-6546c3aded08",
	1,
	0,
	19,
	3,
	19,
	0,
	0,
	0,
	0,
	"ba5eda7a-def5-0000-0000-000000000001",
	"0338e9d1-d49d-4442-9de1-279eed0ba9e5");
INSERT INTO V_TVL
	VALUES ("f91203bf-853e-4c4d-8e9f-6546c3aded08",
	"4240775e-0c0f-455f-8587-bc52430335de");
INSERT INTO V_VAL
	VALUES ("c3d6092e-ba81-4753-a932-953c156f1c82",
	0,
	0,
	-1,
	-1,
	-1,
	0,
	0,
	0,
	0,
	"ba5eda7a-def5-0000-0000-000000000001",
	"0338e9d1-d49d-4442-9de1-279eed0ba9e5");
INSERT INTO V_LBO
	VALUES ("c3d6092e-ba81-4753-a932-953c156f1c82",
	'TRUE');
INSERT INTO ACT_BLK
	VALUES ("1d3aa575-efa4-465c-ad1d-d90ff8a04439",
	0,
	0,
	0,
	'''follows''',
	'',
	'',
	28,
	3,
	0,
	0,
	0,
	0,
	28,
	41,
	28,
	44,
	0,
	0,
	0,
	"f833d39b-a439-43c9-94e7-f28204aee81f",
	"00000000-0000-0000-0000-000000000000");
INSERT INTO ACT_SMT
	VALUES ("bb96e82c-8f79-43c4-9694-a66cf639c365",
	"1d3aa575-efa4-465c-ad1d-d90ff8a04439",
	"3372a0f2-f1b6-446b-bf78-f92d40893257",
	24,
	3,
	'TrackLog::addTrackPoint line: 24');
INSERT INTO ACT_AI
	VALUES ("bb96e82c-8f79-43c4-9694-a66cf639c365",
	"285d3fa6-f5dd-456c-8c7e-5fb5fe19d32d",
	"202ae4a0-a588-4489-ade1-25265bae03a4",
	0,
	0);
INSERT INTO ACT_SMT
	VALUES ("3372a0f2-f1b6-446b-bf78-f92d40893257",
	"1d3aa575-efa4-465c-ad1d-d90ff8a04439",
	"47a3998f-cc46-4f7d-b9bd-3752db577155",
	25,
	3,
	'TrackLog::addTrackPoint line: 25');
INSERT INTO ACT_AI
	VALUES ("3372a0f2-f1b6-446b-bf78-f92d40893257",
	"a510abbd-0e8a-49a8-8514-de4367a7a788",
	"c1e63da0-3793-43ce-80d5-e138a94a09e2",
	0,
	0);
INSERT INTO ACT_SMT
	VALUES ("47a3998f-cc46-4f7d-b9bd-3752db577155",
	"1d3aa575-efa4-465c-ad1d-d90ff8a04439",
	"cdd44a81-205a-4ea6-8aa5-f9c06c303343",
	26,
	3,
	'TrackLog::addTrackPoint line: 26');
INSERT INTO ACT_UNR
	VALUES ("47a3998f-cc46-4f7d-b9bd-3752db577155",
	"a97b59b0-c0ab-4995-90d6-4e4d417412d7",
	"fce4780d-05db-42e4-acc9-767abd74cbea",
	'''has_last''',
	"aa6b0d93-73c8-47bd-8bb3-254041981d6a",
	26,
	39,
	26,
	42);
INSERT INTO ACT_SMT
	VALUES ("cdd44a81-205a-4ea6-8aa5-f9c06c303343",
	"1d3aa575-efa4-465c-ad1d-d90ff8a04439",
	"317e8d21-83d8-4871-9edb-f7f4f43d7452",
	27,
	3,
	'TrackLog::addTrackPoint line: 27');
INSERT INTO ACT_REL
	VALUES ("cdd44a81-205a-4ea6-8aa5-f9c06c303343",
	"a97b59b0-c0ab-4995-90d6-4e4d417412d7",
	"23590637-c13d-4470-a3c2-643ec71f9bd7",
	'''has_last''',
	"aa6b0d93-73c8-47bd-8bb3-254041981d6a",
	27,
	36,
	27,
	39);
INSERT INTO ACT_SMT
	VALUES ("317e8d21-83d8-4871-9edb-f7f4f43d7452",
	"1d3aa575-efa4-465c-ad1d-d90ff8a04439",
	"00000000-0000-0000-0000-000000000000",
	28,
	3,
	'TrackLog::addTrackPoint line: 28');
INSERT INTO ACT_REL
	VALUES ("317e8d21-83d8-4871-9edb-f7f4f43d7452",
	"fce4780d-05db-42e4-acc9-767abd74cbea",
	"23590637-c13d-4470-a3c2-643ec71f9bd7",
	'''follows''',
	"b5d1ed4c-39ee-437a-9c92-ec8cb996b239",
	28,
	41,
	28,
	44);
INSERT INTO V_VAL
	VALUES ("202ae4a0-a588-4489-ade1-25265bae03a4",
	1,
	0,
	24,
	3,
	14,
	0,
	0,
	0,
	0,
	"ba5eda7a-def5-0000-0000-000000000003",
	"1d3aa575-efa4-465c-ad1d-d90ff8a04439");
INSERT INTO V_TVL
	VALUES ("202ae4a0-a588-4489-ade1-25265bae03a4",
	"d5cea19b-0c62-4c16-9112-eba66d656d81");
INSERT INTO V_VAL
	VALUES ("680f61f4-d560-4536-a44c-ee3247b3d902",
	0,
	0,
	24,
	18,
	26,
	0,
	0,
	0,
	0,
	"ba5eda7a-def5-0000-0000-000000000008",
	"1d3aa575-efa4-465c-ad1d-d90ff8a04439");
INSERT INTO V_IRF
	VALUES ("680f61f4-d560-4536-a44c-ee3247b3d902",
	"fce4780d-05db-42e4-acc9-767abd74cbea");
INSERT INTO V_VAL
	VALUES ("285d3fa6-f5dd-456c-8c7e-5fb5fe19d32d",
	0,
	0,
	24,
	28,
	35,
	0,
	0,
	0,
	0,
	"ba5eda7a-def5-0000-0000-000000000003",
	"1d3aa575-efa4-465c-ad1d-d90ff8a04439");
INSERT INTO V_AVL
	VALUES ("285d3fa6-f5dd-456c-8c7e-5fb5fe19d32d",
	"680f61f4-d560-4536-a44c-ee3247b3d902",
	"66920350-b77d-4876-9b05-0c545b5437ae",
	"0e9b613a-bc28-4a41-96e5-f6838133fe3e");
INSERT INTO V_VAL
	VALUES ("c1e63da0-3793-43ce-80d5-e138a94a09e2",
	1,
	0,
	25,
	3,
	15,
	0,
	0,
	0,
	0,
	"ba5eda7a-def5-0000-0000-000000000003",
	"1d3aa575-efa4-465c-ad1d-d90ff8a04439");
INSERT INTO V_TVL
	VALUES ("c1e63da0-3793-43ce-80d5-e138a94a09e2",
	"f92f8981-19a0-45be-9476-af6d3a2b8d03");
INSERT INTO V_VAL
	VALUES ("fdef9f23-4e08-466c-831d-7bcfaf67361f",
	0,
	0,
	25,
	19,
	27,
	0,
	0,
	0,
	0,
	"ba5eda7a-def5-0000-0000-000000000008",
	"1d3aa575-efa4-465c-ad1d-d90ff8a04439");
INSERT INTO V_IRF
	VALUES ("fdef9f23-4e08-466c-831d-7bcfaf67361f",
	"fce4780d-05db-42e4-acc9-767abd74cbea");
INSERT INTO V_VAL
	VALUES ("a510abbd-0e8a-49a8-8514-de4367a7a788",
	0,
	0,
	25,
	29,
	37,
	0,
	0,
	0,
	0,
	"ba5eda7a-def5-0000-0000-000000000003",
	"1d3aa575-efa4-465c-ad1d-d90ff8a04439");
INSERT INTO V_AVL
	VALUES ("a510abbd-0e8a-49a8-8514-de4367a7a788",
	"fdef9f23-4e08-466c-831d-7bcfaf67361f",
	"66920350-b77d-4876-9b05-0c545b5437ae",
	"e20254f9-1d38-4562-bba0-f7f597acd02d");
INSERT INTO ACT_BLK
	VALUES ("d4ec3ff5-355a-4a29-8150-f4bcae44df9b",
	0,
	0,
	0,
	'',
	'',
	'',
	34,
	3,
	0,
	0,
	0,
	0,
	0,
	0,
	0,
	0,
	0,
	0,
	0,
	"f833d39b-a439-43c9-94e7-f28204aee81f",
	"00000000-0000-0000-0000-000000000000");
INSERT INTO ACT_SMT
	VALUES ("5cf1d63d-f32d-48c1-884b-073061229adb",
	"d4ec3ff5-355a-4a29-8150-f4bcae44df9b",
	"00000000-0000-0000-0000-000000000000",
	34,
	3,
	'TrackLog::addTrackPoint line: 34');
INSERT INTO ACT_AI
	VALUES ("5cf1d63d-f32d-48c1-884b-073061229adb",
	"1639137a-64d6-4909-a2b5-f9c7b0a42926",
	"34d7afe0-c494-4051-bbf5-9dfe5d538c11",
	0,
	0);
INSERT INTO V_VAL
	VALUES ("34d7afe0-c494-4051-bbf5-9dfe5d538c11",
	1,
	0,
	34,
	3,
	10,
	0,
	0,
	0,
	0,
	"ba5eda7a-def5-0000-0000-000000000003",
	"d4ec3ff5-355a-4a29-8150-f4bcae44df9b");
INSERT INTO V_TVL
	VALUES ("34d7afe0-c494-4051-bbf5-9dfe5d538c11",
	"67492f1a-74b7-4c4c-8ce5-5040c542d378");
INSERT INTO V_VAL
	VALUES ("1639137a-64d6-4909-a2b5-f9c7b0a42926",
	0,
	0,
	34,
	16,
	-1,
	34,
	29,
	34,
	105,
	"ba5eda7a-def5-0000-0000-000000000003",
	"d4ec3ff5-355a-4a29-8150-f4bcae44df9b");
INSERT INTO V_FNV
	VALUES ("1639137a-64d6-4909-a2b5-f9c7b0a42926",
	"287f9996-7d4b-437b-bd81-576c3461361f",
	1);
INSERT INTO V_VAL
	VALUES ("c7072500-6d45-4a0e-9e70-b2f921c02d23",
	0,
	0,
	34,
	38,
	49,
	0,
	0,
	0,
	0,
	"ba5eda7a-def5-0000-0000-000000000003",
	"d4ec3ff5-355a-4a29-8150-f4bcae44df9b");
INSERT INTO V_TVL
	VALUES ("c7072500-6d45-4a0e-9e70-b2f921c02d23",
	"d5cea19b-0c62-4c16-9112-eba66d656d81");
INSERT INTO V_PAR
	VALUES ("c7072500-6d45-4a0e-9e70-b2f921c02d23",
	"00000000-0000-0000-0000-000000000000",
	"1639137a-64d6-4909-a2b5-f9c7b0a42926",
	'fromLat',
	"01423531-3ac7-4ae5-9ace-52f684e72e54",
	34,
	29);
INSERT INTO V_VAL
	VALUES ("01423531-3ac7-4ae5-9ace-52f684e72e54",
	0,
	0,
	34,
	62,
	74,
	0,
	0,
	0,
	0,
	"ba5eda7a-def5-0000-0000-000000000003",
	"d4ec3ff5-355a-4a29-8150-f4bcae44df9b");
INSERT INTO V_TVL
	VALUES ("01423531-3ac7-4ae5-9ace-52f684e72e54",
	"f92f8981-19a0-45be-9476-af6d3a2b8d03");
INSERT INTO V_PAR
	VALUES ("01423531-3ac7-4ae5-9ace-52f684e72e54",
	"00000000-0000-0000-0000-000000000000",
	"1639137a-64d6-4909-a2b5-f9c7b0a42926",
	'fromLong',
	"f0d5bf90-ce9d-4de9-bc1b-7d9ca22cc7ad",
	34,
	52);
INSERT INTO V_VAL
	VALUES ("41cff503-3814-4e66-900e-d22d26995fe2",
	0,
	0,
	34,
	84,
	93,
	0,
	0,
	0,
	0,
	"ba5eda7a-def5-0000-0000-000000000008",
	"d4ec3ff5-355a-4a29-8150-f4bcae44df9b");
INSERT INTO V_IRF
	VALUES ("41cff503-3814-4e66-900e-d22d26995fe2",
	"23590637-c13d-4470-a3c2-643ec71f9bd7");
INSERT INTO V_VAL
	VALUES ("f0d5bf90-ce9d-4de9-bc1b-7d9ca22cc7ad",
	0,
	0,
	34,
	95,
	102,
	0,
	0,
	0,
	0,
	"ba5eda7a-def5-0000-0000-000000000003",
	"d4ec3ff5-355a-4a29-8150-f4bcae44df9b");
INSERT INTO V_AVL
	VALUES ("f0d5bf90-ce9d-4de9-bc1b-7d9ca22cc7ad",
	"41cff503-3814-4e66-900e-d22d26995fe2",
	"66920350-b77d-4876-9b05-0c545b5437ae",
	"0e9b613a-bc28-4a41-96e5-f6838133fe3e");
INSERT INTO V_PAR
	VALUES ("f0d5bf90-ce9d-4de9-bc1b-7d9ca22cc7ad",
	"00000000-0000-0000-0000-000000000000",
	"1639137a-64d6-4909-a2b5-f9c7b0a42926",
	'toLat',
	"72de793b-abf5-4d5f-aebf-1c9c7a3d1a57",
	34,
	77);
INSERT INTO V_VAL
	VALUES ("12370598-5d58-43e7-896a-e365c940a1a6",
	0,
	0,
	34,
	113,
	122,
	0,
	0,
	0,
	0,
	"ba5eda7a-def5-0000-0000-000000000008",
	"d4ec3ff5-355a-4a29-8150-f4bcae44df9b");
INSERT INTO V_IRF
	VALUES ("12370598-5d58-43e7-896a-e365c940a1a6",
	"23590637-c13d-4470-a3c2-643ec71f9bd7");
INSERT INTO V_VAL
	VALUES ("72de793b-abf5-4d5f-aebf-1c9c7a3d1a57",
	0,
	0,
	34,
	124,
	132,
	0,
	0,
	0,
	0,
	"ba5eda7a-def5-0000-0000-000000000003",
	"d4ec3ff5-355a-4a29-8150-f4bcae44df9b");
INSERT INTO V_AVL
	VALUES ("72de793b-abf5-4d5f-aebf-1c9c7a3d1a57",
	"12370598-5d58-43e7-896a-e365c940a1a6",
	"66920350-b77d-4876-9b05-0c545b5437ae",
	"e20254f9-1d38-4562-bba0-f7f597acd02d");
INSERT INTO V_PAR
	VALUES ("72de793b-abf5-4d5f-aebf-1c9c7a3d1a57",
	"00000000-0000-0000-0000-000000000000",
	"1639137a-64d6-4909-a2b5-f9c7b0a42926",
	'toLong',
	"00000000-0000-0000-0000-000000000000",
	34,
	105);
INSERT INTO O_TFR
	VALUES ("7dbac40f-6e89-4ad2-a576-0f1fcfbe2dc5",
	"d2828038-110a-4559-8452-91651af0adcb",
	'clearTrackPoints',
	'',
	"ba5eda7a-def5-0000-0000-000000000000",
	1,
	'select one nextPoint related by self->TrackPoint[R1];
select one lastPoint related by self->TrackPoint[R3];

if (not empty lastPoint)
  unrelate self from lastPoint across R3;
end if;

if (not empty nextPoint)
  unrelate self from nextPoint across R1;
end if;

while (not empty nextPoint)
  prevPoint = nextPoint;
  select one nextPoint related by nextPoint->TrackPoint[R2.''follows''];
  if ( not_empty nextPoint )
    unrelate prevPoint from nextPoint across R2.''follows'';
  end if;
  delete object instance prevPoint;
end while;
',
	1,
	'',
	"0f45bbc6-da36-4b5b-a2dd-f739a6f0cbdd",
	0);
INSERT INTO ACT_OPB
	VALUES ("bd2f6988-3b1e-4c07-82bd-f687c44c65eb",
	"7dbac40f-6e89-4ad2-a576-0f1fcfbe2dc5");
INSERT INTO ACT_ACT
	VALUES ("bd2f6988-3b1e-4c07-82bd-f687c44c65eb",
	'operation',
	0,
	"31ead435-03bd-4689-935e-a311f4614bbd",
	"00000000-0000-0000-0000-000000000000",
	0,
	'TrackLog::clearTrackPoints',
	"00000000-0000-0000-0000-000000000000");
INSERT INTO ACT_BLK
	VALUES ("31ead435-03bd-4689-935e-a311f4614bbd",
	1,
	0,
	0,
	'',
	'',
	'',
	12,
	1,
	2,
	39,
	0,
	0,
	2,
	50,
	0,
	0,
	0,
	0,
	0,
	"bd2f6988-3b1e-4c07-82bd-f687c44c65eb",
	"00000000-0000-0000-0000-000000000000");
INSERT INTO ACT_SMT
	VALUES ("c019fbed-2606-4b9a-adde-47eeb859ead3",
	"31ead435-03bd-4689-935e-a311f4614bbd",
	"d96d9fcb-2cfa-4385-90df-1bf55ef6e28f",
	1,
	1,
	'TrackLog::clearTrackPoints line: 1');
INSERT INTO ACT_SEL
	VALUES ("c019fbed-2606-4b9a-adde-47eeb859ead3",
	"9becde2c-518d-40d0-a709-90a907cca241",
	1,
	'one',
	"18a940cf-5fcf-4b89-87ec-6847cf64b3ee");
INSERT INTO ACT_SR
	VALUES ("c019fbed-2606-4b9a-adde-47eeb859ead3");
INSERT INTO ACT_LNK
	VALUES ("f710f11a-144c-462a-b020-f9393f6c4ae0",
	'',
	"c019fbed-2606-4b9a-adde-47eeb859ead3",
	"7ea6b294-af80-4908-a92d-d4dd2302915f",
	"00000000-0000-0000-0000-000000000000",
	2,
	"66920350-b77d-4876-9b05-0c545b5437ae",
	1,
	39,
	1,
	50,
	0,
	0);
INSERT INTO ACT_SMT
	VALUES ("d96d9fcb-2cfa-4385-90df-1bf55ef6e28f",
	"31ead435-03bd-4689-935e-a311f4614bbd",
	"092a6838-b16c-47cc-9e67-0e682da11601",
	2,
	1,
	'TrackLog::clearTrackPoints line: 2');
INSERT INTO ACT_SEL
	VALUES ("d96d9fcb-2cfa-4385-90df-1bf55ef6e28f",
	"3e404cbd-4312-401f-bca7-b3006aa720b4",
	1,
	'one',
	"298b2490-c2d9-4f10-8b9d-7fe803d15fe6");
INSERT INTO ACT_SR
	VALUES ("d96d9fcb-2cfa-4385-90df-1bf55ef6e28f");
INSERT INTO ACT_LNK
	VALUES ("ff74c9f6-aad7-486f-a4fc-33431f949a1f",
	'',
	"d96d9fcb-2cfa-4385-90df-1bf55ef6e28f",
	"aa6b0d93-73c8-47bd-8bb3-254041981d6a",
	"00000000-0000-0000-0000-000000000000",
	2,
	"66920350-b77d-4876-9b05-0c545b5437ae",
	2,
	39,
	2,
	50,
	0,
	0);
INSERT INTO ACT_SMT
	VALUES ("092a6838-b16c-47cc-9e67-0e682da11601",
	"31ead435-03bd-4689-935e-a311f4614bbd",
	"f80ae202-b558-4492-97f9-28e63eea3902",
	4,
	1,
	'TrackLog::clearTrackPoints line: 4');
INSERT INTO ACT_IF
	VALUES ("092a6838-b16c-47cc-9e67-0e682da11601",
	"d51213e2-8131-4ecc-9421-ef8b7d2aedef",
	"e2e9f82d-543a-422a-94b1-bce67ef23226",
	"00000000-0000-0000-0000-000000000000",
	"00000000-0000-0000-0000-000000000000");
INSERT INTO ACT_SMT
	VALUES ("f80ae202-b558-4492-97f9-28e63eea3902",
	"31ead435-03bd-4689-935e-a311f4614bbd",
	"cbe4ad8a-9a94-4b76-a3a2-062507f9a6c1",
	8,
	1,
	'TrackLog::clearTrackPoints line: 8');
INSERT INTO ACT_IF
	VALUES ("f80ae202-b558-4492-97f9-28e63eea3902",
	"d489b404-9044-47ce-b354-80d3526e12b5",
	"08b453fb-98cd-432d-9f65-7430780635bb",
	"00000000-0000-0000-0000-000000000000",
	"00000000-0000-0000-0000-000000000000");
INSERT INTO ACT_SMT
	VALUES ("cbe4ad8a-9a94-4b76-a3a2-062507f9a6c1",
	"31ead435-03bd-4689-935e-a311f4614bbd",
	"00000000-0000-0000-0000-000000000000",
	12,
	1,
	'TrackLog::clearTrackPoints line: 12');
INSERT INTO ACT_WHL
	VALUES ("cbe4ad8a-9a94-4b76-a3a2-062507f9a6c1",
	"3a98d86f-ea01-4bbb-8893-71d24dcb5e45",
	"d4a22661-9b90-44c9-b390-8ccce26b4507");
INSERT INTO V_VAL
	VALUES ("18a940cf-5fcf-4b89-87ec-6847cf64b3ee",
	0,
	0,
	1,
	33,
	36,
	0,
	0,
	0,
	0,
	"ba5eda7a-def5-0000-0000-000000000008",
	"31ead435-03bd-4689-935e-a311f4614bbd");
INSERT INTO V_IRF
	VALUES ("18a940cf-5fcf-4b89-87ec-6847cf64b3ee",
	"e9f26641-1942-4126-9b79-3fbafcaa85b0");
INSERT INTO V_VAL
	VALUES ("298b2490-c2d9-4f10-8b9d-7fe803d15fe6",
	0,
	0,
	2,
	33,
	36,
	0,
	0,
	0,
	0,
	"ba5eda7a-def5-0000-0000-000000000008",
	"31ead435-03bd-4689-935e-a311f4614bbd");
INSERT INTO V_IRF
	VALUES ("298b2490-c2d9-4f10-8b9d-7fe803d15fe6",
	"e9f26641-1942-4126-9b79-3fbafcaa85b0");
INSERT INTO V_VAL
	VALUES ("63d4471f-af77-4cf5-bc4b-addacedf7b3c",
	0,
	0,
	4,
	15,
	23,
	0,
	0,
	0,
	0,
	"ba5eda7a-def5-0000-0000-000000000008",
	"31ead435-03bd-4689-935e-a311f4614bbd");
INSERT INTO V_IRF
	VALUES ("63d4471f-af77-4cf5-bc4b-addacedf7b3c",
	"3e404cbd-4312-401f-bca7-b3006aa720b4");
INSERT INTO V_VAL
	VALUES ("6291f0ce-4fc3-49c4-80ac-347621a1240e",
	0,
	0,
	-1,
	-1,
	-1,
	0,
	0,
	0,
	0,
	"ba5eda7a-def5-0000-0000-000000000001",
	"31ead435-03bd-4689-935e-a311f4614bbd");
INSERT INTO V_UNY
	VALUES ("6291f0ce-4fc3-49c4-80ac-347621a1240e",
	"63d4471f-af77-4cf5-bc4b-addacedf7b3c",
	'empty');
INSERT INTO V_VAL
	VALUES ("e2e9f82d-543a-422a-94b1-bce67ef23226",
	0,
	0,
	-1,
	-1,
	-1,
	0,
	0,
	0,
	0,
	"ba5eda7a-def5-0000-0000-000000000001",
	"31ead435-03bd-4689-935e-a311f4614bbd");
INSERT INTO V_UNY
	VALUES ("e2e9f82d-543a-422a-94b1-bce67ef23226",
	"6291f0ce-4fc3-49c4-80ac-347621a1240e",
	'not');
INSERT INTO V_VAL
	VALUES ("f367bf6e-5726-4517-bd1d-202942523c1e",
	0,
	0,
	8,
	15,
	23,
	0,
	0,
	0,
	0,
	"ba5eda7a-def5-0000-0000-000000000008",
	"31ead435-03bd-4689-935e-a311f4614bbd");
INSERT INTO V_IRF
	VALUES ("f367bf6e-5726-4517-bd1d-202942523c1e",
	"9becde2c-518d-40d0-a709-90a907cca241");
INSERT INTO V_VAL
	VALUES ("6aff3469-622a-4af4-88c0-74bcc1423774",
	0,
	0,
	-1,
	-1,
	-1,
	0,
	0,
	0,
	0,
	"ba5eda7a-def5-0000-0000-000000000001",
	"31ead435-03bd-4689-935e-a311f4614bbd");
INSERT INTO V_UNY
	VALUES ("6aff3469-622a-4af4-88c0-74bcc1423774",
	"f367bf6e-5726-4517-bd1d-202942523c1e",
	'empty');
INSERT INTO V_VAL
	VALUES ("08b453fb-98cd-432d-9f65-7430780635bb",
	0,
	0,
	-1,
	-1,
	-1,
	0,
	0,
	0,
	0,
	"ba5eda7a-def5-0000-0000-000000000001",
	"31ead435-03bd-4689-935e-a311f4614bbd");
INSERT INTO V_UNY
	VALUES ("08b453fb-98cd-432d-9f65-7430780635bb",
	"6aff3469-622a-4af4-88c0-74bcc1423774",
	'not');
INSERT INTO V_VAL
	VALUES ("0b7dcbed-4488-4df9-a8a3-3da0612d0cc7",
	0,
	0,
	12,
	18,
	26,
	0,
	0,
	0,
	0,
	"ba5eda7a-def5-0000-0000-000000000008",
	"31ead435-03bd-4689-935e-a311f4614bbd");
INSERT INTO V_IRF
	VALUES ("0b7dcbed-4488-4df9-a8a3-3da0612d0cc7",
	"9becde2c-518d-40d0-a709-90a907cca241");
INSERT INTO V_VAL
	VALUES ("c1da9bce-ad0e-47d3-9b14-ff28b180bd95",
	0,
	0,
	-1,
	-1,
	-1,
	0,
	0,
	0,
	0,
	"ba5eda7a-def5-0000-0000-000000000001",
	"31ead435-03bd-4689-935e-a311f4614bbd");
INSERT INTO V_UNY
	VALUES ("c1da9bce-ad0e-47d3-9b14-ff28b180bd95",
	"0b7dcbed-4488-4df9-a8a3-3da0612d0cc7",
	'empty');
INSERT INTO V_VAL
	VALUES ("3a98d86f-ea01-4bbb-8893-71d24dcb5e45",
	0,
	0,
	-1,
	-1,
	-1,
	0,
	0,
	0,
	0,
	"ba5eda7a-def5-0000-0000-000000000001",
	"31ead435-03bd-4689-935e-a311f4614bbd");
INSERT INTO V_UNY
	VALUES ("3a98d86f-ea01-4bbb-8893-71d24dcb5e45",
	"c1da9bce-ad0e-47d3-9b14-ff28b180bd95",
	'not');
INSERT INTO V_VAR
	VALUES ("9becde2c-518d-40d0-a709-90a907cca241",
	"31ead435-03bd-4689-935e-a311f4614bbd",
	'nextPoint',
	1,
	"ba5eda7a-def5-0000-0000-000000000008");
INSERT INTO V_INT
	VALUES ("9becde2c-518d-40d0-a709-90a907cca241",
	0,
	"66920350-b77d-4876-9b05-0c545b5437ae");
INSERT INTO V_VAR
	VALUES ("e9f26641-1942-4126-9b79-3fbafcaa85b0",
	"31ead435-03bd-4689-935e-a311f4614bbd",
	'self',
	1,
	"ba5eda7a-def5-0000-0000-000000000008");
INSERT INTO V_INT
	VALUES ("e9f26641-1942-4126-9b79-3fbafcaa85b0",
	0,
	"d2828038-110a-4559-8452-91651af0adcb");
INSERT INTO V_VAR
	VALUES ("3e404cbd-4312-401f-bca7-b3006aa720b4",
	"31ead435-03bd-4689-935e-a311f4614bbd",
	'lastPoint',
	1,
	"ba5eda7a-def5-0000-0000-000000000008");
INSERT INTO V_INT
	VALUES ("3e404cbd-4312-401f-bca7-b3006aa720b4",
	0,
	"66920350-b77d-4876-9b05-0c545b5437ae");
INSERT INTO ACT_BLK
	VALUES ("d51213e2-8131-4ecc-9421-ef8b7d2aedef",
	0,
	0,
	0,
	'',
	'',
	'',
	5,
	3,
	0,
	0,
	0,
	0,
	5,
	39,
	0,
	0,
	0,
	0,
	0,
	"bd2f6988-3b1e-4c07-82bd-f687c44c65eb",
	"00000000-0000-0000-0000-000000000000");
INSERT INTO ACT_SMT
	VALUES ("552c88ad-b99b-4ec7-afa4-0f01e4556833",
	"d51213e2-8131-4ecc-9421-ef8b7d2aedef",
	"00000000-0000-0000-0000-000000000000",
	5,
	3,
	'TrackLog::clearTrackPoints line: 5');
INSERT INTO ACT_UNR
	VALUES ("552c88ad-b99b-4ec7-afa4-0f01e4556833",
	"e9f26641-1942-4126-9b79-3fbafcaa85b0",
	"3e404cbd-4312-401f-bca7-b3006aa720b4",
	'',
	"aa6b0d93-73c8-47bd-8bb3-254041981d6a",
	5,
	39,
	0,
	0);
INSERT INTO ACT_BLK
	VALUES ("d489b404-9044-47ce-b354-80d3526e12b5",
	0,
	0,
	0,
	'',
	'',
	'',
	9,
	3,
	0,
	0,
	0,
	0,
	9,
	39,
	0,
	0,
	0,
	0,
	0,
	"bd2f6988-3b1e-4c07-82bd-f687c44c65eb",
	"00000000-0000-0000-0000-000000000000");
INSERT INTO ACT_SMT
	VALUES ("7c98cf81-e6d1-48f0-a1af-dea6dbec0f38",
	"d489b404-9044-47ce-b354-80d3526e12b5",
	"00000000-0000-0000-0000-000000000000",
	9,
	3,
	'TrackLog::clearTrackPoints line: 9');
INSERT INTO ACT_UNR
	VALUES ("7c98cf81-e6d1-48f0-a1af-dea6dbec0f38",
	"e9f26641-1942-4126-9b79-3fbafcaa85b0",
	"9becde2c-518d-40d0-a709-90a907cca241",
	'',
	"7ea6b294-af80-4908-a92d-d4dd2302915f",
	9,
	39,
	0,
	0);
INSERT INTO ACT_BLK
	VALUES ("d4a22661-9b90-44c9-b390-8ccce26b4507",
	1,
	0,
	0,
	'',
	'',
	'',
	18,
	3,
	14,
	46,
	0,
	0,
	14,
	57,
	14,
	60,
	0,
	0,
	0,
	"bd2f6988-3b1e-4c07-82bd-f687c44c65eb",
	"00000000-0000-0000-0000-000000000000");
INSERT INTO ACT_SMT
	VALUES ("1ee734c6-c767-4328-9b02-de811b85924b",
	"d4a22661-9b90-44c9-b390-8ccce26b4507",
	"f5caf4dc-7389-4cb6-bcc5-d2d3b64cf1eb",
	13,
	3,
	'TrackLog::clearTrackPoints line: 13');
INSERT INTO ACT_AI
	VALUES ("1ee734c6-c767-4328-9b02-de811b85924b",
	"a23441af-8480-428d-b7c2-89e1dd44595a",
	"10d8f062-43b1-4f3b-84df-21eb8d9c3288",
	0,
	0);
INSERT INTO ACT_SMT
	VALUES ("f5caf4dc-7389-4cb6-bcc5-d2d3b64cf1eb",
	"d4a22661-9b90-44c9-b390-8ccce26b4507",
	"fb7f3426-5b8b-4b35-8edf-227cdf67376e",
	14,
	3,
	'TrackLog::clearTrackPoints line: 14');
INSERT INTO ACT_SEL
	VALUES ("f5caf4dc-7389-4cb6-bcc5-d2d3b64cf1eb",
	"9becde2c-518d-40d0-a709-90a907cca241",
	0,
	'one',
	"09a2121c-2b0d-4fb5-bd56-626762b6a1aa");
INSERT INTO ACT_SR
	VALUES ("f5caf4dc-7389-4cb6-bcc5-d2d3b64cf1eb");
INSERT INTO ACT_LNK
	VALUES ("3a429c30-acca-4ea9-80fc-60c50d638c93",
	'''follows''',
	"f5caf4dc-7389-4cb6-bcc5-d2d3b64cf1eb",
	"b5d1ed4c-39ee-437a-9c92-ec8cb996b239",
	"00000000-0000-0000-0000-000000000000",
	2,
	"66920350-b77d-4876-9b05-0c545b5437ae",
	14,
	46,
	14,
	57,
	14,
	60);
INSERT INTO ACT_SMT
	VALUES ("fb7f3426-5b8b-4b35-8edf-227cdf67376e",
	"d4a22661-9b90-44c9-b390-8ccce26b4507",
	"506569c7-d5aa-4e5a-becb-2f3f068d9021",
	15,
	3,
	'TrackLog::clearTrackPoints line: 15');
INSERT INTO ACT_IF
	VALUES ("fb7f3426-5b8b-4b35-8edf-227cdf67376e",
	"a1f9ef10-3219-4020-a797-583e7ec3f238",
	"18ea31a4-d4b3-4e62-b359-8394cf65c8b8",
	"00000000-0000-0000-0000-000000000000",
	"00000000-0000-0000-0000-000000000000");
INSERT INTO ACT_SMT
	VALUES ("506569c7-d5aa-4e5a-becb-2f3f068d9021",
	"d4a22661-9b90-44c9-b390-8ccce26b4507",
	"00000000-0000-0000-0000-000000000000",
	18,
	3,
	'TrackLog::clearTrackPoints line: 18');
INSERT INTO ACT_DEL
	VALUES ("506569c7-d5aa-4e5a-becb-2f3f068d9021",
	"cf8b818c-3964-42e6-aaf9-b026a3f3a8bc");
INSERT INTO V_VAL
	VALUES ("10d8f062-43b1-4f3b-84df-21eb8d9c3288",
	1,
	1,
	13,
	3,
	11,
	0,
	0,
	0,
	0,
	"ba5eda7a-def5-0000-0000-000000000008",
	"d4a22661-9b90-44c9-b390-8ccce26b4507");
INSERT INTO V_IRF
	VALUES ("10d8f062-43b1-4f3b-84df-21eb8d9c3288",
	"cf8b818c-3964-42e6-aaf9-b026a3f3a8bc");
INSERT INTO V_VAL
	VALUES ("a23441af-8480-428d-b7c2-89e1dd44595a",
	0,
	0,
	13,
	15,
	23,
	0,
	0,
	0,
	0,
	"ba5eda7a-def5-0000-0000-000000000008",
	"d4a22661-9b90-44c9-b390-8ccce26b4507");
INSERT INTO V_IRF
	VALUES ("a23441af-8480-428d-b7c2-89e1dd44595a",
	"9becde2c-518d-40d0-a709-90a907cca241");
INSERT INTO V_VAL
	VALUES ("09a2121c-2b0d-4fb5-bd56-626762b6a1aa",
	0,
	0,
	14,
	35,
	43,
	0,
	0,
	0,
	0,
	"ba5eda7a-def5-0000-0000-000000000008",
	"d4a22661-9b90-44c9-b390-8ccce26b4507");
INSERT INTO V_IRF
	VALUES ("09a2121c-2b0d-4fb5-bd56-626762b6a1aa",
	"9becde2c-518d-40d0-a709-90a907cca241");
INSERT INTO V_VAL
	VALUES ("c2da36bd-7d8b-4312-a31b-a1b1beaa6870",
	0,
	0,
	15,
	18,
	26,
	0,
	0,
	0,
	0,
	"ba5eda7a-def5-0000-0000-000000000008",
	"d4a22661-9b90-44c9-b390-8ccce26b4507");
INSERT INTO V_IRF
	VALUES ("c2da36bd-7d8b-4312-a31b-a1b1beaa6870",
	"9becde2c-518d-40d0-a709-90a907cca241");
INSERT INTO V_VAL
	VALUES ("18ea31a4-d4b3-4e62-b359-8394cf65c8b8",
	0,
	0,
	-1,
	-1,
	-1,
	0,
	0,
	0,
	0,
	"ba5eda7a-def5-0000-0000-000000000001",
	"d4a22661-9b90-44c9-b390-8ccce26b4507");
INSERT INTO V_UNY
	VALUES ("18ea31a4-d4b3-4e62-b359-8394cf65c8b8",
	"c2da36bd-7d8b-4312-a31b-a1b1beaa6870",
	'not_empty');
INSERT INTO V_VAR
	VALUES ("cf8b818c-3964-42e6-aaf9-b026a3f3a8bc",
	"d4a22661-9b90-44c9-b390-8ccce26b4507",
	'prevPoint',
	1,
	"ba5eda7a-def5-0000-0000-000000000008");
INSERT INTO V_INT
	VALUES ("cf8b818c-3964-42e6-aaf9-b026a3f3a8bc",
	0,
	"66920350-b77d-4876-9b05-0c545b5437ae");
INSERT INTO ACT_BLK
	VALUES ("a1f9ef10-3219-4020-a797-583e7ec3f238",
	0,
	0,
	0,
	'''follows''',
	'',
	'',
	16,
	5,
	0,
	0,
	0,
	0,
	16,
	46,
	16,
	49,
	0,
	0,
	0,
	"bd2f6988-3b1e-4c07-82bd-f687c44c65eb",
	"00000000-0000-0000-0000-000000000000");
INSERT INTO ACT_SMT
	VALUES ("ab022a0c-7780-497e-87f6-616e6f9843c3",
	"a1f9ef10-3219-4020-a797-583e7ec3f238",
	"00000000-0000-0000-0000-000000000000",
	16,
	5,
	'TrackLog::clearTrackPoints line: 16');
INSERT INTO ACT_UNR
	VALUES ("ab022a0c-7780-497e-87f6-616e6f9843c3",
	"cf8b818c-3964-42e6-aaf9-b026a3f3a8bc",
	"9becde2c-518d-40d0-a709-90a907cca241",
	'''follows''',
	"b5d1ed4c-39ee-437a-9c92-ec8cb996b239",
	16,
	46,
	16,
	49);
INSERT INTO O_TFR
	VALUES ("83ad7ae5-197c-4e8a-b9f5-b7d1c03db0b7",
	"d2828038-110a-4559-8452-91651af0adcb",
	'addLapMarker',
	'',
	"ba5eda7a-def5-0000-0000-000000000000",
	1,
	'select one timer related by self->WorkoutSession[R4.''represents_path_for'']->WorkoutTimer[R8.''is_timed_by''];
create object instance lapMarker of LapMarker; lapMarker.lapTime = timer.time; 
relate self to lapMarker across R5.''has_laps_defined_by'';

// Notify display of the new value.
self.updateDisplay();',
	1,
	'',
	"7dbac40f-6e89-4ad2-a576-0f1fcfbe2dc5",
	0);
INSERT INTO ACT_OPB
	VALUES ("c96fbf6d-a996-4129-b974-d3fcbccde182",
	"83ad7ae5-197c-4e8a-b9f5-b7d1c03db0b7");
INSERT INTO ACT_ACT
	VALUES ("c96fbf6d-a996-4129-b974-d3fcbccde182",
	'operation',
	0,
	"796c1278-4af1-47ca-a649-d1ce99ff46ed",
	"00000000-0000-0000-0000-000000000000",
	0,
	'TrackLog::addLapMarker',
	"00000000-0000-0000-0000-000000000000");
INSERT INTO ACT_BLK
	VALUES ("796c1278-4af1-47ca-a649-d1ce99ff46ed",
	1,
	0,
	0,
	'''has_laps_defined_by''',
	'',
	'',
	6,
	1,
	2,
	37,
	0,
	0,
	3,
	33,
	3,
	36,
	0,
	0,
	0,
	"c96fbf6d-a996-4129-b974-d3fcbccde182",
	"00000000-0000-0000-0000-000000000000");
INSERT INTO ACT_SMT
	VALUES ("1e9b7f75-9b4f-4391-8a4a-0bc2d51b8d94",
	"796c1278-4af1-47ca-a649-d1ce99ff46ed",
	"541a8ea0-fe57-4230-bae4-1a492b4bfbeb",
	1,
	1,
	'TrackLog::addLapMarker line: 1');
INSERT INTO ACT_SEL
	VALUES ("1e9b7f75-9b4f-4391-8a4a-0bc2d51b8d94",
	"847b40ba-4133-4bdf-9192-b5d6e5483406",
	1,
	'one',
	"04c10013-c99a-4ae5-8d14-a2a57eddafb6");
INSERT INTO ACT_SR
	VALUES ("1e9b7f75-9b4f-4391-8a4a-0bc2d51b8d94");
INSERT INTO ACT_LNK
	VALUES ("7f635870-8fc8-4a66-abe2-389dfdc6e944",
	'''represents_path_for''',
	"1e9b7f75-9b4f-4391-8a4a-0bc2d51b8d94",
	"f84935c8-946a-434d-91c1-1a845ca84868",
	"a3fb2773-e767-4294-9d43-872d0c43f000",
	2,
	"2522ffa2-db69-4807-ab45-06acf4cf893a",
	1,
	35,
	1,
	50,
	1,
	53);
INSERT INTO ACT_LNK
	VALUES ("a3fb2773-e767-4294-9d43-872d0c43f000",
	'''is_timed_by''',
	"00000000-0000-0000-0000-000000000000",
	"b04987ba-d80b-4527-a1fd-894139a710d8",
	"00000000-0000-0000-0000-000000000000",
	2,
	"8d4b82cf-ec16-4fd9-925b-0e51eb64a2f7",
	1,
	77,
	1,
	90,
	1,
	93);
INSERT INTO ACT_SMT
	VALUES ("541a8ea0-fe57-4230-bae4-1a492b4bfbeb",
	"796c1278-4af1-47ca-a649-d1ce99ff46ed",
	"77c4b2db-a507-43d3-a47a-d29644c8eb60",
	2,
	1,
	'TrackLog::addLapMarker line: 2');
INSERT INTO ACT_CR
	VALUES ("541a8ea0-fe57-4230-bae4-1a492b4bfbeb",
	"8fd325f1-44d1-4c01-ba1e-38c3da9faed0",
	1,
	"21bd91e4-0a7e-4836-84f1-253f2298df88",
	2,
	37);
INSERT INTO ACT_SMT
	VALUES ("77c4b2db-a507-43d3-a47a-d29644c8eb60",
	"796c1278-4af1-47ca-a649-d1ce99ff46ed",
	"3937f343-1ac7-4973-9a3e-8cbb1e3332f1",
	2,
	48,
	'TrackLog::addLapMarker line: 2');
INSERT INTO ACT_AI
	VALUES ("77c4b2db-a507-43d3-a47a-d29644c8eb60",
	"c92d5a18-2863-474c-98c2-07a4d8be1257",
	"d74dee64-a259-45f9-b91a-74f2b11695cf",
	0,
	0);
INSERT INTO ACT_SMT
	VALUES ("3937f343-1ac7-4973-9a3e-8cbb1e3332f1",
	"796c1278-4af1-47ca-a649-d1ce99ff46ed",
	"dcbfa955-7f68-4df0-849d-ca6369b688df",
	3,
	1,
	'TrackLog::addLapMarker line: 3');
INSERT INTO ACT_REL
	VALUES ("3937f343-1ac7-4973-9a3e-8cbb1e3332f1",
	"93944f87-6ff1-4def-9211-c9e6dd021ab6",
	"8fd325f1-44d1-4c01-ba1e-38c3da9faed0",
	'''has_laps_defined_by''',
	"d62976b4-4258-4aa6-8a5b-a1bb8dea1e60",
	3,
	33,
	3,
	36);
INSERT INTO ACT_SMT
	VALUES ("dcbfa955-7f68-4df0-849d-ca6369b688df",
	"796c1278-4af1-47ca-a649-d1ce99ff46ed",
	"00000000-0000-0000-0000-000000000000",
	6,
	1,
	'TrackLog::addLapMarker line: 6');
INSERT INTO ACT_TFM
	VALUES ("dcbfa955-7f68-4df0-849d-ca6369b688df",
	"9723d50b-bb3d-4fed-86de-6413406a6a2e",
	"93944f87-6ff1-4def-9211-c9e6dd021ab6",
	6,
	6,
	0,
	0);
INSERT INTO V_VAL
	VALUES ("04c10013-c99a-4ae5-8d14-a2a57eddafb6",
	0,
	0,
	1,
	29,
	32,
	0,
	0,
	0,
	0,
	"ba5eda7a-def5-0000-0000-000000000008",
	"796c1278-4af1-47ca-a649-d1ce99ff46ed");
INSERT INTO V_IRF
	VALUES ("04c10013-c99a-4ae5-8d14-a2a57eddafb6",
	"93944f87-6ff1-4def-9211-c9e6dd021ab6");
INSERT INTO V_VAL
	VALUES ("9ed43952-1474-4ab4-9c98-8f54c2817e92",
	1,
	0,
	2,
	48,
	56,
	0,
	0,
	0,
	0,
	"ba5eda7a-def5-0000-0000-000000000008",
	"796c1278-4af1-47ca-a649-d1ce99ff46ed");
INSERT INTO V_IRF
	VALUES ("9ed43952-1474-4ab4-9c98-8f54c2817e92",
	"8fd325f1-44d1-4c01-ba1e-38c3da9faed0");
INSERT INTO V_VAL
	VALUES ("d74dee64-a259-45f9-b91a-74f2b11695cf",
	1,
	0,
	2,
	58,
	64,
	0,
	0,
	0,
	0,
	"ba5eda7a-def5-0000-0000-000000000002",
	"796c1278-4af1-47ca-a649-d1ce99ff46ed");
INSERT INTO V_AVL
	VALUES ("d74dee64-a259-45f9-b91a-74f2b11695cf",
	"9ed43952-1474-4ab4-9c98-8f54c2817e92",
	"21bd91e4-0a7e-4836-84f1-253f2298df88",
	"a0786293-5443-43ae-a902-37b69cd1d7e3");
INSERT INTO V_VAL
	VALUES ("e2d8a93a-8da3-4bca-b1f5-3e9a47535c4a",
	0,
	0,
	2,
	68,
	72,
	0,
	0,
	0,
	0,
	"ba5eda7a-def5-0000-0000-000000000008",
	"796c1278-4af1-47ca-a649-d1ce99ff46ed");
INSERT INTO V_IRF
	VALUES ("e2d8a93a-8da3-4bca-b1f5-3e9a47535c4a",
	"847b40ba-4133-4bdf-9192-b5d6e5483406");
INSERT INTO V_VAL
	VALUES ("c92d5a18-2863-474c-98c2-07a4d8be1257",
	0,
	0,
	2,
	74,
	77,
	0,
	0,
	0,
	0,
	"ba5eda7a-def5-0000-0000-000000000002",
	"796c1278-4af1-47ca-a649-d1ce99ff46ed");
INSERT INTO V_AVL
	VALUES ("c92d5a18-2863-474c-98c2-07a4d8be1257",
	"e2d8a93a-8da3-4bca-b1f5-3e9a47535c4a",
	"8d4b82cf-ec16-4fd9-925b-0e51eb64a2f7",
	"e4e19783-1a13-4049-a49c-6e687000fdb9");
INSERT INTO V_VAR
	VALUES ("847b40ba-4133-4bdf-9192-b5d6e5483406",
	"796c1278-4af1-47ca-a649-d1ce99ff46ed",
	'timer',
	1,
	"ba5eda7a-def5-0000-0000-000000000008");
INSERT INTO V_INT
	VALUES ("847b40ba-4133-4bdf-9192-b5d6e5483406",
	0,
	"8d4b82cf-ec16-4fd9-925b-0e51eb64a2f7");
INSERT INTO V_VAR
	VALUES ("93944f87-6ff1-4def-9211-c9e6dd021ab6",
	"796c1278-4af1-47ca-a649-d1ce99ff46ed",
	'self',
	1,
	"ba5eda7a-def5-0000-0000-000000000008");
INSERT INTO V_INT
	VALUES ("93944f87-6ff1-4def-9211-c9e6dd021ab6",
	0,
	"d2828038-110a-4559-8452-91651af0adcb");
INSERT INTO V_VAR
	VALUES ("8fd325f1-44d1-4c01-ba1e-38c3da9faed0",
	"796c1278-4af1-47ca-a649-d1ce99ff46ed",
	'lapMarker',
	1,
	"ba5eda7a-def5-0000-0000-000000000008");
INSERT INTO V_INT
	VALUES ("8fd325f1-44d1-4c01-ba1e-38c3da9faed0",
	0,
	"21bd91e4-0a7e-4836-84f1-253f2298df88");
INSERT INTO O_TFR
	VALUES ("9d05da67-cf3d-4220-b15a-0f2e28652584",
	"d2828038-110a-4559-8452-91651af0adcb",
	'clearLapMarkers',
	'',
	"ba5eda7a-def5-0000-0000-000000000000",
	1,
	'select many lapMarkers related by self->LapMarker[R5];
for each lapMarker in lapMarkers
  unrelate self from lapMarker across R5;
  delete object instance lapMarker;
end for;',
	1,
	'',
	"83ad7ae5-197c-4e8a-b9f5-b7d1c03db0b7",
	0);
INSERT INTO ACT_OPB
	VALUES ("affcc4dd-378b-4a27-a30f-b2f71bf2d411",
	"9d05da67-cf3d-4220-b15a-0f2e28652584");
INSERT INTO ACT_ACT
	VALUES ("affcc4dd-378b-4a27-a30f-b2f71bf2d411",
	'operation',
	0,
	"f587ae22-6cc1-4674-8c4a-da22877a8b83",
	"00000000-0000-0000-0000-000000000000",
	0,
	'TrackLog::clearLapMarkers',
	"00000000-0000-0000-0000-000000000000");
INSERT INTO ACT_BLK
	VALUES ("f587ae22-6cc1-4674-8c4a-da22877a8b83",
	1,
	0,
	0,
	'',
	'',
	'',
	2,
	1,
	1,
	41,
	0,
	0,
	1,
	51,
	0,
	0,
	0,
	0,
	0,
	"affcc4dd-378b-4a27-a30f-b2f71bf2d411",
	"00000000-0000-0000-0000-000000000000");
INSERT INTO ACT_SMT
	VALUES ("12119218-726e-4029-af14-3b2e989c7c54",
	"f587ae22-6cc1-4674-8c4a-da22877a8b83",
	"b769bd41-13d9-40d9-b029-df127ef6002f",
	1,
	1,
	'TrackLog::clearLapMarkers line: 1');
INSERT INTO ACT_SEL
	VALUES ("12119218-726e-4029-af14-3b2e989c7c54",
	"62363905-fc07-42ca-adc6-9e2afefadceb",
	1,
	'many',
	"16ffb748-8cfa-4b7c-82fa-ef5d3b504b93");
INSERT INTO ACT_SR
	VALUES ("12119218-726e-4029-af14-3b2e989c7c54");
INSERT INTO ACT_LNK
	VALUES ("b4abc41a-2d26-48de-9c1b-f046a614a44c",
	'',
	"12119218-726e-4029-af14-3b2e989c7c54",
	"d62976b4-4258-4aa6-8a5b-a1bb8dea1e60",
	"00000000-0000-0000-0000-000000000000",
	3,
	"21bd91e4-0a7e-4836-84f1-253f2298df88",
	1,
	41,
	1,
	51,
	0,
	0);
INSERT INTO ACT_SMT
	VALUES ("b769bd41-13d9-40d9-b029-df127ef6002f",
	"f587ae22-6cc1-4674-8c4a-da22877a8b83",
	"00000000-0000-0000-0000-000000000000",
	2,
	1,
	'TrackLog::clearLapMarkers line: 2');
INSERT INTO ACT_FOR
	VALUES ("b769bd41-13d9-40d9-b029-df127ef6002f",
	"5ea5e0bd-b7e5-4df3-b723-b496e4803a0e",
	1,
	"5a58970c-5951-4e58-965a-f8e6a5225f73",
	"62363905-fc07-42ca-adc6-9e2afefadceb",
	"21bd91e4-0a7e-4836-84f1-253f2298df88");
INSERT INTO V_VAL
	VALUES ("16ffb748-8cfa-4b7c-82fa-ef5d3b504b93",
	0,
	0,
	1,
	35,
	38,
	0,
	0,
	0,
	0,
	"ba5eda7a-def5-0000-0000-000000000008",
	"f587ae22-6cc1-4674-8c4a-da22877a8b83");
INSERT INTO V_IRF
	VALUES ("16ffb748-8cfa-4b7c-82fa-ef5d3b504b93",
	"4d300026-dcd7-485e-b5be-e97be1913d88");
INSERT INTO V_VAR
	VALUES ("62363905-fc07-42ca-adc6-9e2afefadceb",
	"f587ae22-6cc1-4674-8c4a-da22877a8b83",
	'lapMarkers',
	1,
	"ba5eda7a-def5-0000-0000-000000000009");
INSERT INTO V_INS
	VALUES ("62363905-fc07-42ca-adc6-9e2afefadceb",
	"21bd91e4-0a7e-4836-84f1-253f2298df88");
INSERT INTO V_VAR
	VALUES ("4d300026-dcd7-485e-b5be-e97be1913d88",
	"f587ae22-6cc1-4674-8c4a-da22877a8b83",
	'self',
	1,
	"ba5eda7a-def5-0000-0000-000000000008");
INSERT INTO V_INT
	VALUES ("4d300026-dcd7-485e-b5be-e97be1913d88",
	0,
	"d2828038-110a-4559-8452-91651af0adcb");
INSERT INTO V_VAR
	VALUES ("5a58970c-5951-4e58-965a-f8e6a5225f73",
	"f587ae22-6cc1-4674-8c4a-da22877a8b83",
	'lapMarker',
	1,
	"ba5eda7a-def5-0000-0000-000000000008");
INSERT INTO V_INT
	VALUES ("5a58970c-5951-4e58-965a-f8e6a5225f73",
	1,
	"21bd91e4-0a7e-4836-84f1-253f2298df88");
INSERT INTO ACT_BLK
	VALUES ("5ea5e0bd-b7e5-4df3-b723-b496e4803a0e",
	0,
	0,
	0,
	'',
	'',
	'',
	4,
	3,
	0,
	0,
	0,
	0,
	3,
	39,
	0,
	0,
	0,
	0,
	0,
	"affcc4dd-378b-4a27-a30f-b2f71bf2d411",
	"00000000-0000-0000-0000-000000000000");
INSERT INTO ACT_SMT
	VALUES ("32a1de59-260d-42ec-ac39-b5d8b057ca7b",
	"5ea5e0bd-b7e5-4df3-b723-b496e4803a0e",
	"bf2004c8-2f95-454e-a54e-83e3950064a1",
	3,
	3,
	'TrackLog::clearLapMarkers line: 3');
INSERT INTO ACT_UNR
	VALUES ("32a1de59-260d-42ec-ac39-b5d8b057ca7b",
	"4d300026-dcd7-485e-b5be-e97be1913d88",
	"5a58970c-5951-4e58-965a-f8e6a5225f73",
	'',
	"d62976b4-4258-4aa6-8a5b-a1bb8dea1e60",
	3,
	39,
	0,
	0);
INSERT INTO ACT_SMT
	VALUES ("bf2004c8-2f95-454e-a54e-83e3950064a1",
	"5ea5e0bd-b7e5-4df3-b723-b496e4803a0e",
	"00000000-0000-0000-0000-000000000000",
	4,
	3,
	'TrackLog::clearLapMarkers line: 4');
INSERT INTO ACT_DEL
	VALUES ("bf2004c8-2f95-454e-a54e-83e3950064a1",
	"5a58970c-5951-4e58-965a-f8e6a5225f73");
INSERT INTO O_TFR
	VALUES ("9723d50b-bb3d-4fed-86de-6413406a6a2e",
	"d2828038-110a-4559-8452-91651af0adcb",
	'updateDisplay',
	'',
	"ba5eda7a-def5-0000-0000-000000000000",
	1,
	'// Update the display so that newly updated values will be shown.
select one display related by self->WorkoutSession[R4.''represents_path_for'']->Display[R7.''current_status_indicated_on''];
generate Display2:refresh to display;',
	1,
	'',
	"9d05da67-cf3d-4220-b15a-0f2e28652584",
	0);
INSERT INTO ACT_OPB
	VALUES ("15099ee1-13cc-4b34-9655-8528182c3239",
	"9723d50b-bb3d-4fed-86de-6413406a6a2e");
INSERT INTO ACT_ACT
	VALUES ("15099ee1-13cc-4b34-9655-8528182c3239",
	'operation',
	0,
	"437d1fc3-d726-4e92-997d-b6ad9f750b4f",
	"00000000-0000-0000-0000-000000000000",
	0,
	'TrackLog::updateDisplay',
	"00000000-0000-0000-0000-000000000000");
INSERT INTO ACT_BLK
	VALUES ("437d1fc3-d726-4e92-997d-b6ad9f750b4f",
	1,
	0,
	0,
	'V_VAR.Var_ID',
	'',
	'',
	3,
	1,
	2,
	79,
	0,
	0,
	2,
	87,
	2,
	90,
	0,
	0,
	0,
	"15099ee1-13cc-4b34-9655-8528182c3239",
	"00000000-0000-0000-0000-000000000000");
INSERT INTO ACT_SMT
	VALUES ("e3d7d3b5-2f4a-4df3-9862-2aa58d9ace51",
	"437d1fc3-d726-4e92-997d-b6ad9f750b4f",
	"32686637-be0c-4a44-b2af-dbdf611b0452",
	2,
	1,
	'TrackLog::updateDisplay line: 2');
INSERT INTO ACT_SEL
	VALUES ("e3d7d3b5-2f4a-4df3-9862-2aa58d9ace51",
	"8f9d3027-8271-4454-b633-205d863e5c3f",
	1,
	'one',
	"fa51c3d0-3795-40ca-8ebf-f887216298cc");
INSERT INTO ACT_SR
	VALUES ("e3d7d3b5-2f4a-4df3-9862-2aa58d9ace51");
INSERT INTO ACT_LNK
	VALUES ("02680c2b-e23c-47f9-a59d-1a3c0a2b582d",
	'''represents_path_for''',
	"e3d7d3b5-2f4a-4df3-9862-2aa58d9ace51",
	"f84935c8-946a-434d-91c1-1a845ca84868",
	"5ee3b3d4-e976-47d5-9f68-8ddf75a5a379",
	2,
	"2522ffa2-db69-4807-ab45-06acf4cf893a",
	2,
	37,
	2,
	52,
	2,
	55);
INSERT INTO ACT_LNK
	VALUES ("5ee3b3d4-e976-47d5-9f68-8ddf75a5a379",
	'''current_status_indicated_on''',
	"00000000-0000-0000-0000-000000000000",
	"624a7f7e-f307-4c75-9412-3258327be18a",
	"00000000-0000-0000-0000-000000000000",
	2,
	"e4f33430-b3cd-4e2a-8dff-b91094d7d095",
	2,
	79,
	2,
	87,
	2,
	90);
INSERT INTO ACT_SMT
	VALUES ("32686637-be0c-4a44-b2af-dbdf611b0452",
	"437d1fc3-d726-4e92-997d-b6ad9f750b4f",
	"00000000-0000-0000-0000-000000000000",
	3,
	1,
	'TrackLog::updateDisplay line: 3');
INSERT INTO E_ESS
	VALUES ("32686637-be0c-4a44-b2af-dbdf611b0452",
	1,
	0,
	3,
	10,
	3,
	19,
	2,
	79,
	0,
	0,
	0,
	0);
INSERT INTO E_GES
	VALUES ("32686637-be0c-4a44-b2af-dbdf611b0452");
INSERT INTO E_GSME
	VALUES ("32686637-be0c-4a44-b2af-dbdf611b0452",
	"1f99c5a4-1b49-435a-b1af-470e1a85ac18");
INSERT INTO E_GEN
	VALUES ("32686637-be0c-4a44-b2af-dbdf611b0452",
	"8f9d3027-8271-4454-b633-205d863e5c3f");
INSERT INTO V_VAL
	VALUES ("fa51c3d0-3795-40ca-8ebf-f887216298cc",
	0,
	0,
	2,
	31,
	34,
	0,
	0,
	0,
	0,
	"ba5eda7a-def5-0000-0000-000000000008",
	"437d1fc3-d726-4e92-997d-b6ad9f750b4f");
INSERT INTO V_IRF
	VALUES ("fa51c3d0-3795-40ca-8ebf-f887216298cc",
	"f58d2ae7-908f-4791-92b6-57a55cba96aa");
INSERT INTO V_VAR
	VALUES ("8f9d3027-8271-4454-b633-205d863e5c3f",
	"437d1fc3-d726-4e92-997d-b6ad9f750b4f",
	'display',
	1,
	"ba5eda7a-def5-0000-0000-000000000008");
INSERT INTO V_INT
	VALUES ("8f9d3027-8271-4454-b633-205d863e5c3f",
	0,
	"e4f33430-b3cd-4e2a-8dff-b91094d7d095");
INSERT INTO V_VAR
	VALUES ("f58d2ae7-908f-4791-92b6-57a55cba96aa",
	"437d1fc3-d726-4e92-997d-b6ad9f750b4f",
	'self',
	1,
	"ba5eda7a-def5-0000-0000-000000000008");
INSERT INTO V_INT
	VALUES ("f58d2ae7-908f-4791-92b6-57a55cba96aa",
	0,
	"d2828038-110a-4559-8452-91651af0adcb");
INSERT INTO O_REF
	VALUES ("d2828038-110a-4559-8452-91651af0adcb",
	"2522ffa2-db69-4807-ab45-06acf4cf893a",
	0,
	"7f25f45e-231c-4cfe-9481-7a86cabddbc6",
	"f84935c8-946a-434d-91c1-1a845ca84868",
	"ec15c2ed-969c-4bd8-a4b3-7836ade53f24",
	"f06356fc-6379-42e9-b434-db7f7122bde1",
	"4e0a65c3-0128-4fda-b003-cff06b9b7367",
	"8b0e16c0-8f13-4ede-ae14-d66b081cd631",
	"00000000-0000-0000-0000-000000000000",
	0,
	'',
	'WorkoutSession',
	'startTime',
	'R4.''represents_path_for''');
INSERT INTO O_RATTR
	VALUES ("4e0a65c3-0128-4fda-b003-cff06b9b7367",
	"d2828038-110a-4559-8452-91651af0adcb",
	"7f25f45e-231c-4cfe-9481-7a86cabddbc6",
	"2522ffa2-db69-4807-ab45-06acf4cf893a",
	1,
	'startTime');
INSERT INTO O_ATTR
	VALUES ("4e0a65c3-0128-4fda-b003-cff06b9b7367",
	"d2828038-110a-4559-8452-91651af0adcb",
	"00000000-0000-0000-0000-000000000000",
	'session_startTime',
	'



',
	'session_',
	'startTime',
	1,
	"ba5eda7a-def5-0000-0000-000000000007",
	'',
	'');
INSERT INTO O_REF
	VALUES ("d2828038-110a-4559-8452-91651af0adcb",
	"66920350-b77d-4876-9b05-0c545b5437ae",
	0,
	"7080b4f6-ebf6-47fe-be82-a1c2cf39143c",
	"7ea6b294-af80-4908-a92d-d4dd2302915f",
	"1b5f7923-03d0-4fc7-a309-d2f7b7a6b4e6",
	"17a1dc07-400a-430f-a30d-38f8acae3b54",
	"6330fb87-3134-4985-adea-574f9d600295",
	"b3d6d0d4-e10e-4c2e-8b9e-9e159df15ec6",
	"00000000-0000-0000-0000-000000000000",
	0,
	'',
	'TrackPoint',
	'time',
	'R1.''has_first''');
INSERT INTO O_RATTR
	VALUES ("6330fb87-3134-4985-adea-574f9d600295",
	"d2828038-110a-4559-8452-91651af0adcb",
	"7080b4f6-ebf6-47fe-be82-a1c2cf39143c",
	"66920350-b77d-4876-9b05-0c545b5437ae",
	1,
	'time');
INSERT INTO O_ATTR
	VALUES ("6330fb87-3134-4985-adea-574f9d600295",
	"d2828038-110a-4559-8452-91651af0adcb",
	"4e0a65c3-0128-4fda-b003-cff06b9b7367",
	'start_time',
	'',
	'start_',
	'time',
	1,
	"ba5eda7a-def5-0000-0000-000000000007",
	'',
	'');
INSERT INTO O_REF
	VALUES ("d2828038-110a-4559-8452-91651af0adcb",
	"66920350-b77d-4876-9b05-0c545b5437ae",
	0,
	"7080b4f6-ebf6-47fe-be82-a1c2cf39143c",
	"aa6b0d93-73c8-47bd-8bb3-254041981d6a",
	"f1f6b7aa-026c-4630-b816-38cbe28f9a76",
	"42077769-719f-418f-a6b7-14b60f40a3e8",
	"ce232b1e-b632-42c5-8aac-d2b7c2a9d8fb",
	"337ac33d-a170-4b5b-9985-53457e147b39",
	"00000000-0000-0000-0000-000000000000",
	0,
	'',
	'TrackPoint',
	'time',
	'R3.''has_last''');
INSERT INTO O_RATTR
	VALUES ("ce232b1e-b632-42c5-8aac-d2b7c2a9d8fb",
	"d2828038-110a-4559-8452-91651af0adcb",
	"7080b4f6-ebf6-47fe-be82-a1c2cf39143c",
	"66920350-b77d-4876-9b05-0c545b5437ae",
	1,
	'time');
INSERT INTO O_ATTR
	VALUES ("ce232b1e-b632-42c5-8aac-d2b7c2a9d8fb",
	"d2828038-110a-4559-8452-91651af0adcb",
	"6330fb87-3134-4985-adea-574f9d600295",
	'end_time',
	'',
	'end_',
	'time',
	1,
	"ba5eda7a-def5-0000-0000-000000000007",
	'',
	'');
INSERT INTO O_ID
	VALUES (0,
	"d2828038-110a-4559-8452-91651af0adcb");
INSERT INTO O_OIDA
	VALUES ("4e0a65c3-0128-4fda-b003-cff06b9b7367",
	"d2828038-110a-4559-8452-91651af0adcb",
	0,
	'session_startTime');
INSERT INTO O_ID
	VALUES (1,
	"d2828038-110a-4559-8452-91651af0adcb");
INSERT INTO O_ID
	VALUES (2,
	"d2828038-110a-4559-8452-91651af0adcb");
INSERT INTO PE_PE
	VALUES ("9880342f-6bb0-463e-a89f-1285c48a9222",
	1,
	"00000000-0000-0000-0000-000000000000",
	"7faca62d-bd68-4fa6-8c7d-c02d7890cba2",
	7);
INSERT INTO EP_PKG
	VALUES ("9880342f-6bb0-463e-a89f-1285c48a9222",
	"00000000-0000-0000-0000-000000000000",
	"f6183599-e913-4960-ac9a-ad495a6db59f",
	'ConstantSpecifications',
	'',
	0);
INSERT INTO PE_PE
	VALUES ("5fde89fd-3d3f-4844-b0c0-a4152fd17b46",
	1,
	"9880342f-6bb0-463e-a89f-1285c48a9222",
	"00000000-0000-0000-0000-000000000000",
	4);
INSERT INTO O_OBJ
	VALUES ("5fde89fd-3d3f-4844-b0c0-a4152fd17b46",
	'GoalAchievement',
	3,
	'GoalAchievement',
	'evaluationPeriod is the period, expressed in microseconds, at which goal achievement is evaluated.',
	"00000000-0000-0000-0000-000000000000");
INSERT INTO O_TFR
	VALUES ("5a3d77d0-6b01-4255-9e4d-56dbb9e4c299",
	"5fde89fd-3d3f-4844-b0c0-a4152fd17b46",
	'initialize',
	'',
	"ba5eda7a-def5-0000-0000-000000000000",
	0,
	'select any goalachievement from instances of GoalAchievement;
if ( empty goalachievement )
  create object instance goalachievement of GoalAchievement; goalachievement.id = 1;
  goalachievement.evaluationPeriod = 3000000;
end if;',
	1,
	'',
	"00000000-0000-0000-0000-000000000000",
	0);
INSERT INTO ACT_OPB
	VALUES ("5044714b-a197-40b8-a34f-9000f5bdaf62",
	"5a3d77d0-6b01-4255-9e4d-56dbb9e4c299");
INSERT INTO ACT_ACT
	VALUES ("5044714b-a197-40b8-a34f-9000f5bdaf62",
	'class operation',
	0,
	"d707311a-0cba-44f0-8c52-0e7fd5199553",
	"00000000-0000-0000-0000-000000000000",
	0,
	'GoalAchievement::initialize',
	"00000000-0000-0000-0000-000000000000");
INSERT INTO ACT_BLK
	VALUES ("d707311a-0cba-44f0-8c52-0e7fd5199553",
	1,
	0,
	0,
	'',
	'',
	'',
	2,
	1,
	1,
	46,
	0,
	0,
	0,
	0,
	0,
	0,
	0,
	0,
	0,
	"5044714b-a197-40b8-a34f-9000f5bdaf62",
	"00000000-0000-0000-0000-000000000000");
INSERT INTO ACT_SMT
	VALUES ("468872b7-8a05-4688-9162-f297fd2ec089",
	"d707311a-0cba-44f0-8c52-0e7fd5199553",
	"dc3afe9a-6139-4aac-be19-3629b057382c",
	1,
	1,
	'GoalAchievement::initialize line: 1');
INSERT INTO ACT_FIO
	VALUES ("468872b7-8a05-4688-9162-f297fd2ec089",
	"30672cb6-15a4-48d5-b50c-9fc2a4f245e9",
	1,
	'any',
	"5fde89fd-3d3f-4844-b0c0-a4152fd17b46",
	1,
	46);
INSERT INTO ACT_SMT
	VALUES ("dc3afe9a-6139-4aac-be19-3629b057382c",
	"d707311a-0cba-44f0-8c52-0e7fd5199553",
	"00000000-0000-0000-0000-000000000000",
	2,
	1,
	'GoalAchievement::initialize line: 2');
INSERT INTO ACT_IF
	VALUES ("dc3afe9a-6139-4aac-be19-3629b057382c",
	"47193ed8-5a99-4cea-a0e1-f24458757d67",
	"0069f78b-1c2e-4d4c-b6bd-0a8ba9c06fae",
	"00000000-0000-0000-0000-000000000000",
	"00000000-0000-0000-0000-000000000000");
INSERT INTO V_VAL
	VALUES ("7e5fdc9f-c42e-495d-9f91-8cf960912e38",
	0,
	0,
	2,
	12,
	26,
	0,
	0,
	0,
	0,
	"ba5eda7a-def5-0000-0000-000000000008",
	"d707311a-0cba-44f0-8c52-0e7fd5199553");
INSERT INTO V_IRF
	VALUES ("7e5fdc9f-c42e-495d-9f91-8cf960912e38",
	"30672cb6-15a4-48d5-b50c-9fc2a4f245e9");
INSERT INTO V_VAL
	VALUES ("0069f78b-1c2e-4d4c-b6bd-0a8ba9c06fae",
	0,
	0,
	-1,
	-1,
	-1,
	0,
	0,
	0,
	0,
	"ba5eda7a-def5-0000-0000-000000000001",
	"d707311a-0cba-44f0-8c52-0e7fd5199553");
INSERT INTO V_UNY
	VALUES ("0069f78b-1c2e-4d4c-b6bd-0a8ba9c06fae",
	"7e5fdc9f-c42e-495d-9f91-8cf960912e38",
	'empty');
INSERT INTO V_VAR
	VALUES ("30672cb6-15a4-48d5-b50c-9fc2a4f245e9",
	"d707311a-0cba-44f0-8c52-0e7fd5199553",
	'goalachievement',
	1,
	"ba5eda7a-def5-0000-0000-000000000008");
INSERT INTO V_INT
	VALUES ("30672cb6-15a4-48d5-b50c-9fc2a4f245e9",
	0,
	"5fde89fd-3d3f-4844-b0c0-a4152fd17b46");
INSERT INTO ACT_BLK
	VALUES ("47193ed8-5a99-4cea-a0e1-f24458757d67",
	0,
	0,
	0,
	'',
	'',
	'',
	4,
	3,
	3,
	45,
	0,
	0,
	0,
	0,
	0,
	0,
	0,
	0,
	0,
	"5044714b-a197-40b8-a34f-9000f5bdaf62",
	"00000000-0000-0000-0000-000000000000");
INSERT INTO ACT_SMT
	VALUES ("de976015-3c75-4c27-a3fe-04d141682720",
	"47193ed8-5a99-4cea-a0e1-f24458757d67",
	"0ca026ae-2259-4a1d-bde9-1e4da779b275",
	3,
	3,
	'GoalAchievement::initialize line: 3');
INSERT INTO ACT_CR
	VALUES ("de976015-3c75-4c27-a3fe-04d141682720",
	"30672cb6-15a4-48d5-b50c-9fc2a4f245e9",
	0,
	"5fde89fd-3d3f-4844-b0c0-a4152fd17b46",
	3,
	45);
INSERT INTO ACT_SMT
	VALUES ("0ca026ae-2259-4a1d-bde9-1e4da779b275",
	"47193ed8-5a99-4cea-a0e1-f24458757d67",
	"39a32616-fcd1-422d-96ff-a2f54448a2cc",
	3,
	62,
	'GoalAchievement::initialize line: 3');
INSERT INTO ACT_AI
	VALUES ("0ca026ae-2259-4a1d-bde9-1e4da779b275",
	"96ebad85-0222-41f2-be4a-3709782ed976",
	"57a7824b-47b5-4f67-a04a-370a40f89b19",
	0,
	0);
INSERT INTO ACT_SMT
	VALUES ("39a32616-fcd1-422d-96ff-a2f54448a2cc",
	"47193ed8-5a99-4cea-a0e1-f24458757d67",
	"00000000-0000-0000-0000-000000000000",
	4,
	3,
	'GoalAchievement::initialize line: 4');
INSERT INTO ACT_AI
	VALUES ("39a32616-fcd1-422d-96ff-a2f54448a2cc",
	"2f778cf8-0e28-44d0-9f2c-beb2c3ea0112",
	"ebac3563-ba9f-49ac-939f-8edad6b112ad",
	0,
	0);
INSERT INTO V_VAL
	VALUES ("164d7646-386b-4a63-bf57-2c6839a78767",
	1,
	0,
	3,
	62,
	76,
	0,
	0,
	0,
	0,
	"ba5eda7a-def5-0000-0000-000000000008",
	"47193ed8-5a99-4cea-a0e1-f24458757d67");
INSERT INTO V_IRF
	VALUES ("164d7646-386b-4a63-bf57-2c6839a78767",
	"30672cb6-15a4-48d5-b50c-9fc2a4f245e9");
INSERT INTO V_VAL
	VALUES ("57a7824b-47b5-4f67-a04a-370a40f89b19",
	1,
	0,
	3,
	78,
	79,
	0,
	0,
	0,
	0,
	"ba5eda7a-def5-0000-0000-000000000002",
	"47193ed8-5a99-4cea-a0e1-f24458757d67");
INSERT INTO V_AVL
	VALUES ("57a7824b-47b5-4f67-a04a-370a40f89b19",
	"164d7646-386b-4a63-bf57-2c6839a78767",
	"5fde89fd-3d3f-4844-b0c0-a4152fd17b46",
	"d4e9b3a3-a5b6-4d13-8cbc-2a340b873c4b");
INSERT INTO V_VAL
	VALUES ("96ebad85-0222-41f2-be4a-3709782ed976",
	0,
	0,
	3,
	83,
	83,
	0,
	0,
	0,
	0,
	"ba5eda7a-def5-0000-0000-000000000002",
	"47193ed8-5a99-4cea-a0e1-f24458757d67");
INSERT INTO V_LIN
	VALUES ("96ebad85-0222-41f2-be4a-3709782ed976",
	'1');
INSERT INTO V_VAL
	VALUES ("5c3352e7-0c75-4667-b21c-e05544a7bd20",
	1,
	0,
	4,
	3,
	17,
	0,
	0,
	0,
	0,
	"ba5eda7a-def5-0000-0000-000000000008",
	"47193ed8-5a99-4cea-a0e1-f24458757d67");
INSERT INTO V_IRF
	VALUES ("5c3352e7-0c75-4667-b21c-e05544a7bd20",
	"30672cb6-15a4-48d5-b50c-9fc2a4f245e9");
INSERT INTO V_VAL
	VALUES ("ebac3563-ba9f-49ac-939f-8edad6b112ad",
	1,
	0,
	4,
	19,
	34,
	0,
	0,
	0,
	0,
	"ba5eda7a-def5-0000-0000-000000000002",
	"47193ed8-5a99-4cea-a0e1-f24458757d67");
INSERT INTO V_AVL
	VALUES ("ebac3563-ba9f-49ac-939f-8edad6b112ad",
	"5c3352e7-0c75-4667-b21c-e05544a7bd20",
	"5fde89fd-3d3f-4844-b0c0-a4152fd17b46",
	"f59c2a43-8010-486d-8b22-8ba69fb8af19");
INSERT INTO V_VAL
	VALUES ("2f778cf8-0e28-44d0-9f2c-beb2c3ea0112",
	0,
	0,
	4,
	38,
	44,
	0,
	0,
	0,
	0,
	"ba5eda7a-def5-0000-0000-000000000002",
	"47193ed8-5a99-4cea-a0e1-f24458757d67");
INSERT INTO V_LIN
	VALUES ("2f778cf8-0e28-44d0-9f2c-beb2c3ea0112",
	'3000000');
INSERT INTO O_NBATTR
	VALUES ("d4e9b3a3-a5b6-4d13-8cbc-2a340b873c4b",
	"5fde89fd-3d3f-4844-b0c0-a4152fd17b46");
INSERT INTO O_BATTR
	VALUES ("d4e9b3a3-a5b6-4d13-8cbc-2a340b873c4b",
	"5fde89fd-3d3f-4844-b0c0-a4152fd17b46");
INSERT INTO O_ATTR
	VALUES ("d4e9b3a3-a5b6-4d13-8cbc-2a340b873c4b",
	"5fde89fd-3d3f-4844-b0c0-a4152fd17b46",
	"00000000-0000-0000-0000-000000000000",
	'id',
	'',
	'',
	'id',
	0,
	"ba5eda7a-def5-0000-0000-000000000002",
	'',
	'');
INSERT INTO O_NBATTR
	VALUES ("f59c2a43-8010-486d-8b22-8ba69fb8af19",
	"5fde89fd-3d3f-4844-b0c0-a4152fd17b46");
INSERT INTO O_BATTR
	VALUES ("f59c2a43-8010-486d-8b22-8ba69fb8af19",
	"5fde89fd-3d3f-4844-b0c0-a4152fd17b46");
INSERT INTO O_ATTR
	VALUES ("f59c2a43-8010-486d-8b22-8ba69fb8af19",
	"5fde89fd-3d3f-4844-b0c0-a4152fd17b46",
	"d4e9b3a3-a5b6-4d13-8cbc-2a340b873c4b",
	'evaluationPeriod',
	'',
	'',
	'evaluationPeriod',
	0,
	"ba5eda7a-def5-0000-0000-000000000002",
	'',
	'');
INSERT INTO O_ID
	VALUES (0,
	"5fde89fd-3d3f-4844-b0c0-a4152fd17b46");
INSERT INTO O_OIDA
	VALUES ("d4e9b3a3-a5b6-4d13-8cbc-2a340b873c4b",
	"5fde89fd-3d3f-4844-b0c0-a4152fd17b46",
	0,
	'id');
INSERT INTO O_ID
	VALUES (1,
	"5fde89fd-3d3f-4844-b0c0-a4152fd17b46");
INSERT INTO O_ID
	VALUES (2,
	"5fde89fd-3d3f-4844-b0c0-a4152fd17b46");
INSERT INTO PE_PE
	VALUES ("ae4c0fc3-9f9a-407d-8bb0-d5d02b735dbb",
	1,
	"9880342f-6bb0-463e-a89f-1285c48a9222",
	"00000000-0000-0000-0000-000000000000",
	4);
INSERT INTO O_OBJ
	VALUES ("ae4c0fc3-9f9a-407d-8bb0-d5d02b735dbb",
	'GoalSpecConstants',
	4,
	'GoalSpecConstants',
	'GoalSpecOrigin indicates the sequence number of the first goal.',
	"00000000-0000-0000-0000-000000000000");
INSERT INTO O_TFR
	VALUES ("315bb3b8-f31c-419f-8d1a-b94447d6e14c",
	"ae4c0fc3-9f9a-407d-8bb0-d5d02b735dbb",
	'initialize',
	'',
	"ba5eda7a-def5-0000-0000-000000000000",
	0,
	'select any gsc from instances of GoalSpecConstants;
if ( empty gsc )
  create object instance gsc of GoalSpecConstants; gsc.id = 1;
  gsc.GoalSpecOrigin = 1;
end if;',
	1,
	'',
	"00000000-0000-0000-0000-000000000000",
	0);
INSERT INTO ACT_OPB
	VALUES ("025b8e3b-17ca-43c2-965c-15aaee72160a",
	"315bb3b8-f31c-419f-8d1a-b94447d6e14c");
INSERT INTO ACT_ACT
	VALUES ("025b8e3b-17ca-43c2-965c-15aaee72160a",
	'class operation',
	0,
	"6f9f7abe-6100-42d7-9f81-84a14cdc6d9b",
	"00000000-0000-0000-0000-000000000000",
	0,
	'GoalSpecConstants::initialize',
	"00000000-0000-0000-0000-000000000000");
INSERT INTO ACT_BLK
	VALUES ("6f9f7abe-6100-42d7-9f81-84a14cdc6d9b",
	1,
	0,
	0,
	'',
	'',
	'',
	2,
	1,
	1,
	34,
	0,
	0,
	0,
	0,
	0,
	0,
	0,
	0,
	0,
	"025b8e3b-17ca-43c2-965c-15aaee72160a",
	"00000000-0000-0000-0000-000000000000");
INSERT INTO ACT_SMT
	VALUES ("91493c69-97ee-4a9e-8217-37a207513425",
	"6f9f7abe-6100-42d7-9f81-84a14cdc6d9b",
	"12ba7ae4-24bb-4577-9770-822f413e010d",
	1,
	1,
	'GoalSpecConstants::initialize line: 1');
INSERT INTO ACT_FIO
	VALUES ("91493c69-97ee-4a9e-8217-37a207513425",
	"bb336d60-b7ff-4e22-9add-747902da8218",
	1,
	'any',
	"ae4c0fc3-9f9a-407d-8bb0-d5d02b735dbb",
	1,
	34);
INSERT INTO ACT_SMT
	VALUES ("12ba7ae4-24bb-4577-9770-822f413e010d",
	"6f9f7abe-6100-42d7-9f81-84a14cdc6d9b",
	"00000000-0000-0000-0000-000000000000",
	2,
	1,
	'GoalSpecConstants::initialize line: 2');
INSERT INTO ACT_IF
	VALUES ("12ba7ae4-24bb-4577-9770-822f413e010d",
	"289258f7-9c48-4506-9b68-524a47fb7806",
	"ef202edd-feca-4a18-8185-c9d1edc13394",
	"00000000-0000-0000-0000-000000000000",
	"00000000-0000-0000-0000-000000000000");
INSERT INTO V_VAL
	VALUES ("e1385bd3-a24c-4a7b-8c2c-5bfb8de39774",
	0,
	0,
	2,
	12,
	14,
	0,
	0,
	0,
	0,
	"ba5eda7a-def5-0000-0000-000000000008",
	"6f9f7abe-6100-42d7-9f81-84a14cdc6d9b");
INSERT INTO V_IRF
	VALUES ("e1385bd3-a24c-4a7b-8c2c-5bfb8de39774",
	"bb336d60-b7ff-4e22-9add-747902da8218");
INSERT INTO V_VAL
	VALUES ("ef202edd-feca-4a18-8185-c9d1edc13394",
	0,
	0,
	-1,
	-1,
	-1,
	0,
	0,
	0,
	0,
	"ba5eda7a-def5-0000-0000-000000000001",
	"6f9f7abe-6100-42d7-9f81-84a14cdc6d9b");
INSERT INTO V_UNY
	VALUES ("ef202edd-feca-4a18-8185-c9d1edc13394",
	"e1385bd3-a24c-4a7b-8c2c-5bfb8de39774",
	'empty');
INSERT INTO V_VAR
	VALUES ("bb336d60-b7ff-4e22-9add-747902da8218",
	"6f9f7abe-6100-42d7-9f81-84a14cdc6d9b",
	'gsc',
	1,
	"ba5eda7a-def5-0000-0000-000000000008");
INSERT INTO V_INT
	VALUES ("bb336d60-b7ff-4e22-9add-747902da8218",
	0,
	"ae4c0fc3-9f9a-407d-8bb0-d5d02b735dbb");
INSERT INTO ACT_BLK
	VALUES ("289258f7-9c48-4506-9b68-524a47fb7806",
	0,
	0,
	0,
	'',
	'',
	'',
	4,
	3,
	3,
	33,
	0,
	0,
	0,
	0,
	0,
	0,
	0,
	0,
	0,
	"025b8e3b-17ca-43c2-965c-15aaee72160a",
	"00000000-0000-0000-0000-000000000000");
INSERT INTO ACT_SMT
	VALUES ("84b100d0-9e20-432b-82df-86cef8b83634",
	"289258f7-9c48-4506-9b68-524a47fb7806",
	"87eb9c31-cc09-4206-84c9-085c5f30ed72",
	3,
	3,
	'GoalSpecConstants::initialize line: 3');
INSERT INTO ACT_CR
	VALUES ("84b100d0-9e20-432b-82df-86cef8b83634",
	"bb336d60-b7ff-4e22-9add-747902da8218",
	0,
	"ae4c0fc3-9f9a-407d-8bb0-d5d02b735dbb",
	3,
	33);
INSERT INTO ACT_SMT
	VALUES ("87eb9c31-cc09-4206-84c9-085c5f30ed72",
	"289258f7-9c48-4506-9b68-524a47fb7806",
	"306a8f4e-e06c-4e88-87dd-c842e06f6d92",
	3,
	52,
	'GoalSpecConstants::initialize line: 3');
INSERT INTO ACT_AI
	VALUES ("87eb9c31-cc09-4206-84c9-085c5f30ed72",
	"c25254c1-4976-4371-9ef2-3eb60121c70a",
	"7e7227cb-77d3-47c2-bbfa-563f908d70f0",
	0,
	0);
INSERT INTO ACT_SMT
	VALUES ("306a8f4e-e06c-4e88-87dd-c842e06f6d92",
	"289258f7-9c48-4506-9b68-524a47fb7806",
	"00000000-0000-0000-0000-000000000000",
	4,
	3,
	'GoalSpecConstants::initialize line: 4');
INSERT INTO ACT_AI
	VALUES ("306a8f4e-e06c-4e88-87dd-c842e06f6d92",
	"d49b3abc-d820-4edd-b5c5-98db82d74e48",
	"87c9d6ea-239c-471e-8cf3-c0210c5db09c",
	0,
	0);
INSERT INTO V_VAL
	VALUES ("48a13135-ee98-4e53-b916-bf582836da57",
	1,
	0,
	3,
	52,
	54,
	0,
	0,
	0,
	0,
	"ba5eda7a-def5-0000-0000-000000000008",
	"289258f7-9c48-4506-9b68-524a47fb7806");
INSERT INTO V_IRF
	VALUES ("48a13135-ee98-4e53-b916-bf582836da57",
	"bb336d60-b7ff-4e22-9add-747902da8218");
INSERT INTO V_VAL
	VALUES ("7e7227cb-77d3-47c2-bbfa-563f908d70f0",
	1,
	0,
	3,
	56,
	57,
	0,
	0,
	0,
	0,
	"ba5eda7a-def5-0000-0000-000000000002",
	"289258f7-9c48-4506-9b68-524a47fb7806");
INSERT INTO V_AVL
	VALUES ("7e7227cb-77d3-47c2-bbfa-563f908d70f0",
	"48a13135-ee98-4e53-b916-bf582836da57",
	"ae4c0fc3-9f9a-407d-8bb0-d5d02b735dbb",
	"3652c3e7-6d7c-47e4-919b-359450acc8fc");
INSERT INTO V_VAL
	VALUES ("c25254c1-4976-4371-9ef2-3eb60121c70a",
	0,
	0,
	3,
	61,
	61,
	0,
	0,
	0,
	0,
	"ba5eda7a-def5-0000-0000-000000000002",
	"289258f7-9c48-4506-9b68-524a47fb7806");
INSERT INTO V_LIN
	VALUES ("c25254c1-4976-4371-9ef2-3eb60121c70a",
	'1');
INSERT INTO V_VAL
	VALUES ("cf75004b-c8b7-4f24-a3ae-c5bd3eb85908",
	1,
	0,
	4,
	3,
	5,
	0,
	0,
	0,
	0,
	"ba5eda7a-def5-0000-0000-000000000008",
	"289258f7-9c48-4506-9b68-524a47fb7806");
INSERT INTO V_IRF
	VALUES ("cf75004b-c8b7-4f24-a3ae-c5bd3eb85908",
	"bb336d60-b7ff-4e22-9add-747902da8218");
INSERT INTO V_VAL
	VALUES ("87c9d6ea-239c-471e-8cf3-c0210c5db09c",
	1,
	0,
	4,
	7,
	20,
	0,
	0,
	0,
	0,
	"ba5eda7a-def5-0000-0000-000000000002",
	"289258f7-9c48-4506-9b68-524a47fb7806");
INSERT INTO V_AVL
	VALUES ("87c9d6ea-239c-471e-8cf3-c0210c5db09c",
	"cf75004b-c8b7-4f24-a3ae-c5bd3eb85908",
	"ae4c0fc3-9f9a-407d-8bb0-d5d02b735dbb",
	"06d10d50-e400-4427-abe5-aee4d6a6c79b");
INSERT INTO V_VAL
	VALUES ("d49b3abc-d820-4edd-b5c5-98db82d74e48",
	0,
	0,
	4,
	24,
	24,
	0,
	0,
	0,
	0,
	"ba5eda7a-def5-0000-0000-000000000002",
	"289258f7-9c48-4506-9b68-524a47fb7806");
INSERT INTO V_LIN
	VALUES ("d49b3abc-d820-4edd-b5c5-98db82d74e48",
	'1');
INSERT INTO O_NBATTR
	VALUES ("3652c3e7-6d7c-47e4-919b-359450acc8fc",
	"ae4c0fc3-9f9a-407d-8bb0-d5d02b735dbb");
INSERT INTO O_BATTR
	VALUES ("3652c3e7-6d7c-47e4-919b-359450acc8fc",
	"ae4c0fc3-9f9a-407d-8bb0-d5d02b735dbb");
INSERT INTO O_ATTR
	VALUES ("3652c3e7-6d7c-47e4-919b-359450acc8fc",
	"ae4c0fc3-9f9a-407d-8bb0-d5d02b735dbb",
	"00000000-0000-0000-0000-000000000000",
	'id',
	'',
	'',
	'id',
	0,
	"ba5eda7a-def5-0000-0000-000000000002",
	'',
	'');
INSERT INTO O_NBATTR
	VALUES ("06d10d50-e400-4427-abe5-aee4d6a6c79b",
	"ae4c0fc3-9f9a-407d-8bb0-d5d02b735dbb");
INSERT INTO O_BATTR
	VALUES ("06d10d50-e400-4427-abe5-aee4d6a6c79b",
	"ae4c0fc3-9f9a-407d-8bb0-d5d02b735dbb");
INSERT INTO O_ATTR
	VALUES ("06d10d50-e400-4427-abe5-aee4d6a6c79b",
	"ae4c0fc3-9f9a-407d-8bb0-d5d02b735dbb",
	"3652c3e7-6d7c-47e4-919b-359450acc8fc",
	'GoalSpecOrigin',
	'',
	'',
	'GoalSpecOrigin',
	0,
	"ba5eda7a-def5-0000-0000-000000000002",
	'',
	'');
INSERT INTO O_ID
	VALUES (0,
	"ae4c0fc3-9f9a-407d-8bb0-d5d02b735dbb");
INSERT INTO O_OIDA
	VALUES ("3652c3e7-6d7c-47e4-919b-359450acc8fc",
	"ae4c0fc3-9f9a-407d-8bb0-d5d02b735dbb",
	0,
	'id');
INSERT INTO O_ID
	VALUES (1,
	"ae4c0fc3-9f9a-407d-8bb0-d5d02b735dbb");
INSERT INTO O_ID
	VALUES (2,
	"ae4c0fc3-9f9a-407d-8bb0-d5d02b735dbb");
INSERT INTO PE_PE
	VALUES ("2ffede6f-ddd0-4d78-9129-3ca571333d48",
	1,
	"9880342f-6bb0-463e-a89f-1285c48a9222",
	"00000000-0000-0000-0000-000000000000",
	4);
INSERT INTO O_OBJ
	VALUES ("2ffede6f-ddd0-4d78-9129-3ca571333d48",
	'HeartRateConstants',
	2,
	'HeartRateConstants',
	'SamplingPeriod is expressed in seconds and represents the period at which heart-rate samples are recorded.
AveragingWindow is expressed in samples and represents the number of samples used when calculating the current average.',
	"00000000-0000-0000-0000-000000000000");
INSERT INTO O_TFR
	VALUES ("80138b30-4d2d-4ff4-b7ea-0c3e4ea9cd96",
	"2ffede6f-ddd0-4d78-9129-3ca571333d48",
	'initialize',
	'',
	"ba5eda7a-def5-0000-0000-000000000000",
	0,
	'select any hrc from instances of HeartRateConstants;
if ( empty hrc )
  create object instance hrc of HeartRateConstants; hrc.id = 1;
  hrc.HeartRateAveragingWindow = 5;
  hrc.HeartRateSamplingPeriod = 3;
end if;',
	1,
	'',
	"00000000-0000-0000-0000-000000000000",
	0);
INSERT INTO ACT_OPB
	VALUES ("ce0e6554-b4fc-4434-abeb-dc5180cf0bf3",
	"80138b30-4d2d-4ff4-b7ea-0c3e4ea9cd96");
INSERT INTO ACT_ACT
	VALUES ("ce0e6554-b4fc-4434-abeb-dc5180cf0bf3",
	'class operation',
	0,
	"0b09f8c3-6a73-4d44-be82-b73f697088e4",
	"00000000-0000-0000-0000-000000000000",
	0,
	'HeartRateConstants::initialize',
	"00000000-0000-0000-0000-000000000000");
INSERT INTO ACT_BLK
	VALUES ("0b09f8c3-6a73-4d44-be82-b73f697088e4",
	1,
	0,
	0,
	'',
	'',
	'',
	2,
	1,
	1,
	34,
	0,
	0,
	0,
	0,
	0,
	0,
	0,
	0,
	0,
	"ce0e6554-b4fc-4434-abeb-dc5180cf0bf3",
	"00000000-0000-0000-0000-000000000000");
INSERT INTO ACT_SMT
	VALUES ("993175c3-ac7f-418e-b919-82d70844c440",
	"0b09f8c3-6a73-4d44-be82-b73f697088e4",
	"19d35795-d85c-4701-84b7-2719b44c1b03",
	1,
	1,
	'HeartRateConstants::initialize line: 1');
INSERT INTO ACT_FIO
	VALUES ("993175c3-ac7f-418e-b919-82d70844c440",
	"e1bff44e-6b43-43e2-a2ae-75abfff337c1",
	1,
	'any',
	"2ffede6f-ddd0-4d78-9129-3ca571333d48",
	1,
	34);
INSERT INTO ACT_SMT
	VALUES ("19d35795-d85c-4701-84b7-2719b44c1b03",
	"0b09f8c3-6a73-4d44-be82-b73f697088e4",
	"00000000-0000-0000-0000-000000000000",
	2,
	1,
	'HeartRateConstants::initialize line: 2');
INSERT INTO ACT_IF
	VALUES ("19d35795-d85c-4701-84b7-2719b44c1b03",
	"f0d9a146-f856-45ba-9676-300c51387f4a",
	"32d238f2-9d7c-4614-bbcd-2478a7f61f27",
	"00000000-0000-0000-0000-000000000000",
	"00000000-0000-0000-0000-000000000000");
INSERT INTO V_VAL
	VALUES ("0e24dec0-0b3a-4c6c-93bf-f38a82844662",
	0,
	0,
	2,
	12,
	14,
	0,
	0,
	0,
	0,
	"ba5eda7a-def5-0000-0000-000000000008",
	"0b09f8c3-6a73-4d44-be82-b73f697088e4");
INSERT INTO V_IRF
	VALUES ("0e24dec0-0b3a-4c6c-93bf-f38a82844662",
	"e1bff44e-6b43-43e2-a2ae-75abfff337c1");
INSERT INTO V_VAL
	VALUES ("32d238f2-9d7c-4614-bbcd-2478a7f61f27",
	0,
	0,
	-1,
	-1,
	-1,
	0,
	0,
	0,
	0,
	"ba5eda7a-def5-0000-0000-000000000001",
	"0b09f8c3-6a73-4d44-be82-b73f697088e4");
INSERT INTO V_UNY
	VALUES ("32d238f2-9d7c-4614-bbcd-2478a7f61f27",
	"0e24dec0-0b3a-4c6c-93bf-f38a82844662",
	'empty');
INSERT INTO V_VAR
	VALUES ("e1bff44e-6b43-43e2-a2ae-75abfff337c1",
	"0b09f8c3-6a73-4d44-be82-b73f697088e4",
	'hrc',
	1,
	"ba5eda7a-def5-0000-0000-000000000008");
INSERT INTO V_INT
	VALUES ("e1bff44e-6b43-43e2-a2ae-75abfff337c1",
	0,
	"2ffede6f-ddd0-4d78-9129-3ca571333d48");
INSERT INTO ACT_BLK
	VALUES ("f0d9a146-f856-45ba-9676-300c51387f4a",
	0,
	0,
	0,
	'',
	'',
	'',
	5,
	3,
	3,
	33,
	0,
	0,
	0,
	0,
	0,
	0,
	0,
	0,
	0,
	"ce0e6554-b4fc-4434-abeb-dc5180cf0bf3",
	"00000000-0000-0000-0000-000000000000");
INSERT INTO ACT_SMT
	VALUES ("965c9689-d76f-495f-abfa-b7247c9b3948",
	"f0d9a146-f856-45ba-9676-300c51387f4a",
	"e1326322-95e9-442b-9a30-0b19cf6aec5b",
	3,
	3,
	'HeartRateConstants::initialize line: 3');
INSERT INTO ACT_CR
	VALUES ("965c9689-d76f-495f-abfa-b7247c9b3948",
	"e1bff44e-6b43-43e2-a2ae-75abfff337c1",
	0,
	"2ffede6f-ddd0-4d78-9129-3ca571333d48",
	3,
	33);
INSERT INTO ACT_SMT
	VALUES ("e1326322-95e9-442b-9a30-0b19cf6aec5b",
	"f0d9a146-f856-45ba-9676-300c51387f4a",
	"69915ae8-746b-44b2-9869-e1804adf3212",
	3,
	53,
	'HeartRateConstants::initialize line: 3');
INSERT INTO ACT_AI
	VALUES ("e1326322-95e9-442b-9a30-0b19cf6aec5b",
	"cf130046-fe5a-4722-b235-3245ee275101",
	"f4f897dc-1bde-4806-9a53-9a53bbfaf853",
	0,
	0);
INSERT INTO ACT_SMT
	VALUES ("69915ae8-746b-44b2-9869-e1804adf3212",
	"f0d9a146-f856-45ba-9676-300c51387f4a",
	"d1cbd8cc-893b-44b0-88be-a7881d861396",
	4,
	3,
	'HeartRateConstants::initialize line: 4');
INSERT INTO ACT_AI
	VALUES ("69915ae8-746b-44b2-9869-e1804adf3212",
	"4f6f53fb-3be0-431f-a075-1900b0315696",
	"ebd754d8-4e11-4639-be3b-dda72b53c176",
	0,
	0);
INSERT INTO ACT_SMT
	VALUES ("d1cbd8cc-893b-44b0-88be-a7881d861396",
	"f0d9a146-f856-45ba-9676-300c51387f4a",
	"00000000-0000-0000-0000-000000000000",
	5,
	3,
	'HeartRateConstants::initialize line: 5');
INSERT INTO ACT_AI
	VALUES ("d1cbd8cc-893b-44b0-88be-a7881d861396",
	"39fe3655-4c76-402b-a695-51f7cfab84ef",
	"6f88b749-0abe-4df9-823d-fad9691ca681",
	0,
	0);
INSERT INTO V_VAL
	VALUES ("efdf1286-af70-4b72-a89d-65169ac39c7c",
	1,
	0,
	3,
	53,
	55,
	0,
	0,
	0,
	0,
	"ba5eda7a-def5-0000-0000-000000000008",
	"f0d9a146-f856-45ba-9676-300c51387f4a");
INSERT INTO V_IRF
	VALUES ("efdf1286-af70-4b72-a89d-65169ac39c7c",
	"e1bff44e-6b43-43e2-a2ae-75abfff337c1");
INSERT INTO V_VAL
	VALUES ("f4f897dc-1bde-4806-9a53-9a53bbfaf853",
	1,
	0,
	3,
	57,
	58,
	0,
	0,
	0,
	0,
	"ba5eda7a-def5-0000-0000-000000000002",
	"f0d9a146-f856-45ba-9676-300c51387f4a");
INSERT INTO V_AVL
	VALUES ("f4f897dc-1bde-4806-9a53-9a53bbfaf853",
	"efdf1286-af70-4b72-a89d-65169ac39c7c",
	"2ffede6f-ddd0-4d78-9129-3ca571333d48",
	"b3d03e08-54d8-4409-a92b-f3aadcbfa9d3");
INSERT INTO V_VAL
	VALUES ("cf130046-fe5a-4722-b235-3245ee275101",
	0,
	0,
	3,
	62,
	62,
	0,
	0,
	0,
	0,
	"ba5eda7a-def5-0000-0000-000000000002",
	"f0d9a146-f856-45ba-9676-300c51387f4a");
INSERT INTO V_LIN
	VALUES ("cf130046-fe5a-4722-b235-3245ee275101",
	'1');
INSERT INTO V_VAL
	VALUES ("0d11238f-b321-4970-8a11-b1da51dfaf97",
	1,
	0,
	4,
	3,
	5,
	0,
	0,
	0,
	0,
	"ba5eda7a-def5-0000-0000-000000000008",
	"f0d9a146-f856-45ba-9676-300c51387f4a");
INSERT INTO V_IRF
	VALUES ("0d11238f-b321-4970-8a11-b1da51dfaf97",
	"e1bff44e-6b43-43e2-a2ae-75abfff337c1");
INSERT INTO V_VAL
	VALUES ("ebd754d8-4e11-4639-be3b-dda72b53c176",
	1,
	0,
	4,
	7,
	30,
	0,
	0,
	0,
	0,
	"ba5eda7a-def5-0000-0000-000000000002",
	"f0d9a146-f856-45ba-9676-300c51387f4a");
INSERT INTO V_AVL
	VALUES ("ebd754d8-4e11-4639-be3b-dda72b53c176",
	"0d11238f-b321-4970-8a11-b1da51dfaf97",
	"2ffede6f-ddd0-4d78-9129-3ca571333d48",
	"811fbd46-e39f-404d-82ff-c7a2f2e82fe9");
INSERT INTO V_VAL
	VALUES ("4f6f53fb-3be0-431f-a075-1900b0315696",
	0,
	0,
	4,
	34,
	34,
	0,
	0,
	0,
	0,
	"ba5eda7a-def5-0000-0000-000000000002",
	"f0d9a146-f856-45ba-9676-300c51387f4a");
INSERT INTO V_LIN
	VALUES ("4f6f53fb-3be0-431f-a075-1900b0315696",
	'5');
INSERT INTO V_VAL
	VALUES ("6ce981b5-4980-4439-b02b-cd51bdfc0a62",
	1,
	0,
	5,
	3,
	5,
	0,
	0,
	0,
	0,
	"ba5eda7a-def5-0000-0000-000000000008",
	"f0d9a146-f856-45ba-9676-300c51387f4a");
INSERT INTO V_IRF
	VALUES ("6ce981b5-4980-4439-b02b-cd51bdfc0a62",
	"e1bff44e-6b43-43e2-a2ae-75abfff337c1");
INSERT INTO V_VAL
	VALUES ("6f88b749-0abe-4df9-823d-fad9691ca681",
	1,
	0,
	5,
	7,
	29,
	0,
	0,
	0,
	0,
	"ba5eda7a-def5-0000-0000-000000000002",
	"f0d9a146-f856-45ba-9676-300c51387f4a");
INSERT INTO V_AVL
	VALUES ("6f88b749-0abe-4df9-823d-fad9691ca681",
	"6ce981b5-4980-4439-b02b-cd51bdfc0a62",
	"2ffede6f-ddd0-4d78-9129-3ca571333d48",
	"d2aac683-6d85-4ad7-8d0a-b598905442d5");
INSERT INTO V_VAL
	VALUES ("39fe3655-4c76-402b-a695-51f7cfab84ef",
	0,
	0,
	5,
	33,
	33,
	0,
	0,
	0,
	0,
	"ba5eda7a-def5-0000-0000-000000000002",
	"f0d9a146-f856-45ba-9676-300c51387f4a");
INSERT INTO V_LIN
	VALUES ("39fe3655-4c76-402b-a695-51f7cfab84ef",
	'3');
INSERT INTO O_NBATTR
	VALUES ("b3d03e08-54d8-4409-a92b-f3aadcbfa9d3",
	"2ffede6f-ddd0-4d78-9129-3ca571333d48");
INSERT INTO O_BATTR
	VALUES ("b3d03e08-54d8-4409-a92b-f3aadcbfa9d3",
	"2ffede6f-ddd0-4d78-9129-3ca571333d48");
INSERT INTO O_ATTR
	VALUES ("b3d03e08-54d8-4409-a92b-f3aadcbfa9d3",
	"2ffede6f-ddd0-4d78-9129-3ca571333d48",
	"00000000-0000-0000-0000-000000000000",
	'id',
	'',
	'',
	'id',
	0,
	"ba5eda7a-def5-0000-0000-000000000002",
	'',
	'');
INSERT INTO O_NBATTR
	VALUES ("811fbd46-e39f-404d-82ff-c7a2f2e82fe9",
	"2ffede6f-ddd0-4d78-9129-3ca571333d48");
INSERT INTO O_BATTR
	VALUES ("811fbd46-e39f-404d-82ff-c7a2f2e82fe9",
	"2ffede6f-ddd0-4d78-9129-3ca571333d48");
INSERT INTO O_ATTR
	VALUES ("811fbd46-e39f-404d-82ff-c7a2f2e82fe9",
	"2ffede6f-ddd0-4d78-9129-3ca571333d48",
	"b3d03e08-54d8-4409-a92b-f3aadcbfa9d3",
	'HeartRateAveragingWindow',
	'',
	'',
	'HeartRateAveragingWindow',
	0,
	"ba5eda7a-def5-0000-0000-000000000002",
	'',
	'');
INSERT INTO O_NBATTR
	VALUES ("d2aac683-6d85-4ad7-8d0a-b598905442d5",
	"2ffede6f-ddd0-4d78-9129-3ca571333d48");
INSERT INTO O_BATTR
	VALUES ("d2aac683-6d85-4ad7-8d0a-b598905442d5",
	"2ffede6f-ddd0-4d78-9129-3ca571333d48");
INSERT INTO O_ATTR
	VALUES ("d2aac683-6d85-4ad7-8d0a-b598905442d5",
	"2ffede6f-ddd0-4d78-9129-3ca571333d48",
	"811fbd46-e39f-404d-82ff-c7a2f2e82fe9",
	'HeartRateSamplingPeriod',
	'',
	'',
	'HeartRateSamplingPeriod',
	0,
	"ba5eda7a-def5-0000-0000-000000000002",
	'',
	'');
INSERT INTO O_ID
	VALUES (0,
	"2ffede6f-ddd0-4d78-9129-3ca571333d48");
INSERT INTO O_OIDA
	VALUES ("b3d03e08-54d8-4409-a92b-f3aadcbfa9d3",
	"2ffede6f-ddd0-4d78-9129-3ca571333d48",
	0,
	'id');
INSERT INTO O_ID
	VALUES (1,
	"2ffede6f-ddd0-4d78-9129-3ca571333d48");
INSERT INTO O_ID
	VALUES (2,
	"2ffede6f-ddd0-4d78-9129-3ca571333d48");
INSERT INTO PE_PE
	VALUES ("ac60c465-05e8-4fc6-96c0-a74ff51548b3",
	1,
	"9880342f-6bb0-463e-a89f-1285c48a9222",
	"00000000-0000-0000-0000-000000000000",
	4);
INSERT INTO O_OBJ
	VALUES ("ac60c465-05e8-4fc6-96c0-a74ff51548b3",
	'Speed',
	1,
	'Speed',
	'SpeedAveragingWindow is the number of track points used to calculate the current average speed.
SecondsPerHour is the number of seconds in one hour.',
	"00000000-0000-0000-0000-000000000000");
INSERT INTO O_TFR
	VALUES ("705b176d-9fe0-4f92-81a6-01b9114f764e",
	"ac60c465-05e8-4fc6-96c0-a74ff51548b3",
	'initialize',
	'',
	"ba5eda7a-def5-0000-0000-000000000000",
	0,
	'select any speed from instances of Speed;
if ( empty speed )
  create object instance speed of Speed; speed.id = 1;
  speed.SpeedAveragingWindow = 5;
  speed.SecondsPerHour = 3600;
end if;',
	1,
	'',
	"00000000-0000-0000-0000-000000000000",
	0);
INSERT INTO ACT_OPB
	VALUES ("94361b30-3711-4899-bf15-e805400ff7ef",
	"705b176d-9fe0-4f92-81a6-01b9114f764e");
INSERT INTO ACT_ACT
	VALUES ("94361b30-3711-4899-bf15-e805400ff7ef",
	'class operation',
	0,
	"29d51783-701e-4983-9ede-77386bd63d6b",
	"00000000-0000-0000-0000-000000000000",
	0,
	'Speed::initialize',
	"00000000-0000-0000-0000-000000000000");
INSERT INTO ACT_BLK
	VALUES ("29d51783-701e-4983-9ede-77386bd63d6b",
	1,
	0,
	0,
	'',
	'',
	'',
	2,
	1,
	1,
	36,
	0,
	0,
	0,
	0,
	0,
	0,
	0,
	0,
	0,
	"94361b30-3711-4899-bf15-e805400ff7ef",
	"00000000-0000-0000-0000-000000000000");
INSERT INTO ACT_SMT
	VALUES ("59363b59-ec63-4913-859f-298b8709fe5e",
	"29d51783-701e-4983-9ede-77386bd63d6b",
	"1541faf1-b604-467e-83b3-6cac03fed1c8",
	1,
	1,
	'Speed::initialize line: 1');
INSERT INTO ACT_FIO
	VALUES ("59363b59-ec63-4913-859f-298b8709fe5e",
	"669a4acc-cba3-4e49-9ebf-6d54ae529553",
	1,
	'any',
	"ac60c465-05e8-4fc6-96c0-a74ff51548b3",
	1,
	36);
INSERT INTO ACT_SMT
	VALUES ("1541faf1-b604-467e-83b3-6cac03fed1c8",
	"29d51783-701e-4983-9ede-77386bd63d6b",
	"00000000-0000-0000-0000-000000000000",
	2,
	1,
	'Speed::initialize line: 2');
INSERT INTO ACT_IF
	VALUES ("1541faf1-b604-467e-83b3-6cac03fed1c8",
	"8777045b-b3a3-4775-84cf-2ba1fe78b39e",
	"c6664f0e-6b9c-4d9d-90bb-e2a845602188",
	"00000000-0000-0000-0000-000000000000",
	"00000000-0000-0000-0000-000000000000");
INSERT INTO V_VAL
	VALUES ("dd824640-675f-49cb-a9a6-84c147e78184",
	0,
	0,
	2,
	12,
	16,
	0,
	0,
	0,
	0,
	"ba5eda7a-def5-0000-0000-000000000008",
	"29d51783-701e-4983-9ede-77386bd63d6b");
INSERT INTO V_IRF
	VALUES ("dd824640-675f-49cb-a9a6-84c147e78184",
	"669a4acc-cba3-4e49-9ebf-6d54ae529553");
INSERT INTO V_VAL
	VALUES ("c6664f0e-6b9c-4d9d-90bb-e2a845602188",
	0,
	0,
	-1,
	-1,
	-1,
	0,
	0,
	0,
	0,
	"ba5eda7a-def5-0000-0000-000000000001",
	"29d51783-701e-4983-9ede-77386bd63d6b");
INSERT INTO V_UNY
	VALUES ("c6664f0e-6b9c-4d9d-90bb-e2a845602188",
	"dd824640-675f-49cb-a9a6-84c147e78184",
	'empty');
INSERT INTO V_VAR
	VALUES ("669a4acc-cba3-4e49-9ebf-6d54ae529553",
	"29d51783-701e-4983-9ede-77386bd63d6b",
	'speed',
	1,
	"ba5eda7a-def5-0000-0000-000000000008");
INSERT INTO V_INT
	VALUES ("669a4acc-cba3-4e49-9ebf-6d54ae529553",
	0,
	"ac60c465-05e8-4fc6-96c0-a74ff51548b3");
INSERT INTO ACT_BLK
	VALUES ("8777045b-b3a3-4775-84cf-2ba1fe78b39e",
	0,
	0,
	0,
	'',
	'',
	'',
	5,
	3,
	3,
	35,
	0,
	0,
	0,
	0,
	0,
	0,
	0,
	0,
	0,
	"94361b30-3711-4899-bf15-e805400ff7ef",
	"00000000-0000-0000-0000-000000000000");
INSERT INTO ACT_SMT
	VALUES ("0bd77df5-ca51-468a-b8f4-3ada036c21a3",
	"8777045b-b3a3-4775-84cf-2ba1fe78b39e",
	"95a72f17-a095-4ab4-b55b-f6ae4e95c700",
	3,
	3,
	'Speed::initialize line: 3');
INSERT INTO ACT_CR
	VALUES ("0bd77df5-ca51-468a-b8f4-3ada036c21a3",
	"669a4acc-cba3-4e49-9ebf-6d54ae529553",
	0,
	"ac60c465-05e8-4fc6-96c0-a74ff51548b3",
	3,
	35);
INSERT INTO ACT_SMT
	VALUES ("95a72f17-a095-4ab4-b55b-f6ae4e95c700",
	"8777045b-b3a3-4775-84cf-2ba1fe78b39e",
	"c5dc42cd-2826-4355-8d9c-65945f840547",
	3,
	42,
	'Speed::initialize line: 3');
INSERT INTO ACT_AI
	VALUES ("95a72f17-a095-4ab4-b55b-f6ae4e95c700",
	"0cdf9693-c875-417e-90ba-47d338930884",
	"2ff5de46-01ff-4463-a308-dbb935b6a715",
	0,
	0);
INSERT INTO ACT_SMT
	VALUES ("c5dc42cd-2826-4355-8d9c-65945f840547",
	"8777045b-b3a3-4775-84cf-2ba1fe78b39e",
	"8eb3096d-68cd-4dc1-9e77-f68ee8444978",
	4,
	3,
	'Speed::initialize line: 4');
INSERT INTO ACT_AI
	VALUES ("c5dc42cd-2826-4355-8d9c-65945f840547",
	"3386511e-0bfd-4f90-b802-e4389458e1e1",
	"f5f46d00-9bcc-48d5-99e9-8c360d08e16f",
	0,
	0);
INSERT INTO ACT_SMT
	VALUES ("8eb3096d-68cd-4dc1-9e77-f68ee8444978",
	"8777045b-b3a3-4775-84cf-2ba1fe78b39e",
	"00000000-0000-0000-0000-000000000000",
	5,
	3,
	'Speed::initialize line: 5');
INSERT INTO ACT_AI
	VALUES ("8eb3096d-68cd-4dc1-9e77-f68ee8444978",
	"1b91a0a0-e9b0-4494-bec2-5c8fce0d043e",
	"b094b3c0-4600-46cb-a09a-2a94cb9ef720",
	0,
	0);
INSERT INTO V_VAL
	VALUES ("52576b18-00eb-449f-9bb2-e80e3afd6c37",
	1,
	0,
	3,
	42,
	46,
	0,
	0,
	0,
	0,
	"ba5eda7a-def5-0000-0000-000000000008",
	"8777045b-b3a3-4775-84cf-2ba1fe78b39e");
INSERT INTO V_IRF
	VALUES ("52576b18-00eb-449f-9bb2-e80e3afd6c37",
	"669a4acc-cba3-4e49-9ebf-6d54ae529553");
INSERT INTO V_VAL
	VALUES ("2ff5de46-01ff-4463-a308-dbb935b6a715",
	1,
	0,
	3,
	48,
	49,
	0,
	0,
	0,
	0,
	"ba5eda7a-def5-0000-0000-000000000002",
	"8777045b-b3a3-4775-84cf-2ba1fe78b39e");
INSERT INTO V_AVL
	VALUES ("2ff5de46-01ff-4463-a308-dbb935b6a715",
	"52576b18-00eb-449f-9bb2-e80e3afd6c37",
	"ac60c465-05e8-4fc6-96c0-a74ff51548b3",
	"8c58b602-53ab-4201-8d9c-13de6e828d7f");
INSERT INTO V_VAL
	VALUES ("0cdf9693-c875-417e-90ba-47d338930884",
	0,
	0,
	3,
	53,
	53,
	0,
	0,
	0,
	0,
	"ba5eda7a-def5-0000-0000-000000000002",
	"8777045b-b3a3-4775-84cf-2ba1fe78b39e");
INSERT INTO V_LIN
	VALUES ("0cdf9693-c875-417e-90ba-47d338930884",
	'1');
INSERT INTO V_VAL
	VALUES ("4f151eba-33f6-4d3c-8cbb-aa6adeca0a60",
	1,
	0,
	4,
	3,
	7,
	0,
	0,
	0,
	0,
	"ba5eda7a-def5-0000-0000-000000000008",
	"8777045b-b3a3-4775-84cf-2ba1fe78b39e");
INSERT INTO V_IRF
	VALUES ("4f151eba-33f6-4d3c-8cbb-aa6adeca0a60",
	"669a4acc-cba3-4e49-9ebf-6d54ae529553");
INSERT INTO V_VAL
	VALUES ("f5f46d00-9bcc-48d5-99e9-8c360d08e16f",
	1,
	0,
	4,
	9,
	28,
	0,
	0,
	0,
	0,
	"ba5eda7a-def5-0000-0000-000000000002",
	"8777045b-b3a3-4775-84cf-2ba1fe78b39e");
INSERT INTO V_AVL
	VALUES ("f5f46d00-9bcc-48d5-99e9-8c360d08e16f",
	"4f151eba-33f6-4d3c-8cbb-aa6adeca0a60",
	"ac60c465-05e8-4fc6-96c0-a74ff51548b3",
	"587a6d8c-30ab-4c76-b10a-6b0cf1582689");
INSERT INTO V_VAL
	VALUES ("3386511e-0bfd-4f90-b802-e4389458e1e1",
	0,
	0,
	4,
	32,
	32,
	0,
	0,
	0,
	0,
	"ba5eda7a-def5-0000-0000-000000000002",
	"8777045b-b3a3-4775-84cf-2ba1fe78b39e");
INSERT INTO V_LIN
	VALUES ("3386511e-0bfd-4f90-b802-e4389458e1e1",
	'5');
INSERT INTO V_VAL
	VALUES ("9ae1c3a5-6581-4f78-9c3d-ceff47c583c8",
	1,
	0,
	5,
	3,
	7,
	0,
	0,
	0,
	0,
	"ba5eda7a-def5-0000-0000-000000000008",
	"8777045b-b3a3-4775-84cf-2ba1fe78b39e");
INSERT INTO V_IRF
	VALUES ("9ae1c3a5-6581-4f78-9c3d-ceff47c583c8",
	"669a4acc-cba3-4e49-9ebf-6d54ae529553");
INSERT INTO V_VAL
	VALUES ("b094b3c0-4600-46cb-a09a-2a94cb9ef720",
	1,
	0,
	5,
	9,
	22,
	0,
	0,
	0,
	0,
	"ba5eda7a-def5-0000-0000-000000000002",
	"8777045b-b3a3-4775-84cf-2ba1fe78b39e");
INSERT INTO V_AVL
	VALUES ("b094b3c0-4600-46cb-a09a-2a94cb9ef720",
	"9ae1c3a5-6581-4f78-9c3d-ceff47c583c8",
	"ac60c465-05e8-4fc6-96c0-a74ff51548b3",
	"a45705f0-d3a1-41c4-8acd-2bdcaed06a05");
INSERT INTO V_VAL
	VALUES ("1b91a0a0-e9b0-4494-bec2-5c8fce0d043e",
	0,
	0,
	5,
	26,
	29,
	0,
	0,
	0,
	0,
	"ba5eda7a-def5-0000-0000-000000000002",
	"8777045b-b3a3-4775-84cf-2ba1fe78b39e");
INSERT INTO V_LIN
	VALUES ("1b91a0a0-e9b0-4494-bec2-5c8fce0d043e",
	'3600');
INSERT INTO O_NBATTR
	VALUES ("8c58b602-53ab-4201-8d9c-13de6e828d7f",
	"ac60c465-05e8-4fc6-96c0-a74ff51548b3");
INSERT INTO O_BATTR
	VALUES ("8c58b602-53ab-4201-8d9c-13de6e828d7f",
	"ac60c465-05e8-4fc6-96c0-a74ff51548b3");
INSERT INTO O_ATTR
	VALUES ("8c58b602-53ab-4201-8d9c-13de6e828d7f",
	"ac60c465-05e8-4fc6-96c0-a74ff51548b3",
	"00000000-0000-0000-0000-000000000000",
	'id',
	'',
	'',
	'id',
	0,
	"ba5eda7a-def5-0000-0000-000000000002",
	'',
	'');
INSERT INTO O_NBATTR
	VALUES ("587a6d8c-30ab-4c76-b10a-6b0cf1582689",
	"ac60c465-05e8-4fc6-96c0-a74ff51548b3");
INSERT INTO O_BATTR
	VALUES ("587a6d8c-30ab-4c76-b10a-6b0cf1582689",
	"ac60c465-05e8-4fc6-96c0-a74ff51548b3");
INSERT INTO O_ATTR
	VALUES ("587a6d8c-30ab-4c76-b10a-6b0cf1582689",
	"ac60c465-05e8-4fc6-96c0-a74ff51548b3",
	"8c58b602-53ab-4201-8d9c-13de6e828d7f",
	'SpeedAveragingWindow',
	'',
	'',
	'SpeedAveragingWindow',
	0,
	"ba5eda7a-def5-0000-0000-000000000002",
	'',
	'');
INSERT INTO O_NBATTR
	VALUES ("a45705f0-d3a1-41c4-8acd-2bdcaed06a05",
	"ac60c465-05e8-4fc6-96c0-a74ff51548b3");
INSERT INTO O_BATTR
	VALUES ("a45705f0-d3a1-41c4-8acd-2bdcaed06a05",
	"ac60c465-05e8-4fc6-96c0-a74ff51548b3");
INSERT INTO O_ATTR
	VALUES ("a45705f0-d3a1-41c4-8acd-2bdcaed06a05",
	"ac60c465-05e8-4fc6-96c0-a74ff51548b3",
	"587a6d8c-30ab-4c76-b10a-6b0cf1582689",
	'SecondsPerHour',
	'',
	'',
	'SecondsPerHour',
	0,
	"ba5eda7a-def5-0000-0000-000000000002",
	'',
	'');
INSERT INTO O_ID
	VALUES (0,
	"ac60c465-05e8-4fc6-96c0-a74ff51548b3");
INSERT INTO O_OIDA
	VALUES ("8c58b602-53ab-4201-8d9c-13de6e828d7f",
	"ac60c465-05e8-4fc6-96c0-a74ff51548b3",
	0,
	'id');
INSERT INTO O_ID
	VALUES (1,
	"ac60c465-05e8-4fc6-96c0-a74ff51548b3");
INSERT INTO O_ID
	VALUES (2,
	"ac60c465-05e8-4fc6-96c0-a74ff51548b3");
INSERT INTO PE_PE
	VALUES ("17e74bc8-2fe2-41d4-9ca1-908471be35f1",
	1,
	"9880342f-6bb0-463e-a89f-1285c48a9222",
	"00000000-0000-0000-0000-000000000000",
	4);
INSERT INTO O_OBJ
	VALUES ("17e74bc8-2fe2-41d4-9ca1-908471be35f1",
	'WorkoutTimerConstants',
	5,
	'WorkoutTimerConstants',
	'timerPeriod specifies, in seconds, the period for the workout timer.',
	"00000000-0000-0000-0000-000000000000");
INSERT INTO O_TFR
	VALUES ("bccaa7bb-2dfd-43aa-82b3-87b4d3767a2f",
	"17e74bc8-2fe2-41d4-9ca1-908471be35f1",
	'initialize',
	'',
	"ba5eda7a-def5-0000-0000-000000000000",
	0,
	'select any wtc from instances of WorkoutTimerConstants;
if ( empty wtc )
  create object instance wtc of WorkoutTimerConstants; wtc.id = 1;
  wtc.timerPeriod = 1;
end if;',
	1,
	'',
	"00000000-0000-0000-0000-000000000000",
	0);
INSERT INTO ACT_OPB
	VALUES ("b0c753d7-d66f-4a9e-9361-9933c1286b1f",
	"bccaa7bb-2dfd-43aa-82b3-87b4d3767a2f");
INSERT INTO ACT_ACT
	VALUES ("b0c753d7-d66f-4a9e-9361-9933c1286b1f",
	'class operation',
	0,
	"d8ffe22b-1fa8-47b7-b3d3-af1412f4b25c",
	"00000000-0000-0000-0000-000000000000",
	0,
	'WorkoutTimerConstants::initialize',
	"00000000-0000-0000-0000-000000000000");
INSERT INTO ACT_BLK
	VALUES ("d8ffe22b-1fa8-47b7-b3d3-af1412f4b25c",
	1,
	0,
	0,
	'',
	'',
	'',
	2,
	1,
	1,
	34,
	0,
	0,
	0,
	0,
	0,
	0,
	0,
	0,
	0,
	"b0c753d7-d66f-4a9e-9361-9933c1286b1f",
	"00000000-0000-0000-0000-000000000000");
INSERT INTO ACT_SMT
	VALUES ("6e68543a-13ef-44dd-bbed-cb5029b18261",
	"d8ffe22b-1fa8-47b7-b3d3-af1412f4b25c",
	"b09ff2b8-8160-4db4-abb0-7909c09c0b76",
	1,
	1,
	'WorkoutTimerConstants::initialize line: 1');
INSERT INTO ACT_FIO
	VALUES ("6e68543a-13ef-44dd-bbed-cb5029b18261",
	"561d98f6-e5a6-4084-87e4-9647c308aa57",
	1,
	'any',
	"17e74bc8-2fe2-41d4-9ca1-908471be35f1",
	1,
	34);
INSERT INTO ACT_SMT
	VALUES ("b09ff2b8-8160-4db4-abb0-7909c09c0b76",
	"d8ffe22b-1fa8-47b7-b3d3-af1412f4b25c",
	"00000000-0000-0000-0000-000000000000",
	2,
	1,
	'WorkoutTimerConstants::initialize line: 2');
INSERT INTO ACT_IF
	VALUES ("b09ff2b8-8160-4db4-abb0-7909c09c0b76",
	"0983e989-5ee8-4dc4-b144-0c378ae5db14",
	"78c81af4-8840-4d4f-8465-d85b03929ac3",
	"00000000-0000-0000-0000-000000000000",
	"00000000-0000-0000-0000-000000000000");
INSERT INTO V_VAL
	VALUES ("c63473d1-716f-4d18-829f-38541ba78008",
	0,
	0,
	2,
	12,
	14,
	0,
	0,
	0,
	0,
	"ba5eda7a-def5-0000-0000-000000000008",
	"d8ffe22b-1fa8-47b7-b3d3-af1412f4b25c");
INSERT INTO V_IRF
	VALUES ("c63473d1-716f-4d18-829f-38541ba78008",
	"561d98f6-e5a6-4084-87e4-9647c308aa57");
INSERT INTO V_VAL
	VALUES ("78c81af4-8840-4d4f-8465-d85b03929ac3",
	0,
	0,
	-1,
	-1,
	-1,
	0,
	0,
	0,
	0,
	"ba5eda7a-def5-0000-0000-000000000001",
	"d8ffe22b-1fa8-47b7-b3d3-af1412f4b25c");
INSERT INTO V_UNY
	VALUES ("78c81af4-8840-4d4f-8465-d85b03929ac3",
	"c63473d1-716f-4d18-829f-38541ba78008",
	'empty');
INSERT INTO V_VAR
	VALUES ("561d98f6-e5a6-4084-87e4-9647c308aa57",
	"d8ffe22b-1fa8-47b7-b3d3-af1412f4b25c",
	'wtc',
	1,
	"ba5eda7a-def5-0000-0000-000000000008");
INSERT INTO V_INT
	VALUES ("561d98f6-e5a6-4084-87e4-9647c308aa57",
	0,
	"17e74bc8-2fe2-41d4-9ca1-908471be35f1");
INSERT INTO ACT_BLK
	VALUES ("0983e989-5ee8-4dc4-b144-0c378ae5db14",
	0,
	0,
	0,
	'',
	'',
	'',
	4,
	3,
	3,
	33,
	0,
	0,
	0,
	0,
	0,
	0,
	0,
	0,
	0,
	"b0c753d7-d66f-4a9e-9361-9933c1286b1f",
	"00000000-0000-0000-0000-000000000000");
INSERT INTO ACT_SMT
	VALUES ("56bcfcd8-b810-4391-ba10-affbd0bbcd0e",
	"0983e989-5ee8-4dc4-b144-0c378ae5db14",
	"4d8d4697-0c69-446e-a9cb-a7bb4748d94b",
	3,
	3,
	'WorkoutTimerConstants::initialize line: 3');
INSERT INTO ACT_CR
	VALUES ("56bcfcd8-b810-4391-ba10-affbd0bbcd0e",
	"561d98f6-e5a6-4084-87e4-9647c308aa57",
	0,
	"17e74bc8-2fe2-41d4-9ca1-908471be35f1",
	3,
	33);
INSERT INTO ACT_SMT
	VALUES ("4d8d4697-0c69-446e-a9cb-a7bb4748d94b",
	"0983e989-5ee8-4dc4-b144-0c378ae5db14",
	"51fe13fc-0783-4a50-b2ac-7a1961d44b80",
	3,
	56,
	'WorkoutTimerConstants::initialize line: 3');
INSERT INTO ACT_AI
	VALUES ("4d8d4697-0c69-446e-a9cb-a7bb4748d94b",
	"75beb186-fb57-4d8f-bc0a-a41843848fe8",
	"7bd845ad-b269-40a4-9642-2b645f2b51cc",
	0,
	0);
INSERT INTO ACT_SMT
	VALUES ("51fe13fc-0783-4a50-b2ac-7a1961d44b80",
	"0983e989-5ee8-4dc4-b144-0c378ae5db14",
	"00000000-0000-0000-0000-000000000000",
	4,
	3,
	'WorkoutTimerConstants::initialize line: 4');
INSERT INTO ACT_AI
	VALUES ("51fe13fc-0783-4a50-b2ac-7a1961d44b80",
	"944a1824-9140-4c70-b5c2-81550e28a8e1",
	"e96c96e3-6111-4d91-a1f7-8cb5efa31e58",
	0,
	0);
INSERT INTO V_VAL
	VALUES ("2f4dc078-96eb-4327-bbc0-9a36d8c1e378",
	1,
	0,
	3,
	56,
	58,
	0,
	0,
	0,
	0,
	"ba5eda7a-def5-0000-0000-000000000008",
	"0983e989-5ee8-4dc4-b144-0c378ae5db14");
INSERT INTO V_IRF
	VALUES ("2f4dc078-96eb-4327-bbc0-9a36d8c1e378",
	"561d98f6-e5a6-4084-87e4-9647c308aa57");
INSERT INTO V_VAL
	VALUES ("7bd845ad-b269-40a4-9642-2b645f2b51cc",
	1,
	0,
	3,
	60,
	61,
	0,
	0,
	0,
	0,
	"ba5eda7a-def5-0000-0000-000000000002",
	"0983e989-5ee8-4dc4-b144-0c378ae5db14");
INSERT INTO V_AVL
	VALUES ("7bd845ad-b269-40a4-9642-2b645f2b51cc",
	"2f4dc078-96eb-4327-bbc0-9a36d8c1e378",
	"17e74bc8-2fe2-41d4-9ca1-908471be35f1",
	"f0a8a4a7-3fac-408b-9742-27a97e50ed18");
INSERT INTO V_VAL
	VALUES ("75beb186-fb57-4d8f-bc0a-a41843848fe8",
	0,
	0,
	3,
	65,
	65,
	0,
	0,
	0,
	0,
	"ba5eda7a-def5-0000-0000-000000000002",
	"0983e989-5ee8-4dc4-b144-0c378ae5db14");
INSERT INTO V_LIN
	VALUES ("75beb186-fb57-4d8f-bc0a-a41843848fe8",
	'1');
INSERT INTO V_VAL
	VALUES ("2ad14e3c-4a8a-49c7-9daa-6fe5f195a8f6",
	1,
	0,
	4,
	3,
	5,
	0,
	0,
	0,
	0,
	"ba5eda7a-def5-0000-0000-000000000008",
	"0983e989-5ee8-4dc4-b144-0c378ae5db14");
INSERT INTO V_IRF
	VALUES ("2ad14e3c-4a8a-49c7-9daa-6fe5f195a8f6",
	"561d98f6-e5a6-4084-87e4-9647c308aa57");
INSERT INTO V_VAL
	VALUES ("e96c96e3-6111-4d91-a1f7-8cb5efa31e58",
	1,
	0,
	4,
	7,
	17,
	0,
	0,
	0,
	0,
	"ba5eda7a-def5-0000-0000-000000000002",
	"0983e989-5ee8-4dc4-b144-0c378ae5db14");
INSERT INTO V_AVL
	VALUES ("e96c96e3-6111-4d91-a1f7-8cb5efa31e58",
	"2ad14e3c-4a8a-49c7-9daa-6fe5f195a8f6",
	"17e74bc8-2fe2-41d4-9ca1-908471be35f1",
	"16b3076b-7ab6-4cd8-8965-252836ca551d");
INSERT INTO V_VAL
	VALUES ("944a1824-9140-4c70-b5c2-81550e28a8e1",
	0,
	0,
	4,
	21,
	21,
	0,
	0,
	0,
	0,
	"ba5eda7a-def5-0000-0000-000000000002",
	"0983e989-5ee8-4dc4-b144-0c378ae5db14");
INSERT INTO V_LIN
	VALUES ("944a1824-9140-4c70-b5c2-81550e28a8e1",
	'1');
INSERT INTO O_NBATTR
	VALUES ("f0a8a4a7-3fac-408b-9742-27a97e50ed18",
	"17e74bc8-2fe2-41d4-9ca1-908471be35f1");
INSERT INTO O_BATTR
	VALUES ("f0a8a4a7-3fac-408b-9742-27a97e50ed18",
	"17e74bc8-2fe2-41d4-9ca1-908471be35f1");
INSERT INTO O_ATTR
	VALUES ("f0a8a4a7-3fac-408b-9742-27a97e50ed18",
	"17e74bc8-2fe2-41d4-9ca1-908471be35f1",
	"00000000-0000-0000-0000-000000000000",
	'id',
	'',
	'',
	'id',
	0,
	"ba5eda7a-def5-0000-0000-000000000002",
	'',
	'');
INSERT INTO O_NBATTR
	VALUES ("16b3076b-7ab6-4cd8-8965-252836ca551d",
	"17e74bc8-2fe2-41d4-9ca1-908471be35f1");
INSERT INTO O_BATTR
	VALUES ("16b3076b-7ab6-4cd8-8965-252836ca551d",
	"17e74bc8-2fe2-41d4-9ca1-908471be35f1");
INSERT INTO O_ATTR
	VALUES ("16b3076b-7ab6-4cd8-8965-252836ca551d",
	"17e74bc8-2fe2-41d4-9ca1-908471be35f1",
	"f0a8a4a7-3fac-408b-9742-27a97e50ed18",
	'timerPeriod',
	'',
	'',
	'timerPeriod',
	0,
	"ba5eda7a-def5-0000-0000-000000000002",
	'',
	'');
INSERT INTO O_ID
	VALUES (0,
	"17e74bc8-2fe2-41d4-9ca1-908471be35f1");
INSERT INTO O_OIDA
	VALUES ("f0a8a4a7-3fac-408b-9742-27a97e50ed18",
	"17e74bc8-2fe2-41d4-9ca1-908471be35f1",
	0,
	'id');
INSERT INTO O_ID
	VALUES (1,
	"17e74bc8-2fe2-41d4-9ca1-908471be35f1");
INSERT INTO O_ID
	VALUES (2,
	"17e74bc8-2fe2-41d4-9ca1-908471be35f1");
INSERT INTO PE_PE
	VALUES ("ad493808-4242-43f2-b94c-96813f06a733",
	1,
	"45a02e0a-7a50-4803-b943-a9e0c2ab6c1d",
	"00000000-0000-0000-0000-000000000000",
	7);
INSERT INTO EP_PKG
	VALUES ("ad493808-4242-43f2-b94c-96813f06a733",
	"00000000-0000-0000-0000-000000000000",
	"f6183599-e913-4960-ac9a-ad495a6db59f",
	'Shared',
	'',
	0);
INSERT INTO PE_PE
	VALUES ("cfb9aa72-125a-4d88-9ed9-1af1002d48f0",
	1,
	"ad493808-4242-43f2-b94c-96813f06a733",
	"00000000-0000-0000-0000-000000000000",
	3);
INSERT INTO S_DT
	VALUES ("cfb9aa72-125a-4d88-9ed9-1af1002d48f0",
	"00000000-0000-0000-0000-000000000000",
	'GoalCriteria',
	'The criteria type for a particular workout goal.  ',
	'');
INSERT INTO S_EDT
	VALUES ("cfb9aa72-125a-4d88-9ed9-1af1002d48f0");
INSERT INTO S_ENUM
	VALUES ("bcc5f6aa-9c0e-4be9-abec-40621b3c6571",
	'Pace',
	'A pace criteria is specified as a range of paces between
miniumum and maximum values specified in minutes per kilometer.',
	"cfb9aa72-125a-4d88-9ed9-1af1002d48f0",
	"e78a25d4-3628-4dbf-9347-9d7be2924102");
INSERT INTO S_ENUM
	VALUES ("e78a25d4-3628-4dbf-9347-9d7be2924102",
	'HeartRate',
	'A heart-rate criteria is specified as a range of heart rates between
minimum and maximum values, in beats per minute.',
	"cfb9aa72-125a-4d88-9ed9-1af1002d48f0",
	"00000000-0000-0000-0000-000000000000");
INSERT INTO PE_PE
	VALUES ("ca91d910-53ec-403c-9551-bfc1a9aa9b73",
	1,
	"ad493808-4242-43f2-b94c-96813f06a733",
	"00000000-0000-0000-0000-000000000000",
	3);
INSERT INTO S_DT
	VALUES ("ca91d910-53ec-403c-9551-bfc1a9aa9b73",
	"00000000-0000-0000-0000-000000000000",
	'GoalDisposition',
	'Disposition of a currently executing goal.',
	'');
INSERT INTO S_EDT
	VALUES ("ca91d910-53ec-403c-9551-bfc1a9aa9b73");
INSERT INTO S_ENUM
	VALUES ("4747b6cc-cb1a-4559-82f9-915290ff03fb",
	'Decrease',
	'The value associated with the goal is presently above the maximum 
specified in the criteria for the goal, so the user must decrease
that value to achieve the goal.',
	"ca91d910-53ec-403c-9551-bfc1a9aa9b73",
	"9b20494e-b74a-43a6-827e-bdf246f511aa");
INSERT INTO S_ENUM
	VALUES ("9b20494e-b74a-43a6-827e-bdf246f511aa",
	'Increase',
	'The value associated with the goal is presently below the minimum 
specified in the criteria for the goal, so the user must increase
that value to achieve the goal.',
	"ca91d910-53ec-403c-9551-bfc1a9aa9b73",
	"42d59715-a1d3-4693-82cd-e43c5e41c1cd");
INSERT INTO S_ENUM
	VALUES ("42d59715-a1d3-4693-82cd-e43c5e41c1cd",
	'Achieving',
	'The goal is currently being achieved.',
	"ca91d910-53ec-403c-9551-bfc1a9aa9b73",
	"00000000-0000-0000-0000-000000000000");
INSERT INTO PE_PE
	VALUES ("42487d7d-390d-48d8-a7a5-474cf2d8a900",
	1,
	"ad493808-4242-43f2-b94c-96813f06a733",
	"00000000-0000-0000-0000-000000000000",
	3);
INSERT INTO S_DT
	VALUES ("42487d7d-390d-48d8-a7a5-474cf2d8a900",
	"00000000-0000-0000-0000-000000000000",
	'GoalSpan',
	'',
	'');
INSERT INTO S_EDT
	VALUES ("42487d7d-390d-48d8-a7a5-474cf2d8a900");
INSERT INTO S_ENUM
	VALUES ("70b8c1c7-75eb-42ab-ba2d-2ff08ea01c45",
	'Time',
	'A time-based span is specified in seconds.',
	"42487d7d-390d-48d8-a7a5-474cf2d8a900",
	"6b1832c1-f200-44e1-abe5-b2417a0f4d5d");
INSERT INTO S_ENUM
	VALUES ("6b1832c1-f200-44e1-abe5-b2417a0f4d5d",
	'Distance',
	'A distance-based span is specified in meters.',
	"42487d7d-390d-48d8-a7a5-474cf2d8a900",
	"00000000-0000-0000-0000-000000000000");
INSERT INTO PE_PE
	VALUES ("0c2280ac-677d-4cc7-a34f-fde18b6c9506",
	1,
	"ad493808-4242-43f2-b94c-96813f06a733",
	"00000000-0000-0000-0000-000000000000",
	3);
INSERT INTO S_DT
	VALUES ("0c2280ac-677d-4cc7-a34f-fde18b6c9506",
	"00000000-0000-0000-0000-000000000000",
	'Indicator',
	'Graphical indicator.',
	'');
INSERT INTO S_EDT
	VALUES ("0c2280ac-677d-4cc7-a34f-fde18b6c9506");
INSERT INTO S_ENUM
	VALUES ("6f056bda-b51d-49b8-80e6-e3252575303f",
	'Down',
	'A downward indicator:  perhaps an arrow pointing down.',
	"0c2280ac-677d-4cc7-a34f-fde18b6c9506",
	"e24ca681-a88f-481f-9a58-563692e6a583");
INSERT INTO S_ENUM
	VALUES ("5ac9a186-c6db-4585-b9f0-55b33f8f9188",
	'Flat',
	'A neutral indicator:  perhaps a horizontal line or dash.',
	"0c2280ac-677d-4cc7-a34f-fde18b6c9506",
	"6f056bda-b51d-49b8-80e6-e3252575303f");
INSERT INTO S_ENUM
	VALUES ("77c1c31d-c558-4feb-8ea1-780d12a75db4",
	'Up',
	'A downward indicator:  perhaps an arrow pointing up.',
	"0c2280ac-677d-4cc7-a34f-fde18b6c9506",
	"5ac9a186-c6db-4585-b9f0-55b33f8f9188");
INSERT INTO S_ENUM
	VALUES ("e24ca681-a88f-481f-9a58-563692e6a583",
	'Blank',
	'No indicator at all.',
	"0c2280ac-677d-4cc7-a34f-fde18b6c9506",
	"00000000-0000-0000-0000-000000000000");
INSERT INTO PE_PE
	VALUES ("f9cb3942-d25e-4b1d-99d2-80346dffff7a",
	1,
	"ad493808-4242-43f2-b94c-96813f06a733",
	"00000000-0000-0000-0000-000000000000",
	3);
INSERT INTO S_DT
	VALUES ("f9cb3942-d25e-4b1d-99d2-80346dffff7a",
	"00000000-0000-0000-0000-000000000000",
	'Unit',
	'',
	'');
INSERT INTO S_EDT
	VALUES ("f9cb3942-d25e-4b1d-99d2-80346dffff7a");
INSERT INTO S_ENUM
	VALUES ("7a04d41b-8653-4023-ae95-2671d827213d",
	'km',
	'',
	"f9cb3942-d25e-4b1d-99d2-80346dffff7a",
	"00000000-0000-0000-0000-000000000000");
INSERT INTO S_ENUM
	VALUES ("e347c7a2-ebf8-4057-aa8c-23d495d08ad8",
	'meters',
	'',
	"f9cb3942-d25e-4b1d-99d2-80346dffff7a",
	"7a04d41b-8653-4023-ae95-2671d827213d");
INSERT INTO S_ENUM
	VALUES ("2b1a3b39-50f1-4448-b9c3-182a9c60992e",
	'minPerKm',
	'',
	"f9cb3942-d25e-4b1d-99d2-80346dffff7a",
	"e347c7a2-ebf8-4057-aa8c-23d495d08ad8");
INSERT INTO S_ENUM
	VALUES ("ca0a6b79-f15e-4321-9499-1000167712e5",
	'kmPerHour',
	'',
	"f9cb3942-d25e-4b1d-99d2-80346dffff7a",
	"2b1a3b39-50f1-4448-b9c3-182a9c60992e");
INSERT INTO S_ENUM
	VALUES ("a4c23996-1092-44be-b397-87b64967e76b",
	'miles',
	'',
	"f9cb3942-d25e-4b1d-99d2-80346dffff7a",
	"ca0a6b79-f15e-4321-9499-1000167712e5");
INSERT INTO S_ENUM
	VALUES ("fede0df8-71bf-46c3-8a1a-95b83b032332",
	'yards',
	'',
	"f9cb3942-d25e-4b1d-99d2-80346dffff7a",
	"a4c23996-1092-44be-b397-87b64967e76b");
INSERT INTO S_ENUM
	VALUES ("f2724352-1500-44fd-8686-7f3546b63600",
	'feet',
	'',
	"f9cb3942-d25e-4b1d-99d2-80346dffff7a",
	"fede0df8-71bf-46c3-8a1a-95b83b032332");
INSERT INTO S_ENUM
	VALUES ("301af545-29b9-4597-8d87-5d7b64a7c320",
	'minPerMile',
	'',
	"f9cb3942-d25e-4b1d-99d2-80346dffff7a",
	"f2724352-1500-44fd-8686-7f3546b63600");
INSERT INTO S_ENUM
	VALUES ("ac2f2143-2957-4d42-8e36-10be2681fbc0",
	'mph',
	'',
	"f9cb3942-d25e-4b1d-99d2-80346dffff7a",
	"301af545-29b9-4597-8d87-5d7b64a7c320");
INSERT INTO S_ENUM
	VALUES ("f1164774-3947-48e6-b980-aefbdab5dccc",
	'bpm',
	'',
	"f9cb3942-d25e-4b1d-99d2-80346dffff7a",
	"ac2f2143-2957-4d42-8e36-10be2681fbc0");
INSERT INTO S_ENUM
	VALUES ("ef8e3ed0-279f-4e51-bbca-9159c5413ba9",
	'laps',
	'',
	"f9cb3942-d25e-4b1d-99d2-80346dffff7a",
	"f1164774-3947-48e6-b980-aefbdab5dccc");
INSERT INTO C_EP_PROXY
	VALUES ("237b9594-3ca5-4339-ab89-e1148acb6c69",
	"203a4287-09f9-4c6c-97fa-12e9ac462a4e",
	-1,
	'registerListener',
	'',
	'../../../HeartRateMonitor/models/HeartRateMonitor/HeartRateMonitor/Shared/HeartRateProvider/HeartRateProvider.xtuml');
INSERT INTO C_EP_PROXY
	VALUES ("3ec7f152-2ffa-4fdc-bfe5-9a0cd32fca43",
	"203a4287-09f9-4c6c-97fa-12e9ac462a4e",
	-1,
	'unregisterListener',
	'',
	'../../../HeartRateMonitor/models/HeartRateMonitor/HeartRateMonitor/Shared/HeartRateProvider/HeartRateProvider.xtuml');
INSERT INTO C_PP_PROXY
	VALUES ("4857863e-2bfe-4eb5-b712-82a8ce9965a8",
	"ab097b0e-b676-4f90-b952-cb9927d0c8c3",
	"ba5eda7a-def5-0000-0000-000000000002",
	'heartRate',
	'',
	0,
	'',
	"00000000-0000-0000-0000-000000000000",
	'../../../HeartRateMonitor/models/HeartRateMonitor/HeartRateMonitor/Shared/HeartRateProvider/HeartRateProvider.xtuml');
INSERT INTO C_EP_PROXY
	VALUES ("ab097b0e-b676-4f90-b952-cb9927d0c8c3",
	"203a4287-09f9-4c6c-97fa-12e9ac462a4e",
	-1,
	'heartRateChanged',
	'',
	'../../../HeartRateMonitor/models/HeartRateMonitor/HeartRateMonitor/Shared/HeartRateProvider/HeartRateProvider.xtuml');
INSERT INTO C_I_PROXY
	VALUES ("203a4287-09f9-4c6c-97fa-12e9ac462a4e",
	"00000000-0000-0000-0000-000000000000",
	'HeartRateProvider',
	'',
	'../../../HeartRateMonitor/models/HeartRateMonitor/HeartRateMonitor/Shared/HeartRateProvider/HeartRateProvider.xtuml');
INSERT INTO C_EP_PROXY
	VALUES ("9043596d-b574-4d4f-9838-a687e9372290",
	"de38d4b0-e70e-49ee-a5b9-590645243ae5",
	-1,
	'registerListener',
	'',
	'../../../Location/models/Location/Location/Shared/LocationProvider/LocationProvider.xtuml');
INSERT INTO C_EP_PROXY
	VALUES ("f01801fe-af9f-473d-a9e1-c00a44758b05",
	"de38d4b0-e70e-49ee-a5b9-590645243ae5",
	-1,
	'unregisterListener',
	'',
	'../../../Location/models/Location/Location/Shared/LocationProvider/LocationProvider.xtuml');
INSERT INTO C_PP_PROXY
	VALUES ("9f048e9d-7fb7-44c1-8021-9812c57c4fe7",
	"663b286f-8496-44d7-b25c-9f9d0878f982",
	"ba5eda7a-def5-0000-0000-000000000003",
	'latitude',
	'Latitude, expressed in decimal degrees, of the current position.',
	0,
	'',
	"00000000-0000-0000-0000-000000000000",
	'../../../Location/models/Location/Location/Shared/LocationProvider/LocationProvider.xtuml');
INSERT INTO C_PP_PROXY
	VALUES ("b9fdbd2b-ccf7-499d-908c-809c0a708682",
	"663b286f-8496-44d7-b25c-9f9d0878f982",
	"ba5eda7a-def5-0000-0000-000000000003",
	'longitude',
	'Longitude, expressed in decimal degrees, of the current position.',
	0,
	'',
	"9f048e9d-7fb7-44c1-8021-9812c57c4fe7",
	'../../../Location/models/Location/Location/Shared/LocationProvider/LocationProvider.xtuml');
INSERT INTO C_EP_PROXY
	VALUES ("663b286f-8496-44d7-b25c-9f9d0878f982",
	"de38d4b0-e70e-49ee-a5b9-590645243ae5",
	-1,
	'locationChanged',
	'',
	'../../../Location/models/Location/Location/Shared/LocationProvider/LocationProvider.xtuml');
INSERT INTO C_I_PROXY
	VALUES ("de38d4b0-e70e-49ee-a5b9-590645243ae5",
	"00000000-0000-0000-0000-000000000000",
	'LocationProvider',
	'',
	'../../../Location/models/Location/Location/Shared/LocationProvider/LocationProvider.xtuml');
INSERT INTO C_EP_PROXY
	VALUES ("4733023e-4c69-4620-b5bf-a2e79b67fbc0",
	"06e358bd-8488-4092-af9c-7c359b158f4d",
	-1,
	'setTime',
	'',
	'../../../UI/models/UI/UI/Shared/UI/UI.xtuml');
INSERT INTO C_EP_PROXY
	VALUES ("b951d79d-a853-44d9-a2d5-4c26cfc7dc70",
	"06e358bd-8488-4092-af9c-7c359b158f4d",
	-1,
	'setData',
	'',
	'../../../UI/models/UI/UI/Shared/UI/UI.xtuml');
INSERT INTO C_EP_PROXY
	VALUES ("5ca515d4-2e83-4632-b040-ee98f9ef2a4e",
	"06e358bd-8488-4092-af9c-7c359b158f4d",
	-1,
	'setIndicator',
	'',
	'../../../UI/models/UI/UI/Shared/UI/UI.xtuml');
INSERT INTO C_EP_PROXY
	VALUES ("6254528a-deb6-494e-889f-c3251a439e85",
	"06e358bd-8488-4092-af9c-7c359b158f4d",
	-1,
	'setTargetPressed',
	'',
	'../../../UI/models/UI/UI/Shared/UI/UI.xtuml');
INSERT INTO C_EP_PROXY
	VALUES ("33261358-e34d-422e-ac5e-64694cb5c8be",
	"06e358bd-8488-4092-af9c-7c359b158f4d",
	-1,
	'startStopPressed',
	'',
	'../../../UI/models/UI/UI/Shared/UI/UI.xtuml');
INSERT INTO C_EP_PROXY
	VALUES ("589b2128-3828-478d-bf59-1bf4f00ff7e2",
	"06e358bd-8488-4092-af9c-7c359b158f4d",
	-1,
	'lapResetPressed',
	'',
	'../../../UI/models/UI/UI/Shared/UI/UI.xtuml');
INSERT INTO C_EP_PROXY
	VALUES ("a06f7f09-a3fb-40d8-bedd-21e8ed14a6fe",
	"06e358bd-8488-4092-af9c-7c359b158f4d",
	-1,
	'lightPressed',
	'',
	'../../../UI/models/UI/UI/Shared/UI/UI.xtuml');
INSERT INTO C_EP_PROXY
	VALUES ("77337936-fbfd-4e50-af18-4ae2c1684ada",
	"06e358bd-8488-4092-af9c-7c359b158f4d",
	-1,
	'modePressed',
	'',
	'../../../UI/models/UI/UI/Shared/UI/UI.xtuml');
INSERT INTO C_PP_PROXY
	VALUES ("eb86c722-2f40-4e72-8c59-3409536cba17",
	"45a6e44b-1246-4ab3-893d-a1761853347b",
	"42487d7d-390d-48d8-a7a5-474cf2d8a900",
	'spanType',
	'',
	0,
	'',
	"00000000-0000-0000-0000-000000000000",
	'../../../UI/models/UI/UI/Shared/UI/UI.xtuml');
INSERT INTO C_PP_PROXY
	VALUES ("3790a683-9ce0-49ca-87f9-d1a0a27408ba",
	"45a6e44b-1246-4ab3-893d-a1761853347b",
	"cfb9aa72-125a-4d88-9ed9-1af1002d48f0",
	'criteriaType',
	'',
	0,
	'',
	"eb86c722-2f40-4e72-8c59-3409536cba17",
	'../../../UI/models/UI/UI/Shared/UI/UI.xtuml');
INSERT INTO C_PP_PROXY
	VALUES ("b8c7071c-f635-4c81-a0ed-ecd4f0053c0e",
	"45a6e44b-1246-4ab3-893d-a1761853347b",
	"ba5eda7a-def5-0000-0000-000000000003",
	'span',
	'',
	0,
	'',
	"3790a683-9ce0-49ca-87f9-d1a0a27408ba",
	'../../../UI/models/UI/UI/Shared/UI/UI.xtuml');
INSERT INTO C_PP_PROXY
	VALUES ("c85db51c-91b1-4e0c-b1be-a13af186ba5b",
	"45a6e44b-1246-4ab3-893d-a1761853347b",
	"ba5eda7a-def5-0000-0000-000000000003",
	'maximum',
	'',
	0,
	'',
	"b8c7071c-f635-4c81-a0ed-ecd4f0053c0e",
	'../../../UI/models/UI/UI/Shared/UI/UI.xtuml');
INSERT INTO C_PP_PROXY
	VALUES ("3334ac99-b913-4acc-928f-7014b567a4e1",
	"45a6e44b-1246-4ab3-893d-a1761853347b",
	"ba5eda7a-def5-0000-0000-000000000003",
	'minimum',
	'',
	0,
	'',
	"c85db51c-91b1-4e0c-b1be-a13af186ba5b",
	'../../../UI/models/UI/UI/Shared/UI/UI.xtuml');
INSERT INTO C_PP_PROXY
	VALUES ("46d0ad64-83fd-48ae-b477-4e92700ec4d9",
	"45a6e44b-1246-4ab3-893d-a1761853347b",
	"ba5eda7a-def5-0000-0000-000000000002",
	'sequenceNumber',
	'',
	0,
	'',
	"3334ac99-b913-4acc-928f-7014b567a4e1",
	'../../../UI/models/UI/UI/Shared/UI/UI.xtuml');
INSERT INTO C_EP_PROXY
	VALUES ("45a6e44b-1246-4ab3-893d-a1761853347b",
	"06e358bd-8488-4092-af9c-7c359b158f4d",
	-1,
	'newGoalSpec',
	'',
	'../../../UI/models/UI/UI/Shared/UI/UI.xtuml');
INSERT INTO C_I_PROXY
	VALUES ("06e358bd-8488-4092-af9c-7c359b158f4d",
	"00000000-0000-0000-0000-000000000000",
	'UI',
	'',
	'../../../UI/models/UI/UI/Shared/UI/UI.xtuml');
INSERT INTO S_BRG_PROXY
	VALUES ("7b593108-9200-42f0-86c7-49dfd1e5d704",
	"445e6cf8-2b35-4c6d-b9ff-1db8125259dc",
	'sqrt',
	'',
	0,
	"ba5eda7a-def5-0000-0000-000000000003",
	'',
	1,
	'',
	0,
	'../../../io.ciera.runtime/models/io.ciera.runtime/io.ciera.runtime.summit.util/io.ciera.runtime.summit.util.xtuml');
INSERT INTO S_BRG_PROXY
	VALUES ("2dcf3e84-1208-4e7f-a70c-a54d15f1ce77",
	"fb3760d2-2a3e-463f-bd24-66cd25fdba39",
	'LogFailure',
	'',
	0,
	"ba5eda7a-def5-0000-0000-000000000000",
	'',
	1,
	'',
	0,
	'../../../io.ciera.runtime/models/io.ciera.runtime/io.ciera.runtime.summit.util/io.ciera.runtime.summit.util.xtuml');
INSERT INTO S_BRG_PROXY
	VALUES ("112f319f-4c8e-482c-a552-276f1b56bc8d",
	"301ed0ee-cd6b-49d6-949f-df904baa862c",
	'shutdown',
	'',
	0,
	"ba5eda7a-def5-0000-0000-000000000000",
	'//',
	1,
	'',
	0,
	'../../../io.ciera.runtime/models/io.ciera.runtime/io.ciera.runtime.summit.util/io.ciera.runtime.summit.util.xtuml');
INSERT INTO S_BRG_PROXY
	VALUES ("f3a7f92c-3c6b-4d36-8f32-849ae8fce50a",
	"0cbe8000-b94e-43c0-a74e-b3d9f70bb59d",
	'current_clock',
	'',
	1,
	"ba5eda7a-def5-0000-0000-000000000010",
	'',
	1,
	'',
	0,
	'../../../io.ciera.runtime/models/io.ciera.runtime/io.ciera.runtime.summit.util/io.ciera.runtime.summit.util.xtuml');
INSERT INTO S_BRG_PROXY
	VALUES ("16322409-ab18-4a8a-8189-42924b6ad4c7",
	"0cbe8000-b94e-43c0-a74e-b3d9f70bb59d",
	'timer_start_recurring',
	'This bridge operation starts a timer set to expire in the specified number of
microseconds, generating the passed event upon expiration. Upon expiration, the
timer will be restarted and fire again in the specified number of microseconds
generating the passed event. This bridge operation returns the instance handle
of the timer.',
	1,
	"ba5eda7a-def5-0000-0000-00000000000f",
	'',
	1,
	'',
	0,
	'../../../io.ciera.runtime/models/io.ciera.runtime/io.ciera.runtime.summit.util/io.ciera.runtime.summit.util.xtuml');
INSERT INTO S_BRG_PROXY
	VALUES ("b2f303f5-6e95-4731-a762-be0c0eb02ca7",
	"0cbe8000-b94e-43c0-a74e-b3d9f70bb59d",
	'timer_cancel',
	'This bridge operation cancels and deletes the passed timer instance. If the
timer exists (that is, it had not expired), a TRUE value is returned. If the
timer no longer exists, a FALSE value is returned.',
	1,
	"ba5eda7a-def5-0000-0000-000000000001",
	'',
	1,
	'',
	0,
	'../../../io.ciera.runtime/models/io.ciera.runtime/io.ciera.runtime.summit.util/io.ciera.runtime.summit.util.xtuml');
-- root-types-contained: SystemModel_c
-- BP 7.1 content: StreamData syschar: 3 persistence-version: 7.1.6

INSERT INTO S_SYS
	VALUES ("4740e777-a5cc-452b-8cd1-16250baeab10",
	'HeartRateMonitor',
	1);
INSERT INTO EP_PKG
	VALUES ("2b0c8fd6-d69a-4306-9ef2-2fa3c850b738",
	"4740e777-a5cc-452b-8cd1-16250baeab10",
	"4740e777-a5cc-452b-8cd1-16250baeab10",
	'HeartRateMonitor',
	'',
	0);
INSERT INTO PE_PE
	VALUES ("ed93c14e-fda4-459a-8618-9eadf6b40d59",
	1,
	"2b0c8fd6-d69a-4306-9ef2-2fa3c850b738",
	"00000000-0000-0000-0000-000000000000",
	7);
INSERT INTO EP_PKG
	VALUES ("ed93c14e-fda4-459a-8618-9eadf6b40d59",
	"00000000-0000-0000-0000-000000000000",
	"4740e777-a5cc-452b-8cd1-16250baeab10",
	'Shared',
	'',
	0);
INSERT INTO PE_PE
	VALUES ("203a4287-09f9-4c6c-97fa-12e9ac462a4e",
	1,
	"ed93c14e-fda4-459a-8618-9eadf6b40d59",
	"00000000-0000-0000-0000-000000000000",
	6);
INSERT INTO C_I
	VALUES ("203a4287-09f9-4c6c-97fa-12e9ac462a4e",
	"00000000-0000-0000-0000-000000000000",
	'HeartRateProvider',
	'');
INSERT INTO C_EP
	VALUES ("237b9594-3ca5-4339-ab89-e1148acb6c69",
	"203a4287-09f9-4c6c-97fa-12e9ac462a4e",
	-1,
	'registerListener',
	'');
INSERT INTO C_AS
	VALUES ("237b9594-3ca5-4339-ab89-e1148acb6c69",
	'registerListener',
	'',
	0,
	"00000000-0000-0000-0000-000000000000");
INSERT INTO C_EP
	VALUES ("3ec7f152-2ffa-4fdc-bfe5-9a0cd32fca43",
	"203a4287-09f9-4c6c-97fa-12e9ac462a4e",
	-1,
	'unregisterListener',
	'');
INSERT INTO C_AS
	VALUES ("3ec7f152-2ffa-4fdc-bfe5-9a0cd32fca43",
	'unregisterListener',
	'',
	0,
	"237b9594-3ca5-4339-ab89-e1148acb6c69");
INSERT INTO C_EP
	VALUES ("ab097b0e-b676-4f90-b952-cb9927d0c8c3",
	"203a4287-09f9-4c6c-97fa-12e9ac462a4e",
	-1,
	'heartRateChanged',
	'');
INSERT INTO C_AS
	VALUES ("ab097b0e-b676-4f90-b952-cb9927d0c8c3",
	'heartRateChanged',
	'',
	1,
	"3ec7f152-2ffa-4fdc-bfe5-9a0cd32fca43");
INSERT INTO C_PP
	VALUES ("4857863e-2bfe-4eb5-b712-82a8ce9965a8",
	"ab097b0e-b676-4f90-b952-cb9927d0c8c3",
	"ba5eda7a-def5-0000-0000-000000000002",
	'heartRate',
	'',
	0,
	'',
	"00000000-0000-0000-0000-000000000000");
INSERT INTO PE_PE
	VALUES ("fff30510-d90f-4286-962f-f99732ae7c5a",
	1,
	"2b0c8fd6-d69a-4306-9ef2-2fa3c850b738",
	"00000000-0000-0000-0000-000000000000",
	2);
INSERT INTO C_C
	VALUES ("fff30510-d90f-4286-962f-f99732ae7c5a",
	"00000000-0000-0000-0000-000000000000",
	"00000000-0000-0000-0000-000000000000",
	'HeartRateMonitor',
	'Simulates a pulse monitor hardware/firmware. This component is only behavioral and included for testing purposes.',
	0,
	"00000000-0000-0000-0000-000000000000",
	0,
	'');
INSERT INTO C_PO
	VALUES ("251e195a-8675-48a9-88f3-91492d685109",
	"fff30510-d90f-4286-962f-f99732ae7c5a",
	'HR',
	0,
	0);
INSERT INTO C_IR
	VALUES ("5659a879-3ecf-47ee-99d2-11f373c4a8b8",
	"203a4287-09f9-4c6c-97fa-12e9ac462a4e",
	"00000000-0000-0000-0000-000000000000",
	"251e195a-8675-48a9-88f3-91492d685109");
INSERT INTO C_P
	VALUES ("5659a879-3ecf-47ee-99d2-11f373c4a8b8",
	'HeartRateProvider',
	'Unnamed Interface',
	'',
	'HeartRateMonitor::HR::HeartRateProvider');
INSERT INTO SPR_PEP
	VALUES ("beabeb6b-7916-4806-a83b-ad5dcb1e2952",
	"237b9594-3ca5-4339-ab89-e1148acb6c69",
	"5659a879-3ecf-47ee-99d2-11f373c4a8b8");
INSERT INTO SPR_PS
	VALUES ("beabeb6b-7916-4806-a83b-ad5dcb1e2952",
	'registerListener',
	'',
	'::registerListener();',
	1,
	0);
INSERT INTO ACT_PSB
	VALUES ("a6d3d9d2-8d8c-48a2-ac8b-9f43b95c7491",
	"beabeb6b-7916-4806-a83b-ad5dcb1e2952");
INSERT INTO ACT_ACT
	VALUES ("a6d3d9d2-8d8c-48a2-ac8b-9f43b95c7491",
	'signal',
	0,
	"e236740f-c035-40f0-8d48-4e6f1f87bb70",
	"00000000-0000-0000-0000-000000000000",
	0,
	'HR::HeartRateProvider::registerListener',
	"00000000-0000-0000-0000-000000000000");
INSERT INTO ACT_BLK
	VALUES ("e236740f-c035-40f0-8d48-4e6f1f87bb70",
	0,
	0,
	0,
	'',
	'',
	'',
	1,
	1,
	0,
	0,
	0,
	0,
	0,
	0,
	0,
	0,
	0,
	0,
	0,
	"a6d3d9d2-8d8c-48a2-ac8b-9f43b95c7491",
	"00000000-0000-0000-0000-000000000000");
INSERT INTO ACT_SMT
	VALUES ("4b27bd82-7c47-4baf-a772-8c5425834546",
	"e236740f-c035-40f0-8d48-4e6f1f87bb70",
	"00000000-0000-0000-0000-000000000000",
	1,
	1,
	'HR::HeartRateProvider::registerListener line: 1');
INSERT INTO ACT_FNC
	VALUES ("4b27bd82-7c47-4baf-a772-8c5425834546",
	"ed86321e-563c-417c-83b2-1cda3ba21bb7",
	1,
	3);
INSERT INTO SPR_PEP
	VALUES ("453032a5-c340-459e-ae7d-901388e3d22a",
	"3ec7f152-2ffa-4fdc-bfe5-9a0cd32fca43",
	"5659a879-3ecf-47ee-99d2-11f373c4a8b8");
INSERT INTO SPR_PS
	VALUES ("453032a5-c340-459e-ae7d-901388e3d22a",
	'unregisterListener',
	'',
	'::unregisterListener();',
	1,
	0);
INSERT INTO ACT_PSB
	VALUES ("afd93876-54d8-4d0b-8cb9-2d7b5b9e497a",
	"453032a5-c340-459e-ae7d-901388e3d22a");
INSERT INTO ACT_ACT
	VALUES ("afd93876-54d8-4d0b-8cb9-2d7b5b9e497a",
	'signal',
	0,
	"19eaa981-f33f-4059-9647-5f57267c931f",
	"00000000-0000-0000-0000-000000000000",
	0,
	'HR::HeartRateProvider::unregisterListener',
	"00000000-0000-0000-0000-000000000000");
INSERT INTO ACT_BLK
	VALUES ("19eaa981-f33f-4059-9647-5f57267c931f",
	0,
	0,
	0,
	'',
	'',
	'',
	1,
	1,
	0,
	0,
	0,
	0,
	0,
	0,
	0,
	0,
	0,
	0,
	0,
	"afd93876-54d8-4d0b-8cb9-2d7b5b9e497a",
	"00000000-0000-0000-0000-000000000000");
INSERT INTO ACT_SMT
	VALUES ("a850c293-e4a3-4e07-9480-8eb87eb47cc3",
	"19eaa981-f33f-4059-9647-5f57267c931f",
	"00000000-0000-0000-0000-000000000000",
	1,
	1,
	'HR::HeartRateProvider::unregisterListener line: 1');
INSERT INTO ACT_FNC
	VALUES ("a850c293-e4a3-4e07-9480-8eb87eb47cc3",
	"6b474769-4c4f-4f8d-a123-6cd9f4637893",
	1,
	3);
INSERT INTO SPR_PEP
	VALUES ("fb3d7511-78c9-4e24-8d39-25c5a3a35d1d",
	"ab097b0e-b676-4f90-b952-cb9927d0c8c3",
	"5659a879-3ecf-47ee-99d2-11f373c4a8b8");
INSERT INTO SPR_PS
	VALUES ("fb3d7511-78c9-4e24-8d39-25c5a3a35d1d",
	'heartRateChanged',
	'',
	'',
	1,
	0);
INSERT INTO ACT_PSB
	VALUES ("ecaa006d-e886-4650-822d-c71ab200bd6f",
	"fb3d7511-78c9-4e24-8d39-25c5a3a35d1d");
INSERT INTO ACT_ACT
	VALUES ("ecaa006d-e886-4650-822d-c71ab200bd6f",
	'signal',
	0,
	"7693f933-f022-492b-8321-85f20824a3dc",
	"00000000-0000-0000-0000-000000000000",
	0,
	'HR::HeartRateProvider::heartRateChanged',
	"00000000-0000-0000-0000-000000000000");
INSERT INTO ACT_BLK
	VALUES ("7693f933-f022-492b-8321-85f20824a3dc",
	0,
	0,
	0,
	'',
	'',
	'',
	0,
	0,
	0,
	0,
	0,
	0,
	0,
	0,
	0,
	0,
	0,
	0,
	0,
	"ecaa006d-e886-4650-822d-c71ab200bd6f",
	"00000000-0000-0000-0000-000000000000");
INSERT INTO PE_PE
	VALUES ("531d1f1e-2aca-441e-9931-d7c9508d75ad",
	1,
	"00000000-0000-0000-0000-000000000000",
	"fff30510-d90f-4286-962f-f99732ae7c5a",
	7);
INSERT INTO EP_PKG
	VALUES ("531d1f1e-2aca-441e-9931-d7c9508d75ad",
	"00000000-0000-0000-0000-000000000000",
	"4740e777-a5cc-452b-8cd1-16250baeab10",
	'functions',
	'',
	0);
INSERT INTO PE_PE
	VALUES ("ed86321e-563c-417c-83b2-1cda3ba21bb7",
	1,
	"531d1f1e-2aca-441e-9931-d7c9508d75ad",
	"00000000-0000-0000-0000-000000000000",
	1);
INSERT INTO S_SYNC
	VALUES ("ed86321e-563c-417c-83b2-1cda3ba21bb7",
	"00000000-0000-0000-0000-000000000000",
	'registerListener',
	'',
	'HRM::initialize();
select any hr from instances of HRM;
generate HRM8:registerListener() to hr;',
	"ba5eda7a-def5-0000-0000-000000000000",
	1,
	'',
	0);
INSERT INTO ACT_FNB
	VALUES ("23264270-d3d5-42ff-ae3c-91c55b0663df",
	"ed86321e-563c-417c-83b2-1cda3ba21bb7");
INSERT INTO ACT_ACT
	VALUES ("23264270-d3d5-42ff-ae3c-91c55b0663df",
	'function',
	0,
	"7476dcc4-df41-443f-83d4-a8892c6f8927",
	"00000000-0000-0000-0000-000000000000",
	0,
	'registerListener',
	"00000000-0000-0000-0000-000000000000");
INSERT INTO ACT_BLK
	VALUES ("7476dcc4-df41-443f-83d4-a8892c6f8927",
	1,
	0,
	0,
	'V_VAR.Var_ID',
	'',
	'',
	3,
	1,
	2,
	33,
	0,
	0,
	0,
	0,
	0,
	0,
	0,
	0,
	0,
	"23264270-d3d5-42ff-ae3c-91c55b0663df",
	"00000000-0000-0000-0000-000000000000");
INSERT INTO ACT_SMT
	VALUES ("f93f0c02-8e27-4715-8de3-06fa4a73a5fd",
	"7476dcc4-df41-443f-83d4-a8892c6f8927",
	"a5053922-3f78-40bf-8017-b8a94555bc72",
	1,
	1,
	'registerListener line: 1');
INSERT INTO ACT_TFM
	VALUES ("f93f0c02-8e27-4715-8de3-06fa4a73a5fd",
	"6a9bb342-1c87-4ebc-8aa1-e96ef000c1da",
	"00000000-0000-0000-0000-000000000000",
	1,
	6,
	1,
	1);
INSERT INTO ACT_SMT
	VALUES ("a5053922-3f78-40bf-8017-b8a94555bc72",
	"7476dcc4-df41-443f-83d4-a8892c6f8927",
	"34f01ab0-9993-427f-a07c-e14662a08d40",
	2,
	1,
	'registerListener line: 2');
INSERT INTO ACT_FIO
	VALUES ("a5053922-3f78-40bf-8017-b8a94555bc72",
	"c1f3fc40-2175-45b8-846d-d393f96a1468",
	1,
	'any',
	"43ffa2f7-7cc5-400e-b5f5-59b26ed3c7b5",
	2,
	33);
INSERT INTO ACT_SMT
	VALUES ("34f01ab0-9993-427f-a07c-e14662a08d40",
	"7476dcc4-df41-443f-83d4-a8892c6f8927",
	"00000000-0000-0000-0000-000000000000",
	3,
	1,
	'registerListener line: 3');
INSERT INTO E_ESS
	VALUES ("34f01ab0-9993-427f-a07c-e14662a08d40",
	1,
	0,
	3,
	10,
	3,
	15,
	2,
	33,
	0,
	0,
	0,
	0);
INSERT INTO E_GES
	VALUES ("34f01ab0-9993-427f-a07c-e14662a08d40");
INSERT INTO E_GSME
	VALUES ("34f01ab0-9993-427f-a07c-e14662a08d40",
	"f674d84b-e8d3-4575-9eee-68a82f3483f2");
INSERT INTO E_GEN
	VALUES ("34f01ab0-9993-427f-a07c-e14662a08d40",
	"c1f3fc40-2175-45b8-846d-d393f96a1468");
INSERT INTO V_VAR
	VALUES ("c1f3fc40-2175-45b8-846d-d393f96a1468",
	"7476dcc4-df41-443f-83d4-a8892c6f8927",
	'hr',
	1,
	"ba5eda7a-def5-0000-0000-000000000008");
INSERT INTO V_INT
	VALUES ("c1f3fc40-2175-45b8-846d-d393f96a1468",
	0,
	"43ffa2f7-7cc5-400e-b5f5-59b26ed3c7b5");
INSERT INTO PE_PE
	VALUES ("6b474769-4c4f-4f8d-a123-6cd9f4637893",
	1,
	"531d1f1e-2aca-441e-9931-d7c9508d75ad",
	"00000000-0000-0000-0000-000000000000",
	1);
INSERT INTO S_SYNC
	VALUES ("6b474769-4c4f-4f8d-a123-6cd9f4637893",
	"00000000-0000-0000-0000-000000000000",
	'unregisterListener',
	'',
	'HRM::initialize();
select any hr from instances of HRM;
generate HRM9:unregisterListener() to hr; ',
	"ba5eda7a-def5-0000-0000-000000000000",
	1,
	'',
	0);
INSERT INTO ACT_FNB
	VALUES ("83cd24fc-f05f-40ce-9a50-443a0a7b13fc",
	"6b474769-4c4f-4f8d-a123-6cd9f4637893");
INSERT INTO ACT_ACT
	VALUES ("83cd24fc-f05f-40ce-9a50-443a0a7b13fc",
	'function',
	0,
	"a1db9ece-4978-4813-9f8a-979a0791bb54",
	"00000000-0000-0000-0000-000000000000",
	0,
	'unregisterListener',
	"00000000-0000-0000-0000-000000000000");
INSERT INTO ACT_BLK
	VALUES ("a1db9ece-4978-4813-9f8a-979a0791bb54",
	1,
	0,
	0,
	'V_VAR.Var_ID',
	'',
	'',
	3,
	1,
	2,
	33,
	0,
	0,
	0,
	0,
	0,
	0,
	0,
	0,
	0,
	"83cd24fc-f05f-40ce-9a50-443a0a7b13fc",
	"00000000-0000-0000-0000-000000000000");
INSERT INTO ACT_SMT
	VALUES ("19f82450-a546-41d9-8198-59f3ea0d8b96",
	"a1db9ece-4978-4813-9f8a-979a0791bb54",
	"4f2ad7b2-af15-47a3-a1c4-86a52915ab7f",
	1,
	1,
	'unregisterListener line: 1');
INSERT INTO ACT_TFM
	VALUES ("19f82450-a546-41d9-8198-59f3ea0d8b96",
	"6a9bb342-1c87-4ebc-8aa1-e96ef000c1da",
	"00000000-0000-0000-0000-000000000000",
	1,
	6,
	1,
	1);
INSERT INTO ACT_SMT
	VALUES ("4f2ad7b2-af15-47a3-a1c4-86a52915ab7f",
	"a1db9ece-4978-4813-9f8a-979a0791bb54",
	"181ba554-ab8f-443e-8152-d6a2f565194d",
	2,
	1,
	'unregisterListener line: 2');
INSERT INTO ACT_FIO
	VALUES ("4f2ad7b2-af15-47a3-a1c4-86a52915ab7f",
	"e3c7c3a3-9fa9-49f5-85e0-08af6148676f",
	1,
	'any',
	"43ffa2f7-7cc5-400e-b5f5-59b26ed3c7b5",
	2,
	33);
INSERT INTO ACT_SMT
	VALUES ("181ba554-ab8f-443e-8152-d6a2f565194d",
	"a1db9ece-4978-4813-9f8a-979a0791bb54",
	"00000000-0000-0000-0000-000000000000",
	3,
	1,
	'unregisterListener line: 3');
INSERT INTO E_ESS
	VALUES ("181ba554-ab8f-443e-8152-d6a2f565194d",
	1,
	0,
	3,
	10,
	3,
	15,
	2,
	33,
	0,
	0,
	0,
	0);
INSERT INTO E_GES
	VALUES ("181ba554-ab8f-443e-8152-d6a2f565194d");
INSERT INTO E_GSME
	VALUES ("181ba554-ab8f-443e-8152-d6a2f565194d",
	"f559c9c7-ed83-438b-a746-0297260539c9");
INSERT INTO E_GEN
	VALUES ("181ba554-ab8f-443e-8152-d6a2f565194d",
	"e3c7c3a3-9fa9-49f5-85e0-08af6148676f");
INSERT INTO V_VAR
	VALUES ("e3c7c3a3-9fa9-49f5-85e0-08af6148676f",
	"a1db9ece-4978-4813-9f8a-979a0791bb54",
	'hr',
	1,
	"ba5eda7a-def5-0000-0000-000000000008");
INSERT INTO V_INT
	VALUES ("e3c7c3a3-9fa9-49f5-85e0-08af6148676f",
	0,
	"43ffa2f7-7cc5-400e-b5f5-59b26ed3c7b5");
INSERT INTO PE_PE
	VALUES ("c38d4bd2-2db9-4e6d-b481-f3366af37794",
	1,
	"00000000-0000-0000-0000-000000000000",
	"fff30510-d90f-4286-962f-f99732ae7c5a",
	7);
INSERT INTO EP_PKG
	VALUES ("c38d4bd2-2db9-4e6d-b481-f3366af37794",
	"00000000-0000-0000-0000-000000000000",
	"4740e777-a5cc-452b-8cd1-16250baeab10",
	'HeartRateMonitor',
	'',
	0);
INSERT INTO PE_PE
	VALUES ("79a25ae3-8297-469e-88b2-8b66f1b5611f",
	1,
	"c38d4bd2-2db9-4e6d-b481-f3366af37794",
	"00000000-0000-0000-0000-000000000000",
	4);
INSERT INTO O_OBJ
	VALUES ("79a25ae3-8297-469e-88b2-8b66f1b5611f",
	'HeartRateConstants',
	2,
	'HeartRateConstants',
	'SamplingPeriod is expressed in seconds and represents the period at which heart-rate samples are recorded.
AveragingWindow is expressed in samples and represents the number of samples used when calculating the current average.',
	"00000000-0000-0000-0000-000000000000");
INSERT INTO O_TFR
	VALUES ("7bf9ed09-c220-46d8-9c18-5034ac1604da",
	"79a25ae3-8297-469e-88b2-8b66f1b5611f",
	'initialize',
	'',
	"ba5eda7a-def5-0000-0000-000000000000",
	0,
	'select any hrc from instances of HeartRateConstants;
if ( empty hrc )
  create object instance hrc of HeartRateConstants; hrc.id = 1;
  hrc.HeartRateAveragingWindow = 5;
  hrc.HeartRateSamplingPeriod = 3;
end if;',
	1,
	'',
	"00000000-0000-0000-0000-000000000000",
	0);
INSERT INTO ACT_OPB
	VALUES ("7c9671fd-48f9-41c4-bd30-239ad07ea7d5",
	"7bf9ed09-c220-46d8-9c18-5034ac1604da");
INSERT INTO ACT_ACT
	VALUES ("7c9671fd-48f9-41c4-bd30-239ad07ea7d5",
	'class operation',
	0,
	"903b4c13-9ac4-46c2-bf1b-e51645c19552",
	"00000000-0000-0000-0000-000000000000",
	0,
	'HeartRateConstants::initialize',
	"00000000-0000-0000-0000-000000000000");
INSERT INTO ACT_BLK
	VALUES ("903b4c13-9ac4-46c2-bf1b-e51645c19552",
	1,
	0,
	0,
	'',
	'',
	'',
	2,
	1,
	1,
	34,
	0,
	0,
	0,
	0,
	0,
	0,
	0,
	0,
	0,
	"7c9671fd-48f9-41c4-bd30-239ad07ea7d5",
	"00000000-0000-0000-0000-000000000000");
INSERT INTO ACT_SMT
	VALUES ("602d898a-fffd-4b36-b72f-2c519faa9835",
	"903b4c13-9ac4-46c2-bf1b-e51645c19552",
	"f7e5018f-ccd5-4ee8-9d0f-b7bb42f01d7f",
	1,
	1,
	'HeartRateConstants::initialize line: 1');
INSERT INTO ACT_FIO
	VALUES ("602d898a-fffd-4b36-b72f-2c519faa9835",
	"f7e1d673-3e7e-4273-a9ce-1ae96b410c2c",
	1,
	'any',
	"79a25ae3-8297-469e-88b2-8b66f1b5611f",
	1,
	34);
INSERT INTO ACT_SMT
	VALUES ("f7e5018f-ccd5-4ee8-9d0f-b7bb42f01d7f",
	"903b4c13-9ac4-46c2-bf1b-e51645c19552",
	"00000000-0000-0000-0000-000000000000",
	2,
	1,
	'HeartRateConstants::initialize line: 2');
INSERT INTO ACT_IF
	VALUES ("f7e5018f-ccd5-4ee8-9d0f-b7bb42f01d7f",
	"66af04d3-145f-46e9-8860-6b7f0ef00347",
	"9f0e4355-7772-4ccd-8522-2bbaf3db9cfe",
	"00000000-0000-0000-0000-000000000000",
	"00000000-0000-0000-0000-000000000000");
INSERT INTO V_VAL
	VALUES ("a8525969-cb45-44a1-8a53-aa5d8cabf1d9",
	0,
	0,
	2,
	12,
	14,
	0,
	0,
	0,
	0,
	"ba5eda7a-def5-0000-0000-000000000008",
	"903b4c13-9ac4-46c2-bf1b-e51645c19552");
INSERT INTO V_IRF
	VALUES ("a8525969-cb45-44a1-8a53-aa5d8cabf1d9",
	"f7e1d673-3e7e-4273-a9ce-1ae96b410c2c");
INSERT INTO V_VAL
	VALUES ("9f0e4355-7772-4ccd-8522-2bbaf3db9cfe",
	0,
	0,
	-1,
	-1,
	-1,
	0,
	0,
	0,
	0,
	"ba5eda7a-def5-0000-0000-000000000001",
	"903b4c13-9ac4-46c2-bf1b-e51645c19552");
INSERT INTO V_UNY
	VALUES ("9f0e4355-7772-4ccd-8522-2bbaf3db9cfe",
	"a8525969-cb45-44a1-8a53-aa5d8cabf1d9",
	'empty');
INSERT INTO V_VAR
	VALUES ("f7e1d673-3e7e-4273-a9ce-1ae96b410c2c",
	"903b4c13-9ac4-46c2-bf1b-e51645c19552",
	'hrc',
	1,
	"ba5eda7a-def5-0000-0000-000000000008");
INSERT INTO V_INT
	VALUES ("f7e1d673-3e7e-4273-a9ce-1ae96b410c2c",
	0,
	"79a25ae3-8297-469e-88b2-8b66f1b5611f");
INSERT INTO ACT_BLK
	VALUES ("66af04d3-145f-46e9-8860-6b7f0ef00347",
	0,
	0,
	0,
	'',
	'',
	'',
	5,
	3,
	3,
	33,
	0,
	0,
	0,
	0,
	0,
	0,
	0,
	0,
	0,
	"7c9671fd-48f9-41c4-bd30-239ad07ea7d5",
	"00000000-0000-0000-0000-000000000000");
INSERT INTO ACT_SMT
	VALUES ("8a4ae728-95d7-4936-8dea-5dfa202b0f4b",
	"66af04d3-145f-46e9-8860-6b7f0ef00347",
	"0f19b1be-3f9c-49cc-932a-c4965473a543",
	3,
	3,
	'HeartRateConstants::initialize line: 3');
INSERT INTO ACT_CR
	VALUES ("8a4ae728-95d7-4936-8dea-5dfa202b0f4b",
	"f7e1d673-3e7e-4273-a9ce-1ae96b410c2c",
	0,
	"79a25ae3-8297-469e-88b2-8b66f1b5611f",
	3,
	33);
INSERT INTO ACT_SMT
	VALUES ("0f19b1be-3f9c-49cc-932a-c4965473a543",
	"66af04d3-145f-46e9-8860-6b7f0ef00347",
	"da79cfc7-915b-4ca9-8762-86c7cbf5c33b",
	3,
	53,
	'HeartRateConstants::initialize line: 3');
INSERT INTO ACT_AI
	VALUES ("0f19b1be-3f9c-49cc-932a-c4965473a543",
	"deffbbc6-c791-4508-a573-cd035bc48ad0",
	"8695b6f4-7859-46d8-9453-0c8353c531c0",
	0,
	0);
INSERT INTO ACT_SMT
	VALUES ("da79cfc7-915b-4ca9-8762-86c7cbf5c33b",
	"66af04d3-145f-46e9-8860-6b7f0ef00347",
	"c63980b3-35b0-4f8f-8f78-a183ffb654ad",
	4,
	3,
	'HeartRateConstants::initialize line: 4');
INSERT INTO ACT_AI
	VALUES ("da79cfc7-915b-4ca9-8762-86c7cbf5c33b",
	"c58936ff-75c1-4c70-96cf-e15252c3c087",
	"d08ab1bd-e32e-4a16-adf1-2d72df608d34",
	0,
	0);
INSERT INTO ACT_SMT
	VALUES ("c63980b3-35b0-4f8f-8f78-a183ffb654ad",
	"66af04d3-145f-46e9-8860-6b7f0ef00347",
	"00000000-0000-0000-0000-000000000000",
	5,
	3,
	'HeartRateConstants::initialize line: 5');
INSERT INTO ACT_AI
	VALUES ("c63980b3-35b0-4f8f-8f78-a183ffb654ad",
	"f7f16bbf-16bc-41b9-a074-369b5db61b11",
	"eb6d0c24-09d9-4e7c-94c5-5d8dea2d51d1",
	0,
	0);
INSERT INTO V_VAL
	VALUES ("27934ffa-7b11-4bba-9a2a-0067cad97496",
	1,
	0,
	3,
	53,
	55,
	0,
	0,
	0,
	0,
	"ba5eda7a-def5-0000-0000-000000000008",
	"66af04d3-145f-46e9-8860-6b7f0ef00347");
INSERT INTO V_IRF
	VALUES ("27934ffa-7b11-4bba-9a2a-0067cad97496",
	"f7e1d673-3e7e-4273-a9ce-1ae96b410c2c");
INSERT INTO V_VAL
	VALUES ("8695b6f4-7859-46d8-9453-0c8353c531c0",
	1,
	0,
	3,
	57,
	58,
	0,
	0,
	0,
	0,
	"ba5eda7a-def5-0000-0000-000000000002",
	"66af04d3-145f-46e9-8860-6b7f0ef00347");
INSERT INTO V_AVL
	VALUES ("8695b6f4-7859-46d8-9453-0c8353c531c0",
	"27934ffa-7b11-4bba-9a2a-0067cad97496",
	"79a25ae3-8297-469e-88b2-8b66f1b5611f",
	"03de5a16-5d3e-4e00-8177-d5b38120c6c3");
INSERT INTO V_VAL
	VALUES ("deffbbc6-c791-4508-a573-cd035bc48ad0",
	0,
	0,
	3,
	62,
	62,
	0,
	0,
	0,
	0,
	"ba5eda7a-def5-0000-0000-000000000002",
	"66af04d3-145f-46e9-8860-6b7f0ef00347");
INSERT INTO V_LIN
	VALUES ("deffbbc6-c791-4508-a573-cd035bc48ad0",
	'1');
INSERT INTO V_VAL
	VALUES ("c42aafed-aae7-42b2-8475-24d200c9fad5",
	1,
	0,
	4,
	3,
	5,
	0,
	0,
	0,
	0,
	"ba5eda7a-def5-0000-0000-000000000008",
	"66af04d3-145f-46e9-8860-6b7f0ef00347");
INSERT INTO V_IRF
	VALUES ("c42aafed-aae7-42b2-8475-24d200c9fad5",
	"f7e1d673-3e7e-4273-a9ce-1ae96b410c2c");
INSERT INTO V_VAL
	VALUES ("d08ab1bd-e32e-4a16-adf1-2d72df608d34",
	1,
	0,
	4,
	7,
	30,
	0,
	0,
	0,
	0,
	"ba5eda7a-def5-0000-0000-000000000002",
	"66af04d3-145f-46e9-8860-6b7f0ef00347");
INSERT INTO V_AVL
	VALUES ("d08ab1bd-e32e-4a16-adf1-2d72df608d34",
	"c42aafed-aae7-42b2-8475-24d200c9fad5",
	"79a25ae3-8297-469e-88b2-8b66f1b5611f",
	"dd4365c7-d62b-4e8f-b4ab-cbbf307901d5");
INSERT INTO V_VAL
	VALUES ("c58936ff-75c1-4c70-96cf-e15252c3c087",
	0,
	0,
	4,
	34,
	34,
	0,
	0,
	0,
	0,
	"ba5eda7a-def5-0000-0000-000000000002",
	"66af04d3-145f-46e9-8860-6b7f0ef00347");
INSERT INTO V_LIN
	VALUES ("c58936ff-75c1-4c70-96cf-e15252c3c087",
	'5');
INSERT INTO V_VAL
	VALUES ("c8b991a3-0425-436f-81de-b59ffe8426c9",
	1,
	0,
	5,
	3,
	5,
	0,
	0,
	0,
	0,
	"ba5eda7a-def5-0000-0000-000000000008",
	"66af04d3-145f-46e9-8860-6b7f0ef00347");
INSERT INTO V_IRF
	VALUES ("c8b991a3-0425-436f-81de-b59ffe8426c9",
	"f7e1d673-3e7e-4273-a9ce-1ae96b410c2c");
INSERT INTO V_VAL
	VALUES ("eb6d0c24-09d9-4e7c-94c5-5d8dea2d51d1",
	1,
	0,
	5,
	7,
	29,
	0,
	0,
	0,
	0,
	"ba5eda7a-def5-0000-0000-000000000002",
	"66af04d3-145f-46e9-8860-6b7f0ef00347");
INSERT INTO V_AVL
	VALUES ("eb6d0c24-09d9-4e7c-94c5-5d8dea2d51d1",
	"c8b991a3-0425-436f-81de-b59ffe8426c9",
	"79a25ae3-8297-469e-88b2-8b66f1b5611f",
	"ae54babf-7aed-47af-92d2-715e69ef348c");
INSERT INTO V_VAL
	VALUES ("f7f16bbf-16bc-41b9-a074-369b5db61b11",
	0,
	0,
	5,
	33,
	33,
	0,
	0,
	0,
	0,
	"ba5eda7a-def5-0000-0000-000000000002",
	"66af04d3-145f-46e9-8860-6b7f0ef00347");
INSERT INTO V_LIN
	VALUES ("f7f16bbf-16bc-41b9-a074-369b5db61b11",
	'3');
INSERT INTO O_NBATTR
	VALUES ("03de5a16-5d3e-4e00-8177-d5b38120c6c3",
	"79a25ae3-8297-469e-88b2-8b66f1b5611f");
INSERT INTO O_BATTR
	VALUES ("03de5a16-5d3e-4e00-8177-d5b38120c6c3",
	"79a25ae3-8297-469e-88b2-8b66f1b5611f");
INSERT INTO O_ATTR
	VALUES ("03de5a16-5d3e-4e00-8177-d5b38120c6c3",
	"79a25ae3-8297-469e-88b2-8b66f1b5611f",
	"00000000-0000-0000-0000-000000000000",
	'id',
	'',
	'',
	'id',
	0,
	"ba5eda7a-def5-0000-0000-000000000002",
	'',
	'');
INSERT INTO O_NBATTR
	VALUES ("dd4365c7-d62b-4e8f-b4ab-cbbf307901d5",
	"79a25ae3-8297-469e-88b2-8b66f1b5611f");
INSERT INTO O_BATTR
	VALUES ("dd4365c7-d62b-4e8f-b4ab-cbbf307901d5",
	"79a25ae3-8297-469e-88b2-8b66f1b5611f");
INSERT INTO O_ATTR
	VALUES ("dd4365c7-d62b-4e8f-b4ab-cbbf307901d5",
	"79a25ae3-8297-469e-88b2-8b66f1b5611f",
	"03de5a16-5d3e-4e00-8177-d5b38120c6c3",
	'HeartRateAveragingWindow',
	'',
	'',
	'HeartRateAveragingWindow',
	0,
	"ba5eda7a-def5-0000-0000-000000000002",
	'',
	'');
INSERT INTO O_NBATTR
	VALUES ("ae54babf-7aed-47af-92d2-715e69ef348c",
	"79a25ae3-8297-469e-88b2-8b66f1b5611f");
INSERT INTO O_BATTR
	VALUES ("ae54babf-7aed-47af-92d2-715e69ef348c",
	"79a25ae3-8297-469e-88b2-8b66f1b5611f");
INSERT INTO O_ATTR
	VALUES ("ae54babf-7aed-47af-92d2-715e69ef348c",
	"79a25ae3-8297-469e-88b2-8b66f1b5611f",
	"dd4365c7-d62b-4e8f-b4ab-cbbf307901d5",
	'HeartRateSamplingPeriod',
	'',
	'',
	'HeartRateSamplingPeriod',
	0,
	"ba5eda7a-def5-0000-0000-000000000002",
	'',
	'');
INSERT INTO O_ID
	VALUES (0,
	"79a25ae3-8297-469e-88b2-8b66f1b5611f");
INSERT INTO O_OIDA
	VALUES ("03de5a16-5d3e-4e00-8177-d5b38120c6c3",
	"79a25ae3-8297-469e-88b2-8b66f1b5611f",
	0,
	'id');
INSERT INTO O_ID
	VALUES (1,
	"79a25ae3-8297-469e-88b2-8b66f1b5611f");
INSERT INTO O_ID
	VALUES (2,
	"79a25ae3-8297-469e-88b2-8b66f1b5611f");
INSERT INTO PE_PE
	VALUES ("43ffa2f7-7cc5-400e-b5f5-59b26ed3c7b5",
	1,
	"c38d4bd2-2db9-4e6d-b481-f3366af37794",
	"00000000-0000-0000-0000-000000000000",
	4);
INSERT INTO O_OBJ
	VALUES ("43ffa2f7-7cc5-400e-b5f5-59b26ed3c7b5",
	'HeartRateMonitor',
	1,
	'HRM',
	'Represents the heart-rate monitoring facility.',
	"00000000-0000-0000-0000-000000000000");
INSERT INTO O_TFR
	VALUES ("6a9bb342-1c87-4ebc-8aa1-e96ef000c1da",
	"43ffa2f7-7cc5-400e-b5f5-59b26ed3c7b5",
	'initialize',
	'',
	"ba5eda7a-def5-0000-0000-000000000000",
	0,
	'
select any monitor from instances of HRM;
if (empty monitor)
  create object instance monitor of HRM; 
  monitor.id = 1;
end if;',
	1,
	'',
	"00000000-0000-0000-0000-000000000000",
	0);
INSERT INTO ACT_OPB
	VALUES ("aad3514f-d7b6-46f4-bb73-4603e579b1eb",
	"6a9bb342-1c87-4ebc-8aa1-e96ef000c1da");
INSERT INTO ACT_ACT
	VALUES ("aad3514f-d7b6-46f4-bb73-4603e579b1eb",
	'class operation',
	0,
	"eb9df8ad-ca11-45cc-a649-9f2f6220af2d",
	"00000000-0000-0000-0000-000000000000",
	0,
	'HeartRateMonitor::initialize',
	"00000000-0000-0000-0000-000000000000");
INSERT INTO ACT_BLK
	VALUES ("eb9df8ad-ca11-45cc-a649-9f2f6220af2d",
	1,
	0,
	0,
	'',
	'',
	'',
	3,
	1,
	2,
	38,
	0,
	0,
	0,
	0,
	0,
	0,
	0,
	0,
	0,
	"aad3514f-d7b6-46f4-bb73-4603e579b1eb",
	"00000000-0000-0000-0000-000000000000");
INSERT INTO ACT_SMT
	VALUES ("5d2e1f46-aae6-4bad-b0ba-eda74e7b5c9b",
	"eb9df8ad-ca11-45cc-a649-9f2f6220af2d",
	"3abbb38e-ad1c-4844-8f11-769e5c5eda52",
	2,
	1,
	'HeartRateMonitor::initialize line: 2');
INSERT INTO ACT_FIO
	VALUES ("5d2e1f46-aae6-4bad-b0ba-eda74e7b5c9b",
	"1d34f80d-0a71-4c9d-81f6-2d0ce38f2962",
	1,
	'any',
	"43ffa2f7-7cc5-400e-b5f5-59b26ed3c7b5",
	2,
	38);
INSERT INTO ACT_SMT
	VALUES ("3abbb38e-ad1c-4844-8f11-769e5c5eda52",
	"eb9df8ad-ca11-45cc-a649-9f2f6220af2d",
	"00000000-0000-0000-0000-000000000000",
	3,
	1,
	'HeartRateMonitor::initialize line: 3');
INSERT INTO ACT_IF
	VALUES ("3abbb38e-ad1c-4844-8f11-769e5c5eda52",
	"26ca8df1-95d0-4e71-aa22-959e031316cd",
	"8651939c-95c6-411c-a8a3-2ab4be48d2cd",
	"00000000-0000-0000-0000-000000000000",
	"00000000-0000-0000-0000-000000000000");
INSERT INTO V_VAL
	VALUES ("ea7557aa-1f48-4e5e-9696-712654c75af5",
	0,
	0,
	3,
	11,
	17,
	0,
	0,
	0,
	0,
	"ba5eda7a-def5-0000-0000-000000000008",
	"eb9df8ad-ca11-45cc-a649-9f2f6220af2d");
INSERT INTO V_IRF
	VALUES ("ea7557aa-1f48-4e5e-9696-712654c75af5",
	"1d34f80d-0a71-4c9d-81f6-2d0ce38f2962");
INSERT INTO V_VAL
	VALUES ("8651939c-95c6-411c-a8a3-2ab4be48d2cd",
	0,
	0,
	-1,
	-1,
	-1,
	0,
	0,
	0,
	0,
	"ba5eda7a-def5-0000-0000-000000000001",
	"eb9df8ad-ca11-45cc-a649-9f2f6220af2d");
INSERT INTO V_UNY
	VALUES ("8651939c-95c6-411c-a8a3-2ab4be48d2cd",
	"ea7557aa-1f48-4e5e-9696-712654c75af5",
	'empty');
INSERT INTO V_VAR
	VALUES ("1d34f80d-0a71-4c9d-81f6-2d0ce38f2962",
	"eb9df8ad-ca11-45cc-a649-9f2f6220af2d",
	'monitor',
	1,
	"ba5eda7a-def5-0000-0000-000000000008");
INSERT INTO V_INT
	VALUES ("1d34f80d-0a71-4c9d-81f6-2d0ce38f2962",
	0,
	"43ffa2f7-7cc5-400e-b5f5-59b26ed3c7b5");
INSERT INTO ACT_BLK
	VALUES ("26ca8df1-95d0-4e71-aa22-959e031316cd",
	0,
	0,
	0,
	'',
	'',
	'',
	5,
	3,
	4,
	37,
	0,
	0,
	0,
	0,
	0,
	0,
	0,
	0,
	0,
	"aad3514f-d7b6-46f4-bb73-4603e579b1eb",
	"00000000-0000-0000-0000-000000000000");
INSERT INTO ACT_SMT
	VALUES ("319358d7-7b3f-420e-ad4a-0f6b62d489b7",
	"26ca8df1-95d0-4e71-aa22-959e031316cd",
	"7853ad6d-5beb-4967-a542-b749411b6541",
	4,
	3,
	'HeartRateMonitor::initialize line: 4');
INSERT INTO ACT_CR
	VALUES ("319358d7-7b3f-420e-ad4a-0f6b62d489b7",
	"1d34f80d-0a71-4c9d-81f6-2d0ce38f2962",
	0,
	"43ffa2f7-7cc5-400e-b5f5-59b26ed3c7b5",
	4,
	37);
INSERT INTO ACT_SMT
	VALUES ("7853ad6d-5beb-4967-a542-b749411b6541",
	"26ca8df1-95d0-4e71-aa22-959e031316cd",
	"00000000-0000-0000-0000-000000000000",
	5,
	3,
	'HeartRateMonitor::initialize line: 5');
INSERT INTO ACT_AI
	VALUES ("7853ad6d-5beb-4967-a542-b749411b6541",
	"f861fe67-ad1c-41b5-9ae2-e9338be28d44",
	"5cf3e9eb-ca23-4c96-881f-63029d2b19fb",
	0,
	0);
INSERT INTO V_VAL
	VALUES ("7f36d8b9-fd49-49c4-9a43-15eddef65fe9",
	1,
	0,
	5,
	3,
	9,
	0,
	0,
	0,
	0,
	"ba5eda7a-def5-0000-0000-000000000008",
	"26ca8df1-95d0-4e71-aa22-959e031316cd");
INSERT INTO V_IRF
	VALUES ("7f36d8b9-fd49-49c4-9a43-15eddef65fe9",
	"1d34f80d-0a71-4c9d-81f6-2d0ce38f2962");
INSERT INTO V_VAL
	VALUES ("5cf3e9eb-ca23-4c96-881f-63029d2b19fb",
	1,
	0,
	5,
	11,
	12,
	0,
	0,
	0,
	0,
	"ba5eda7a-def5-0000-0000-000000000002",
	"26ca8df1-95d0-4e71-aa22-959e031316cd");
INSERT INTO V_AVL
	VALUES ("5cf3e9eb-ca23-4c96-881f-63029d2b19fb",
	"7f36d8b9-fd49-49c4-9a43-15eddef65fe9",
	"43ffa2f7-7cc5-400e-b5f5-59b26ed3c7b5",
	"17fc7a8c-4c93-48db-bfc8-0ebcdc2920a2");
INSERT INTO V_VAL
	VALUES ("f861fe67-ad1c-41b5-9ae2-e9338be28d44",
	0,
	0,
	5,
	16,
	16,
	0,
	0,
	0,
	0,
	"ba5eda7a-def5-0000-0000-000000000002",
	"26ca8df1-95d0-4e71-aa22-959e031316cd");
INSERT INTO V_LIN
	VALUES ("f861fe67-ad1c-41b5-9ae2-e9338be28d44",
	'1');
INSERT INTO O_NBATTR
	VALUES ("04edc35d-2a8b-4c50-aa27-258484e04a05",
	"43ffa2f7-7cc5-400e-b5f5-59b26ed3c7b5");
INSERT INTO O_BATTR
	VALUES ("04edc35d-2a8b-4c50-aa27-258484e04a05",
	"43ffa2f7-7cc5-400e-b5f5-59b26ed3c7b5");
INSERT INTO O_ATTR
	VALUES ("04edc35d-2a8b-4c50-aa27-258484e04a05",
	"43ffa2f7-7cc5-400e-b5f5-59b26ed3c7b5",
	"17fc7a8c-4c93-48db-bfc8-0ebcdc2920a2",
	'recentHeartRate',
	'Most recent heart-rate sample, expressed in beats per minute.',
	'',
	'recentHeartRate',
	0,
	"ba5eda7a-def5-0000-0000-000000000002",
	'',
	'');
INSERT INTO O_NBATTR
	VALUES ("8fbc6a58-73e4-4ba8-b109-f455ff6d4934",
	"43ffa2f7-7cc5-400e-b5f5-59b26ed3c7b5");
INSERT INTO O_BATTR
	VALUES ("8fbc6a58-73e4-4ba8-b109-f455ff6d4934",
	"43ffa2f7-7cc5-400e-b5f5-59b26ed3c7b5");
INSERT INTO O_ATTR
	VALUES ("8fbc6a58-73e4-4ba8-b109-f455ff6d4934",
	"43ffa2f7-7cc5-400e-b5f5-59b26ed3c7b5",
	"04edc35d-2a8b-4c50-aa27-258484e04a05",
	'timer',
	'Handle for underlying timer mechanism enabling the 
generation of delayed events that drive the model
of the heart-rate monitor.',
	'',
	'timer',
	0,
	"ba5eda7a-def5-0000-0000-00000000000f",
	'',
	'');
INSERT INTO O_NBATTR
	VALUES ("99d83d80-6f56-460b-a481-0c66aa5202c0",
	"43ffa2f7-7cc5-400e-b5f5-59b26ed3c7b5");
INSERT INTO O_BATTR
	VALUES ("99d83d80-6f56-460b-a481-0c66aa5202c0",
	"43ffa2f7-7cc5-400e-b5f5-59b26ed3c7b5");
INSERT INTO O_ATTR
	VALUES ("99d83d80-6f56-460b-a481-0c66aa5202c0",
	"43ffa2f7-7cc5-400e-b5f5-59b26ed3c7b5",
	"8fbc6a58-73e4-4ba8-b109-f455ff6d4934",
	'current_state',
	'',
	'',
	'current_state',
	0,
	"ba5eda7a-def5-0000-0000-000000000006",
	'',
	'');
INSERT INTO O_NBATTR
	VALUES ("17fc7a8c-4c93-48db-bfc8-0ebcdc2920a2",
	"43ffa2f7-7cc5-400e-b5f5-59b26ed3c7b5");
INSERT INTO O_BATTR
	VALUES ("17fc7a8c-4c93-48db-bfc8-0ebcdc2920a2",
	"43ffa2f7-7cc5-400e-b5f5-59b26ed3c7b5");
INSERT INTO O_ATTR
	VALUES ("17fc7a8c-4c93-48db-bfc8-0ebcdc2920a2",
	"43ffa2f7-7cc5-400e-b5f5-59b26ed3c7b5",
	"00000000-0000-0000-0000-000000000000",
	'id',
	'',
	'',
	'id',
	0,
	"ba5eda7a-def5-0000-0000-000000000002",
	'',
	'');
INSERT INTO O_ID
	VALUES (0,
	"43ffa2f7-7cc5-400e-b5f5-59b26ed3c7b5");
INSERT INTO O_OIDA
	VALUES ("17fc7a8c-4c93-48db-bfc8-0ebcdc2920a2",
	"43ffa2f7-7cc5-400e-b5f5-59b26ed3c7b5",
	0,
	'id');
INSERT INTO O_ID
	VALUES (1,
	"43ffa2f7-7cc5-400e-b5f5-59b26ed3c7b5");
INSERT INTO O_ID
	VALUES (2,
	"43ffa2f7-7cc5-400e-b5f5-59b26ed3c7b5");
INSERT INTO SM_ISM
	VALUES ("c5127a63-0904-48b9-80eb-4face31b6410",
	"43ffa2f7-7cc5-400e-b5f5-59b26ed3c7b5");
INSERT INTO SM_SM
	VALUES ("c5127a63-0904-48b9-80eb-4face31b6410",
	'',
	0);
INSERT INTO SM_MOORE
	VALUES ("c5127a63-0904-48b9-80eb-4face31b6410");
INSERT INTO SM_LEVT
	VALUES ("6e0c10d2-cda8-4962-abac-1861759b4acb",
	"c5127a63-0904-48b9-80eb-4face31b6410",
	"00000000-0000-0000-0000-000000000000");
INSERT INTO SM_SEVT
	VALUES ("6e0c10d2-cda8-4962-abac-1861759b4acb",
	"c5127a63-0904-48b9-80eb-4face31b6410",
	"00000000-0000-0000-0000-000000000000");
INSERT INTO SM_EVT
	VALUES ("6e0c10d2-cda8-4962-abac-1861759b4acb",
	"c5127a63-0904-48b9-80eb-4face31b6410",
	"00000000-0000-0000-0000-000000000000",
	3,
	'timeout',
	0,
	'',
	'HRM3',
	'');
INSERT INTO SM_LEVT
	VALUES ("fecd3ae3-0382-4310-ba47-b5267c849dc5",
	"c5127a63-0904-48b9-80eb-4face31b6410",
	"00000000-0000-0000-0000-000000000000");
INSERT INTO SM_SEVT
	VALUES ("fecd3ae3-0382-4310-ba47-b5267c849dc5",
	"c5127a63-0904-48b9-80eb-4face31b6410",
	"00000000-0000-0000-0000-000000000000");
INSERT INTO SM_EVT
	VALUES ("fecd3ae3-0382-4310-ba47-b5267c849dc5",
	"c5127a63-0904-48b9-80eb-4face31b6410",
	"00000000-0000-0000-0000-000000000000",
	5,
	'registerComplete',
	0,
	'',
	'HRM5',
	'');
INSERT INTO SM_LEVT
	VALUES ("62600b78-584a-4f1e-8201-01f53af27382",
	"c5127a63-0904-48b9-80eb-4face31b6410",
	"00000000-0000-0000-0000-000000000000");
INSERT INTO SM_SEVT
	VALUES ("62600b78-584a-4f1e-8201-01f53af27382",
	"c5127a63-0904-48b9-80eb-4face31b6410",
	"00000000-0000-0000-0000-000000000000");
INSERT INTO SM_EVT
	VALUES ("62600b78-584a-4f1e-8201-01f53af27382",
	"c5127a63-0904-48b9-80eb-4face31b6410",
	"00000000-0000-0000-0000-000000000000",
	7,
	'unregisterComplete',
	0,
	'',
	'HRM7',
	'');
INSERT INTO SM_LEVT
	VALUES ("f674d84b-e8d3-4575-9eee-68a82f3483f2",
	"c5127a63-0904-48b9-80eb-4face31b6410",
	"00000000-0000-0000-0000-000000000000");
INSERT INTO SM_SEVT
	VALUES ("f674d84b-e8d3-4575-9eee-68a82f3483f2",
	"c5127a63-0904-48b9-80eb-4face31b6410",
	"00000000-0000-0000-0000-000000000000");
INSERT INTO SM_EVT
	VALUES ("f674d84b-e8d3-4575-9eee-68a82f3483f2",
	"c5127a63-0904-48b9-80eb-4face31b6410",
	"00000000-0000-0000-0000-000000000000",
	8,
	'registerListener',
	0,
	'',
	'HRM8',
	'');
INSERT INTO SM_LEVT
	VALUES ("f559c9c7-ed83-438b-a746-0297260539c9",
	"c5127a63-0904-48b9-80eb-4face31b6410",
	"00000000-0000-0000-0000-000000000000");
INSERT INTO SM_SEVT
	VALUES ("f559c9c7-ed83-438b-a746-0297260539c9",
	"c5127a63-0904-48b9-80eb-4face31b6410",
	"00000000-0000-0000-0000-000000000000");
INSERT INTO SM_EVT
	VALUES ("f559c9c7-ed83-438b-a746-0297260539c9",
	"c5127a63-0904-48b9-80eb-4face31b6410",
	"00000000-0000-0000-0000-000000000000",
	9,
	'unregisterListener',
	0,
	'',
	'HRM9',
	'');
INSERT INTO SM_STATE
	VALUES ("cbf54daf-9edc-4ff6-973a-17a04e990b33",
	"c5127a63-0904-48b9-80eb-4face31b6410",
	"00000000-0000-0000-0000-000000000000",
	'idle',
	1,
	0);
INSERT INTO SM_CH
	VALUES ("cbf54daf-9edc-4ff6-973a-17a04e990b33",
	"6e0c10d2-cda8-4962-abac-1861759b4acb",
	"c5127a63-0904-48b9-80eb-4face31b6410",
	"00000000-0000-0000-0000-000000000000",
	'');
INSERT INTO SM_SEME
	VALUES ("cbf54daf-9edc-4ff6-973a-17a04e990b33",
	"6e0c10d2-cda8-4962-abac-1861759b4acb",
	"c5127a63-0904-48b9-80eb-4face31b6410",
	"00000000-0000-0000-0000-000000000000");
INSERT INTO SM_CH
	VALUES ("cbf54daf-9edc-4ff6-973a-17a04e990b33",
	"fecd3ae3-0382-4310-ba47-b5267c849dc5",
	"c5127a63-0904-48b9-80eb-4face31b6410",
	"00000000-0000-0000-0000-000000000000",
	'');
INSERT INTO SM_SEME
	VALUES ("cbf54daf-9edc-4ff6-973a-17a04e990b33",
	"fecd3ae3-0382-4310-ba47-b5267c849dc5",
	"c5127a63-0904-48b9-80eb-4face31b6410",
	"00000000-0000-0000-0000-000000000000");
INSERT INTO SM_CH
	VALUES ("cbf54daf-9edc-4ff6-973a-17a04e990b33",
	"62600b78-584a-4f1e-8201-01f53af27382",
	"c5127a63-0904-48b9-80eb-4face31b6410",
	"00000000-0000-0000-0000-000000000000",
	'');
INSERT INTO SM_SEME
	VALUES ("cbf54daf-9edc-4ff6-973a-17a04e990b33",
	"62600b78-584a-4f1e-8201-01f53af27382",
	"c5127a63-0904-48b9-80eb-4face31b6410",
	"00000000-0000-0000-0000-000000000000");
INSERT INTO SM_SEME
	VALUES ("cbf54daf-9edc-4ff6-973a-17a04e990b33",
	"f674d84b-e8d3-4575-9eee-68a82f3483f2",
	"c5127a63-0904-48b9-80eb-4face31b6410",
	"00000000-0000-0000-0000-000000000000");
INSERT INTO SM_CH
	VALUES ("cbf54daf-9edc-4ff6-973a-17a04e990b33",
	"f559c9c7-ed83-438b-a746-0297260539c9",
	"c5127a63-0904-48b9-80eb-4face31b6410",
	"00000000-0000-0000-0000-000000000000",
	'');
INSERT INTO SM_SEME
	VALUES ("cbf54daf-9edc-4ff6-973a-17a04e990b33",
	"f559c9c7-ed83-438b-a746-0297260539c9",
	"c5127a63-0904-48b9-80eb-4face31b6410",
	"00000000-0000-0000-0000-000000000000");
INSERT INTO SM_MOAH
	VALUES ("e263add1-4b2a-46e9-892b-4f92ecc15786",
	"c5127a63-0904-48b9-80eb-4face31b6410",
	"cbf54daf-9edc-4ff6-973a-17a04e990b33");
INSERT INTO SM_AH
	VALUES ("e263add1-4b2a-46e9-892b-4f92ecc15786",
	"c5127a63-0904-48b9-80eb-4face31b6410");
INSERT INTO SM_ACT
	VALUES ("e263add1-4b2a-46e9-892b-4f92ecc15786",
	"c5127a63-0904-48b9-80eb-4face31b6410",
	1,
	'',
	'',
	0);
INSERT INTO ACT_SAB
	VALUES ("50618b9b-3445-4960-b71d-c3f2cf4605b4",
	"c5127a63-0904-48b9-80eb-4face31b6410",
	"e263add1-4b2a-46e9-892b-4f92ecc15786");
INSERT INTO ACT_ACT
	VALUES ("50618b9b-3445-4960-b71d-c3f2cf4605b4",
	'state',
	0,
	"b84443ee-6f5a-46bd-a903-bfb417e2831a",
	"00000000-0000-0000-0000-000000000000",
	0,
	'HeartRateMonitor::idle',
	"00000000-0000-0000-0000-000000000000");
INSERT INTO ACT_BLK
	VALUES ("b84443ee-6f5a-46bd-a903-bfb417e2831a",
	0,
	0,
	0,
	'',
	'',
	'',
	0,
	0,
	0,
	0,
	0,
	0,
	0,
	0,
	0,
	0,
	0,
	0,
	0,
	"50618b9b-3445-4960-b71d-c3f2cf4605b4",
	"00000000-0000-0000-0000-000000000000");
INSERT INTO SM_STATE
	VALUES ("a496f1fd-3770-4808-93dd-cf82a4f28eb7",
	"c5127a63-0904-48b9-80eb-4face31b6410",
	"00000000-0000-0000-0000-000000000000",
	'monitoring',
	2,
	0);
INSERT INTO SM_SEME
	VALUES ("a496f1fd-3770-4808-93dd-cf82a4f28eb7",
	"6e0c10d2-cda8-4962-abac-1861759b4acb",
	"c5127a63-0904-48b9-80eb-4face31b6410",
	"00000000-0000-0000-0000-000000000000");
INSERT INTO SM_CH
	VALUES ("a496f1fd-3770-4808-93dd-cf82a4f28eb7",
	"fecd3ae3-0382-4310-ba47-b5267c849dc5",
	"c5127a63-0904-48b9-80eb-4face31b6410",
	"00000000-0000-0000-0000-000000000000",
	'');
INSERT INTO SM_SEME
	VALUES ("a496f1fd-3770-4808-93dd-cf82a4f28eb7",
	"fecd3ae3-0382-4310-ba47-b5267c849dc5",
	"c5127a63-0904-48b9-80eb-4face31b6410",
	"00000000-0000-0000-0000-000000000000");
INSERT INTO SM_CH
	VALUES ("a496f1fd-3770-4808-93dd-cf82a4f28eb7",
	"62600b78-584a-4f1e-8201-01f53af27382",
	"c5127a63-0904-48b9-80eb-4face31b6410",
	"00000000-0000-0000-0000-000000000000",
	'');
INSERT INTO SM_SEME
	VALUES ("a496f1fd-3770-4808-93dd-cf82a4f28eb7",
	"62600b78-584a-4f1e-8201-01f53af27382",
	"c5127a63-0904-48b9-80eb-4face31b6410",
	"00000000-0000-0000-0000-000000000000");
INSERT INTO SM_CH
	VALUES ("a496f1fd-3770-4808-93dd-cf82a4f28eb7",
	"f674d84b-e8d3-4575-9eee-68a82f3483f2",
	"c5127a63-0904-48b9-80eb-4face31b6410",
	"00000000-0000-0000-0000-000000000000",
	'');
INSERT INTO SM_SEME
	VALUES ("a496f1fd-3770-4808-93dd-cf82a4f28eb7",
	"f674d84b-e8d3-4575-9eee-68a82f3483f2",
	"c5127a63-0904-48b9-80eb-4face31b6410",
	"00000000-0000-0000-0000-000000000000");
INSERT INTO SM_SEME
	VALUES ("a496f1fd-3770-4808-93dd-cf82a4f28eb7",
	"f559c9c7-ed83-438b-a746-0297260539c9",
	"c5127a63-0904-48b9-80eb-4face31b6410",
	"00000000-0000-0000-0000-000000000000");
INSERT INTO SM_MOAH
	VALUES ("1f619bf8-93a3-4e1d-bfd1-a90bb01119f9",
	"c5127a63-0904-48b9-80eb-4face31b6410",
	"a496f1fd-3770-4808-93dd-cf82a4f28eb7");
INSERT INTO SM_AH
	VALUES ("1f619bf8-93a3-4e1d-bfd1-a90bb01119f9",
	"c5127a63-0904-48b9-80eb-4face31b6410");
INSERT INTO SM_ACT
	VALUES ("1f619bf8-93a3-4e1d-bfd1-a90bb01119f9",
	"c5127a63-0904-48b9-80eb-4face31b6410",
	1,
	'send HR::heartRateChanged(heartRate: self.recentHeartRate);
self.recentHeartRate = self.recentHeartRate + 1;',
	'',
	0);
INSERT INTO ACT_SAB
	VALUES ("55c0ca1f-7485-40a8-9a30-9c96e5680c08",
	"c5127a63-0904-48b9-80eb-4face31b6410",
	"1f619bf8-93a3-4e1d-bfd1-a90bb01119f9");
INSERT INTO ACT_ACT
	VALUES ("55c0ca1f-7485-40a8-9a30-9c96e5680c08",
	'state',
	0,
	"39d4336e-9fb7-4e7c-a19b-bfb7adaa9e0c",
	"00000000-0000-0000-0000-000000000000",
	0,
	'HeartRateMonitor::monitoring',
	"00000000-0000-0000-0000-000000000000");
INSERT INTO ACT_BLK
	VALUES ("39d4336e-9fb7-4e7c-a19b-bfb7adaa9e0c",
	0,
	0,
	0,
	'HR',
	'',
	'',
	2,
	1,
	1,
	6,
	0,
	0,
	0,
	0,
	0,
	0,
	0,
	0,
	0,
	"55c0ca1f-7485-40a8-9a30-9c96e5680c08",
	"00000000-0000-0000-0000-000000000000");
INSERT INTO ACT_SMT
	VALUES ("7714783a-54a5-49bc-b51c-ce034d158089",
	"39d4336e-9fb7-4e7c-a19b-bfb7adaa9e0c",
	"7fb78ddf-5e03-41a2-a00f-55d5b4d9239d",
	1,
	1,
	'HeartRateMonitor::monitoring line: 1');
INSERT INTO ACT_SGN
	VALUES ("7714783a-54a5-49bc-b51c-ce034d158089",
	1,
	10,
	1,
	6,
	"fb3d7511-78c9-4e24-8d39-25c5a3a35d1d",
	"00000000-0000-0000-0000-000000000000",
	"00000000-0000-0000-0000-000000000000");
INSERT INTO ACT_SMT
	VALUES ("7fb78ddf-5e03-41a2-a00f-55d5b4d9239d",
	"39d4336e-9fb7-4e7c-a19b-bfb7adaa9e0c",
	"00000000-0000-0000-0000-000000000000",
	2,
	1,
	'HeartRateMonitor::monitoring line: 2');
INSERT INTO ACT_AI
	VALUES ("7fb78ddf-5e03-41a2-a00f-55d5b4d9239d",
	"21975207-38da-46da-a1a3-bdafe0660cf5",
	"20e2e763-f574-4ac9-a84e-1a0b3e225782",
	0,
	0);
INSERT INTO V_VAL
	VALUES ("a034cacf-7ae6-4756-8382-7ccc8ab3d2ed",
	0,
	0,
	1,
	38,
	41,
	0,
	0,
	0,
	0,
	"ba5eda7a-def5-0000-0000-000000000008",
	"39d4336e-9fb7-4e7c-a19b-bfb7adaa9e0c");
INSERT INTO V_IRF
	VALUES ("a034cacf-7ae6-4756-8382-7ccc8ab3d2ed",
	"e84fb3a2-dde4-4ede-b715-e3c4965ec011");
INSERT INTO V_VAL
	VALUES ("a3456058-ada3-4ee3-a2fd-53181de0d3e0",
	0,
	0,
	1,
	43,
	57,
	0,
	0,
	0,
	0,
	"ba5eda7a-def5-0000-0000-000000000002",
	"39d4336e-9fb7-4e7c-a19b-bfb7adaa9e0c");
INSERT INTO V_AVL
	VALUES ("a3456058-ada3-4ee3-a2fd-53181de0d3e0",
	"a034cacf-7ae6-4756-8382-7ccc8ab3d2ed",
	"43ffa2f7-7cc5-400e-b5f5-59b26ed3c7b5",
	"04edc35d-2a8b-4c50-aa27-258484e04a05");
INSERT INTO V_PAR
	VALUES ("a3456058-ada3-4ee3-a2fd-53181de0d3e0",
	"7714783a-54a5-49bc-b51c-ce034d158089",
	"00000000-0000-0000-0000-000000000000",
	'heartRate',
	"00000000-0000-0000-0000-000000000000",
	1,
	27);
INSERT INTO V_VAL
	VALUES ("060b1d31-a252-40a6-8716-ed004eb5e92c",
	1,
	0,
	2,
	1,
	4,
	0,
	0,
	0,
	0,
	"ba5eda7a-def5-0000-0000-000000000008",
	"39d4336e-9fb7-4e7c-a19b-bfb7adaa9e0c");
INSERT INTO V_IRF
	VALUES ("060b1d31-a252-40a6-8716-ed004eb5e92c",
	"e84fb3a2-dde4-4ede-b715-e3c4965ec011");
INSERT INTO V_VAL
	VALUES ("20e2e763-f574-4ac9-a84e-1a0b3e225782",
	1,
	0,
	2,
	6,
	20,
	0,
	0,
	0,
	0,
	"ba5eda7a-def5-0000-0000-000000000002",
	"39d4336e-9fb7-4e7c-a19b-bfb7adaa9e0c");
INSERT INTO V_AVL
	VALUES ("20e2e763-f574-4ac9-a84e-1a0b3e225782",
	"060b1d31-a252-40a6-8716-ed004eb5e92c",
	"43ffa2f7-7cc5-400e-b5f5-59b26ed3c7b5",
	"04edc35d-2a8b-4c50-aa27-258484e04a05");
INSERT INTO V_VAL
	VALUES ("dbb34a58-eceb-41b2-bee3-1589048f1b4a",
	0,
	0,
	2,
	24,
	27,
	0,
	0,
	0,
	0,
	"ba5eda7a-def5-0000-0000-000000000008",
	"39d4336e-9fb7-4e7c-a19b-bfb7adaa9e0c");
INSERT INTO V_IRF
	VALUES ("dbb34a58-eceb-41b2-bee3-1589048f1b4a",
	"e84fb3a2-dde4-4ede-b715-e3c4965ec011");
INSERT INTO V_VAL
	VALUES ("6638ba7f-5b41-4747-beaf-ecf273ccb5f8",
	0,
	0,
	2,
	29,
	43,
	0,
	0,
	0,
	0,
	"ba5eda7a-def5-0000-0000-000000000002",
	"39d4336e-9fb7-4e7c-a19b-bfb7adaa9e0c");
INSERT INTO V_AVL
	VALUES ("6638ba7f-5b41-4747-beaf-ecf273ccb5f8",
	"dbb34a58-eceb-41b2-bee3-1589048f1b4a",
	"43ffa2f7-7cc5-400e-b5f5-59b26ed3c7b5",
	"04edc35d-2a8b-4c50-aa27-258484e04a05");
INSERT INTO V_VAL
	VALUES ("21975207-38da-46da-a1a3-bdafe0660cf5",
	0,
	0,
	2,
	29,
	47,
	0,
	0,
	0,
	0,
	"ba5eda7a-def5-0000-0000-000000000002",
	"39d4336e-9fb7-4e7c-a19b-bfb7adaa9e0c");
INSERT INTO V_BIN
	VALUES ("21975207-38da-46da-a1a3-bdafe0660cf5",
	"56fc4063-7a32-4246-8386-718df0e9d50b",
	"6638ba7f-5b41-4747-beaf-ecf273ccb5f8",
	'+');
INSERT INTO V_VAL
	VALUES ("56fc4063-7a32-4246-8386-718df0e9d50b",
	0,
	0,
	2,
	47,
	47,
	0,
	0,
	0,
	0,
	"ba5eda7a-def5-0000-0000-000000000002",
	"39d4336e-9fb7-4e7c-a19b-bfb7adaa9e0c");
INSERT INTO V_LIN
	VALUES ("56fc4063-7a32-4246-8386-718df0e9d50b",
	'1');
INSERT INTO V_VAR
	VALUES ("e84fb3a2-dde4-4ede-b715-e3c4965ec011",
	"39d4336e-9fb7-4e7c-a19b-bfb7adaa9e0c",
	'self',
	1,
	"ba5eda7a-def5-0000-0000-000000000008");
INSERT INTO V_INT
	VALUES ("e84fb3a2-dde4-4ede-b715-e3c4965ec011",
	0,
	"43ffa2f7-7cc5-400e-b5f5-59b26ed3c7b5");
INSERT INTO SM_STATE
	VALUES ("bf1ca9b2-3a8c-48b9-aa32-07118c65e135",
	"c5127a63-0904-48b9-80eb-4face31b6410",
	"00000000-0000-0000-0000-000000000000",
	'Registering',
	3,
	0);
INSERT INTO SM_CH
	VALUES ("bf1ca9b2-3a8c-48b9-aa32-07118c65e135",
	"6e0c10d2-cda8-4962-abac-1861759b4acb",
	"c5127a63-0904-48b9-80eb-4face31b6410",
	"00000000-0000-0000-0000-000000000000",
	'');
INSERT INTO SM_SEME
	VALUES ("bf1ca9b2-3a8c-48b9-aa32-07118c65e135",
	"6e0c10d2-cda8-4962-abac-1861759b4acb",
	"c5127a63-0904-48b9-80eb-4face31b6410",
	"00000000-0000-0000-0000-000000000000");
INSERT INTO SM_SEME
	VALUES ("bf1ca9b2-3a8c-48b9-aa32-07118c65e135",
	"fecd3ae3-0382-4310-ba47-b5267c849dc5",
	"c5127a63-0904-48b9-80eb-4face31b6410",
	"00000000-0000-0000-0000-000000000000");
INSERT INTO SM_CH
	VALUES ("bf1ca9b2-3a8c-48b9-aa32-07118c65e135",
	"62600b78-584a-4f1e-8201-01f53af27382",
	"c5127a63-0904-48b9-80eb-4face31b6410",
	"00000000-0000-0000-0000-000000000000",
	'');
INSERT INTO SM_SEME
	VALUES ("bf1ca9b2-3a8c-48b9-aa32-07118c65e135",
	"62600b78-584a-4f1e-8201-01f53af27382",
	"c5127a63-0904-48b9-80eb-4face31b6410",
	"00000000-0000-0000-0000-000000000000");
INSERT INTO SM_CH
	VALUES ("bf1ca9b2-3a8c-48b9-aa32-07118c65e135",
	"f674d84b-e8d3-4575-9eee-68a82f3483f2",
	"c5127a63-0904-48b9-80eb-4face31b6410",
	"00000000-0000-0000-0000-000000000000",
	'');
INSERT INTO SM_SEME
	VALUES ("bf1ca9b2-3a8c-48b9-aa32-07118c65e135",
	"f674d84b-e8d3-4575-9eee-68a82f3483f2",
	"c5127a63-0904-48b9-80eb-4face31b6410",
	"00000000-0000-0000-0000-000000000000");
INSERT INTO SM_CH
	VALUES ("bf1ca9b2-3a8c-48b9-aa32-07118c65e135",
	"f559c9c7-ed83-438b-a746-0297260539c9",
	"c5127a63-0904-48b9-80eb-4face31b6410",
	"00000000-0000-0000-0000-000000000000",
	'');
INSERT INTO SM_SEME
	VALUES ("bf1ca9b2-3a8c-48b9-aa32-07118c65e135",
	"f559c9c7-ed83-438b-a746-0297260539c9",
	"c5127a63-0904-48b9-80eb-4face31b6410",
	"00000000-0000-0000-0000-000000000000");
INSERT INTO SM_MOAH
	VALUES ("5a9d71fe-a21e-42bd-9155-ef9278102c49",
	"c5127a63-0904-48b9-80eb-4face31b6410",
	"bf1ca9b2-3a8c-48b9-aa32-07118c65e135");
INSERT INTO SM_AH
	VALUES ("5a9d71fe-a21e-42bd-9155-ef9278102c49",
	"c5127a63-0904-48b9-80eb-4face31b6410");
INSERT INTO SM_ACT
	VALUES ("5a9d71fe-a21e-42bd-9155-ef9278102c49",
	"c5127a63-0904-48b9-80eb-4face31b6410",
	1,
	'
self.recentHeartRate = 50;

LOG::LogInfo(message: "listener registered");

// start timer
HeartRateConstants::initialize();
select any hrc from instances of HeartRateConstants;
create event instance timeout of HRM3:timeout() to self; 
self.timer = TIM::timer_start_recurring( event_inst: timeout, microseconds: (hrc.HeartRateSamplingPeriod * 1000000) ); 

generate HRM5:registerComplete() to self;',
	'',
	0);
INSERT INTO ACT_SAB
	VALUES ("87b798be-c28d-4722-b555-afe2fdfdd3ef",
	"c5127a63-0904-48b9-80eb-4face31b6410",
	"5a9d71fe-a21e-42bd-9155-ef9278102c49");
INSERT INTO ACT_ACT
	VALUES ("87b798be-c28d-4722-b555-afe2fdfdd3ef",
	'state',
	0,
	"86acf5a2-ecce-4a48-8010-d55dcdc92ee4",
	"00000000-0000-0000-0000-000000000000",
	0,
	'HeartRateMonitor::Registering',
	"00000000-0000-0000-0000-000000000000");
INSERT INTO ACT_BLK
	VALUES ("86acf5a2-ecce-4a48-8010-d55dcdc92ee4",
	1,
	0,
	0,
	'V_VAR.Var_ID',
	'',
	'',
	12,
	1,
	10,
	14,
	0,
	0,
	0,
	0,
	0,
	0,
	0,
	0,
	0,
	"87b798be-c28d-4722-b555-afe2fdfdd3ef",
	"00000000-0000-0000-0000-000000000000");
INSERT INTO ACT_SMT
	VALUES ("ddc5623a-99d8-4c40-9715-ccee4f30aa1b",
	"86acf5a2-ecce-4a48-8010-d55dcdc92ee4",
	"c9de19f0-332f-48fe-9924-b09b3d0ce678",
	2,
	1,
	'HeartRateMonitor::Registering line: 2');
INSERT INTO ACT_AI
	VALUES ("ddc5623a-99d8-4c40-9715-ccee4f30aa1b",
	"d3926c62-a3f8-40b1-9a6b-511f23475ef0",
	"90bfc3f5-750d-4f0f-976a-b901431c471d",
	0,
	0);
INSERT INTO ACT_SMT
	VALUES ("c9de19f0-332f-48fe-9924-b09b3d0ce678",
	"86acf5a2-ecce-4a48-8010-d55dcdc92ee4",
	"5e7ae098-4e2f-4749-8f49-8163ecd654d8",
	4,
	1,
	'HeartRateMonitor::Registering line: 4');
INSERT INTO ACT_BRG
	VALUES ("c9de19f0-332f-48fe-9924-b09b3d0ce678",
	"af615ef3-56dd-40b1-be6b-27e07023a829",
	4,
	6,
	4,
	1);
INSERT INTO ACT_SMT
	VALUES ("5e7ae098-4e2f-4749-8f49-8163ecd654d8",
	"86acf5a2-ecce-4a48-8010-d55dcdc92ee4",
	"6f941596-1752-429a-aa83-e9a54835c3e5",
	7,
	1,
	'HeartRateMonitor::Registering line: 7');
INSERT INTO ACT_TFM
	VALUES ("5e7ae098-4e2f-4749-8f49-8163ecd654d8",
	"7bf9ed09-c220-46d8-9c18-5034ac1604da",
	"00000000-0000-0000-0000-000000000000",
	7,
	21,
	7,
	1);
INSERT INTO ACT_SMT
	VALUES ("6f941596-1752-429a-aa83-e9a54835c3e5",
	"86acf5a2-ecce-4a48-8010-d55dcdc92ee4",
	"9e1ac93e-b235-480e-aacc-0cfe7d0fb14c",
	8,
	1,
	'HeartRateMonitor::Registering line: 8');
INSERT INTO ACT_FIO
	VALUES ("6f941596-1752-429a-aa83-e9a54835c3e5",
	"79a1d37f-2f7d-46bd-b320-99fecd3f97a7",
	1,
	'any',
	"79a25ae3-8297-469e-88b2-8b66f1b5611f",
	8,
	34);
INSERT INTO ACT_SMT
	VALUES ("9e1ac93e-b235-480e-aacc-0cfe7d0fb14c",
	"86acf5a2-ecce-4a48-8010-d55dcdc92ee4",
	"53963e57-dd28-4518-9ff8-43040ca112bb",
	9,
	1,
	'HeartRateMonitor::Registering line: 9');
INSERT INTO E_ESS
	VALUES ("9e1ac93e-b235-480e-aacc-0cfe7d0fb14c",
	1,
	0,
	9,
	34,
	9,
	39,
	8,
	34,
	0,
	0,
	0,
	0);
INSERT INTO E_CES
	VALUES ("9e1ac93e-b235-480e-aacc-0cfe7d0fb14c",
	1,
	"535b0f72-0988-40c7-8d7c-4193be00283b");
INSERT INTO E_CSME
	VALUES ("9e1ac93e-b235-480e-aacc-0cfe7d0fb14c",
	"6e0c10d2-cda8-4962-abac-1861759b4acb");
INSERT INTO E_CEI
	VALUES ("9e1ac93e-b235-480e-aacc-0cfe7d0fb14c",
	"cdaaaee6-007e-463b-9b48-7f089cfb2b25");
INSERT INTO ACT_SMT
	VALUES ("53963e57-dd28-4518-9ff8-43040ca112bb",
	"86acf5a2-ecce-4a48-8010-d55dcdc92ee4",
	"ab6f9d4d-3358-442b-b866-aad3938a7eb4",
	10,
	1,
	'HeartRateMonitor::Registering line: 10');
INSERT INTO ACT_AI
	VALUES ("53963e57-dd28-4518-9ff8-43040ca112bb",
	"6263c03c-f169-45b1-b1f5-283d74d6cabb",
	"c76e65eb-5d2c-463a-858d-eb60524ec50b",
	0,
	0);
INSERT INTO ACT_SMT
	VALUES ("ab6f9d4d-3358-442b-b866-aad3938a7eb4",
	"86acf5a2-ecce-4a48-8010-d55dcdc92ee4",
	"00000000-0000-0000-0000-000000000000",
	12,
	1,
	'HeartRateMonitor::Registering line: 12');
INSERT INTO E_ESS
	VALUES ("ab6f9d4d-3358-442b-b866-aad3938a7eb4",
	1,
	0,
	12,
	10,
	12,
	15,
	10,
	14,
	0,
	0,
	0,
	0);
INSERT INTO E_GES
	VALUES ("ab6f9d4d-3358-442b-b866-aad3938a7eb4");
INSERT INTO E_GSME
	VALUES ("ab6f9d4d-3358-442b-b866-aad3938a7eb4",
	"fecd3ae3-0382-4310-ba47-b5267c849dc5");
INSERT INTO E_GEN
	VALUES ("ab6f9d4d-3358-442b-b866-aad3938a7eb4",
	"cdaaaee6-007e-463b-9b48-7f089cfb2b25");
INSERT INTO V_VAL
	VALUES ("1eb4db69-5c8b-4f40-9482-7e56e6831613",
	1,
	0,
	2,
	1,
	4,
	0,
	0,
	0,
	0,
	"ba5eda7a-def5-0000-0000-000000000008",
	"86acf5a2-ecce-4a48-8010-d55dcdc92ee4");
INSERT INTO V_IRF
	VALUES ("1eb4db69-5c8b-4f40-9482-7e56e6831613",
	"cdaaaee6-007e-463b-9b48-7f089cfb2b25");
INSERT INTO V_VAL
	VALUES ("90bfc3f5-750d-4f0f-976a-b901431c471d",
	1,
	0,
	2,
	6,
	20,
	0,
	0,
	0,
	0,
	"ba5eda7a-def5-0000-0000-000000000002",
	"86acf5a2-ecce-4a48-8010-d55dcdc92ee4");
INSERT INTO V_AVL
	VALUES ("90bfc3f5-750d-4f0f-976a-b901431c471d",
	"1eb4db69-5c8b-4f40-9482-7e56e6831613",
	"43ffa2f7-7cc5-400e-b5f5-59b26ed3c7b5",
	"04edc35d-2a8b-4c50-aa27-258484e04a05");
INSERT INTO V_VAL
	VALUES ("d3926c62-a3f8-40b1-9a6b-511f23475ef0",
	0,
	0,
	2,
	24,
	25,
	0,
	0,
	0,
	0,
	"ba5eda7a-def5-0000-0000-000000000002",
	"86acf5a2-ecce-4a48-8010-d55dcdc92ee4");
INSERT INTO V_LIN
	VALUES ("d3926c62-a3f8-40b1-9a6b-511f23475ef0",
	'50');
INSERT INTO V_VAL
	VALUES ("0258b8b4-15d1-40e1-952b-d5f855e6a27c",
	0,
	0,
	4,
	23,
	42,
	0,
	0,
	0,
	0,
	"ba5eda7a-def5-0000-0000-000000000004",
	"86acf5a2-ecce-4a48-8010-d55dcdc92ee4");
INSERT INTO V_LST
	VALUES ("0258b8b4-15d1-40e1-952b-d5f855e6a27c",
	'listener registered');
INSERT INTO V_PAR
	VALUES ("0258b8b4-15d1-40e1-952b-d5f855e6a27c",
	"c9de19f0-332f-48fe-9924-b09b3d0ce678",
	"00000000-0000-0000-0000-000000000000",
	'message',
	"00000000-0000-0000-0000-000000000000",
	4,
	14);
INSERT INTO V_VAL
	VALUES ("519dac9f-05f7-453f-9fe0-2698da30df17",
	1,
	0,
	10,
	1,
	4,
	0,
	0,
	0,
	0,
	"ba5eda7a-def5-0000-0000-000000000008",
	"86acf5a2-ecce-4a48-8010-d55dcdc92ee4");
INSERT INTO V_IRF
	VALUES ("519dac9f-05f7-453f-9fe0-2698da30df17",
	"cdaaaee6-007e-463b-9b48-7f089cfb2b25");
INSERT INTO V_VAL
	VALUES ("c76e65eb-5d2c-463a-858d-eb60524ec50b",
	1,
	0,
	10,
	6,
	10,
	0,
	0,
	0,
	0,
	"ba5eda7a-def5-0000-0000-00000000000f",
	"86acf5a2-ecce-4a48-8010-d55dcdc92ee4");
INSERT INTO V_AVL
	VALUES ("c76e65eb-5d2c-463a-858d-eb60524ec50b",
	"519dac9f-05f7-453f-9fe0-2698da30df17",
	"43ffa2f7-7cc5-400e-b5f5-59b26ed3c7b5",
	"8fbc6a58-73e4-4ba8-b109-f455ff6d4934");
INSERT INTO V_VAL
	VALUES ("6263c03c-f169-45b1-b1f5-283d74d6cabb",
	0,
	0,
	10,
	19,
	-1,
	10,
	42,
	10,
	63,
	"ba5eda7a-def5-0000-0000-00000000000f",
	"86acf5a2-ecce-4a48-8010-d55dcdc92ee4");
INSERT INTO V_BRV
	VALUES ("6263c03c-f169-45b1-b1f5-283d74d6cabb",
	"16322409-ab18-4a8a-8189-42924b6ad4c7",
	1,
	10,
	14);
INSERT INTO V_VAL
	VALUES ("1f0bb6f5-95e4-43bd-afb2-9b53e735e2ed",
	0,
	0,
	10,
	54,
	60,
	0,
	0,
	0,
	0,
	"ba5eda7a-def5-0000-0000-00000000000a",
	"86acf5a2-ecce-4a48-8010-d55dcdc92ee4");
INSERT INTO V_TVL
	VALUES ("1f0bb6f5-95e4-43bd-afb2-9b53e735e2ed",
	"535b0f72-0988-40c7-8d7c-4193be00283b");
INSERT INTO V_PAR
	VALUES ("1f0bb6f5-95e4-43bd-afb2-9b53e735e2ed",
	"00000000-0000-0000-0000-000000000000",
	"6263c03c-f169-45b1-b1f5-283d74d6cabb",
	'event_inst',
	"62873ade-7a94-4541-ba02-10dbc568eff7",
	10,
	42);
INSERT INTO V_VAL
	VALUES ("4cf9cb20-1dd0-4f36-ba2b-d1f1591f3cd6",
	0,
	0,
	10,
	78,
	80,
	0,
	0,
	0,
	0,
	"ba5eda7a-def5-0000-0000-000000000008",
	"86acf5a2-ecce-4a48-8010-d55dcdc92ee4");
INSERT INTO V_IRF
	VALUES ("4cf9cb20-1dd0-4f36-ba2b-d1f1591f3cd6",
	"79a1d37f-2f7d-46bd-b320-99fecd3f97a7");
INSERT INTO V_VAL
	VALUES ("31c58b3a-184d-48af-962d-885345e88c83",
	0,
	0,
	10,
	82,
	104,
	0,
	0,
	0,
	0,
	"ba5eda7a-def5-0000-0000-000000000002",
	"86acf5a2-ecce-4a48-8010-d55dcdc92ee4");
INSERT INTO V_AVL
	VALUES ("31c58b3a-184d-48af-962d-885345e88c83",
	"4cf9cb20-1dd0-4f36-ba2b-d1f1591f3cd6",
	"79a25ae3-8297-469e-88b2-8b66f1b5611f",
	"ae54babf-7aed-47af-92d2-715e69ef348c");
INSERT INTO V_VAL
	VALUES ("62873ade-7a94-4541-ba02-10dbc568eff7",
	0,
	0,
	10,
	82,
	114,
	0,
	0,
	0,
	0,
	"ba5eda7a-def5-0000-0000-000000000002",
	"86acf5a2-ecce-4a48-8010-d55dcdc92ee4");
INSERT INTO V_BIN
	VALUES ("62873ade-7a94-4541-ba02-10dbc568eff7",
	"a7bbbf08-a399-425d-81bd-e090f1ae08b2",
	"31c58b3a-184d-48af-962d-885345e88c83",
	'*');
INSERT INTO V_PAR
	VALUES ("62873ade-7a94-4541-ba02-10dbc568eff7",
	"00000000-0000-0000-0000-000000000000",
	"6263c03c-f169-45b1-b1f5-283d74d6cabb",
	'microseconds',
	"00000000-0000-0000-0000-000000000000",
	10,
	63);
INSERT INTO V_VAL
	VALUES ("a7bbbf08-a399-425d-81bd-e090f1ae08b2",
	0,
	0,
	10,
	108,
	114,
	0,
	0,
	0,
	0,
	"ba5eda7a-def5-0000-0000-000000000002",
	"86acf5a2-ecce-4a48-8010-d55dcdc92ee4");
INSERT INTO V_LIN
	VALUES ("a7bbbf08-a399-425d-81bd-e090f1ae08b2",
	'1000000');
INSERT INTO V_VAR
	VALUES ("cdaaaee6-007e-463b-9b48-7f089cfb2b25",
	"86acf5a2-ecce-4a48-8010-d55dcdc92ee4",
	'self',
	1,
	"ba5eda7a-def5-0000-0000-000000000008");
INSERT INTO V_INT
	VALUES ("cdaaaee6-007e-463b-9b48-7f089cfb2b25",
	0,
	"43ffa2f7-7cc5-400e-b5f5-59b26ed3c7b5");
INSERT INTO V_VAR
	VALUES ("79a1d37f-2f7d-46bd-b320-99fecd3f97a7",
	"86acf5a2-ecce-4a48-8010-d55dcdc92ee4",
	'hrc',
	1,
	"ba5eda7a-def5-0000-0000-000000000008");
INSERT INTO V_INT
	VALUES ("79a1d37f-2f7d-46bd-b320-99fecd3f97a7",
	0,
	"79a25ae3-8297-469e-88b2-8b66f1b5611f");
INSERT INTO V_VAR
	VALUES ("535b0f72-0988-40c7-8d7c-4193be00283b",
	"86acf5a2-ecce-4a48-8010-d55dcdc92ee4",
	'timeout',
	1,
	"ba5eda7a-def5-0000-0000-00000000000a");
INSERT INTO V_TRN
	VALUES ("535b0f72-0988-40c7-8d7c-4193be00283b",
	"00000000-0000-0000-0000-000000000000",
	'');
INSERT INTO SM_STATE
	VALUES ("322a5b67-a9a4-4da2-8e35-1bf07ddea980",
	"c5127a63-0904-48b9-80eb-4face31b6410",
	"00000000-0000-0000-0000-000000000000",
	'Unregistering',
	4,
	0);
INSERT INTO SM_CH
	VALUES ("322a5b67-a9a4-4da2-8e35-1bf07ddea980",
	"6e0c10d2-cda8-4962-abac-1861759b4acb",
	"c5127a63-0904-48b9-80eb-4face31b6410",
	"00000000-0000-0000-0000-000000000000",
	'');
INSERT INTO SM_SEME
	VALUES ("322a5b67-a9a4-4da2-8e35-1bf07ddea980",
	"6e0c10d2-cda8-4962-abac-1861759b4acb",
	"c5127a63-0904-48b9-80eb-4face31b6410",
	"00000000-0000-0000-0000-000000000000");
INSERT INTO SM_CH
	VALUES ("322a5b67-a9a4-4da2-8e35-1bf07ddea980",
	"fecd3ae3-0382-4310-ba47-b5267c849dc5",
	"c5127a63-0904-48b9-80eb-4face31b6410",
	"00000000-0000-0000-0000-000000000000",
	'');
INSERT INTO SM_SEME
	VALUES ("322a5b67-a9a4-4da2-8e35-1bf07ddea980",
	"fecd3ae3-0382-4310-ba47-b5267c849dc5",
	"c5127a63-0904-48b9-80eb-4face31b6410",
	"00000000-0000-0000-0000-000000000000");
INSERT INTO SM_SEME
	VALUES ("322a5b67-a9a4-4da2-8e35-1bf07ddea980",
	"62600b78-584a-4f1e-8201-01f53af27382",
	"c5127a63-0904-48b9-80eb-4face31b6410",
	"00000000-0000-0000-0000-000000000000");
INSERT INTO SM_CH
	VALUES ("322a5b67-a9a4-4da2-8e35-1bf07ddea980",
	"f674d84b-e8d3-4575-9eee-68a82f3483f2",
	"c5127a63-0904-48b9-80eb-4face31b6410",
	"00000000-0000-0000-0000-000000000000",
	'');
INSERT INTO SM_SEME
	VALUES ("322a5b67-a9a4-4da2-8e35-1bf07ddea980",
	"f674d84b-e8d3-4575-9eee-68a82f3483f2",
	"c5127a63-0904-48b9-80eb-4face31b6410",
	"00000000-0000-0000-0000-000000000000");
INSERT INTO SM_CH
	VALUES ("322a5b67-a9a4-4da2-8e35-1bf07ddea980",
	"f559c9c7-ed83-438b-a746-0297260539c9",
	"c5127a63-0904-48b9-80eb-4face31b6410",
	"00000000-0000-0000-0000-000000000000",
	'');
INSERT INTO SM_SEME
	VALUES ("322a5b67-a9a4-4da2-8e35-1bf07ddea980",
	"f559c9c7-ed83-438b-a746-0297260539c9",
	"c5127a63-0904-48b9-80eb-4face31b6410",
	"00000000-0000-0000-0000-000000000000");
INSERT INTO SM_MOAH
	VALUES ("02e40bce-f163-42a3-8dda-d76a54a4128c",
	"c5127a63-0904-48b9-80eb-4face31b6410",
	"322a5b67-a9a4-4da2-8e35-1bf07ddea980");
INSERT INTO SM_AH
	VALUES ("02e40bce-f163-42a3-8dda-d76a54a4128c",
	"c5127a63-0904-48b9-80eb-4face31b6410");
INSERT INTO SM_ACT
	VALUES ("02e40bce-f163-42a3-8dda-d76a54a4128c",
	"c5127a63-0904-48b9-80eb-4face31b6410",
	1,
	'res = TIM::timer_cancel(timer_inst_ref: self.timer);
if ( res )
  LOG::LogSuccess( message: "Heart Rate Monitor: timer_cancel() succeeded." );
else
  LOG::LogFailure( message: "Heart Rate Monitor: timer_cancel() failed." );
end if;

generate HRM7:unregisterComplete() to self;
',
	'',
	0);
INSERT INTO ACT_SAB
	VALUES ("8c89f548-6781-4dc7-a021-d24a19a29938",
	"c5127a63-0904-48b9-80eb-4face31b6410",
	"02e40bce-f163-42a3-8dda-d76a54a4128c");
INSERT INTO ACT_ACT
	VALUES ("8c89f548-6781-4dc7-a021-d24a19a29938",
	'state',
	0,
	"2f30a96d-5d05-4225-ad77-ec55421f56eb",
	"00000000-0000-0000-0000-000000000000",
	0,
	'HeartRateMonitor::Unregistering',
	"00000000-0000-0000-0000-000000000000");
INSERT INTO ACT_BLK
	VALUES ("2f30a96d-5d05-4225-ad77-ec55421f56eb",
	0,
	0,
	0,
	'V_VAR.Var_ID',
	'',
	'',
	8,
	1,
	1,
	7,
	0,
	0,
	0,
	0,
	0,
	0,
	0,
	0,
	0,
	"8c89f548-6781-4dc7-a021-d24a19a29938",
	"00000000-0000-0000-0000-000000000000");
INSERT INTO ACT_SMT
	VALUES ("b6e41952-bae5-4daf-9198-014cc9fbcddc",
	"2f30a96d-5d05-4225-ad77-ec55421f56eb",
	"e58dbc1b-b396-4a88-a4e8-b3b7fc51132b",
	1,
	1,
	'HeartRateMonitor::Unregistering line: 1');
INSERT INTO ACT_AI
	VALUES ("b6e41952-bae5-4daf-9198-014cc9fbcddc",
	"64a3a90b-4594-477b-b069-1d44dbecd243",
	"3f218ba6-5dca-4950-943b-2c92dc7e8bd4",
	0,
	0);
INSERT INTO ACT_SMT
	VALUES ("e58dbc1b-b396-4a88-a4e8-b3b7fc51132b",
	"2f30a96d-5d05-4225-ad77-ec55421f56eb",
	"f99c1657-6390-4104-b9fc-0586b31c59ba",
	2,
	1,
	'HeartRateMonitor::Unregistering line: 2');
INSERT INTO ACT_IF
	VALUES ("e58dbc1b-b396-4a88-a4e8-b3b7fc51132b",
	"e17a96b1-f5a9-464e-875d-126ee4fda957",
	"c5b18b03-7b00-4732-a108-d18bed7141f5",
	"00000000-0000-0000-0000-000000000000",
	"00000000-0000-0000-0000-000000000000");
INSERT INTO ACT_SMT
	VALUES ("23718e35-2b60-4c50-89c5-c55b9c595a9d",
	"2f30a96d-5d05-4225-ad77-ec55421f56eb",
	"00000000-0000-0000-0000-000000000000",
	4,
	1,
	'HeartRateMonitor::Unregistering line: 4');
INSERT INTO ACT_E
	VALUES ("23718e35-2b60-4c50-89c5-c55b9c595a9d",
	"68ee5d0e-5179-44f2-9144-276010021532",
	"e58dbc1b-b396-4a88-a4e8-b3b7fc51132b");
INSERT INTO ACT_SMT
	VALUES ("f99c1657-6390-4104-b9fc-0586b31c59ba",
	"2f30a96d-5d05-4225-ad77-ec55421f56eb",
	"00000000-0000-0000-0000-000000000000",
	8,
	1,
	'HeartRateMonitor::Unregistering line: 8');
INSERT INTO E_ESS
	VALUES ("f99c1657-6390-4104-b9fc-0586b31c59ba",
	1,
	0,
	8,
	10,
	8,
	15,
	1,
	7,
	0,
	0,
	0,
	0);
INSERT INTO E_GES
	VALUES ("f99c1657-6390-4104-b9fc-0586b31c59ba");
INSERT INTO E_GSME
	VALUES ("f99c1657-6390-4104-b9fc-0586b31c59ba",
	"62600b78-584a-4f1e-8201-01f53af27382");
INSERT INTO E_GEN
	VALUES ("f99c1657-6390-4104-b9fc-0586b31c59ba",
	"fa756d2a-ec65-4d4f-9e1e-ab555d4403c0");
INSERT INTO V_VAL
	VALUES ("3f218ba6-5dca-4950-943b-2c92dc7e8bd4",
	1,
	1,
	1,
	1,
	3,
	0,
	0,
	0,
	0,
	"ba5eda7a-def5-0000-0000-000000000001",
	"2f30a96d-5d05-4225-ad77-ec55421f56eb");
INSERT INTO V_TVL
	VALUES ("3f218ba6-5dca-4950-943b-2c92dc7e8bd4",
	"95f1ddff-65d8-48fb-8a15-207033a0a205");
INSERT INTO V_VAL
	VALUES ("64a3a90b-4594-477b-b069-1d44dbecd243",
	0,
	0,
	1,
	12,
	-1,
	1,
	25,
	0,
	0,
	"ba5eda7a-def5-0000-0000-000000000001",
	"2f30a96d-5d05-4225-ad77-ec55421f56eb");
INSERT INTO V_BRV
	VALUES ("64a3a90b-4594-477b-b069-1d44dbecd243",
	"b2f303f5-6e95-4731-a762-be0c0eb02ca7",
	1,
	1,
	7);
INSERT INTO V_VAL
	VALUES ("67df7d5a-7c82-4dd2-812f-728d1837262a",
	0,
	0,
	1,
	41,
	44,
	0,
	0,
	0,
	0,
	"ba5eda7a-def5-0000-0000-000000000008",
	"2f30a96d-5d05-4225-ad77-ec55421f56eb");
INSERT INTO V_IRF
	VALUES ("67df7d5a-7c82-4dd2-812f-728d1837262a",
	"fa756d2a-ec65-4d4f-9e1e-ab555d4403c0");
INSERT INTO V_VAL
	VALUES ("bd75ff1e-2080-425c-8b02-d7173e95f28d",
	0,
	0,
	1,
	46,
	50,
	0,
	0,
	0,
	0,
	"ba5eda7a-def5-0000-0000-00000000000f",
	"2f30a96d-5d05-4225-ad77-ec55421f56eb");
INSERT INTO V_AVL
	VALUES ("bd75ff1e-2080-425c-8b02-d7173e95f28d",
	"67df7d5a-7c82-4dd2-812f-728d1837262a",
	"43ffa2f7-7cc5-400e-b5f5-59b26ed3c7b5",
	"8fbc6a58-73e4-4ba8-b109-f455ff6d4934");
INSERT INTO V_PAR
	VALUES ("bd75ff1e-2080-425c-8b02-d7173e95f28d",
	"00000000-0000-0000-0000-000000000000",
	"64a3a90b-4594-477b-b069-1d44dbecd243",
	'timer_inst_ref',
	"00000000-0000-0000-0000-000000000000",
	1,
	25);
INSERT INTO V_VAL
	VALUES ("c5b18b03-7b00-4732-a108-d18bed7141f5",
	0,
	0,
	2,
	6,
	8,
	0,
	0,
	0,
	0,
	"ba5eda7a-def5-0000-0000-000000000001",
	"2f30a96d-5d05-4225-ad77-ec55421f56eb");
INSERT INTO V_TVL
	VALUES ("c5b18b03-7b00-4732-a108-d18bed7141f5",
	"95f1ddff-65d8-48fb-8a15-207033a0a205");
INSERT INTO V_VAR
	VALUES ("95f1ddff-65d8-48fb-8a15-207033a0a205",
	"2f30a96d-5d05-4225-ad77-ec55421f56eb",
	'res',
	1,
	"ba5eda7a-def5-0000-0000-000000000001");
INSERT INTO V_TRN
	VALUES ("95f1ddff-65d8-48fb-8a15-207033a0a205",
	"00000000-0000-0000-0000-000000000000",
	'');
INSERT INTO V_VAR
	VALUES ("fa756d2a-ec65-4d4f-9e1e-ab555d4403c0",
	"2f30a96d-5d05-4225-ad77-ec55421f56eb",
	'self',
	1,
	"ba5eda7a-def5-0000-0000-000000000008");
INSERT INTO V_INT
	VALUES ("fa756d2a-ec65-4d4f-9e1e-ab555d4403c0",
	0,
	"43ffa2f7-7cc5-400e-b5f5-59b26ed3c7b5");
INSERT INTO ACT_BLK
	VALUES ("e17a96b1-f5a9-464e-875d-126ee4fda957",
	0,
	0,
	0,
	'LOG',
	'',
	'',
	3,
	3,
	3,
	3,
	0,
	0,
	0,
	0,
	0,
	0,
	0,
	0,
	0,
	"8c89f548-6781-4dc7-a021-d24a19a29938",
	"00000000-0000-0000-0000-000000000000");
INSERT INTO ACT_SMT
	VALUES ("152ff96a-1b3a-4478-9aaa-ae9c7711f473",
	"e17a96b1-f5a9-464e-875d-126ee4fda957",
	"00000000-0000-0000-0000-000000000000",
	3,
	3,
	'HeartRateMonitor::Unregistering line: 3');
INSERT INTO ACT_BRG
	VALUES ("152ff96a-1b3a-4478-9aaa-ae9c7711f473",
	"c56d3597-5a54-4d78-8914-2dc2594c2af4",
	3,
	8,
	3,
	3);
INSERT INTO V_VAL
	VALUES ("94ef14f9-e222-4873-9262-0a2b4e2d0cd7",
	0,
	0,
	3,
	29,
	74,
	0,
	0,
	0,
	0,
	"ba5eda7a-def5-0000-0000-000000000004",
	"e17a96b1-f5a9-464e-875d-126ee4fda957");
INSERT INTO V_LST
	VALUES ("94ef14f9-e222-4873-9262-0a2b4e2d0cd7",
	'Heart Rate Monitor: timer_cancel() succeeded.');
INSERT INTO V_PAR
	VALUES ("94ef14f9-e222-4873-9262-0a2b4e2d0cd7",
	"152ff96a-1b3a-4478-9aaa-ae9c7711f473",
	"00000000-0000-0000-0000-000000000000",
	'message',
	"00000000-0000-0000-0000-000000000000",
	3,
	20);
INSERT INTO ACT_BLK
	VALUES ("68ee5d0e-5179-44f2-9144-276010021532",
	0,
	0,
	0,
	'LOG',
	'',
	'',
	5,
	3,
	5,
	3,
	0,
	0,
	0,
	0,
	0,
	0,
	0,
	0,
	0,
	"8c89f548-6781-4dc7-a021-d24a19a29938",
	"00000000-0000-0000-0000-000000000000");
INSERT INTO ACT_SMT
	VALUES ("a9261166-4660-426c-b22c-0abf1f224c81",
	"68ee5d0e-5179-44f2-9144-276010021532",
	"00000000-0000-0000-0000-000000000000",
	5,
	3,
	'HeartRateMonitor::Unregistering line: 5');
INSERT INTO ACT_BRG
	VALUES ("a9261166-4660-426c-b22c-0abf1f224c81",
	"2dcf3e84-1208-4e7f-a70c-a54d15f1ce77",
	5,
	8,
	5,
	3);
INSERT INTO V_VAL
	VALUES ("fe1f8c98-3877-46f2-93b8-eec48d9c8563",
	0,
	0,
	5,
	29,
	71,
	0,
	0,
	0,
	0,
	"ba5eda7a-def5-0000-0000-000000000004",
	"68ee5d0e-5179-44f2-9144-276010021532");
INSERT INTO V_LST
	VALUES ("fe1f8c98-3877-46f2-93b8-eec48d9c8563",
	'Heart Rate Monitor: timer_cancel() failed.');
INSERT INTO V_PAR
	VALUES ("fe1f8c98-3877-46f2-93b8-eec48d9c8563",
	"a9261166-4660-426c-b22c-0abf1f224c81",
	"00000000-0000-0000-0000-000000000000",
	'message',
	"00000000-0000-0000-0000-000000000000",
	5,
	20);
INSERT INTO SM_NSTXN
	VALUES ("30f80546-56e4-41b6-a8a3-5d14f3bbf4d7",
	"c5127a63-0904-48b9-80eb-4face31b6410",
	"a496f1fd-3770-4808-93dd-cf82a4f28eb7",
	"6e0c10d2-cda8-4962-abac-1861759b4acb",
	"00000000-0000-0000-0000-000000000000");
INSERT INTO SM_TAH
	VALUES ("ad9ea3d1-8c5a-4a74-9eff-1f872dd2a82b",
	"c5127a63-0904-48b9-80eb-4face31b6410",
	"30f80546-56e4-41b6-a8a3-5d14f3bbf4d7");
INSERT INTO SM_AH
	VALUES ("ad9ea3d1-8c5a-4a74-9eff-1f872dd2a82b",
	"c5127a63-0904-48b9-80eb-4face31b6410");
INSERT INTO SM_ACT
	VALUES ("ad9ea3d1-8c5a-4a74-9eff-1f872dd2a82b",
	"c5127a63-0904-48b9-80eb-4face31b6410",
	1,
	'',
	'',
	0);
INSERT INTO ACT_TAB
	VALUES ("cb76963a-9c5b-40cf-ba63-dfa6b2454fef",
	"c5127a63-0904-48b9-80eb-4face31b6410",
	"ad9ea3d1-8c5a-4a74-9eff-1f872dd2a82b");
INSERT INTO ACT_ACT
	VALUES ("cb76963a-9c5b-40cf-ba63-dfa6b2454fef",
	'transition',
	0,
	"2e195575-5720-48e5-9f21-8b0e5d07c7f8",
	"00000000-0000-0000-0000-000000000000",
	0,
	'HRM3: timeout',
	"00000000-0000-0000-0000-000000000000");
INSERT INTO ACT_BLK
	VALUES ("2e195575-5720-48e5-9f21-8b0e5d07c7f8",
	0,
	0,
	0,
	'',
	'',
	'',
	0,
	0,
	0,
	0,
	0,
	0,
	0,
	0,
	0,
	0,
	0,
	0,
	0,
	"cb76963a-9c5b-40cf-ba63-dfa6b2454fef",
	"00000000-0000-0000-0000-000000000000");
INSERT INTO SM_TXN
	VALUES ("30f80546-56e4-41b6-a8a3-5d14f3bbf4d7",
	"c5127a63-0904-48b9-80eb-4face31b6410",
	"a496f1fd-3770-4808-93dd-cf82a4f28eb7",
	"00000000-0000-0000-0000-000000000000");
INSERT INTO SM_NSTXN
	VALUES ("c71a16f7-3f1e-41a6-bb18-2ffb58c4a91a",
	"c5127a63-0904-48b9-80eb-4face31b6410",
	"cbf54daf-9edc-4ff6-973a-17a04e990b33",
	"f674d84b-e8d3-4575-9eee-68a82f3483f2",
	"00000000-0000-0000-0000-000000000000");
INSERT INTO SM_TAH
	VALUES ("ec52a447-04aa-440f-9ad1-20ed9cb38e42",
	"c5127a63-0904-48b9-80eb-4face31b6410",
	"c71a16f7-3f1e-41a6-bb18-2ffb58c4a91a");
INSERT INTO SM_AH
	VALUES ("ec52a447-04aa-440f-9ad1-20ed9cb38e42",
	"c5127a63-0904-48b9-80eb-4face31b6410");
INSERT INTO SM_ACT
	VALUES ("ec52a447-04aa-440f-9ad1-20ed9cb38e42",
	"c5127a63-0904-48b9-80eb-4face31b6410",
	1,
	'',
	'',
	0);
INSERT INTO ACT_TAB
	VALUES ("e2ee1882-4a4f-4ae2-ae68-34a4056e0fc2",
	"c5127a63-0904-48b9-80eb-4face31b6410",
	"ec52a447-04aa-440f-9ad1-20ed9cb38e42");
INSERT INTO ACT_ACT
	VALUES ("e2ee1882-4a4f-4ae2-ae68-34a4056e0fc2",
	'transition',
	0,
	"eb52c4dd-17a4-4039-857c-cf696f21ea95",
	"00000000-0000-0000-0000-000000000000",
	0,
	'HRM8: registerListener',
	"00000000-0000-0000-0000-000000000000");
INSERT INTO ACT_BLK
	VALUES ("eb52c4dd-17a4-4039-857c-cf696f21ea95",
	0,
	0,
	0,
	'',
	'',
	'',
	0,
	0,
	0,
	0,
	0,
	0,
	0,
	0,
	0,
	0,
	0,
	0,
	0,
	"e2ee1882-4a4f-4ae2-ae68-34a4056e0fc2",
	"00000000-0000-0000-0000-000000000000");
INSERT INTO SM_TXN
	VALUES ("c71a16f7-3f1e-41a6-bb18-2ffb58c4a91a",
	"c5127a63-0904-48b9-80eb-4face31b6410",
	"bf1ca9b2-3a8c-48b9-aa32-07118c65e135",
	"00000000-0000-0000-0000-000000000000");
INSERT INTO SM_NSTXN
	VALUES ("720aae01-ab1e-4238-8a80-9d3f813ca1d5",
	"c5127a63-0904-48b9-80eb-4face31b6410",
	"bf1ca9b2-3a8c-48b9-aa32-07118c65e135",
	"fecd3ae3-0382-4310-ba47-b5267c849dc5",
	"00000000-0000-0000-0000-000000000000");
INSERT INTO SM_TAH
	VALUES ("b3f04dc9-5861-42be-9dbd-f53ceab5ef9a",
	"c5127a63-0904-48b9-80eb-4face31b6410",
	"720aae01-ab1e-4238-8a80-9d3f813ca1d5");
INSERT INTO SM_AH
	VALUES ("b3f04dc9-5861-42be-9dbd-f53ceab5ef9a",
	"c5127a63-0904-48b9-80eb-4face31b6410");
INSERT INTO SM_ACT
	VALUES ("b3f04dc9-5861-42be-9dbd-f53ceab5ef9a",
	"c5127a63-0904-48b9-80eb-4face31b6410",
	1,
	'',
	'',
	0);
INSERT INTO ACT_TAB
	VALUES ("b9595122-3a41-4718-9c75-a6bd0eb5f786",
	"c5127a63-0904-48b9-80eb-4face31b6410",
	"b3f04dc9-5861-42be-9dbd-f53ceab5ef9a");
INSERT INTO ACT_ACT
	VALUES ("b9595122-3a41-4718-9c75-a6bd0eb5f786",
	'transition',
	0,
	"3cbd2ad0-8edc-4e81-8cab-38b17a7a7b62",
	"00000000-0000-0000-0000-000000000000",
	0,
	'HRM5: registerComplete',
	"00000000-0000-0000-0000-000000000000");
INSERT INTO ACT_BLK
	VALUES ("3cbd2ad0-8edc-4e81-8cab-38b17a7a7b62",
	0,
	0,
	0,
	'',
	'',
	'',
	0,
	0,
	0,
	0,
	0,
	0,
	0,
	0,
	0,
	0,
	0,
	0,
	0,
	"b9595122-3a41-4718-9c75-a6bd0eb5f786",
	"00000000-0000-0000-0000-000000000000");
INSERT INTO SM_TXN
	VALUES ("720aae01-ab1e-4238-8a80-9d3f813ca1d5",
	"c5127a63-0904-48b9-80eb-4face31b6410",
	"a496f1fd-3770-4808-93dd-cf82a4f28eb7",
	"00000000-0000-0000-0000-000000000000");
INSERT INTO SM_NSTXN
	VALUES ("1992c84e-85fd-4ac4-9665-fb9ab46c1be6",
	"c5127a63-0904-48b9-80eb-4face31b6410",
	"a496f1fd-3770-4808-93dd-cf82a4f28eb7",
	"f559c9c7-ed83-438b-a746-0297260539c9",
	"00000000-0000-0000-0000-000000000000");
INSERT INTO SM_TAH
	VALUES ("30277e0d-6717-4222-91d4-fc61f64db701",
	"c5127a63-0904-48b9-80eb-4face31b6410",
	"1992c84e-85fd-4ac4-9665-fb9ab46c1be6");
INSERT INTO SM_AH
	VALUES ("30277e0d-6717-4222-91d4-fc61f64db701",
	"c5127a63-0904-48b9-80eb-4face31b6410");
INSERT INTO SM_ACT
	VALUES ("30277e0d-6717-4222-91d4-fc61f64db701",
	"c5127a63-0904-48b9-80eb-4face31b6410",
	1,
	'',
	'',
	0);
INSERT INTO ACT_TAB
	VALUES ("a094067b-b073-4d6e-8375-120e436ed2b4",
	"c5127a63-0904-48b9-80eb-4face31b6410",
	"30277e0d-6717-4222-91d4-fc61f64db701");
INSERT INTO ACT_ACT
	VALUES ("a094067b-b073-4d6e-8375-120e436ed2b4",
	'transition',
	0,
	"3305f15f-3463-46eb-99a8-d395af1565b4",
	"00000000-0000-0000-0000-000000000000",
	0,
	'HRM9: unregisterListener',
	"00000000-0000-0000-0000-000000000000");
INSERT INTO ACT_BLK
	VALUES ("3305f15f-3463-46eb-99a8-d395af1565b4",
	0,
	0,
	0,
	'',
	'',
	'',
	0,
	0,
	0,
	0,
	0,
	0,
	0,
	0,
	0,
	0,
	0,
	0,
	0,
	"a094067b-b073-4d6e-8375-120e436ed2b4",
	"00000000-0000-0000-0000-000000000000");
INSERT INTO SM_TXN
	VALUES ("1992c84e-85fd-4ac4-9665-fb9ab46c1be6",
	"c5127a63-0904-48b9-80eb-4face31b6410",
	"322a5b67-a9a4-4da2-8e35-1bf07ddea980",
	"00000000-0000-0000-0000-000000000000");
INSERT INTO SM_NSTXN
	VALUES ("8209dfc8-cd45-4f6b-bf44-978ed444b711",
	"c5127a63-0904-48b9-80eb-4face31b6410",
	"322a5b67-a9a4-4da2-8e35-1bf07ddea980",
	"62600b78-584a-4f1e-8201-01f53af27382",
	"00000000-0000-0000-0000-000000000000");
INSERT INTO SM_TAH
	VALUES ("03e124c6-a059-4068-a5ad-55be00dcdaef",
	"c5127a63-0904-48b9-80eb-4face31b6410",
	"8209dfc8-cd45-4f6b-bf44-978ed444b711");
INSERT INTO SM_AH
	VALUES ("03e124c6-a059-4068-a5ad-55be00dcdaef",
	"c5127a63-0904-48b9-80eb-4face31b6410");
INSERT INTO SM_ACT
	VALUES ("03e124c6-a059-4068-a5ad-55be00dcdaef",
	"c5127a63-0904-48b9-80eb-4face31b6410",
	1,
	'',
	'',
	0);
INSERT INTO ACT_TAB
	VALUES ("0e92fffa-502a-4a6c-809a-3af248f143ce",
	"c5127a63-0904-48b9-80eb-4face31b6410",
	"03e124c6-a059-4068-a5ad-55be00dcdaef");
INSERT INTO ACT_ACT
	VALUES ("0e92fffa-502a-4a6c-809a-3af248f143ce",
	'transition',
	0,
	"bc831bc6-e297-4365-b2ae-201a79089bfd",
	"00000000-0000-0000-0000-000000000000",
	0,
	'HRM7: unregisterComplete',
	"00000000-0000-0000-0000-000000000000");
INSERT INTO ACT_BLK
	VALUES ("bc831bc6-e297-4365-b2ae-201a79089bfd",
	0,
	0,
	0,
	'',
	'',
	'',
	0,
	0,
	0,
	0,
	0,
	0,
	0,
	0,
	0,
	0,
	0,
	0,
	0,
	"0e92fffa-502a-4a6c-809a-3af248f143ce",
	"00000000-0000-0000-0000-000000000000");
INSERT INTO SM_TXN
	VALUES ("8209dfc8-cd45-4f6b-bf44-978ed444b711",
	"c5127a63-0904-48b9-80eb-4face31b6410",
	"cbf54daf-9edc-4ff6-973a-17a04e990b33",
	"00000000-0000-0000-0000-000000000000");
INSERT INTO S_BRG_PROXY
	VALUES ("af615ef3-56dd-40b1-be6b-27e07023a829",
	"fb3760d2-2a3e-463f-bd24-66cd25fdba39",
	'LogInfo',
	'',
	0,
	"ba5eda7a-def5-0000-0000-000000000000",
	'',
	1,
	'',
	0,
	'../../../io.ciera.runtime/models/io.ciera.runtime/io.ciera.runtime.summit.util/io.ciera.runtime.summit.util.xtuml');
INSERT INTO S_BRG_PROXY
	VALUES ("16322409-ab18-4a8a-8189-42924b6ad4c7",
	"0cbe8000-b94e-43c0-a74e-b3d9f70bb59d",
	'timer_start_recurring',
	'This bridge operation starts a timer set to expire in the specified number of
microseconds, generating the passed event upon expiration. Upon expiration, the
timer will be restarted and fire again in the specified number of microseconds
generating the passed event. This bridge operation returns the instance handle
of the timer.',
	1,
	"ba5eda7a-def5-0000-0000-00000000000f",
	'',
	1,
	'',
	0,
	'../../../io.ciera.runtime/models/io.ciera.runtime/io.ciera.runtime.summit.util/io.ciera.runtime.summit.util.xtuml');
INSERT INTO S_BRG_PROXY
	VALUES ("b2f303f5-6e95-4731-a762-be0c0eb02ca7",
	"0cbe8000-b94e-43c0-a74e-b3d9f70bb59d",
	'timer_cancel',
	'This bridge operation cancels and deletes the passed timer instance. If the
timer exists (that is, it had not expired), a TRUE value is returned. If the
timer no longer exists, a FALSE value is returned.',
	1,
	"ba5eda7a-def5-0000-0000-000000000001",
	'',
	1,
	'',
	0,
	'../../../io.ciera.runtime/models/io.ciera.runtime/io.ciera.runtime.summit.util/io.ciera.runtime.summit.util.xtuml');
INSERT INTO S_BRG_PROXY
	VALUES ("c56d3597-5a54-4d78-8914-2dc2594c2af4",
	"fb3760d2-2a3e-463f-bd24-66cd25fdba39",
	'LogSuccess',
	'',
	0,
	"ba5eda7a-def5-0000-0000-000000000000",
	'',
	1,
	'',
	0,
	'../../../io.ciera.runtime/models/io.ciera.runtime/io.ciera.runtime.summit.util/io.ciera.runtime.summit.util.xtuml');
INSERT INTO S_BRG_PROXY
	VALUES ("2dcf3e84-1208-4e7f-a70c-a54d15f1ce77",
	"fb3760d2-2a3e-463f-bd24-66cd25fdba39",
	'LogFailure',
	'',
	0,
	"ba5eda7a-def5-0000-0000-000000000000",
	'',
	1,
	'',
	0,
	'../../../io.ciera.runtime/models/io.ciera.runtime/io.ciera.runtime.summit.util/io.ciera.runtime.summit.util.xtuml');
-- root-types-contained: SystemModel_c
-- BP 7.1 content: StreamData syschar: 3 persistence-version: 7.1.6

INSERT INTO S_SYS
	VALUES ("7fdc406f-2939-49c0-8fab-99de27b70193",
	'io.ciera.runtime',
	1);
INSERT INTO EP_PKG
	VALUES ("78fb3e55-9840-4511-a824-62393e628058",
	"7fdc406f-2939-49c0-8fab-99de27b70193",
	"7fdc406f-2939-49c0-8fab-99de27b70193",
	'io.ciera.runtime.instanceloading.sql.util',
	'',
	0);
INSERT INTO PE_PE
	VALUES ("3c9187e2-faac-4b05-986d-04c751e1632b",
	1,
	"78fb3e55-9840-4511-a824-62393e628058",
	"00000000-0000-0000-0000-000000000000",
	5);
INSERT INTO S_EE
	VALUES ("3c9187e2-faac-4b05-986d-04c751e1632b",
	'SQL',
	'',
	'SQL',
	"00000000-0000-0000-0000-000000000000",
	'',
	'SQL',
	1);
INSERT INTO S_BRG
	VALUES ("41ba132d-a1d1-4191-a09b-2557dff31e03",
	"3c9187e2-faac-4b05-986d-04c751e1632b",
	'load_file',
	'',
	0,
	"ba5eda7a-def5-0000-0000-000000000000",
	'',
	1,
	'',
	0);
INSERT INTO S_BPARM
	VALUES ("cc59f84f-ad26-45ec-8f9d-fd87a49d1b24",
	"41ba132d-a1d1-4191-a09b-2557dff31e03",
	'file',
	"ba5eda7a-def5-0000-0000-000000000004",
	0,
	'',
	"00000000-0000-0000-0000-000000000000",
	'');
INSERT INTO ACT_BRB
	VALUES ("bb27ee7e-6d89-426c-b262-d867337f67a2",
	"41ba132d-a1d1-4191-a09b-2557dff31e03");
INSERT INTO ACT_ACT
	VALUES ("bb27ee7e-6d89-426c-b262-d867337f67a2",
	'bridge',
	0,
	"394c1087-8b39-4ff6-bc25-7c7618c3b0c1",
	"00000000-0000-0000-0000-000000000000",
	0,
	'SQL::load_file',
	"00000000-0000-0000-0000-000000000000");
INSERT INTO ACT_BLK
	VALUES ("394c1087-8b39-4ff6-bc25-7c7618c3b0c1",
	0,
	0,
	0,
	'',
	'',
	'',
	0,
	0,
	0,
	0,
	0,
	0,
	0,
	0,
	0,
	0,
	0,
	0,
	0,
	"bb27ee7e-6d89-426c-b262-d867337f67a2",
	"00000000-0000-0000-0000-000000000000");
INSERT INTO S_BRG
	VALUES ("9c9ff561-0230-49c6-93a0-97e6e806f171",
	"3c9187e2-faac-4b05-986d-04c751e1632b",
	'serialize_file',
	'',
	0,
	"ba5eda7a-def5-0000-0000-000000000000",
	'',
	1,
	'',
	0);
INSERT INTO S_BPARM
	VALUES ("b44dee13-d04f-428c-9395-32ebe32a7438",
	"9c9ff561-0230-49c6-93a0-97e6e806f171",
	'file',
	"ba5eda7a-def5-0000-0000-000000000004",
	0,
	'',
	"00000000-0000-0000-0000-000000000000",
	'');
INSERT INTO ACT_BRB
	VALUES ("65df822e-aa19-445a-bcb1-ddfa6235e175",
	"9c9ff561-0230-49c6-93a0-97e6e806f171");
INSERT INTO ACT_ACT
	VALUES ("65df822e-aa19-445a-bcb1-ddfa6235e175",
	'bridge',
	0,
	"8eb16d7e-ed47-4ba6-beec-6ab2ff8d9e74",
	"00000000-0000-0000-0000-000000000000",
	0,
	'SQL::serialize_file',
	"00000000-0000-0000-0000-000000000000");
INSERT INTO ACT_BLK
	VALUES ("8eb16d7e-ed47-4ba6-beec-6ab2ff8d9e74",
	0,
	0,
	0,
	'',
	'',
	'',
	0,
	0,
	0,
	0,
	0,
	0,
	0,
	0,
	0,
	0,
	0,
	0,
	0,
	"65df822e-aa19-445a-bcb1-ddfa6235e175",
	"00000000-0000-0000-0000-000000000000");
INSERT INTO S_BRG
	VALUES ("40eaec44-eb8d-4cae-959a-880b94c28c05",
	"3c9187e2-faac-4b05-986d-04c751e1632b",
	'load',
	'',
	0,
	"ba5eda7a-def5-0000-0000-000000000000",
	'',
	1,
	'',
	0);
INSERT INTO ACT_BRB
	VALUES ("f1227489-07af-4f6c-9e15-caa170e43bbc",
	"40eaec44-eb8d-4cae-959a-880b94c28c05");
INSERT INTO ACT_ACT
	VALUES ("f1227489-07af-4f6c-9e15-caa170e43bbc",
	'bridge',
	0,
	"5b28cda9-5533-4037-b7e5-b9069169e5ec",
	"00000000-0000-0000-0000-000000000000",
	0,
	'SQL::load',
	"00000000-0000-0000-0000-000000000000");
INSERT INTO ACT_BLK
	VALUES ("5b28cda9-5533-4037-b7e5-b9069169e5ec",
	0,
	0,
	0,
	'',
	'',
	'',
	0,
	0,
	0,
	0,
	0,
	0,
	0,
	0,
	0,
	0,
	0,
	0,
	0,
	"f1227489-07af-4f6c-9e15-caa170e43bbc",
	"00000000-0000-0000-0000-000000000000");
INSERT INTO S_BRG
	VALUES ("a024f801-c9ad-4451-9c66-573aa528f182",
	"3c9187e2-faac-4b05-986d-04c751e1632b",
	'serialize',
	'',
	0,
	"ba5eda7a-def5-0000-0000-000000000000",
	'',
	1,
	'',
	0);
INSERT INTO ACT_BRB
	VALUES ("457a1315-08d5-4cdf-8e10-1df8a0ec47d8",
	"a024f801-c9ad-4451-9c66-573aa528f182");
INSERT INTO ACT_ACT
	VALUES ("457a1315-08d5-4cdf-8e10-1df8a0ec47d8",
	'bridge',
	0,
	"3620c525-f5bf-4854-af23-1a72fcccbe01",
	"00000000-0000-0000-0000-000000000000",
	0,
	'SQL::serialize',
	"00000000-0000-0000-0000-000000000000");
INSERT INTO ACT_BLK
	VALUES ("3620c525-f5bf-4854-af23-1a72fcccbe01",
	0,
	0,
	0,
	'',
	'',
	'',
	0,
	0,
	0,
	0,
	0,
	0,
	0,
	0,
	0,
	0,
	0,
	0,
	0,
	"457a1315-08d5-4cdf-8e10-1df8a0ec47d8",
	"00000000-0000-0000-0000-000000000000");
INSERT INTO EP_PKG
	VALUES ("63980537-a12c-49e3-a1f9-8bd1a2489218",
	"7fdc406f-2939-49c0-8fab-99de27b70193",
	"7fdc406f-2939-49c0-8fab-99de27b70193",
	'io.ciera.runtime.summit.util',
	'',
	0);
INSERT INTO PE_PE
	VALUES ("301ed0ee-cd6b-49d6-949f-df904baa862c",
	1,
	"63980537-a12c-49e3-a1f9-8bd1a2489218",
	"00000000-0000-0000-0000-000000000000",
	5);
INSERT INTO S_EE
	VALUES ("301ed0ee-cd6b-49d6-949f-df904baa862c",
	'Architecture',
	'',
	'ARCH',
	"00000000-0000-0000-0000-000000000000",
	'',
	'Architecture',
	1);
INSERT INTO S_BRG
	VALUES ("112f319f-4c8e-482c-a552-276f1b56bc8d",
	"301ed0ee-cd6b-49d6-949f-df904baa862c",
	'shutdown',
	'',
	0,
	"ba5eda7a-def5-0000-0000-000000000000",
	'//',
	1,
	'',
	0);
INSERT INTO ACT_BRB
	VALUES ("64f7afd9-41a8-429d-8c92-f79fb4d31d1c",
	"112f319f-4c8e-482c-a552-276f1b56bc8d");
INSERT INTO ACT_ACT
	VALUES ("64f7afd9-41a8-429d-8c92-f79fb4d31d1c",
	'bridge',
	0,
	"70ed055a-5973-42bb-90f3-e8d3e32eb7a0",
	"00000000-0000-0000-0000-000000000000",
	0,
	'Architecture::shutdown',
	"00000000-0000-0000-0000-000000000000");
INSERT INTO ACT_BLK
	VALUES ("70ed055a-5973-42bb-90f3-e8d3e32eb7a0",
	0,
	0,
	0,
	'',
	'',
	'',
	0,
	0,
	0,
	0,
	0,
	0,
	0,
	0,
	0,
	0,
	0,
	0,
	0,
	"64f7afd9-41a8-429d-8c92-f79fb4d31d1c",
	"00000000-0000-0000-0000-000000000000");
INSERT INTO PE_PE
	VALUES ("fb3760d2-2a3e-463f-bd24-66cd25fdba39",
	1,
	"63980537-a12c-49e3-a1f9-8bd1a2489218",
	"00000000-0000-0000-0000-000000000000",
	5);
INSERT INTO S_EE
	VALUES ("fb3760d2-2a3e-463f-bd24-66cd25fdba39",
	'Logging',
	'',
	'LOG',
	"00000000-0000-0000-0000-000000000000",
	'',
	'Logging',
	1);
INSERT INTO S_BRG
	VALUES ("b34ec664-6dea-44bc-afbf-69645da52f0a",
	"fb3760d2-2a3e-463f-bd24-66cd25fdba39",
	'LogDate',
	'',
	0,
	"ba5eda7a-def5-0000-0000-000000000000",
	'',
	1,
	'',
	0);
INSERT INTO S_BPARM
	VALUES ("e9c68522-20fa-4445-ab22-2abf9f8db971",
	"b34ec664-6dea-44bc-afbf-69645da52f0a",
	'd',
	"ba5eda7a-def5-0000-0000-00000000000e",
	0,
	'',
	"00000000-0000-0000-0000-000000000000",
	'');
INSERT INTO S_BPARM
	VALUES ("0096da0d-b18b-4532-a1f3-6ca86fa459d2",
	"b34ec664-6dea-44bc-afbf-69645da52f0a",
	'message',
	"ba5eda7a-def5-0000-0000-000000000004",
	0,
	'',
	"e9c68522-20fa-4445-ab22-2abf9f8db971",
	'');
INSERT INTO ACT_BRB
	VALUES ("85f09f7b-d7d5-4e31-b5e0-4bcc7ca0f2ca",
	"b34ec664-6dea-44bc-afbf-69645da52f0a");
INSERT INTO ACT_ACT
	VALUES ("85f09f7b-d7d5-4e31-b5e0-4bcc7ca0f2ca",
	'bridge',
	0,
	"cf3445c3-3c51-4d84-8f8b-e5c2770d1145",
	"00000000-0000-0000-0000-000000000000",
	0,
	'Logging::LogDate',
	"00000000-0000-0000-0000-000000000000");
INSERT INTO ACT_BLK
	VALUES ("cf3445c3-3c51-4d84-8f8b-e5c2770d1145",
	0,
	0,
	0,
	'',
	'',
	'',
	0,
	0,
	0,
	0,
	0,
	0,
	0,
	0,
	0,
	0,
	0,
	0,
	0,
	"85f09f7b-d7d5-4e31-b5e0-4bcc7ca0f2ca",
	"00000000-0000-0000-0000-000000000000");
INSERT INTO S_BRG
	VALUES ("2dcf3e84-1208-4e7f-a70c-a54d15f1ce77",
	"fb3760d2-2a3e-463f-bd24-66cd25fdba39",
	'LogFailure',
	'',
	0,
	"ba5eda7a-def5-0000-0000-000000000000",
	'',
	1,
	'',
	0);
INSERT INTO S_BPARM
	VALUES ("75ebdabf-e4e2-4133-8c3d-0e33be4c1f80",
	"2dcf3e84-1208-4e7f-a70c-a54d15f1ce77",
	'message',
	"ba5eda7a-def5-0000-0000-000000000004",
	0,
	'',
	"00000000-0000-0000-0000-000000000000",
	'');
INSERT INTO ACT_BRB
	VALUES ("bf55c608-9a24-42aa-b46b-eb5f7dc699f5",
	"2dcf3e84-1208-4e7f-a70c-a54d15f1ce77");
INSERT INTO ACT_ACT
	VALUES ("bf55c608-9a24-42aa-b46b-eb5f7dc699f5",
	'bridge',
	0,
	"70e65d55-2ee7-45ee-b50f-ad8fa5648f00",
	"00000000-0000-0000-0000-000000000000",
	0,
	'Logging::LogFailure',
	"00000000-0000-0000-0000-000000000000");
INSERT INTO ACT_BLK
	VALUES ("70e65d55-2ee7-45ee-b50f-ad8fa5648f00",
	0,
	0,
	0,
	'',
	'',
	'',
	0,
	0,
	0,
	0,
	0,
	0,
	0,
	0,
	0,
	0,
	0,
	0,
	0,
	"bf55c608-9a24-42aa-b46b-eb5f7dc699f5",
	"00000000-0000-0000-0000-000000000000");
INSERT INTO S_BRG
	VALUES ("af615ef3-56dd-40b1-be6b-27e07023a829",
	"fb3760d2-2a3e-463f-bd24-66cd25fdba39",
	'LogInfo',
	'',
	0,
	"ba5eda7a-def5-0000-0000-000000000000",
	'',
	1,
	'',
	0);
INSERT INTO S_BPARM
	VALUES ("b63b67af-56f4-4ea0-a7e4-10a0759fc2b9",
	"af615ef3-56dd-40b1-be6b-27e07023a829",
	'message',
	"ba5eda7a-def5-0000-0000-000000000004",
	0,
	'',
	"00000000-0000-0000-0000-000000000000",
	'');
INSERT INTO ACT_BRB
	VALUES ("7b2963ce-1be0-4c03-81ea-037fd78ec011",
	"af615ef3-56dd-40b1-be6b-27e07023a829");
INSERT INTO ACT_ACT
	VALUES ("7b2963ce-1be0-4c03-81ea-037fd78ec011",
	'bridge',
	0,
	"6be2ff2a-3983-4cd2-9a59-ec35266a3ce4",
	"00000000-0000-0000-0000-000000000000",
	0,
	'Logging::LogInfo',
	"00000000-0000-0000-0000-000000000000");
INSERT INTO ACT_BLK
	VALUES ("6be2ff2a-3983-4cd2-9a59-ec35266a3ce4",
	0,
	0,
	0,
	'',
	'',
	'',
	0,
	0,
	0,
	0,
	0,
	0,
	0,
	0,
	0,
	0,
	0,
	0,
	0,
	"7b2963ce-1be0-4c03-81ea-037fd78ec011",
	"00000000-0000-0000-0000-000000000000");
INSERT INTO S_BRG
	VALUES ("474dc6f1-f8eb-4a43-8ae9-fd7ec3f494ce",
	"fb3760d2-2a3e-463f-bd24-66cd25fdba39",
	'LogInteger',
	'',
	0,
	"ba5eda7a-def5-0000-0000-000000000000",
	'',
	0,
	'',
	0);
INSERT INTO S_BPARM
	VALUES ("ccdb7d2a-319c-4887-b31e-89e920b236fe",
	"474dc6f1-f8eb-4a43-8ae9-fd7ec3f494ce",
	'message',
	"ba5eda7a-def5-0000-0000-000000000002",
	0,
	'',
	"00000000-0000-0000-0000-000000000000",
	'');
INSERT INTO S_BRG
	VALUES ("a9e838fb-4772-4822-aee6-57f775da6967",
	"fb3760d2-2a3e-463f-bd24-66cd25fdba39",
	'LogReal',
	'',
	0,
	"ba5eda7a-def5-0000-0000-000000000000",
	'',
	1,
	'',
	0);
INSERT INTO S_BPARM
	VALUES ("dcd130d4-ee17-4be5-8b7e-6d847c7b3b19",
	"a9e838fb-4772-4822-aee6-57f775da6967",
	'r',
	"ba5eda7a-def5-0000-0000-000000000003",
	0,
	'',
	"c0551359-a1b0-4e13-bde0-184892639b14",
	'');
INSERT INTO S_BPARM
	VALUES ("c0551359-a1b0-4e13-bde0-184892639b14",
	"a9e838fb-4772-4822-aee6-57f775da6967",
	'message',
	"ba5eda7a-def5-0000-0000-000000000004",
	0,
	'',
	"00000000-0000-0000-0000-000000000000",
	'');
INSERT INTO ACT_BRB
	VALUES ("c1ccb45a-5ccc-45c9-b3ad-091aab4e5e3e",
	"a9e838fb-4772-4822-aee6-57f775da6967");
INSERT INTO ACT_ACT
	VALUES ("c1ccb45a-5ccc-45c9-b3ad-091aab4e5e3e",
	'bridge',
	0,
	"b28c0487-36e9-49d9-959d-dfbc99e0cd22",
	"00000000-0000-0000-0000-000000000000",
	0,
	'Logging::LogReal',
	"00000000-0000-0000-0000-000000000000");
INSERT INTO ACT_BLK
	VALUES ("b28c0487-36e9-49d9-959d-dfbc99e0cd22",
	0,
	0,
	0,
	'',
	'',
	'',
	0,
	0,
	0,
	0,
	0,
	0,
	0,
	0,
	0,
	0,
	0,
	0,
	0,
	"c1ccb45a-5ccc-45c9-b3ad-091aab4e5e3e",
	"00000000-0000-0000-0000-000000000000");
INSERT INTO S_BRG
	VALUES ("c56d3597-5a54-4d78-8914-2dc2594c2af4",
	"fb3760d2-2a3e-463f-bd24-66cd25fdba39",
	'LogSuccess',
	'',
	0,
	"ba5eda7a-def5-0000-0000-000000000000",
	'',
	1,
	'',
	0);
INSERT INTO S_BPARM
	VALUES ("062ab47d-832f-4c30-b495-e7e88749b61a",
	"c56d3597-5a54-4d78-8914-2dc2594c2af4",
	'message',
	"ba5eda7a-def5-0000-0000-000000000004",
	0,
	'',
	"00000000-0000-0000-0000-000000000000",
	'');
INSERT INTO ACT_BRB
	VALUES ("3e05f2b6-1080-4951-a778-bf10da34bc6a",
	"c56d3597-5a54-4d78-8914-2dc2594c2af4");
INSERT INTO ACT_ACT
	VALUES ("3e05f2b6-1080-4951-a778-bf10da34bc6a",
	'bridge',
	0,
	"18e97bd2-abb0-410d-a502-83dae3dfa5db",
	"00000000-0000-0000-0000-000000000000",
	0,
	'Logging::LogSuccess',
	"00000000-0000-0000-0000-000000000000");
INSERT INTO ACT_BLK
	VALUES ("18e97bd2-abb0-410d-a502-83dae3dfa5db",
	0,
	0,
	0,
	'',
	'',
	'',
	0,
	0,
	0,
	0,
	0,
	0,
	0,
	0,
	0,
	0,
	0,
	0,
	0,
	"3e05f2b6-1080-4951-a778-bf10da34bc6a",
	"00000000-0000-0000-0000-000000000000");
INSERT INTO S_BRG
	VALUES ("77300edb-b891-4e35-858b-9e8cb6437f19",
	"fb3760d2-2a3e-463f-bd24-66cd25fdba39",
	'LogTime',
	'',
	0,
	"ba5eda7a-def5-0000-0000-000000000000",
	'',
	1,
	'',
	0);
INSERT INTO S_BPARM
	VALUES ("ddef5865-5c6c-48d0-ad1c-0ff53abaa403",
	"77300edb-b891-4e35-858b-9e8cb6437f19",
	't',
	"ba5eda7a-def5-0000-0000-000000000010",
	0,
	'',
	"fa21667d-7b40-4f1e-8f18-bf2482852c21",
	'');
INSERT INTO S_BPARM
	VALUES ("fa21667d-7b40-4f1e-8f18-bf2482852c21",
	"77300edb-b891-4e35-858b-9e8cb6437f19",
	'message',
	"ba5eda7a-def5-0000-0000-000000000004",
	0,
	'',
	"00000000-0000-0000-0000-000000000000",
	'');
INSERT INTO ACT_BRB
	VALUES ("d27d0299-6f3c-4b23-9ff5-6255d93adf14",
	"77300edb-b891-4e35-858b-9e8cb6437f19");
INSERT INTO ACT_ACT
	VALUES ("d27d0299-6f3c-4b23-9ff5-6255d93adf14",
	'bridge',
	0,
	"f94929c2-f5d7-45e5-a0dc-efbf377f8dd6",
	"00000000-0000-0000-0000-000000000000",
	0,
	'Logging::LogTime',
	"00000000-0000-0000-0000-000000000000");
INSERT INTO ACT_BLK
	VALUES ("f94929c2-f5d7-45e5-a0dc-efbf377f8dd6",
	0,
	0,
	0,
	'',
	'',
	'',
	0,
	0,
	0,
	0,
	0,
	0,
	0,
	0,
	0,
	0,
	0,
	0,
	0,
	"d27d0299-6f3c-4b23-9ff5-6255d93adf14",
	"00000000-0000-0000-0000-000000000000");
INSERT INTO PE_PE
	VALUES ("0cbe8000-b94e-43c0-a74e-b3d9f70bb59d",
	1,
	"63980537-a12c-49e3-a1f9-8bd1a2489218",
	"00000000-0000-0000-0000-000000000000",
	5);
INSERT INTO S_EE
	VALUES ("0cbe8000-b94e-43c0-a74e-b3d9f70bb59d",
	'Time',
	'The Time external entity provides date, timestamp, and timer related operations.',
	'TIM',
	"00000000-0000-0000-0000-000000000000",
	'',
	'Time',
	1);
INSERT INTO S_BRG
	VALUES ("8a08e8b6-4de0-437f-968f-71d65464ceb7",
	"0cbe8000-b94e-43c0-a74e-b3d9f70bb59d",
	'current_date',
	'',
	1,
	"ba5eda7a-def5-0000-0000-00000000000e",
	'',
	1,
	'',
	0);
INSERT INTO ACT_BRB
	VALUES ("0388480f-53dd-4d28-8d29-2065b1d7ef06",
	"8a08e8b6-4de0-437f-968f-71d65464ceb7");
INSERT INTO ACT_ACT
	VALUES ("0388480f-53dd-4d28-8d29-2065b1d7ef06",
	'bridge',
	0,
	"cc04e04f-3723-4fde-bf5e-88e9b250d9b5",
	"00000000-0000-0000-0000-000000000000",
	0,
	'Time::current_date',
	"00000000-0000-0000-0000-000000000000");
INSERT INTO ACT_BLK
	VALUES ("cc04e04f-3723-4fde-bf5e-88e9b250d9b5",
	0,
	0,
	0,
	'',
	'',
	'',
	0,
	0,
	0,
	0,
	0,
	0,
	0,
	0,
	0,
	0,
	0,
	0,
	0,
	"0388480f-53dd-4d28-8d29-2065b1d7ef06",
	"00000000-0000-0000-0000-000000000000");
INSERT INTO S_BRG
	VALUES ("e6bddfad-112a-4e3d-983c-17cf660f6a1d",
	"0cbe8000-b94e-43c0-a74e-b3d9f70bb59d",
	'create_date',
	'',
	1,
	"ba5eda7a-def5-0000-0000-00000000000e",
	'',
	1,
	'',
	0);
INSERT INTO S_BPARM
	VALUES ("2ff84885-d9d8-4403-82b1-cf68d9f4c2ff",
	"e6bddfad-112a-4e3d-983c-17cf660f6a1d",
	'second',
	"ba5eda7a-def5-0000-0000-000000000002",
	0,
	'',
	"a8dc93e1-f7e2-4b96-ba42-d464e71e81dd",
	'');
INSERT INTO S_BPARM
	VALUES ("b618c824-214f-496d-9f10-3fd50db9e512",
	"e6bddfad-112a-4e3d-983c-17cf660f6a1d",
	'minute',
	"ba5eda7a-def5-0000-0000-000000000002",
	0,
	'',
	"aa1100ee-c7e5-4ecb-b21a-a458b9395f0f",
	'');
INSERT INTO S_BPARM
	VALUES ("aa1100ee-c7e5-4ecb-b21a-a458b9395f0f",
	"e6bddfad-112a-4e3d-983c-17cf660f6a1d",
	'hour',
	"ba5eda7a-def5-0000-0000-000000000002",
	0,
	'',
	"076564bb-aa4b-45d4-a897-765cb7a7623d",
	'');
INSERT INTO S_BPARM
	VALUES ("076564bb-aa4b-45d4-a897-765cb7a7623d",
	"e6bddfad-112a-4e3d-983c-17cf660f6a1d",
	'day',
	"ba5eda7a-def5-0000-0000-000000000002",
	0,
	'',
	"00000000-0000-0000-0000-000000000000",
	'');
INSERT INTO S_BPARM
	VALUES ("a8dc93e1-f7e2-4b96-ba42-d464e71e81dd",
	"e6bddfad-112a-4e3d-983c-17cf660f6a1d",
	'month',
	"ba5eda7a-def5-0000-0000-000000000002",
	0,
	'',
	"b618c824-214f-496d-9f10-3fd50db9e512",
	'');
INSERT INTO S_BPARM
	VALUES ("bd9cb1eb-612c-4cf4-a5aa-5ba7f8820cc3",
	"e6bddfad-112a-4e3d-983c-17cf660f6a1d",
	'year',
	"ba5eda7a-def5-0000-0000-000000000002",
	0,
	'',
	"2ff84885-d9d8-4403-82b1-cf68d9f4c2ff",
	'');
INSERT INTO ACT_BRB
	VALUES ("86a01c0d-c734-4856-a64d-3f4fb130428f",
	"e6bddfad-112a-4e3d-983c-17cf660f6a1d");
INSERT INTO ACT_ACT
	VALUES ("86a01c0d-c734-4856-a64d-3f4fb130428f",
	'bridge',
	0,
	"5001c611-e7eb-4952-8b42-703ca81a4272",
	"00000000-0000-0000-0000-000000000000",
	0,
	'Time::create_date',
	"00000000-0000-0000-0000-000000000000");
INSERT INTO ACT_BLK
	VALUES ("5001c611-e7eb-4952-8b42-703ca81a4272",
	0,
	0,
	0,
	'',
	'',
	'',
	0,
	0,
	0,
	0,
	0,
	0,
	0,
	0,
	0,
	0,
	0,
	0,
	0,
	"86a01c0d-c734-4856-a64d-3f4fb130428f",
	"00000000-0000-0000-0000-000000000000");
INSERT INTO S_BRG
	VALUES ("38a0bf36-f1fa-46ff-9ac5-30980dbf9ba0",
	"0cbe8000-b94e-43c0-a74e-b3d9f70bb59d",
	'get_second',
	'',
	1,
	"ba5eda7a-def5-0000-0000-000000000002",
	'',
	1,
	'',
	0);
INSERT INTO S_BPARM
	VALUES ("7521082d-9202-4338-9c55-6857f6eab728",
	"38a0bf36-f1fa-46ff-9ac5-30980dbf9ba0",
	'date',
	"ba5eda7a-def5-0000-0000-00000000000e",
	0,
	'',
	"00000000-0000-0000-0000-000000000000",
	'');
INSERT INTO ACT_BRB
	VALUES ("e6ee6aaf-f8ff-4530-b1a0-20b9f2a27998",
	"38a0bf36-f1fa-46ff-9ac5-30980dbf9ba0");
INSERT INTO ACT_ACT
	VALUES ("e6ee6aaf-f8ff-4530-b1a0-20b9f2a27998",
	'bridge',
	0,
	"0dfbb47f-4cb2-4973-b370-8841417839eb",
	"00000000-0000-0000-0000-000000000000",
	0,
	'Time::get_second',
	"00000000-0000-0000-0000-000000000000");
INSERT INTO ACT_BLK
	VALUES ("0dfbb47f-4cb2-4973-b370-8841417839eb",
	0,
	0,
	0,
	'',
	'',
	'',
	0,
	0,
	0,
	0,
	0,
	0,
	0,
	0,
	0,
	0,
	0,
	0,
	0,
	"e6ee6aaf-f8ff-4530-b1a0-20b9f2a27998",
	"00000000-0000-0000-0000-000000000000");
INSERT INTO S_BRG
	VALUES ("2052aeb8-71a4-49e3-864d-b678d3906bed",
	"0cbe8000-b94e-43c0-a74e-b3d9f70bb59d",
	'get_minute',
	'',
	1,
	"ba5eda7a-def5-0000-0000-000000000002",
	'',
	1,
	'',
	0);
INSERT INTO S_BPARM
	VALUES ("ec9a6f91-6a94-401e-a679-35130105b5ea",
	"2052aeb8-71a4-49e3-864d-b678d3906bed",
	'date',
	"ba5eda7a-def5-0000-0000-00000000000e",
	0,
	'',
	"00000000-0000-0000-0000-000000000000",
	'');
INSERT INTO ACT_BRB
	VALUES ("66489a7d-6592-4ea9-9d63-74140f4e34c0",
	"2052aeb8-71a4-49e3-864d-b678d3906bed");
INSERT INTO ACT_ACT
	VALUES ("66489a7d-6592-4ea9-9d63-74140f4e34c0",
	'bridge',
	0,
	"f500b6ab-96ed-4196-a569-a2a3d947dbc5",
	"00000000-0000-0000-0000-000000000000",
	0,
	'Time::get_minute',
	"00000000-0000-0000-0000-000000000000");
INSERT INTO ACT_BLK
	VALUES ("f500b6ab-96ed-4196-a569-a2a3d947dbc5",
	0,
	0,
	0,
	'',
	'',
	'',
	0,
	0,
	0,
	0,
	0,
	0,
	0,
	0,
	0,
	0,
	0,
	0,
	0,
	"66489a7d-6592-4ea9-9d63-74140f4e34c0",
	"00000000-0000-0000-0000-000000000000");
INSERT INTO S_BRG
	VALUES ("ffe9b4a1-cf2d-46b7-9789-be3f258319ec",
	"0cbe8000-b94e-43c0-a74e-b3d9f70bb59d",
	'get_hour',
	'',
	1,
	"ba5eda7a-def5-0000-0000-000000000002",
	'',
	1,
	'',
	0);
INSERT INTO S_BPARM
	VALUES ("84d75bad-1e52-43aa-aa26-ca21bbf0a968",
	"ffe9b4a1-cf2d-46b7-9789-be3f258319ec",
	'date',
	"ba5eda7a-def5-0000-0000-00000000000e",
	0,
	'',
	"00000000-0000-0000-0000-000000000000",
	'');
INSERT INTO ACT_BRB
	VALUES ("63e7a6e7-7ce2-4ea6-a1f8-a8288a0bf708",
	"ffe9b4a1-cf2d-46b7-9789-be3f258319ec");
INSERT INTO ACT_ACT
	VALUES ("63e7a6e7-7ce2-4ea6-a1f8-a8288a0bf708",
	'bridge',
	0,
	"0427c3c5-e23e-4c5d-8a10-d2ea64a2656f",
	"00000000-0000-0000-0000-000000000000",
	0,
	'Time::get_hour',
	"00000000-0000-0000-0000-000000000000");
INSERT INTO ACT_BLK
	VALUES ("0427c3c5-e23e-4c5d-8a10-d2ea64a2656f",
	0,
	0,
	0,
	'',
	'',
	'',
	0,
	0,
	0,
	0,
	0,
	0,
	0,
	0,
	0,
	0,
	0,
	0,
	0,
	"63e7a6e7-7ce2-4ea6-a1f8-a8288a0bf708",
	"00000000-0000-0000-0000-000000000000");
INSERT INTO S_BRG
	VALUES ("cccf7316-ec6f-4823-ade0-eaab3e2435fc",
	"0cbe8000-b94e-43c0-a74e-b3d9f70bb59d",
	'get_day',
	'',
	1,
	"ba5eda7a-def5-0000-0000-000000000002",
	'',
	1,
	'',
	0);
INSERT INTO S_BPARM
	VALUES ("4a4ba548-f47c-486b-8ef0-77ed20e6a45e",
	"cccf7316-ec6f-4823-ade0-eaab3e2435fc",
	'date',
	"ba5eda7a-def5-0000-0000-00000000000e",
	0,
	'',
	"00000000-0000-0000-0000-000000000000",
	'');
INSERT INTO ACT_BRB
	VALUES ("8da68fc1-3f5f-434c-aabf-ca758007fa8f",
	"cccf7316-ec6f-4823-ade0-eaab3e2435fc");
INSERT INTO ACT_ACT
	VALUES ("8da68fc1-3f5f-434c-aabf-ca758007fa8f",
	'bridge',
	0,
	"cf69abce-085c-4d3f-8f9c-008305bb304b",
	"00000000-0000-0000-0000-000000000000",
	0,
	'Time::get_day',
	"00000000-0000-0000-0000-000000000000");
INSERT INTO ACT_BLK
	VALUES ("cf69abce-085c-4d3f-8f9c-008305bb304b",
	0,
	0,
	0,
	'',
	'',
	'',
	0,
	0,
	0,
	0,
	0,
	0,
	0,
	0,
	0,
	0,
	0,
	0,
	0,
	"8da68fc1-3f5f-434c-aabf-ca758007fa8f",
	"00000000-0000-0000-0000-000000000000");
INSERT INTO S_BRG
	VALUES ("e4d7890a-c0ba-4e92-bb75-a89f7a1deb89",
	"0cbe8000-b94e-43c0-a74e-b3d9f70bb59d",
	'get_month',
	'',
	1,
	"ba5eda7a-def5-0000-0000-000000000002",
	'',
	1,
	'',
	0);
INSERT INTO S_BPARM
	VALUES ("d40816f7-b76c-427b-b6d7-446d20d03ee3",
	"e4d7890a-c0ba-4e92-bb75-a89f7a1deb89",
	'date',
	"ba5eda7a-def5-0000-0000-00000000000e",
	0,
	'',
	"00000000-0000-0000-0000-000000000000",
	'');
INSERT INTO ACT_BRB
	VALUES ("1868f901-6d7b-4495-be6a-53a243825633",
	"e4d7890a-c0ba-4e92-bb75-a89f7a1deb89");
INSERT INTO ACT_ACT
	VALUES ("1868f901-6d7b-4495-be6a-53a243825633",
	'bridge',
	0,
	"27f8490f-8268-4e18-aa55-19c0dd1595c1",
	"00000000-0000-0000-0000-000000000000",
	0,
	'Time::get_month',
	"00000000-0000-0000-0000-000000000000");
INSERT INTO ACT_BLK
	VALUES ("27f8490f-8268-4e18-aa55-19c0dd1595c1",
	0,
	0,
	0,
	'',
	'',
	'',
	0,
	0,
	0,
	0,
	0,
	0,
	0,
	0,
	0,
	0,
	0,
	0,
	0,
	"1868f901-6d7b-4495-be6a-53a243825633",
	"00000000-0000-0000-0000-000000000000");
INSERT INTO S_BRG
	VALUES ("cd04774e-daca-4924-8bf8-26acb2101a9a",
	"0cbe8000-b94e-43c0-a74e-b3d9f70bb59d",
	'get_year',
	'',
	1,
	"ba5eda7a-def5-0000-0000-000000000002",
	'',
	1,
	'',
	0);
INSERT INTO S_BPARM
	VALUES ("5b29a6f6-08a1-4ddf-9107-136a053c0933",
	"cd04774e-daca-4924-8bf8-26acb2101a9a",
	'date',
	"ba5eda7a-def5-0000-0000-00000000000e",
	0,
	'',
	"00000000-0000-0000-0000-000000000000",
	'');
INSERT INTO ACT_BRB
	VALUES ("b5f3d5ed-3c3c-4244-9ec6-75909a2714a5",
	"cd04774e-daca-4924-8bf8-26acb2101a9a");
INSERT INTO ACT_ACT
	VALUES ("b5f3d5ed-3c3c-4244-9ec6-75909a2714a5",
	'bridge',
	0,
	"99ab3c76-114d-4195-b7ec-88e5d88abd40",
	"00000000-0000-0000-0000-000000000000",
	0,
	'Time::get_year',
	"00000000-0000-0000-0000-000000000000");
INSERT INTO ACT_BLK
	VALUES ("99ab3c76-114d-4195-b7ec-88e5d88abd40",
	0,
	0,
	0,
	'',
	'',
	'',
	0,
	0,
	0,
	0,
	0,
	0,
	0,
	0,
	0,
	0,
	0,
	0,
	0,
	"b5f3d5ed-3c3c-4244-9ec6-75909a2714a5",
	"00000000-0000-0000-0000-000000000000");
INSERT INTO S_BRG
	VALUES ("f3a7f92c-3c6b-4d36-8f32-849ae8fce50a",
	"0cbe8000-b94e-43c0-a74e-b3d9f70bb59d",
	'current_clock',
	'',
	1,
	"ba5eda7a-def5-0000-0000-000000000010",
	'',
	1,
	'',
	0);
INSERT INTO ACT_BRB
	VALUES ("0a13145a-1b11-44d1-9cac-594d31cf481f",
	"f3a7f92c-3c6b-4d36-8f32-849ae8fce50a");
INSERT INTO ACT_ACT
	VALUES ("0a13145a-1b11-44d1-9cac-594d31cf481f",
	'bridge',
	0,
	"437ca9f4-324a-4af9-b4af-fa0b00260639",
	"00000000-0000-0000-0000-000000000000",
	0,
	'Time::current_clock',
	"00000000-0000-0000-0000-000000000000");
INSERT INTO ACT_BLK
	VALUES ("437ca9f4-324a-4af9-b4af-fa0b00260639",
	0,
	0,
	0,
	'',
	'',
	'',
	0,
	0,
	0,
	0,
	0,
	0,
	0,
	0,
	0,
	0,
	0,
	0,
	0,
	"0a13145a-1b11-44d1-9cac-594d31cf481f",
	"00000000-0000-0000-0000-000000000000");
INSERT INTO S_BRG
	VALUES ("0b4c485f-017d-40b6-9a7e-57fda5776da4",
	"0cbe8000-b94e-43c0-a74e-b3d9f70bb59d",
	'timer_start',
	'This bridge operation starts a timer set to expire in the specified number of
microseconds, generating the passed event upon expiration. Returns the instance
handle of the timer.',
	1,
	"ba5eda7a-def5-0000-0000-00000000000f",
	'',
	1,
	'',
	0);
INSERT INTO S_BPARM
	VALUES ("eebfd799-31fd-4ce8-a08a-9724a263b762",
	"0b4c485f-017d-40b6-9a7e-57fda5776da4",
	'microseconds',
	"ba5eda7a-def5-0000-0000-000000000002",
	0,
	'',
	"9b715479-d702-47cb-8122-8620dc4ed902",
	'');
INSERT INTO S_BPARM
	VALUES ("9b715479-d702-47cb-8122-8620dc4ed902",
	"0b4c485f-017d-40b6-9a7e-57fda5776da4",
	'event_inst',
	"ba5eda7a-def5-0000-0000-00000000000a",
	0,
	'',
	"00000000-0000-0000-0000-000000000000",
	'');
INSERT INTO ACT_BRB
	VALUES ("dc30f402-9785-4be1-a418-e4c76d1267c7",
	"0b4c485f-017d-40b6-9a7e-57fda5776da4");
INSERT INTO ACT_ACT
	VALUES ("dc30f402-9785-4be1-a418-e4c76d1267c7",
	'bridge',
	0,
	"d5279d2a-5347-43b9-8b9b-41d4c9ab67e0",
	"00000000-0000-0000-0000-000000000000",
	0,
	'Time::timer_start',
	"00000000-0000-0000-0000-000000000000");
INSERT INTO ACT_BLK
	VALUES ("d5279d2a-5347-43b9-8b9b-41d4c9ab67e0",
	0,
	0,
	0,
	'',
	'',
	'',
	0,
	0,
	0,
	0,
	0,
	0,
	0,
	0,
	0,
	0,
	0,
	0,
	0,
	"dc30f402-9785-4be1-a418-e4c76d1267c7",
	"00000000-0000-0000-0000-000000000000");
INSERT INTO S_BRG
	VALUES ("16322409-ab18-4a8a-8189-42924b6ad4c7",
	"0cbe8000-b94e-43c0-a74e-b3d9f70bb59d",
	'timer_start_recurring',
	'This bridge operation starts a timer set to expire in the specified number of
microseconds, generating the passed event upon expiration. Upon expiration, the
timer will be restarted and fire again in the specified number of microseconds
generating the passed event. This bridge operation returns the instance handle
of the timer.',
	1,
	"ba5eda7a-def5-0000-0000-00000000000f",
	'',
	1,
	'',
	0);
INSERT INTO S_BPARM
	VALUES ("f837dc1f-51c1-4f10-8f70-894551d66b04",
	"16322409-ab18-4a8a-8189-42924b6ad4c7",
	'microseconds',
	"ba5eda7a-def5-0000-0000-000000000002",
	0,
	'',
	"d4bcf76d-bce4-4c9a-9fe9-5fd26309ed9a",
	'');
INSERT INTO S_BPARM
	VALUES ("d4bcf76d-bce4-4c9a-9fe9-5fd26309ed9a",
	"16322409-ab18-4a8a-8189-42924b6ad4c7",
	'event_inst',
	"ba5eda7a-def5-0000-0000-00000000000a",
	0,
	'',
	"00000000-0000-0000-0000-000000000000",
	'');
INSERT INTO ACT_BRB
	VALUES ("928cadf0-18d6-4646-9405-bf06aa2e8104",
	"16322409-ab18-4a8a-8189-42924b6ad4c7");
INSERT INTO ACT_ACT
	VALUES ("928cadf0-18d6-4646-9405-bf06aa2e8104",
	'bridge',
	0,
	"ce78e594-2451-490e-9926-63d26191c1fb",
	"00000000-0000-0000-0000-000000000000",
	0,
	'Time::timer_start_recurring',
	"00000000-0000-0000-0000-000000000000");
INSERT INTO ACT_BLK
	VALUES ("ce78e594-2451-490e-9926-63d26191c1fb",
	0,
	0,
	0,
	'',
	'',
	'',
	0,
	0,
	0,
	0,
	0,
	0,
	0,
	0,
	0,
	0,
	0,
	0,
	0,
	"928cadf0-18d6-4646-9405-bf06aa2e8104",
	"00000000-0000-0000-0000-000000000000");
INSERT INTO S_BRG
	VALUES ("724d498a-672c-4565-ade3-ad23463f9c4e",
	"0cbe8000-b94e-43c0-a74e-b3d9f70bb59d",
	'timer_remaining_time',
	'Returns the time remaining (in microseconds) for the passed timer instance. If
the timer has expired, a zero value is returned.',
	1,
	"ba5eda7a-def5-0000-0000-000000000002",
	'',
	1,
	'',
	0);
INSERT INTO S_BPARM
	VALUES ("2acf22f9-c00d-4469-9fad-399b127eee5b",
	"724d498a-672c-4565-ade3-ad23463f9c4e",
	'timer_inst_ref',
	"ba5eda7a-def5-0000-0000-00000000000f",
	0,
	'',
	"00000000-0000-0000-0000-000000000000",
	'');
INSERT INTO ACT_BRB
	VALUES ("798fe482-2cc1-4354-b328-38f7c2e749ad",
	"724d498a-672c-4565-ade3-ad23463f9c4e");
INSERT INTO ACT_ACT
	VALUES ("798fe482-2cc1-4354-b328-38f7c2e749ad",
	'bridge',
	0,
	"340cf867-dee3-4bfb-a4db-72d618d5faed",
	"00000000-0000-0000-0000-000000000000",
	0,
	'Time::timer_remaining_time',
	"00000000-0000-0000-0000-000000000000");
INSERT INTO ACT_BLK
	VALUES ("340cf867-dee3-4bfb-a4db-72d618d5faed",
	0,
	0,
	0,
	'',
	'',
	'',
	0,
	0,
	0,
	0,
	0,
	0,
	0,
	0,
	0,
	0,
	0,
	0,
	0,
	"798fe482-2cc1-4354-b328-38f7c2e749ad",
	"00000000-0000-0000-0000-000000000000");
INSERT INTO S_BRG
	VALUES ("587a5601-85c2-4712-9523-edb532578dab",
	"0cbe8000-b94e-43c0-a74e-b3d9f70bb59d",
	'timer_reset_time',
	'This bridge operation attempts to set the passed existing timer to expire in
the specified number of microseconds. If the timer exists (that is, it has not
expired), a TRUE value is returned. If the timer no longer exists, a FALSE value
is returned.',
	1,
	"ba5eda7a-def5-0000-0000-000000000001",
	'',
	1,
	'',
	0);
INSERT INTO S_BPARM
	VALUES ("8c3b610d-cb43-431e-a887-f93a904a8d13",
	"587a5601-85c2-4712-9523-edb532578dab",
	'timer_inst_ref',
	"ba5eda7a-def5-0000-0000-00000000000f",
	0,
	'',
	"f3102f1e-34e8-4504-bb2c-986aecdb906d",
	'');
INSERT INTO S_BPARM
	VALUES ("f3102f1e-34e8-4504-bb2c-986aecdb906d",
	"587a5601-85c2-4712-9523-edb532578dab",
	'microseconds',
	"ba5eda7a-def5-0000-0000-000000000002",
	0,
	'',
	"00000000-0000-0000-0000-000000000000",
	'');
INSERT INTO ACT_BRB
	VALUES ("58242c26-178e-4475-9ec9-8f32f0a04fb4",
	"587a5601-85c2-4712-9523-edb532578dab");
INSERT INTO ACT_ACT
	VALUES ("58242c26-178e-4475-9ec9-8f32f0a04fb4",
	'bridge',
	0,
	"1d464403-503c-4cfb-b98e-31c2c3331c87",
	"00000000-0000-0000-0000-000000000000",
	0,
	'Time::timer_reset_time',
	"00000000-0000-0000-0000-000000000000");
INSERT INTO ACT_BLK
	VALUES ("1d464403-503c-4cfb-b98e-31c2c3331c87",
	0,
	0,
	0,
	'',
	'',
	'',
	0,
	0,
	0,
	0,
	0,
	0,
	0,
	0,
	0,
	0,
	0,
	0,
	0,
	"58242c26-178e-4475-9ec9-8f32f0a04fb4",
	"00000000-0000-0000-0000-000000000000");
INSERT INTO S_BRG
	VALUES ("a160d621-7f28-44ee-b4d9-59b10ef2e404",
	"0cbe8000-b94e-43c0-a74e-b3d9f70bb59d",
	'timer_add_time',
	'This bridge operation attempts to add the specified number of microseconds to a
passed existing timer. If the timer exists (that is, it has not expired), a TRUE
value is returned. If the timer no longer exists, a FALSE value is returned.',
	1,
	"ba5eda7a-def5-0000-0000-000000000001",
	'',
	1,
	'',
	0);
INSERT INTO S_BPARM
	VALUES ("468de39e-d4fc-4f30-accf-11eb27171171",
	"a160d621-7f28-44ee-b4d9-59b10ef2e404",
	'timer_inst_ref',
	"ba5eda7a-def5-0000-0000-00000000000f",
	0,
	'',
	"d464f0b4-214d-40d1-87b3-f836b218ccaf",
	'');
INSERT INTO S_BPARM
	VALUES ("d464f0b4-214d-40d1-87b3-f836b218ccaf",
	"a160d621-7f28-44ee-b4d9-59b10ef2e404",
	'microseconds',
	"ba5eda7a-def5-0000-0000-000000000002",
	0,
	'',
	"00000000-0000-0000-0000-000000000000",
	'');
INSERT INTO ACT_BRB
	VALUES ("4357de88-d505-4c34-b814-ba68bf8b39d9",
	"a160d621-7f28-44ee-b4d9-59b10ef2e404");
INSERT INTO ACT_ACT
	VALUES ("4357de88-d505-4c34-b814-ba68bf8b39d9",
	'bridge',
	0,
	"61115811-e2c7-46fd-bf93-af9d8773173c",
	"00000000-0000-0000-0000-000000000000",
	0,
	'Time::timer_add_time',
	"00000000-0000-0000-0000-000000000000");
INSERT INTO ACT_BLK
	VALUES ("61115811-e2c7-46fd-bf93-af9d8773173c",
	0,
	0,
	0,
	'',
	'',
	'',
	0,
	0,
	0,
	0,
	0,
	0,
	0,
	0,
	0,
	0,
	0,
	0,
	0,
	"4357de88-d505-4c34-b814-ba68bf8b39d9",
	"00000000-0000-0000-0000-000000000000");
INSERT INTO S_BRG
	VALUES ("b2f303f5-6e95-4731-a762-be0c0eb02ca7",
	"0cbe8000-b94e-43c0-a74e-b3d9f70bb59d",
	'timer_cancel',
	'This bridge operation cancels and deletes the passed timer instance. If the
timer exists (that is, it had not expired), a TRUE value is returned. If the
timer no longer exists, a FALSE value is returned.',
	1,
	"ba5eda7a-def5-0000-0000-000000000001",
	'',
	1,
	'',
	0);
INSERT INTO S_BPARM
	VALUES ("e74eb78d-a2ce-4224-bdad-cc900e1a843b",
	"b2f303f5-6e95-4731-a762-be0c0eb02ca7",
	'timer_inst_ref',
	"ba5eda7a-def5-0000-0000-00000000000f",
	0,
	'',
	"00000000-0000-0000-0000-000000000000",
	'');
INSERT INTO ACT_BRB
	VALUES ("a6a4e9af-cfcb-4db0-b0b7-081183f1082f",
	"b2f303f5-6e95-4731-a762-be0c0eb02ca7");
INSERT INTO ACT_ACT
	VALUES ("a6a4e9af-cfcb-4db0-b0b7-081183f1082f",
	'bridge',
	0,
	"7ba91203-e394-4090-8679-dcfadc7bf212",
	"00000000-0000-0000-0000-000000000000",
	0,
	'Time::timer_cancel',
	"00000000-0000-0000-0000-000000000000");
INSERT INTO ACT_BLK
	VALUES ("7ba91203-e394-4090-8679-dcfadc7bf212",
	0,
	0,
	0,
	'',
	'',
	'',
	0,
	0,
	0,
	0,
	0,
	0,
	0,
	0,
	0,
	0,
	0,
	0,
	0,
	"a6a4e9af-cfcb-4db0-b0b7-081183f1082f",
	"00000000-0000-0000-0000-000000000000");
INSERT INTO PE_PE
	VALUES ("2c85491d-6998-469c-bc26-d447450f7f85",
	1,
	"63980537-a12c-49e3-a1f9-8bd1a2489218",
	"00000000-0000-0000-0000-000000000000",
	5);
INSERT INTO S_EE
	VALUES ("2c85491d-6998-469c-bc26-d447450f7f85",
	'Command Line',
	'This utility provides an interface to the command line arguements of the
application. ''register_flag'' and ''register_value'' are used to set up possible
options that may be queried. ''read_command_line'' signals the tool to parse
the command line arguments based on the registered options. ''get_flag'' and
''get_value'' query the loaded command line options. The ''register_*'' bridges
are intended to be called in the initializaion routine for a component. After
all options, are registered, ''read_command_line'' should be called to load
and validate the options. At this point, if the command line options do not
match the requirements of the registered options, the application will terminate.
Once ''read_command_line'' is invoked, no more options may be registered. The
''get_*'' bridges may be called any number of times afterwards to query the
command line.',
	'CMD',
	"00000000-0000-0000-0000-000000000000",
	'',
	'Command Line',
	1);
INSERT INTO S_BRG
	VALUES ("4c84eeef-580a-44c0-99a3-07b6a73452d7",
	"2c85491d-6998-469c-bc26-d447450f7f85",
	'register_flag',
	'Registers a command line option that may or may not be present. This option may not take a value.
  name: The name of the option. Values must be composed of uper and lowercase letters only.
  usage: Usage text to be displayed to the user.
  
Produces an error if:
  - The provided option name is invalid
  - The proivided option name has already been registered
  - It is invoked after ''read_command_line'' has been invoked',
	0,
	"ba5eda7a-def5-0000-0000-000000000000",
	'',
	1,
	'',
	0);
INSERT INTO S_BPARM
	VALUES ("c6e934fc-2ef0-40c1-a16c-0a06a0277880",
	"4c84eeef-580a-44c0-99a3-07b6a73452d7",
	'name',
	"ba5eda7a-def5-0000-0000-000000000004",
	0,
	'',
	"00000000-0000-0000-0000-000000000000",
	'');
INSERT INTO S_BPARM
	VALUES ("aa97ca18-dd08-4372-a172-5fea79e99363",
	"4c84eeef-580a-44c0-99a3-07b6a73452d7",
	'usage',
	"ba5eda7a-def5-0000-0000-000000000004",
	0,
	'',
	"c6e934fc-2ef0-40c1-a16c-0a06a0277880",
	'');
INSERT INTO ACT_BRB
	VALUES ("5b8bd56a-7a20-4c3b-82fb-dcec38559a0a",
	"4c84eeef-580a-44c0-99a3-07b6a73452d7");
INSERT INTO ACT_ACT
	VALUES ("5b8bd56a-7a20-4c3b-82fb-dcec38559a0a",
	'bridge',
	0,
	"04d9bb3f-ba00-46c0-ac7c-9152a28d4fc1",
	"00000000-0000-0000-0000-000000000000",
	0,
	'Command Line::register_flag',
	"00000000-0000-0000-0000-000000000000");
INSERT INTO ACT_BLK
	VALUES ("04d9bb3f-ba00-46c0-ac7c-9152a28d4fc1",
	0,
	0,
	0,
	'',
	'',
	'',
	0,
	0,
	0,
	0,
	0,
	0,
	0,
	0,
	0,
	0,
	0,
	0,
	0,
	"5b8bd56a-7a20-4c3b-82fb-dcec38559a0a",
	"00000000-0000-0000-0000-000000000000");
INSERT INTO S_BRG
	VALUES ("552205ca-aa70-45be-9f6c-fed75e322243",
	"2c85491d-6998-469c-bc26-d447450f7f85",
	'register_value',
	'Registers a command line option that is accompanied by a value.
  name: The name of the option. Values must be composed of uper and lowercase letters only.
  value_name: The name of the value to be printed in the usage information.
  usage: Usage text to be displayed to the user.
  default: The value to return if the option is not present.
  
Produces an error if:
  - The provided option name is invalid
  - The proivided option name has already been registered
  - It is invoked after ''read_command_line'' has been invoked',
	0,
	"ba5eda7a-def5-0000-0000-000000000000",
	'',
	1,
	'',
	0);
INSERT INTO S_BPARM
	VALUES ("fe6e347e-148c-41b0-93d2-103cb5b039c7",
	"552205ca-aa70-45be-9f6c-fed75e322243",
	'name',
	"ba5eda7a-def5-0000-0000-000000000004",
	0,
	'',
	"00000000-0000-0000-0000-000000000000",
	'');
INSERT INTO S_BPARM
	VALUES ("aeafcd39-100f-4510-b577-b492a87341b4",
	"552205ca-aa70-45be-9f6c-fed75e322243",
	'usage',
	"ba5eda7a-def5-0000-0000-000000000004",
	0,
	'',
	"de67d99a-f018-4c57-8c77-ae04092276d5",
	'');
INSERT INTO S_BPARM
	VALUES ("1116bbba-a679-4051-9499-b6b084b1ce4b",
	"552205ca-aa70-45be-9f6c-fed75e322243",
	'default',
	"ba5eda7a-def5-0000-0000-000000000004",
	0,
	'',
	"aeafcd39-100f-4510-b577-b492a87341b4",
	'');
INSERT INTO S_BPARM
	VALUES ("de67d99a-f018-4c57-8c77-ae04092276d5",
	"552205ca-aa70-45be-9f6c-fed75e322243",
	'value_name',
	"ba5eda7a-def5-0000-0000-000000000004",
	0,
	'',
	"fe6e347e-148c-41b0-93d2-103cb5b039c7",
	'');
INSERT INTO S_BPARM
	VALUES ("c0949355-b740-4feb-9f33-245a8ef01d3f",
	"552205ca-aa70-45be-9f6c-fed75e322243",
	'required',
	"ba5eda7a-def5-0000-0000-000000000001",
	0,
	'',
	"1116bbba-a679-4051-9499-b6b084b1ce4b",
	'');
INSERT INTO ACT_BRB
	VALUES ("e0acc6ff-f964-43a7-a9ec-ec61faaeaf58",
	"552205ca-aa70-45be-9f6c-fed75e322243");
INSERT INTO ACT_ACT
	VALUES ("e0acc6ff-f964-43a7-a9ec-ec61faaeaf58",
	'bridge',
	0,
	"26c8f0ea-7358-421c-b05a-ad637c5affda",
	"00000000-0000-0000-0000-000000000000",
	0,
	'Command Line::register_value',
	"00000000-0000-0000-0000-000000000000");
INSERT INTO ACT_BLK
	VALUES ("26c8f0ea-7358-421c-b05a-ad637c5affda",
	0,
	0,
	0,
	'',
	'',
	'',
	0,
	0,
	0,
	0,
	0,
	0,
	0,
	0,
	0,
	0,
	0,
	0,
	0,
	"e0acc6ff-f964-43a7-a9ec-ec61faaeaf58",
	"00000000-0000-0000-0000-000000000000");
INSERT INTO S_BRG
	VALUES ("e14dac49-6263-450c-a836-b0d18eb918ce",
	"2c85491d-6998-469c-bc26-d447450f7f85",
	'get_flag',
	'Return true if the option is present.
  
Produces an error if:
  - The provided option name is invalid
  - The provided option name has not been registered
  - The provided option name has been registered as a value
  - It is invoked before ''read_command_line'' has been invoked',
	0,
	"ba5eda7a-def5-0000-0000-000000000001",
	'',
	1,
	'',
	0);
INSERT INTO S_BPARM
	VALUES ("0b5faa27-1c3c-451f-8cde-e5556fa72e6f",
	"e14dac49-6263-450c-a836-b0d18eb918ce",
	'name',
	"ba5eda7a-def5-0000-0000-000000000004",
	0,
	'',
	"00000000-0000-0000-0000-000000000000",
	'');
INSERT INTO ACT_BRB
	VALUES ("b094d2b7-cec2-4c25-8c46-08e85a0a6546",
	"e14dac49-6263-450c-a836-b0d18eb918ce");
INSERT INTO ACT_ACT
	VALUES ("b094d2b7-cec2-4c25-8c46-08e85a0a6546",
	'bridge',
	0,
	"325dc539-74c2-438d-85a7-c1a5fd857e72",
	"00000000-0000-0000-0000-000000000000",
	0,
	'Command Line::get_flag',
	"00000000-0000-0000-0000-000000000000");
INSERT INTO ACT_BLK
	VALUES ("325dc539-74c2-438d-85a7-c1a5fd857e72",
	0,
	0,
	0,
	'',
	'',
	'',
	0,
	0,
	0,
	0,
	0,
	0,
	0,
	0,
	0,
	0,
	0,
	0,
	0,
	"b094d2b7-cec2-4c25-8c46-08e85a0a6546",
	"00000000-0000-0000-0000-000000000000");
INSERT INTO S_BRG
	VALUES ("48b8f9dc-e8f2-41f2-9b8e-d6b671643328",
	"2c85491d-6998-469c-bc26-d447450f7f85",
	'get_value',
	'Get the value of a registered option.
  
Produces an error if:
  - The provided option name is invalid
  - The provided option name has not been registered
  - The provided option name has been registered as a flag
  - It is invoked before ''read_command_line'' has been invoked',
	0,
	"ba5eda7a-def5-0000-0000-000000000004",
	'',
	1,
	'',
	0);
INSERT INTO S_BPARM
	VALUES ("4c7c1c7f-d782-47de-94dc-8c16a0605a70",
	"48b8f9dc-e8f2-41f2-9b8e-d6b671643328",
	'name',
	"ba5eda7a-def5-0000-0000-000000000004",
	0,
	'',
	"00000000-0000-0000-0000-000000000000",
	'');
INSERT INTO ACT_BRB
	VALUES ("d5efffd3-d9c1-46d7-9848-59ea176cbcdf",
	"48b8f9dc-e8f2-41f2-9b8e-d6b671643328");
INSERT INTO ACT_ACT
	VALUES ("d5efffd3-d9c1-46d7-9848-59ea176cbcdf",
	'bridge',
	0,
	"ade80163-df59-46f9-88df-7e1aa52b85c7",
	"00000000-0000-0000-0000-000000000000",
	0,
	'Command Line::get_value',
	"00000000-0000-0000-0000-000000000000");
INSERT INTO ACT_BLK
	VALUES ("ade80163-df59-46f9-88df-7e1aa52b85c7",
	0,
	0,
	0,
	'',
	'',
	'',
	0,
	0,
	0,
	0,
	0,
	0,
	0,
	0,
	0,
	0,
	0,
	0,
	0,
	"d5efffd3-d9c1-46d7-9848-59ea176cbcdf",
	"00000000-0000-0000-0000-000000000000");
INSERT INTO S_BRG
	VALUES ("029dc98c-3010-43ac-9592-e46b263472fe",
	"2c85491d-6998-469c-bc26-d447450f7f85",
	'read_command_line',
	'Parses the command line arguments and validates them based on the registered
options. This produces an error if it is called twice.',
	0,
	"ba5eda7a-def5-0000-0000-000000000000",
	'',
	1,
	'',
	0);
INSERT INTO ACT_BRB
	VALUES ("c200945a-5670-46a2-b231-8c8166039472",
	"029dc98c-3010-43ac-9592-e46b263472fe");
INSERT INTO ACT_ACT
	VALUES ("c200945a-5670-46a2-b231-8c8166039472",
	'bridge',
	0,
	"e7eae828-1527-493a-b72d-2d69583914d0",
	"00000000-0000-0000-0000-000000000000",
	0,
	'Command Line::read_command_line',
	"00000000-0000-0000-0000-000000000000");
INSERT INTO ACT_BLK
	VALUES ("e7eae828-1527-493a-b72d-2d69583914d0",
	0,
	0,
	0,
	'',
	'',
	'',
	0,
	0,
	0,
	0,
	0,
	0,
	0,
	0,
	0,
	0,
	0,
	0,
	0,
	"c200945a-5670-46a2-b231-8c8166039472",
	"00000000-0000-0000-0000-000000000000");
INSERT INTO PE_PE
	VALUES ("33d21480-69a2-4ed7-9fd6-4b0d734cf2a9",
	1,
	"63980537-a12c-49e3-a1f9-8bd1a2489218",
	"00000000-0000-0000-0000-000000000000",
	5);
INSERT INTO S_EE
	VALUES ("33d21480-69a2-4ed7-9fd6-4b0d734cf2a9",
	'string',
	'',
	'STRING',
	"00000000-0000-0000-0000-000000000000",
	'',
	'string',
	1);
INSERT INTO S_BRG
	VALUES ("1f23e627-377e-4168-a4a2-bda0a5ec42eb",
	"33d21480-69a2-4ed7-9fd6-4b0d734cf2a9",
	'itoa',
	'',
	0,
	"ba5eda7a-def5-0000-0000-000000000004",
	'mapping[9]="9"; mapping[8]="8"; mapping[7]="7"; mapping[6]="6"; mapping[5]="5";
mapping[4]="4"; mapping[3]="3"; mapping[2]="2"; mapping[1]="1"; mapping[0]="0";

i = param.i; s = "";
while ( i >= 1 )
  d = i % 10;
  i = i / 10;
  s = mapping[ d ] + s;
end while;

return s;',
	1,
	'',
	0);
INSERT INTO S_BPARM
	VALUES ("37ef52bb-354f-4080-951f-232d57d97550",
	"1f23e627-377e-4168-a4a2-bda0a5ec42eb",
	'i',
	"ba5eda7a-def5-0000-0000-000000000002",
	0,
	'',
	"00000000-0000-0000-0000-000000000000",
	'');
INSERT INTO ACT_BRB
	VALUES ("ce01d220-6c68-4583-a10c-b0c9eead8178",
	"1f23e627-377e-4168-a4a2-bda0a5ec42eb");
INSERT INTO ACT_ACT
	VALUES ("ce01d220-6c68-4583-a10c-b0c9eead8178",
	'bridge',
	0,
	"1037c49a-08c6-48b4-b0df-f38dda1c36c4",
	"00000000-0000-0000-0000-000000000000",
	0,
	'string::itoa',
	"00000000-0000-0000-0000-000000000000");
INSERT INTO ACT_BLK
	VALUES ("1037c49a-08c6-48b4-b0df-f38dda1c36c4",
	0,
	0,
	0,
	'',
	'',
	'',
	11,
	1,
	0,
	0,
	0,
	0,
	0,
	0,
	0,
	0,
	0,
	0,
	0,
	"ce01d220-6c68-4583-a10c-b0c9eead8178",
	"00000000-0000-0000-0000-000000000000");
INSERT INTO ACT_SMT
	VALUES ("c33a9ee7-3722-4d5e-af6a-55633fea31ca",
	"1037c49a-08c6-48b4-b0df-f38dda1c36c4",
	"c464933c-c9d8-435d-8b5d-a147518cebea",
	1,
	1,
	'string::itoa line: 1');
INSERT INTO ACT_AI
	VALUES ("c33a9ee7-3722-4d5e-af6a-55633fea31ca",
	"d1b9220f-2782-4493-bf5a-d13903d03d4f",
	"9ca214d8-c397-46eb-9e33-bbdec12f7240",
	0,
	0);
INSERT INTO ACT_SMT
	VALUES ("c464933c-c9d8-435d-8b5d-a147518cebea",
	"1037c49a-08c6-48b4-b0df-f38dda1c36c4",
	"a0a361a6-0df5-414b-923b-843384d4efe8",
	1,
	17,
	'string::itoa line: 1');
INSERT INTO ACT_AI
	VALUES ("c464933c-c9d8-435d-8b5d-a147518cebea",
	"56c8b2a2-22e0-4d69-8fa6-56f3f50ea7c1",
	"0d35095d-b52b-404c-b89d-26f721f9db34",
	0,
	0);
INSERT INTO ACT_SMT
	VALUES ("a0a361a6-0df5-414b-923b-843384d4efe8",
	"1037c49a-08c6-48b4-b0df-f38dda1c36c4",
	"1359e748-de61-42d5-9932-c12877fd4f9c",
	1,
	33,
	'string::itoa line: 1');
INSERT INTO ACT_AI
	VALUES ("a0a361a6-0df5-414b-923b-843384d4efe8",
	"1c4162fd-dd20-4324-abb4-c79ea565ee90",
	"97c332ef-4c56-45fc-bb93-3510bcd67c60",
	0,
	0);
INSERT INTO ACT_SMT
	VALUES ("1359e748-de61-42d5-9932-c12877fd4f9c",
	"1037c49a-08c6-48b4-b0df-f38dda1c36c4",
	"8088d515-ca2c-49b3-ab52-eb5f66adee84",
	1,
	49,
	'string::itoa line: 1');
INSERT INTO ACT_AI
	VALUES ("1359e748-de61-42d5-9932-c12877fd4f9c",
	"2571f474-d301-4525-88a7-cb94cc6a980a",
	"7a37ed80-a1ff-438c-ac28-0edc8baf8483",
	0,
	0);
INSERT INTO ACT_SMT
	VALUES ("8088d515-ca2c-49b3-ab52-eb5f66adee84",
	"1037c49a-08c6-48b4-b0df-f38dda1c36c4",
	"29f67008-91b0-4c89-8227-4074f77f4028",
	1,
	65,
	'string::itoa line: 1');
INSERT INTO ACT_AI
	VALUES ("8088d515-ca2c-49b3-ab52-eb5f66adee84",
	"c30bff19-87f9-485f-b6dd-32b69b53e1d9",
	"a8d3b127-3c1e-4a50-a050-b3d49af98bea",
	0,
	0);
INSERT INTO ACT_SMT
	VALUES ("29f67008-91b0-4c89-8227-4074f77f4028",
	"1037c49a-08c6-48b4-b0df-f38dda1c36c4",
	"c54333c4-a988-4522-8946-0c74e22a1714",
	2,
	1,
	'string::itoa line: 2');
INSERT INTO ACT_AI
	VALUES ("29f67008-91b0-4c89-8227-4074f77f4028",
	"4393c3f0-a129-4b3f-aa68-e310cff4d8af",
	"c333d70a-11ad-4d32-af75-bd2e485627f8",
	0,
	0);
INSERT INTO ACT_SMT
	VALUES ("c54333c4-a988-4522-8946-0c74e22a1714",
	"1037c49a-08c6-48b4-b0df-f38dda1c36c4",
	"4e03c78d-1d0c-4338-829d-af3c21307d54",
	2,
	17,
	'string::itoa line: 2');
INSERT INTO ACT_AI
	VALUES ("c54333c4-a988-4522-8946-0c74e22a1714",
	"5a6433c3-4644-413a-8c52-76d5271d1cd2",
	"0c871a20-0a73-4104-ad34-f1760010bec7",
	0,
	0);
INSERT INTO ACT_SMT
	VALUES ("4e03c78d-1d0c-4338-829d-af3c21307d54",
	"1037c49a-08c6-48b4-b0df-f38dda1c36c4",
	"6b15ddd8-7576-4a8d-bdcd-327c86191eb5",
	2,
	33,
	'string::itoa line: 2');
INSERT INTO ACT_AI
	VALUES ("4e03c78d-1d0c-4338-829d-af3c21307d54",
	"b70cf877-3d0a-4ca8-873a-f90b74e8cdff",
	"03a7669c-f46c-4373-9591-554ad64a27e6",
	0,
	0);
INSERT INTO ACT_SMT
	VALUES ("6b15ddd8-7576-4a8d-bdcd-327c86191eb5",
	"1037c49a-08c6-48b4-b0df-f38dda1c36c4",
	"2e93eb06-1d0c-4bc7-b74c-0ad496ba266b",
	2,
	49,
	'string::itoa line: 2');
INSERT INTO ACT_AI
	VALUES ("6b15ddd8-7576-4a8d-bdcd-327c86191eb5",
	"760babe9-b90c-42dc-b6eb-005c91c77d04",
	"755bde4a-6dce-4b84-ae4b-bee7fc99f141",
	0,
	0);
INSERT INTO ACT_SMT
	VALUES ("2e93eb06-1d0c-4bc7-b74c-0ad496ba266b",
	"1037c49a-08c6-48b4-b0df-f38dda1c36c4",
	"28a2ebcc-1e31-47f0-bd59-5fa97cb266f3",
	2,
	65,
	'string::itoa line: 2');
INSERT INTO ACT_AI
	VALUES ("2e93eb06-1d0c-4bc7-b74c-0ad496ba266b",
	"c7644895-6198-4d5a-b8d0-f9e04f8477ff",
	"3c1e6967-c415-4848-b194-0a2b9ebc95c9",
	0,
	0);
INSERT INTO ACT_SMT
	VALUES ("28a2ebcc-1e31-47f0-bd59-5fa97cb266f3",
	"1037c49a-08c6-48b4-b0df-f38dda1c36c4",
	"46d3b2c3-cf0f-4b1c-957b-2b95813467ab",
	4,
	1,
	'string::itoa line: 4');
INSERT INTO ACT_AI
	VALUES ("28a2ebcc-1e31-47f0-bd59-5fa97cb266f3",
	"06660cd1-32d4-4b63-abb3-655607d1bb2a",
	"911d3d3a-afa4-4cfc-98da-041c6e58e8b4",
	0,
	0);
INSERT INTO ACT_SMT
	VALUES ("46d3b2c3-cf0f-4b1c-957b-2b95813467ab",
	"1037c49a-08c6-48b4-b0df-f38dda1c36c4",
	"74bd14a0-3bbe-4d16-b5b9-07c459527e32",
	4,
	14,
	'string::itoa line: 4');
INSERT INTO ACT_AI
	VALUES ("46d3b2c3-cf0f-4b1c-957b-2b95813467ab",
	"4491796c-f912-4bc4-a270-9d36d3bf3e6f",
	"acb82e80-0eb2-45da-98de-0acc72fcee48",
	0,
	0);
INSERT INTO ACT_SMT
	VALUES ("74bd14a0-3bbe-4d16-b5b9-07c459527e32",
	"1037c49a-08c6-48b4-b0df-f38dda1c36c4",
	"154ea4f6-7b91-486c-9b09-f4f2f4c80b3a",
	5,
	1,
	'string::itoa line: 5');
INSERT INTO ACT_WHL
	VALUES ("74bd14a0-3bbe-4d16-b5b9-07c459527e32",
	"01d24b16-8658-46b2-924e-91f0391d228a",
	"157a98a6-d4e9-44df-a2fe-b4903d6cd353");
INSERT INTO ACT_SMT
	VALUES ("154ea4f6-7b91-486c-9b09-f4f2f4c80b3a",
	"1037c49a-08c6-48b4-b0df-f38dda1c36c4",
	"00000000-0000-0000-0000-000000000000",
	11,
	1,
	'string::itoa line: 11');
INSERT INTO ACT_RET
	VALUES ("154ea4f6-7b91-486c-9b09-f4f2f4c80b3a",
	"45a945a4-7468-45a5-9587-63b6952867b8");
INSERT INTO V_VAL
	VALUES ("a076c856-5d4b-4f9d-8cf0-4d98f7566ade",
	0,
	0,
	1,
	9,
	9,
	0,
	0,
	0,
	0,
	"ba5eda7a-def5-0000-0000-000000000002",
	"1037c49a-08c6-48b4-b0df-f38dda1c36c4");
INSERT INTO V_LIN
	VALUES ("a076c856-5d4b-4f9d-8cf0-4d98f7566ade",
	'9');
INSERT INTO V_VAL
	VALUES ("137f2ff9-97ee-4112-98a6-c663a9afdc52",
	1,
	1,
	1,
	1,
	7,
	0,
	0,
	0,
	0,
	"ba5eda7a-def5-0000-0000-000000000004",
	"1037c49a-08c6-48b4-b0df-f38dda1c36c4");
INSERT INTO V_TVL
	VALUES ("137f2ff9-97ee-4112-98a6-c663a9afdc52",
	"dab21a67-3ec8-492f-b07b-0e06a6395c8b");
INSERT INTO V_VAL
	VALUES ("9ca214d8-c397-46eb-9e33-bbdec12f7240",
	0,
	0,
	-1,
	-1,
	-1,
	0,
	0,
	0,
	0,
	"ba5eda7a-def5-0000-0000-000000000004",
	"1037c49a-08c6-48b4-b0df-f38dda1c36c4");
INSERT INTO V_AER
	VALUES ("9ca214d8-c397-46eb-9e33-bbdec12f7240",
	"137f2ff9-97ee-4112-98a6-c663a9afdc52",
	"a076c856-5d4b-4f9d-8cf0-4d98f7566ade");
INSERT INTO V_VAL
	VALUES ("d1b9220f-2782-4493-bf5a-d13903d03d4f",
	0,
	0,
	1,
	12,
	13,
	0,
	0,
	0,
	0,
	"ba5eda7a-def5-0000-0000-000000000004",
	"1037c49a-08c6-48b4-b0df-f38dda1c36c4");
INSERT INTO V_LST
	VALUES ("d1b9220f-2782-4493-bf5a-d13903d03d4f",
	'9');
INSERT INTO V_VAL
	VALUES ("cf12062b-ab5a-41fb-a454-1733a098754a",
	0,
	0,
	1,
	25,
	25,
	0,
	0,
	0,
	0,
	"ba5eda7a-def5-0000-0000-000000000002",
	"1037c49a-08c6-48b4-b0df-f38dda1c36c4");
INSERT INTO V_LIN
	VALUES ("cf12062b-ab5a-41fb-a454-1733a098754a",
	'8');
INSERT INTO V_VAL
	VALUES ("2bd3a594-07ac-4473-9387-6385860df5b1",
	1,
	0,
	1,
	17,
	23,
	0,
	0,
	0,
	0,
	"ba5eda7a-def5-0000-0000-000000000004",
	"1037c49a-08c6-48b4-b0df-f38dda1c36c4");
INSERT INTO V_TVL
	VALUES ("2bd3a594-07ac-4473-9387-6385860df5b1",
	"dab21a67-3ec8-492f-b07b-0e06a6395c8b");
INSERT INTO V_VAL
	VALUES ("0d35095d-b52b-404c-b89d-26f721f9db34",
	0,
	0,
	-1,
	-1,
	-1,
	0,
	0,
	0,
	0,
	"ba5eda7a-def5-0000-0000-000000000004",
	"1037c49a-08c6-48b4-b0df-f38dda1c36c4");
INSERT INTO V_AER
	VALUES ("0d35095d-b52b-404c-b89d-26f721f9db34",
	"2bd3a594-07ac-4473-9387-6385860df5b1",
	"cf12062b-ab5a-41fb-a454-1733a098754a");
INSERT INTO V_VAL
	VALUES ("56c8b2a2-22e0-4d69-8fa6-56f3f50ea7c1",
	0,
	0,
	1,
	28,
	29,
	0,
	0,
	0,
	0,
	"ba5eda7a-def5-0000-0000-000000000004",
	"1037c49a-08c6-48b4-b0df-f38dda1c36c4");
INSERT INTO V_LST
	VALUES ("56c8b2a2-22e0-4d69-8fa6-56f3f50ea7c1",
	'8');
INSERT INTO V_VAL
	VALUES ("28661b38-7229-4cde-97e4-86efe69008f7",
	0,
	0,
	1,
	41,
	41,
	0,
	0,
	0,
	0,
	"ba5eda7a-def5-0000-0000-000000000002",
	"1037c49a-08c6-48b4-b0df-f38dda1c36c4");
INSERT INTO V_LIN
	VALUES ("28661b38-7229-4cde-97e4-86efe69008f7",
	'7');
INSERT INTO V_VAL
	VALUES ("81221b51-038d-461e-8bc2-eb98ab51fa93",
	1,
	0,
	1,
	33,
	39,
	0,
	0,
	0,
	0,
	"ba5eda7a-def5-0000-0000-000000000004",
	"1037c49a-08c6-48b4-b0df-f38dda1c36c4");
INSERT INTO V_TVL
	VALUES ("81221b51-038d-461e-8bc2-eb98ab51fa93",
	"dab21a67-3ec8-492f-b07b-0e06a6395c8b");
INSERT INTO V_VAL
	VALUES ("97c332ef-4c56-45fc-bb93-3510bcd67c60",
	0,
	0,
	-1,
	-1,
	-1,
	0,
	0,
	0,
	0,
	"ba5eda7a-def5-0000-0000-000000000004",
	"1037c49a-08c6-48b4-b0df-f38dda1c36c4");
INSERT INTO V_AER
	VALUES ("97c332ef-4c56-45fc-bb93-3510bcd67c60",
	"81221b51-038d-461e-8bc2-eb98ab51fa93",
	"28661b38-7229-4cde-97e4-86efe69008f7");
INSERT INTO V_VAL
	VALUES ("1c4162fd-dd20-4324-abb4-c79ea565ee90",
	0,
	0,
	1,
	44,
	45,
	0,
	0,
	0,
	0,
	"ba5eda7a-def5-0000-0000-000000000004",
	"1037c49a-08c6-48b4-b0df-f38dda1c36c4");
INSERT INTO V_LST
	VALUES ("1c4162fd-dd20-4324-abb4-c79ea565ee90",
	'7');
INSERT INTO V_VAL
	VALUES ("d41d3a19-2994-4e23-ae9e-0e0f5d14ab8a",
	0,
	0,
	1,
	57,
	57,
	0,
	0,
	0,
	0,
	"ba5eda7a-def5-0000-0000-000000000002",
	"1037c49a-08c6-48b4-b0df-f38dda1c36c4");
INSERT INTO V_LIN
	VALUES ("d41d3a19-2994-4e23-ae9e-0e0f5d14ab8a",
	'6');
INSERT INTO V_VAL
	VALUES ("3043f02d-1ff2-4e8e-8ab2-1cf109b98313",
	1,
	0,
	1,
	49,
	55,
	0,
	0,
	0,
	0,
	"ba5eda7a-def5-0000-0000-000000000004",
	"1037c49a-08c6-48b4-b0df-f38dda1c36c4");
INSERT INTO V_TVL
	VALUES ("3043f02d-1ff2-4e8e-8ab2-1cf109b98313",
	"dab21a67-3ec8-492f-b07b-0e06a6395c8b");
INSERT INTO V_VAL
	VALUES ("7a37ed80-a1ff-438c-ac28-0edc8baf8483",
	0,
	0,
	-1,
	-1,
	-1,
	0,
	0,
	0,
	0,
	"ba5eda7a-def5-0000-0000-000000000004",
	"1037c49a-08c6-48b4-b0df-f38dda1c36c4");
INSERT INTO V_AER
	VALUES ("7a37ed80-a1ff-438c-ac28-0edc8baf8483",
	"3043f02d-1ff2-4e8e-8ab2-1cf109b98313",
	"d41d3a19-2994-4e23-ae9e-0e0f5d14ab8a");
INSERT INTO V_VAL
	VALUES ("2571f474-d301-4525-88a7-cb94cc6a980a",
	0,
	0,
	1,
	60,
	61,
	0,
	0,
	0,
	0,
	"ba5eda7a-def5-0000-0000-000000000004",
	"1037c49a-08c6-48b4-b0df-f38dda1c36c4");
INSERT INTO V_LST
	VALUES ("2571f474-d301-4525-88a7-cb94cc6a980a",
	'6');
INSERT INTO V_VAL
	VALUES ("48fb04d0-ed91-4845-a3d7-57f03958fba6",
	0,
	0,
	1,
	73,
	73,
	0,
	0,
	0,
	0,
	"ba5eda7a-def5-0000-0000-000000000002",
	"1037c49a-08c6-48b4-b0df-f38dda1c36c4");
INSERT INTO V_LIN
	VALUES ("48fb04d0-ed91-4845-a3d7-57f03958fba6",
	'5');
INSERT INTO V_VAL
	VALUES ("23214e13-67c8-4360-bd96-4d5a094dc2e0",
	1,
	0,
	1,
	65,
	71,
	0,
	0,
	0,
	0,
	"ba5eda7a-def5-0000-0000-000000000004",
	"1037c49a-08c6-48b4-b0df-f38dda1c36c4");
INSERT INTO V_TVL
	VALUES ("23214e13-67c8-4360-bd96-4d5a094dc2e0",
	"dab21a67-3ec8-492f-b07b-0e06a6395c8b");
INSERT INTO V_VAL
	VALUES ("a8d3b127-3c1e-4a50-a050-b3d49af98bea",
	0,
	0,
	-1,
	-1,
	-1,
	0,
	0,
	0,
	0,
	"ba5eda7a-def5-0000-0000-000000000004",
	"1037c49a-08c6-48b4-b0df-f38dda1c36c4");
INSERT INTO V_AER
	VALUES ("a8d3b127-3c1e-4a50-a050-b3d49af98bea",
	"23214e13-67c8-4360-bd96-4d5a094dc2e0",
	"48fb04d0-ed91-4845-a3d7-57f03958fba6");
INSERT INTO V_VAL
	VALUES ("c30bff19-87f9-485f-b6dd-32b69b53e1d9",
	0,
	0,
	1,
	76,
	77,
	0,
	0,
	0,
	0,
	"ba5eda7a-def5-0000-0000-000000000004",
	"1037c49a-08c6-48b4-b0df-f38dda1c36c4");
INSERT INTO V_LST
	VALUES ("c30bff19-87f9-485f-b6dd-32b69b53e1d9",
	'5');
INSERT INTO V_VAL
	VALUES ("4c3ef2da-98aa-48bf-8298-6e0daa76031a",
	0,
	0,
	2,
	9,
	9,
	0,
	0,
	0,
	0,
	"ba5eda7a-def5-0000-0000-000000000002",
	"1037c49a-08c6-48b4-b0df-f38dda1c36c4");
INSERT INTO V_LIN
	VALUES ("4c3ef2da-98aa-48bf-8298-6e0daa76031a",
	'4');
INSERT INTO V_VAL
	VALUES ("fbaf9a4c-432b-4cb8-a170-371bb1799cee",
	1,
	0,
	2,
	1,
	7,
	0,
	0,
	0,
	0,
	"ba5eda7a-def5-0000-0000-000000000004",
	"1037c49a-08c6-48b4-b0df-f38dda1c36c4");
INSERT INTO V_TVL
	VALUES ("fbaf9a4c-432b-4cb8-a170-371bb1799cee",
	"dab21a67-3ec8-492f-b07b-0e06a6395c8b");
INSERT INTO V_VAL
	VALUES ("c333d70a-11ad-4d32-af75-bd2e485627f8",
	0,
	0,
	-1,
	-1,
	-1,
	0,
	0,
	0,
	0,
	"ba5eda7a-def5-0000-0000-000000000004",
	"1037c49a-08c6-48b4-b0df-f38dda1c36c4");
INSERT INTO V_AER
	VALUES ("c333d70a-11ad-4d32-af75-bd2e485627f8",
	"fbaf9a4c-432b-4cb8-a170-371bb1799cee",
	"4c3ef2da-98aa-48bf-8298-6e0daa76031a");
INSERT INTO V_VAL
	VALUES ("4393c3f0-a129-4b3f-aa68-e310cff4d8af",
	0,
	0,
	2,
	12,
	13,
	0,
	0,
	0,
	0,
	"ba5eda7a-def5-0000-0000-000000000004",
	"1037c49a-08c6-48b4-b0df-f38dda1c36c4");
INSERT INTO V_LST
	VALUES ("4393c3f0-a129-4b3f-aa68-e310cff4d8af",
	'4');
INSERT INTO V_VAL
	VALUES ("97c79e20-416d-4f20-9481-2fc50cd490d8",
	0,
	0,
	2,
	25,
	25,
	0,
	0,
	0,
	0,
	"ba5eda7a-def5-0000-0000-000000000002",
	"1037c49a-08c6-48b4-b0df-f38dda1c36c4");
INSERT INTO V_LIN
	VALUES ("97c79e20-416d-4f20-9481-2fc50cd490d8",
	'3');
INSERT INTO V_VAL
	VALUES ("a2b02f4c-fa77-4d6f-bbe9-557cb58490ca",
	1,
	0,
	2,
	17,
	23,
	0,
	0,
	0,
	0,
	"ba5eda7a-def5-0000-0000-000000000004",
	"1037c49a-08c6-48b4-b0df-f38dda1c36c4");
INSERT INTO V_TVL
	VALUES ("a2b02f4c-fa77-4d6f-bbe9-557cb58490ca",
	"dab21a67-3ec8-492f-b07b-0e06a6395c8b");
INSERT INTO V_VAL
	VALUES ("0c871a20-0a73-4104-ad34-f1760010bec7",
	0,
	0,
	-1,
	-1,
	-1,
	0,
	0,
	0,
	0,
	"ba5eda7a-def5-0000-0000-000000000004",
	"1037c49a-08c6-48b4-b0df-f38dda1c36c4");
INSERT INTO V_AER
	VALUES ("0c871a20-0a73-4104-ad34-f1760010bec7",
	"a2b02f4c-fa77-4d6f-bbe9-557cb58490ca",
	"97c79e20-416d-4f20-9481-2fc50cd490d8");
INSERT INTO V_VAL
	VALUES ("5a6433c3-4644-413a-8c52-76d5271d1cd2",
	0,
	0,
	2,
	28,
	29,
	0,
	0,
	0,
	0,
	"ba5eda7a-def5-0000-0000-000000000004",
	"1037c49a-08c6-48b4-b0df-f38dda1c36c4");
INSERT INTO V_LST
	VALUES ("5a6433c3-4644-413a-8c52-76d5271d1cd2",
	'3');
INSERT INTO V_VAL
	VALUES ("db9b71e0-4c5f-4c12-a0c6-5f38556395d4",
	0,
	0,
	2,
	41,
	41,
	0,
	0,
	0,
	0,
	"ba5eda7a-def5-0000-0000-000000000002",
	"1037c49a-08c6-48b4-b0df-f38dda1c36c4");
INSERT INTO V_LIN
	VALUES ("db9b71e0-4c5f-4c12-a0c6-5f38556395d4",
	'2');
INSERT INTO V_VAL
	VALUES ("ae3ce359-7fde-4549-a77d-b85eaf556f8f",
	1,
	0,
	2,
	33,
	39,
	0,
	0,
	0,
	0,
	"ba5eda7a-def5-0000-0000-000000000004",
	"1037c49a-08c6-48b4-b0df-f38dda1c36c4");
INSERT INTO V_TVL
	VALUES ("ae3ce359-7fde-4549-a77d-b85eaf556f8f",
	"dab21a67-3ec8-492f-b07b-0e06a6395c8b");
INSERT INTO V_VAL
	VALUES ("03a7669c-f46c-4373-9591-554ad64a27e6",
	0,
	0,
	-1,
	-1,
	-1,
	0,
	0,
	0,
	0,
	"ba5eda7a-def5-0000-0000-000000000004",
	"1037c49a-08c6-48b4-b0df-f38dda1c36c4");
INSERT INTO V_AER
	VALUES ("03a7669c-f46c-4373-9591-554ad64a27e6",
	"ae3ce359-7fde-4549-a77d-b85eaf556f8f",
	"db9b71e0-4c5f-4c12-a0c6-5f38556395d4");
INSERT INTO V_VAL
	VALUES ("b70cf877-3d0a-4ca8-873a-f90b74e8cdff",
	0,
	0,
	2,
	44,
	45,
	0,
	0,
	0,
	0,
	"ba5eda7a-def5-0000-0000-000000000004",
	"1037c49a-08c6-48b4-b0df-f38dda1c36c4");
INSERT INTO V_LST
	VALUES ("b70cf877-3d0a-4ca8-873a-f90b74e8cdff",
	'2');
INSERT INTO V_VAL
	VALUES ("a2b2fa73-fed6-4701-9f86-3b8cfca328a4",
	0,
	0,
	2,
	57,
	57,
	0,
	0,
	0,
	0,
	"ba5eda7a-def5-0000-0000-000000000002",
	"1037c49a-08c6-48b4-b0df-f38dda1c36c4");
INSERT INTO V_LIN
	VALUES ("a2b2fa73-fed6-4701-9f86-3b8cfca328a4",
	'1');
INSERT INTO V_VAL
	VALUES ("2a7c589b-9bc3-4f9d-89ea-79ab3427615a",
	1,
	0,
	2,
	49,
	55,
	0,
	0,
	0,
	0,
	"ba5eda7a-def5-0000-0000-000000000004",
	"1037c49a-08c6-48b4-b0df-f38dda1c36c4");
INSERT INTO V_TVL
	VALUES ("2a7c589b-9bc3-4f9d-89ea-79ab3427615a",
	"dab21a67-3ec8-492f-b07b-0e06a6395c8b");
INSERT INTO V_VAL
	VALUES ("755bde4a-6dce-4b84-ae4b-bee7fc99f141",
	0,
	0,
	-1,
	-1,
	-1,
	0,
	0,
	0,
	0,
	"ba5eda7a-def5-0000-0000-000000000004",
	"1037c49a-08c6-48b4-b0df-f38dda1c36c4");
INSERT INTO V_AER
	VALUES ("755bde4a-6dce-4b84-ae4b-bee7fc99f141",
	"2a7c589b-9bc3-4f9d-89ea-79ab3427615a",
	"a2b2fa73-fed6-4701-9f86-3b8cfca328a4");
INSERT INTO V_VAL
	VALUES ("760babe9-b90c-42dc-b6eb-005c91c77d04",
	0,
	0,
	2,
	60,
	61,
	0,
	0,
	0,
	0,
	"ba5eda7a-def5-0000-0000-000000000004",
	"1037c49a-08c6-48b4-b0df-f38dda1c36c4");
INSERT INTO V_LST
	VALUES ("760babe9-b90c-42dc-b6eb-005c91c77d04",
	'1');
INSERT INTO V_VAL
	VALUES ("5cd8c777-8e96-454f-98d1-e058f22848fe",
	0,
	0,
	2,
	73,
	73,
	0,
	0,
	0,
	0,
	"ba5eda7a-def5-0000-0000-000000000002",
	"1037c49a-08c6-48b4-b0df-f38dda1c36c4");
INSERT INTO V_LIN
	VALUES ("5cd8c777-8e96-454f-98d1-e058f22848fe",
	'0');
INSERT INTO V_VAL
	VALUES ("260f675a-cbba-4e56-a0c7-97d2f4f3e474",
	1,
	0,
	2,
	65,
	71,
	0,
	0,
	0,
	0,
	"ba5eda7a-def5-0000-0000-000000000004",
	"1037c49a-08c6-48b4-b0df-f38dda1c36c4");
INSERT INTO V_TVL
	VALUES ("260f675a-cbba-4e56-a0c7-97d2f4f3e474",
	"dab21a67-3ec8-492f-b07b-0e06a6395c8b");
INSERT INTO V_VAL
	VALUES ("3c1e6967-c415-4848-b194-0a2b9ebc95c9",
	0,
	0,
	-1,
	-1,
	-1,
	0,
	0,
	0,
	0,
	"ba5eda7a-def5-0000-0000-000000000004",
	"1037c49a-08c6-48b4-b0df-f38dda1c36c4");
INSERT INTO V_AER
	VALUES ("3c1e6967-c415-4848-b194-0a2b9ebc95c9",
	"260f675a-cbba-4e56-a0c7-97d2f4f3e474",
	"5cd8c777-8e96-454f-98d1-e058f22848fe");
INSERT INTO V_VAL
	VALUES ("c7644895-6198-4d5a-b8d0-f9e04f8477ff",
	0,
	0,
	2,
	76,
	77,
	0,
	0,
	0,
	0,
	"ba5eda7a-def5-0000-0000-000000000004",
	"1037c49a-08c6-48b4-b0df-f38dda1c36c4");
INSERT INTO V_LST
	VALUES ("c7644895-6198-4d5a-b8d0-f9e04f8477ff",
	'0');
INSERT INTO V_VAL
	VALUES ("911d3d3a-afa4-4cfc-98da-041c6e58e8b4",
	1,
	1,
	4,
	1,
	1,
	0,
	0,
	0,
	0,
	"ba5eda7a-def5-0000-0000-000000000002",
	"1037c49a-08c6-48b4-b0df-f38dda1c36c4");
INSERT INTO V_TVL
	VALUES ("911d3d3a-afa4-4cfc-98da-041c6e58e8b4",
	"3428931a-040e-44e3-81a7-b89e76914bf0");
INSERT INTO V_VAL
	VALUES ("06660cd1-32d4-4b63-abb3-655607d1bb2a",
	0,
	0,
	4,
	11,
	11,
	0,
	0,
	0,
	0,
	"ba5eda7a-def5-0000-0000-000000000002",
	"1037c49a-08c6-48b4-b0df-f38dda1c36c4");
INSERT INTO V_PVL
	VALUES ("06660cd1-32d4-4b63-abb3-655607d1bb2a",
	"37ef52bb-354f-4080-951f-232d57d97550",
	"00000000-0000-0000-0000-000000000000",
	"00000000-0000-0000-0000-000000000000",
	"00000000-0000-0000-0000-000000000000");
INSERT INTO V_VAL
	VALUES ("acb82e80-0eb2-45da-98de-0acc72fcee48",
	1,
	1,
	4,
	14,
	14,
	0,
	0,
	0,
	0,
	"ba5eda7a-def5-0000-0000-000000000004",
	"1037c49a-08c6-48b4-b0df-f38dda1c36c4");
INSERT INTO V_TVL
	VALUES ("acb82e80-0eb2-45da-98de-0acc72fcee48",
	"ebbe1f3f-2be6-49dd-9edd-688562a77d50");
INSERT INTO V_VAL
	VALUES ("4491796c-f912-4bc4-a270-9d36d3bf3e6f",
	0,
	0,
	4,
	18,
	18,
	0,
	0,
	0,
	0,
	"ba5eda7a-def5-0000-0000-000000000004",
	"1037c49a-08c6-48b4-b0df-f38dda1c36c4");
INSERT INTO V_LST
	VALUES ("4491796c-f912-4bc4-a270-9d36d3bf3e6f",
	'');
INSERT INTO V_VAL
	VALUES ("96db4320-4e06-45b0-b0bf-8c1deda5f86d",
	0,
	0,
	5,
	9,
	9,
	0,
	0,
	0,
	0,
	"ba5eda7a-def5-0000-0000-000000000002",
	"1037c49a-08c6-48b4-b0df-f38dda1c36c4");
INSERT INTO V_TVL
	VALUES ("96db4320-4e06-45b0-b0bf-8c1deda5f86d",
	"3428931a-040e-44e3-81a7-b89e76914bf0");
INSERT INTO V_VAL
	VALUES ("01d24b16-8658-46b2-924e-91f0391d228a",
	0,
	0,
	5,
	9,
	14,
	0,
	0,
	0,
	0,
	"ba5eda7a-def5-0000-0000-000000000001",
	"1037c49a-08c6-48b4-b0df-f38dda1c36c4");
INSERT INTO V_BIN
	VALUES ("01d24b16-8658-46b2-924e-91f0391d228a",
	"4dd84e0d-faff-4720-8ecd-531deda19a1e",
	"96db4320-4e06-45b0-b0bf-8c1deda5f86d",
	'>=');
INSERT INTO V_VAL
	VALUES ("4dd84e0d-faff-4720-8ecd-531deda19a1e",
	0,
	0,
	5,
	14,
	14,
	0,
	0,
	0,
	0,
	"ba5eda7a-def5-0000-0000-000000000002",
	"1037c49a-08c6-48b4-b0df-f38dda1c36c4");
INSERT INTO V_LIN
	VALUES ("4dd84e0d-faff-4720-8ecd-531deda19a1e",
	'1');
INSERT INTO V_VAL
	VALUES ("45a945a4-7468-45a5-9587-63b6952867b8",
	0,
	0,
	11,
	8,
	8,
	0,
	0,
	0,
	0,
	"ba5eda7a-def5-0000-0000-000000000004",
	"1037c49a-08c6-48b4-b0df-f38dda1c36c4");
INSERT INTO V_TVL
	VALUES ("45a945a4-7468-45a5-9587-63b6952867b8",
	"ebbe1f3f-2be6-49dd-9edd-688562a77d50");
INSERT INTO V_VAR
	VALUES ("dab21a67-3ec8-492f-b07b-0e06a6395c8b",
	"1037c49a-08c6-48b4-b0df-f38dda1c36c4",
	'mapping',
	0,
	"ba5eda7a-def5-0000-0000-000000000004");
INSERT INTO V_TRN
	VALUES ("dab21a67-3ec8-492f-b07b-0e06a6395c8b",
	"00000000-0000-0000-0000-000000000000",
	'');
INSERT INTO S_DIM
	VALUES (10,
	0,
	"00000000-0000-0000-0000-000000000000",
	"00000000-0000-0000-0000-000000000000",
	"00000000-0000-0000-0000-000000000000",
	"00000000-0000-0000-0000-000000000000",
	"00000000-0000-0000-0000-000000000000",
	"00000000-0000-0000-0000-000000000000",
	"00000000-0000-0000-0000-000000000000",
	"00000000-0000-0000-0000-000000000000",
	"00000000-0000-0000-0000-000000000000",
	"00000000-0000-0000-0000-000000000000",
	"00000000-0000-0000-0000-000000000000",
	"00000000-0000-0000-0000-000000000000",
	"00000000-0000-0000-0000-000000000000",
	"00000000-0000-0000-0000-000000000000",
	"7d305317-28e7-470c-8cc9-d58aefa9d362",
	"dab21a67-3ec8-492f-b07b-0e06a6395c8b");
INSERT INTO V_VAR
	VALUES ("3428931a-040e-44e3-81a7-b89e76914bf0",
	"1037c49a-08c6-48b4-b0df-f38dda1c36c4",
	'i',
	1,
	"ba5eda7a-def5-0000-0000-000000000002");
INSERT INTO V_TRN
	VALUES ("3428931a-040e-44e3-81a7-b89e76914bf0",
	"00000000-0000-0000-0000-000000000000",
	'');
INSERT INTO V_VAR
	VALUES ("ebbe1f3f-2be6-49dd-9edd-688562a77d50",
	"1037c49a-08c6-48b4-b0df-f38dda1c36c4",
	's',
	1,
	"ba5eda7a-def5-0000-0000-000000000004");
INSERT INTO V_TRN
	VALUES ("ebbe1f3f-2be6-49dd-9edd-688562a77d50",
	"00000000-0000-0000-0000-000000000000",
	'');
INSERT INTO ACT_BLK
	VALUES ("157a98a6-d4e9-44df-a2fe-b4903d6cd353",
	0,
	0,
	0,
	'',
	'',
	'',
	8,
	3,
	0,
	0,
	0,
	0,
	0,
	0,
	0,
	0,
	0,
	0,
	0,
	"ce01d220-6c68-4583-a10c-b0c9eead8178",
	"00000000-0000-0000-0000-000000000000");
INSERT INTO ACT_SMT
	VALUES ("b7a243c7-7bad-466e-a349-1d49be8e9a5d",
	"157a98a6-d4e9-44df-a2fe-b4903d6cd353",
	"07cea3f4-b5a4-4ec4-aac3-3d378170bbe7",
	6,
	3,
	'string::itoa line: 6');
INSERT INTO ACT_AI
	VALUES ("b7a243c7-7bad-466e-a349-1d49be8e9a5d",
	"4bd746ef-4639-4f3e-a75d-1dd4d7e85b54",
	"ac37f8f0-4674-42a9-97b2-96820b92b619",
	0,
	0);
INSERT INTO ACT_SMT
	VALUES ("07cea3f4-b5a4-4ec4-aac3-3d378170bbe7",
	"157a98a6-d4e9-44df-a2fe-b4903d6cd353",
	"3cd36c34-8c9e-4eb5-9ae9-4e61af7b7cf0",
	7,
	3,
	'string::itoa line: 7');
INSERT INTO ACT_AI
	VALUES ("07cea3f4-b5a4-4ec4-aac3-3d378170bbe7",
	"8e0b7621-8ce7-4af6-9f07-6bc1b45b46ba",
	"679adb96-cc43-4cb3-b553-f58d53d261c5",
	0,
	0);
INSERT INTO ACT_SMT
	VALUES ("3cd36c34-8c9e-4eb5-9ae9-4e61af7b7cf0",
	"157a98a6-d4e9-44df-a2fe-b4903d6cd353",
	"00000000-0000-0000-0000-000000000000",
	8,
	3,
	'string::itoa line: 8');
INSERT INTO ACT_AI
	VALUES ("3cd36c34-8c9e-4eb5-9ae9-4e61af7b7cf0",
	"7d130e51-9072-4e24-8101-6fe74ad7c401",
	"dd6317f5-7f15-4e30-af7c-b640c7ac6a50",
	0,
	0);
INSERT INTO V_VAL
	VALUES ("ac37f8f0-4674-42a9-97b2-96820b92b619",
	1,
	1,
	6,
	3,
	3,
	0,
	0,
	0,
	0,
	"ba5eda7a-def5-0000-0000-000000000002",
	"157a98a6-d4e9-44df-a2fe-b4903d6cd353");
INSERT INTO V_TVL
	VALUES ("ac37f8f0-4674-42a9-97b2-96820b92b619",
	"47951876-97b3-461f-b263-762a73823b39");
INSERT INTO V_VAL
	VALUES ("ce8aa78b-a856-46f9-a794-8a494e611cee",
	0,
	0,
	6,
	7,
	7,
	0,
	0,
	0,
	0,
	"ba5eda7a-def5-0000-0000-000000000002",
	"157a98a6-d4e9-44df-a2fe-b4903d6cd353");
INSERT INTO V_TVL
	VALUES ("ce8aa78b-a856-46f9-a794-8a494e611cee",
	"3428931a-040e-44e3-81a7-b89e76914bf0");
INSERT INTO V_VAL
	VALUES ("4bd746ef-4639-4f3e-a75d-1dd4d7e85b54",
	0,
	0,
	6,
	7,
	12,
	0,
	0,
	0,
	0,
	"ba5eda7a-def5-0000-0000-000000000002",
	"157a98a6-d4e9-44df-a2fe-b4903d6cd353");
INSERT INTO V_BIN
	VALUES ("4bd746ef-4639-4f3e-a75d-1dd4d7e85b54",
	"2d808ff5-3d20-4ac9-a653-2c135a7731f1",
	"ce8aa78b-a856-46f9-a794-8a494e611cee",
	'%');
INSERT INTO V_VAL
	VALUES ("2d808ff5-3d20-4ac9-a653-2c135a7731f1",
	0,
	0,
	6,
	11,
	12,
	0,
	0,
	0,
	0,
	"ba5eda7a-def5-0000-0000-000000000002",
	"157a98a6-d4e9-44df-a2fe-b4903d6cd353");
INSERT INTO V_LIN
	VALUES ("2d808ff5-3d20-4ac9-a653-2c135a7731f1",
	'10');
INSERT INTO V_VAL
	VALUES ("679adb96-cc43-4cb3-b553-f58d53d261c5",
	1,
	0,
	7,
	3,
	3,
	0,
	0,
	0,
	0,
	"ba5eda7a-def5-0000-0000-000000000002",
	"157a98a6-d4e9-44df-a2fe-b4903d6cd353");
INSERT INTO V_TVL
	VALUES ("679adb96-cc43-4cb3-b553-f58d53d261c5",
	"3428931a-040e-44e3-81a7-b89e76914bf0");
INSERT INTO V_VAL
	VALUES ("5faf45a7-133b-4df0-ac8d-bc60e19c143e",
	0,
	0,
	7,
	7,
	7,
	0,
	0,
	0,
	0,
	"ba5eda7a-def5-0000-0000-000000000002",
	"157a98a6-d4e9-44df-a2fe-b4903d6cd353");
INSERT INTO V_TVL
	VALUES ("5faf45a7-133b-4df0-ac8d-bc60e19c143e",
	"3428931a-040e-44e3-81a7-b89e76914bf0");
INSERT INTO V_VAL
	VALUES ("8e0b7621-8ce7-4af6-9f07-6bc1b45b46ba",
	0,
	0,
	7,
	7,
	12,
	0,
	0,
	0,
	0,
	"ba5eda7a-def5-0000-0000-000000000002",
	"157a98a6-d4e9-44df-a2fe-b4903d6cd353");
INSERT INTO V_BIN
	VALUES ("8e0b7621-8ce7-4af6-9f07-6bc1b45b46ba",
	"32f2ab76-11f6-4a1a-8382-be7339df831a",
	"5faf45a7-133b-4df0-ac8d-bc60e19c143e",
	'/');
INSERT INTO V_VAL
	VALUES ("32f2ab76-11f6-4a1a-8382-be7339df831a",
	0,
	0,
	7,
	11,
	12,
	0,
	0,
	0,
	0,
	"ba5eda7a-def5-0000-0000-000000000002",
	"157a98a6-d4e9-44df-a2fe-b4903d6cd353");
INSERT INTO V_LIN
	VALUES ("32f2ab76-11f6-4a1a-8382-be7339df831a",
	'10');
INSERT INTO V_VAL
	VALUES ("dd6317f5-7f15-4e30-af7c-b640c7ac6a50",
	1,
	0,
	8,
	3,
	3,
	0,
	0,
	0,
	0,
	"ba5eda7a-def5-0000-0000-000000000004",
	"157a98a6-d4e9-44df-a2fe-b4903d6cd353");
INSERT INTO V_TVL
	VALUES ("dd6317f5-7f15-4e30-af7c-b640c7ac6a50",
	"ebbe1f3f-2be6-49dd-9edd-688562a77d50");
INSERT INTO V_VAL
	VALUES ("6bd102f3-e220-46b4-8439-ff9b2894b837",
	0,
	0,
	8,
	7,
	13,
	0,
	0,
	0,
	0,
	"ba5eda7a-def5-0000-0000-000000000004",
	"157a98a6-d4e9-44df-a2fe-b4903d6cd353");
INSERT INTO V_TVL
	VALUES ("6bd102f3-e220-46b4-8439-ff9b2894b837",
	"dab21a67-3ec8-492f-b07b-0e06a6395c8b");
INSERT INTO V_VAL
	VALUES ("bd9a05af-2d9f-4078-8e69-e33f73265445",
	0,
	0,
	8,
	16,
	16,
	0,
	0,
	0,
	0,
	"ba5eda7a-def5-0000-0000-000000000002",
	"157a98a6-d4e9-44df-a2fe-b4903d6cd353");
INSERT INTO V_TVL
	VALUES ("bd9a05af-2d9f-4078-8e69-e33f73265445",
	"47951876-97b3-461f-b263-762a73823b39");
INSERT INTO V_VAL
	VALUES ("930e8ff6-5533-45ac-8787-6db0d72c63cc",
	0,
	0,
	-1,
	-1,
	-1,
	0,
	0,
	0,
	0,
	"ba5eda7a-def5-0000-0000-000000000004",
	"157a98a6-d4e9-44df-a2fe-b4903d6cd353");
INSERT INTO V_AER
	VALUES ("930e8ff6-5533-45ac-8787-6db0d72c63cc",
	"6bd102f3-e220-46b4-8439-ff9b2894b837",
	"bd9a05af-2d9f-4078-8e69-e33f73265445");
INSERT INTO V_VAL
	VALUES ("7d130e51-9072-4e24-8101-6fe74ad7c401",
	0,
	0,
	-1,
	-1,
	-1,
	0,
	0,
	0,
	0,
	"ba5eda7a-def5-0000-0000-000000000004",
	"157a98a6-d4e9-44df-a2fe-b4903d6cd353");
INSERT INTO V_BIN
	VALUES ("7d130e51-9072-4e24-8101-6fe74ad7c401",
	"6393ee47-0107-4f49-863e-813563bb3129",
	"930e8ff6-5533-45ac-8787-6db0d72c63cc",
	'+');
INSERT INTO V_VAL
	VALUES ("6393ee47-0107-4f49-863e-813563bb3129",
	0,
	0,
	8,
	22,
	22,
	0,
	0,
	0,
	0,
	"ba5eda7a-def5-0000-0000-000000000004",
	"157a98a6-d4e9-44df-a2fe-b4903d6cd353");
INSERT INTO V_TVL
	VALUES ("6393ee47-0107-4f49-863e-813563bb3129",
	"ebbe1f3f-2be6-49dd-9edd-688562a77d50");
INSERT INTO V_VAR
	VALUES ("47951876-97b3-461f-b263-762a73823b39",
	"157a98a6-d4e9-44df-a2fe-b4903d6cd353",
	'd',
	1,
	"ba5eda7a-def5-0000-0000-000000000002");
INSERT INTO V_TRN
	VALUES ("47951876-97b3-461f-b263-762a73823b39",
	"00000000-0000-0000-0000-000000000000",
	'');
INSERT INTO S_BRG
	VALUES ("5f3c759c-6b7b-4ee8-8e47-370fb4a90427",
	"33d21480-69a2-4ed7-9fd6-4b0d734cf2a9",
	'atoi',
	'',
	0,
	"ba5eda7a-def5-0000-0000-000000000002",
	'return 0;',
	1,
	'',
	0);
INSERT INTO S_BPARM
	VALUES ("dcf08dfe-7a14-4dff-9610-adce1f97728c",
	"5f3c759c-6b7b-4ee8-8e47-370fb4a90427",
	's',
	"ba5eda7a-def5-0000-0000-000000000004",
	0,
	'',
	"00000000-0000-0000-0000-000000000000",
	'');
INSERT INTO ACT_BRB
	VALUES ("e570e898-aae8-422a-885d-996935263cab",
	"5f3c759c-6b7b-4ee8-8e47-370fb4a90427");
INSERT INTO ACT_ACT
	VALUES ("e570e898-aae8-422a-885d-996935263cab",
	'bridge',
	0,
	"566af3b0-b01e-4232-b310-3ec46edf5603",
	"00000000-0000-0000-0000-000000000000",
	0,
	'string::atoi',
	"00000000-0000-0000-0000-000000000000");
INSERT INTO ACT_BLK
	VALUES ("566af3b0-b01e-4232-b310-3ec46edf5603",
	0,
	0,
	0,
	'',
	'',
	'',
	1,
	1,
	0,
	0,
	0,
	0,
	0,
	0,
	0,
	0,
	0,
	0,
	0,
	"e570e898-aae8-422a-885d-996935263cab",
	"00000000-0000-0000-0000-000000000000");
INSERT INTO ACT_SMT
	VALUES ("bc36ab97-0e38-4818-813e-7711ed9a1ee9",
	"566af3b0-b01e-4232-b310-3ec46edf5603",
	"00000000-0000-0000-0000-000000000000",
	1,
	1,
	'string::atoi line: 1');
INSERT INTO ACT_RET
	VALUES ("bc36ab97-0e38-4818-813e-7711ed9a1ee9",
	"4db7a428-429e-4b29-be3d-4cf22cb68ad4");
INSERT INTO V_VAL
	VALUES ("4db7a428-429e-4b29-be3d-4cf22cb68ad4",
	0,
	0,
	1,
	8,
	8,
	0,
	0,
	0,
	0,
	"ba5eda7a-def5-0000-0000-000000000002",
	"566af3b0-b01e-4232-b310-3ec46edf5603");
INSERT INTO V_LIN
	VALUES ("4db7a428-429e-4b29-be3d-4cf22cb68ad4",
	'0');
INSERT INTO S_BRG
	VALUES ("89d596ad-2792-4523-b93e-7f73d50eaa81",
	"33d21480-69a2-4ed7-9fd6-4b0d734cf2a9",
	'substr',
	'returns a substring of the given string s starting at the index begin and ending at the index end - 1.
if begin < 0, returns a substring starting at the beginning of s
if begin > the length of s - 1, returns an empty string
if end < 0 or > the length of s, returns a substring starting at begin to the end of s
if end <= begin, returns empty string

usage examples:
foo = substr( s:"Hello, World!", 4, 8 );	// foo == "o, Wo"
bar = substr( s:"Hello, World!", 2, -1 );	// bar == "llo, World!"',
	0,
	"ba5eda7a-def5-0000-0000-000000000004",
	'',
	1,
	'',
	0);
INSERT INTO S_BPARM
	VALUES ("4d7b8f22-8059-47ca-a987-bb57179f7901",
	"89d596ad-2792-4523-b93e-7f73d50eaa81",
	's',
	"ba5eda7a-def5-0000-0000-000000000004",
	0,
	'',
	"00000000-0000-0000-0000-000000000000",
	'');
INSERT INTO S_BPARM
	VALUES ("5672b300-8883-407f-b671-9972b79679ef",
	"89d596ad-2792-4523-b93e-7f73d50eaa81",
	'begin',
	"ba5eda7a-def5-0000-0000-000000000002",
	0,
	'',
	"4d7b8f22-8059-47ca-a987-bb57179f7901",
	'');
INSERT INTO S_BPARM
	VALUES ("4d74bbb3-4555-4bb8-b43d-9c505332a21d",
	"89d596ad-2792-4523-b93e-7f73d50eaa81",
	'end',
	"ba5eda7a-def5-0000-0000-000000000002",
	0,
	'',
	"5672b300-8883-407f-b671-9972b79679ef",
	'');
INSERT INTO ACT_BRB
	VALUES ("697dffc5-4cf3-4f60-84de-2b1640c74ae0",
	"89d596ad-2792-4523-b93e-7f73d50eaa81");
INSERT INTO ACT_ACT
	VALUES ("697dffc5-4cf3-4f60-84de-2b1640c74ae0",
	'bridge',
	0,
	"fb87e1c3-9623-4dbf-b85e-1ec3a7ab5011",
	"00000000-0000-0000-0000-000000000000",
	0,
	'string::substr',
	"00000000-0000-0000-0000-000000000000");
INSERT INTO ACT_BLK
	VALUES ("fb87e1c3-9623-4dbf-b85e-1ec3a7ab5011",
	0,
	0,
	0,
	'',
	'',
	'',
	0,
	0,
	0,
	0,
	0,
	0,
	0,
	0,
	0,
	0,
	0,
	0,
	0,
	"697dffc5-4cf3-4f60-84de-2b1640c74ae0",
	"00000000-0000-0000-0000-000000000000");
INSERT INTO S_BRG
	VALUES ("ffa333ae-485c-4095-8a9f-2ea460bbb53f",
	"33d21480-69a2-4ed7-9fd6-4b0d734cf2a9",
	'strlen',
	'',
	0,
	"ba5eda7a-def5-0000-0000-000000000002",
	'',
	1,
	'',
	0);
INSERT INTO S_BPARM
	VALUES ("fcac9711-b2b9-4b20-a255-28cd2024c9c5",
	"ffa333ae-485c-4095-8a9f-2ea460bbb53f",
	's',
	"ba5eda7a-def5-0000-0000-000000000004",
	0,
	'',
	"00000000-0000-0000-0000-000000000000",
	'');
INSERT INTO ACT_BRB
	VALUES ("5f5b0b7d-24b2-4238-b67a-1df142706d5a",
	"ffa333ae-485c-4095-8a9f-2ea460bbb53f");
INSERT INTO ACT_ACT
	VALUES ("5f5b0b7d-24b2-4238-b67a-1df142706d5a",
	'bridge',
	0,
	"e236e4fe-0a7b-454e-9639-84cd0443160f",
	"00000000-0000-0000-0000-000000000000",
	0,
	'string::strlen',
	"00000000-0000-0000-0000-000000000000");
INSERT INTO ACT_BLK
	VALUES ("e236e4fe-0a7b-454e-9639-84cd0443160f",
	0,
	0,
	0,
	'',
	'',
	'',
	0,
	0,
	0,
	0,
	0,
	0,
	0,
	0,
	0,
	0,
	0,
	0,
	0,
	"5f5b0b7d-24b2-4238-b67a-1df142706d5a",
	"00000000-0000-0000-0000-000000000000");
INSERT INTO S_BRG
	VALUES ("7336eafe-bf7f-45cf-a139-f0fa44c5400e",
	"33d21480-69a2-4ed7-9fd6-4b0d734cf2a9",
	'indexof',
	'Returns the index of the first occurence of needle in haystack. Returns -1 if no match is found.',
	0,
	"ba5eda7a-def5-0000-0000-000000000002",
	'',
	1,
	'',
	0);
INSERT INTO S_BPARM
	VALUES ("03af71b0-2807-442d-9e88-c095ff2543ac",
	"7336eafe-bf7f-45cf-a139-f0fa44c5400e",
	'haystack',
	"ba5eda7a-def5-0000-0000-000000000004",
	0,
	'',
	"00000000-0000-0000-0000-000000000000",
	'');
INSERT INTO S_BPARM
	VALUES ("42f61ab6-7e6f-4814-a9b2-e0b84a3f9187",
	"7336eafe-bf7f-45cf-a139-f0fa44c5400e",
	'needle',
	"ba5eda7a-def5-0000-0000-000000000004",
	0,
	'',
	"03af71b0-2807-442d-9e88-c095ff2543ac",
	'');
INSERT INTO ACT_BRB
	VALUES ("627372c1-5bf2-4a7f-819a-8f9993502fe3",
	"7336eafe-bf7f-45cf-a139-f0fa44c5400e");
INSERT INTO ACT_ACT
	VALUES ("627372c1-5bf2-4a7f-819a-8f9993502fe3",
	'bridge',
	0,
	"2336f5fa-cb61-4140-953e-0049b07afc25",
	"00000000-0000-0000-0000-000000000000",
	0,
	'string::indexof',
	"00000000-0000-0000-0000-000000000000");
INSERT INTO ACT_BLK
	VALUES ("2336f5fa-cb61-4140-953e-0049b07afc25",
	0,
	0,
	0,
	'',
	'',
	'',
	0,
	0,
	0,
	0,
	0,
	0,
	0,
	0,
	0,
	0,
	0,
	0,
	0,
	"627372c1-5bf2-4a7f-819a-8f9993502fe3",
	"00000000-0000-0000-0000-000000000000");
INSERT INTO S_BRG
	VALUES ("00c199b8-96f8-4587-9350-4f43cf146c15",
	"33d21480-69a2-4ed7-9fd6-4b0d734cf2a9",
	'getword',
	'returns the first word in the input string s starting at index i, ending at index j
if no identifier is found, or i/j is an invalid index, empty string is returned.

words are delimited by ",", " ", "\n", "\r", "\t", "(", ")"',
	0,
	"ba5eda7a-def5-0000-0000-000000000004",
	'',
	1,
	'',
	0);
INSERT INTO S_BPARM
	VALUES ("63cd66d9-5434-47f0-a3d5-542cb91e8cd7",
	"00c199b8-96f8-4587-9350-4f43cf146c15",
	's',
	"ba5eda7a-def5-0000-0000-000000000004",
	0,
	'',
	"00000000-0000-0000-0000-000000000000",
	'');
INSERT INTO S_BPARM
	VALUES ("2f0f4b48-74bd-46dc-b851-cda0a77a2cc2",
	"00c199b8-96f8-4587-9350-4f43cf146c15",
	'i',
	"ba5eda7a-def5-0000-0000-000000000002",
	0,
	'',
	"63cd66d9-5434-47f0-a3d5-542cb91e8cd7",
	'');
INSERT INTO S_BPARM
	VALUES ("46450392-0b98-4c4e-a26e-7d013f16d245",
	"00c199b8-96f8-4587-9350-4f43cf146c15",
	'j',
	"ba5eda7a-def5-0000-0000-000000000002",
	0,
	'',
	"2f0f4b48-74bd-46dc-b851-cda0a77a2cc2",
	'');
INSERT INTO ACT_BRB
	VALUES ("fc60a1b9-d63f-420c-bba2-b9a625a7f4f8",
	"00c199b8-96f8-4587-9350-4f43cf146c15");
INSERT INTO ACT_ACT
	VALUES ("fc60a1b9-d63f-420c-bba2-b9a625a7f4f8",
	'bridge',
	0,
	"b307f352-003f-4449-9cae-7e7774454fd5",
	"00000000-0000-0000-0000-000000000000",
	0,
	'string::getword',
	"00000000-0000-0000-0000-000000000000");
INSERT INTO ACT_BLK
	VALUES ("b307f352-003f-4449-9cae-7e7774454fd5",
	0,
	0,
	0,
	'',
	'',
	'',
	0,
	0,
	0,
	0,
	0,
	0,
	0,
	0,
	0,
	0,
	0,
	0,
	0,
	"fc60a1b9-d63f-420c-bba2-b9a625a7f4f8",
	"00000000-0000-0000-0000-000000000000");
INSERT INTO S_BRG
	VALUES ("d62c634b-74cc-4271-879d-bb16f8243125",
	"33d21480-69a2-4ed7-9fd6-4b0d734cf2a9",
	'trim',
	'Returns the input string with whitespace ( '' '', ''\r'', ''\t'', and ''\n'' ) trimmed from the beginning
and the end of the string. If the input string is only whitespace, empty string is returned',
	0,
	"ba5eda7a-def5-0000-0000-000000000004",
	'',
	1,
	'',
	0);
INSERT INTO S_BPARM
	VALUES ("21d3e869-1404-48d5-a267-164cc9137af6",
	"d62c634b-74cc-4271-879d-bb16f8243125",
	's',
	"ba5eda7a-def5-0000-0000-000000000004",
	0,
	'',
	"00000000-0000-0000-0000-000000000000",
	'');
INSERT INTO ACT_BRB
	VALUES ("7029a1a2-d21e-4755-ba97-a2630200d923",
	"d62c634b-74cc-4271-879d-bb16f8243125");
INSERT INTO ACT_ACT
	VALUES ("7029a1a2-d21e-4755-ba97-a2630200d923",
	'bridge',
	0,
	"b7ce0e46-5edf-45f3-a146-36ff6d804418",
	"00000000-0000-0000-0000-000000000000",
	0,
	'string::trim',
	"00000000-0000-0000-0000-000000000000");
INSERT INTO ACT_BLK
	VALUES ("b7ce0e46-5edf-45f3-a146-36ff6d804418",
	0,
	0,
	0,
	'',
	'',
	'',
	0,
	0,
	0,
	0,
	0,
	0,
	0,
	0,
	0,
	0,
	0,
	0,
	0,
	"7029a1a2-d21e-4755-ba97-a2630200d923",
	"00000000-0000-0000-0000-000000000000");
INSERT INTO S_BRG
	VALUES ("bdfbe284-fdf5-4d84-b868-24a4494b1eed",
	"33d21480-69a2-4ed7-9fd6-4b0d734cf2a9",
	'quote',
	'Returns a literal double quote character as a string',
	0,
	"ba5eda7a-def5-0000-0000-000000000004",
	'',
	1,
	'',
	0);
INSERT INTO ACT_BRB
	VALUES ("0961a9c5-5eaa-4b8d-8a9d-6c4779e4131b",
	"bdfbe284-fdf5-4d84-b868-24a4494b1eed");
INSERT INTO ACT_ACT
	VALUES ("0961a9c5-5eaa-4b8d-8a9d-6c4779e4131b",
	'bridge',
	0,
	"99152518-d698-4795-a196-87be87005812",
	"00000000-0000-0000-0000-000000000000",
	0,
	'string::quote',
	"00000000-0000-0000-0000-000000000000");
INSERT INTO ACT_BLK
	VALUES ("99152518-d698-4795-a196-87be87005812",
	0,
	0,
	0,
	'',
	'',
	'',
	0,
	0,
	0,
	0,
	0,
	0,
	0,
	0,
	0,
	0,
	0,
	0,
	0,
	"0961a9c5-5eaa-4b8d-8a9d-6c4779e4131b",
	"00000000-0000-0000-0000-000000000000");
INSERT INTO S_BRG
	VALUES ("98d84f3d-005b-4259-a245-635911bfd6d9",
	"33d21480-69a2-4ed7-9fd6-4b0d734cf2a9",
	'escapetics',
	'replaces all instances of '' with '''' to escape the tics for SQL. Assumes that the result will still fit in the max
string',
	0,
	"ba5eda7a-def5-0000-0000-000000000004",
	'',
	1,
	'',
	0);
INSERT INTO S_BPARM
	VALUES ("e87f42b4-d43e-43d5-ac81-caaa57626be5",
	"98d84f3d-005b-4259-a245-635911bfd6d9",
	's',
	"ba5eda7a-def5-0000-0000-000000000004",
	0,
	'',
	"00000000-0000-0000-0000-000000000000",
	'');
INSERT INTO ACT_BRB
	VALUES ("10b55f7c-e685-4e97-931e-c674d8c1a4cd",
	"98d84f3d-005b-4259-a245-635911bfd6d9");
INSERT INTO ACT_ACT
	VALUES ("10b55f7c-e685-4e97-931e-c674d8c1a4cd",
	'bridge',
	0,
	"4859a5d0-40b4-4465-a25f-e60fc54720ec",
	"00000000-0000-0000-0000-000000000000",
	0,
	'string::escapetics',
	"00000000-0000-0000-0000-000000000000");
INSERT INTO ACT_BLK
	VALUES ("4859a5d0-40b4-4465-a25f-e60fc54720ec",
	0,
	0,
	0,
	'',
	'',
	'',
	0,
	0,
	0,
	0,
	0,
	0,
	0,
	0,
	0,
	0,
	0,
	0,
	0,
	"10b55f7c-e685-4e97-931e-c674d8c1a4cd",
	"00000000-0000-0000-0000-000000000000");
INSERT INTO S_BRG
	VALUES ("2d05e784-4e68-4ad9-b373-5583b0c79497",
	"33d21480-69a2-4ed7-9fd6-4b0d734cf2a9",
	'unescapetics',
	'replaces all instances of '''' with '' to un-escape the tics for SQL',
	0,
	"ba5eda7a-def5-0000-0000-000000000004",
	'',
	1,
	'',
	0);
INSERT INTO S_BPARM
	VALUES ("d5edd80c-223e-48c5-a69f-415ad3aaec87",
	"2d05e784-4e68-4ad9-b373-5583b0c79497",
	's',
	"ba5eda7a-def5-0000-0000-000000000004",
	0,
	'',
	"00000000-0000-0000-0000-000000000000",
	'');
INSERT INTO ACT_BRB
	VALUES ("4fb30eed-0c2f-471d-bcca-f4618c4d7e96",
	"2d05e784-4e68-4ad9-b373-5583b0c79497");
INSERT INTO ACT_ACT
	VALUES ("4fb30eed-0c2f-471d-bcca-f4618c4d7e96",
	'bridge',
	0,
	"73ae98b3-d3f5-483f-946f-a3409c530115",
	"00000000-0000-0000-0000-000000000000",
	0,
	'string::unescapetics',
	"00000000-0000-0000-0000-000000000000");
INSERT INTO ACT_BLK
	VALUES ("73ae98b3-d3f5-483f-946f-a3409c530115",
	0,
	0,
	0,
	'',
	'',
	'',
	0,
	0,
	0,
	0,
	0,
	0,
	0,
	0,
	0,
	0,
	0,
	0,
	0,
	"4fb30eed-0c2f-471d-bcca-f4618c4d7e96",
	"00000000-0000-0000-0000-000000000000");
INSERT INTO S_BRG
	VALUES ("f934c364-51f8-4736-9186-94069cbe274c",
	"33d21480-69a2-4ed7-9fd6-4b0d734cf2a9",
	'idtoa',
	'',
	0,
	"ba5eda7a-def5-0000-0000-000000000004",
	'',
	1,
	'',
	0);
INSERT INTO S_BPARM
	VALUES ("4d1ff429-813b-4eea-863a-65d97b6d2cc1",
	"f934c364-51f8-4736-9186-94069cbe274c",
	'id',
	"ba5eda7a-def5-0000-0000-000000000005",
	0,
	'',
	"d338403c-a7b0-4269-acb5-328109e381e7",
	'');
INSERT INTO S_BPARM
	VALUES ("d338403c-a7b0-4269-acb5-328109e381e7",
	"f934c364-51f8-4736-9186-94069cbe274c",
	'a',
	"ba5eda7a-def5-0000-0000-000000000004",
	0,
	'',
	"00000000-0000-0000-0000-000000000000",
	'');
INSERT INTO ACT_BRB
	VALUES ("9fc6f09b-db85-43bb-a944-d95ba4da5010",
	"f934c364-51f8-4736-9186-94069cbe274c");
INSERT INTO ACT_ACT
	VALUES ("9fc6f09b-db85-43bb-a944-d95ba4da5010",
	'bridge',
	0,
	"be0d5502-a2a2-4e62-81d1-89779fe1307d",
	"00000000-0000-0000-0000-000000000000",
	0,
	'string::idtoa',
	"00000000-0000-0000-0000-000000000000");
INSERT INTO ACT_BLK
	VALUES ("be0d5502-a2a2-4e62-81d1-89779fe1307d",
	0,
	0,
	0,
	'',
	'',
	'',
	0,
	0,
	0,
	0,
	0,
	0,
	0,
	0,
	0,
	0,
	0,
	0,
	0,
	"9fc6f09b-db85-43bb-a944-d95ba4da5010",
	"00000000-0000-0000-0000-000000000000");
INSERT INTO PE_PE
	VALUES ("445e6cf8-2b35-4c6d-b9ff-1db8125259dc",
	1,
	"63980537-a12c-49e3-a1f9-8bd1a2489218",
	"00000000-0000-0000-0000-000000000000",
	5);
INSERT INTO S_EE
	VALUES ("445e6cf8-2b35-4c6d-b9ff-1db8125259dc",
	'math',
	'',
	'MATH',
	"00000000-0000-0000-0000-000000000000",
	'',
	'math',
	1);
INSERT INTO S_BRG
	VALUES ("7b593108-9200-42f0-86c7-49dfd1e5d704",
	"445e6cf8-2b35-4c6d-b9ff-1db8125259dc",
	'sqrt',
	'',
	0,
	"ba5eda7a-def5-0000-0000-000000000003",
	'',
	1,
	'',
	0);
INSERT INTO S_BPARM
	VALUES ("95a61ef6-9dee-4090-a67d-d7662540764b",
	"7b593108-9200-42f0-86c7-49dfd1e5d704",
	'x',
	"ba5eda7a-def5-0000-0000-000000000003",
	0,
	'',
	"00000000-0000-0000-0000-000000000000",
	'');
INSERT INTO ACT_BRB
	VALUES ("db0d6e60-cbb0-42cf-a3d0-009af6d3134d",
	"7b593108-9200-42f0-86c7-49dfd1e5d704");
INSERT INTO ACT_ACT
	VALUES ("db0d6e60-cbb0-42cf-a3d0-009af6d3134d",
	'bridge',
	0,
	"8f01cc0c-147c-42d1-a97f-860e858a07a4",
	"00000000-0000-0000-0000-000000000000",
	0,
	'math::sqrt',
	"00000000-0000-0000-0000-000000000000");
INSERT INTO ACT_BLK
	VALUES ("8f01cc0c-147c-42d1-a97f-860e858a07a4",
	0,
	0,
	0,
	'',
	'',
	'',
	0,
	0,
	0,
	0,
	0,
	0,
	0,
	0,
	0,
	0,
	0,
	0,
	0,
	"db0d6e60-cbb0-42cf-a3d0-009af6d3134d",
	"00000000-0000-0000-0000-000000000000");
INSERT INTO EP_PKG
	VALUES ("1df09104-1fdb-48ee-9ae7-06cc055c5770",
	"7fdc406f-2939-49c0-8fab-99de27b70193",
	"7fdc406f-2939-49c0-8fab-99de27b70193",
	'io.ciera.runtime.template.util',
	'',
	0);
INSERT INTO PE_PE
	VALUES ("a3173f5c-3d92-4d36-861f-2028321cdc8b",
	1,
	"1df09104-1fdb-48ee-9ae7-06cc055c5770",
	"00000000-0000-0000-0000-000000000000",
	3);
INSERT INTO S_DT
	VALUES ("a3173f5c-3d92-4d36-861f-2028321cdc8b",
	"00000000-0000-0000-0000-000000000000",
	'SymbolTable',
	'',
	'');
INSERT INTO S_UDT
	VALUES ("a3173f5c-3d92-4d36-861f-2028321cdc8b",
	"ba5eda7a-def5-0000-0000-00000000000c",
	0,
	'');
INSERT INTO PE_PE
	VALUES ("9f83322b-ecc1-47d4-85a8-2392bc09bae4",
	1,
	"1df09104-1fdb-48ee-9ae7-06cc055c5770",
	"00000000-0000-0000-0000-000000000000",
	10);
INSERT INTO CNST_CSP
	VALUES ("9f83322b-ecc1-47d4-85a8-2392bc09bae4",
	'SymbolTableConstants',
	'');
INSERT INTO CNST_SYC
	VALUES ("35ffb6b8-f8bc-4d01-8718-68a418f33ba1",
	'NULL_SYMBOL_TABLE',
	'',
	"a3173f5c-3d92-4d36-861f-2028321cdc8b",
	"9f83322b-ecc1-47d4-85a8-2392bc09bae4",
	"00000000-0000-0000-0000-000000000000",
	"00000000-0000-0000-0000-000000000000");
INSERT INTO CNST_LFSC
	VALUES ("35ffb6b8-f8bc-4d01-8718-68a418f33ba1",
	"00000000-0000-0000-0000-000000000000");
INSERT INTO CNST_LSC
	VALUES ("35ffb6b8-f8bc-4d01-8718-68a418f33ba1",
	"00000000-0000-0000-0000-000000000000",
	'null');
INSERT INTO PE_PE
	VALUES ("d6db4b3d-c6a5-400a-92b9-6a391237afbb",
	1,
	"1df09104-1fdb-48ee-9ae7-06cc055c5770",
	"00000000-0000-0000-0000-000000000000",
	5);
INSERT INTO S_EE
	VALUES ("d6db4b3d-c6a5-400a-92b9-6a391237afbb",
	'templating',
	'',
	'TEMP',
	"00000000-0000-0000-0000-000000000000",
	'',
	'templating',
	1);
INSERT INTO S_BRG
	VALUES ("a83f64fc-8677-4fde-aa38-99aab40c8d1a",
	"d6db4b3d-c6a5-400a-92b9-6a391237afbb",
	'body',
	'',
	0,
	"ba5eda7a-def5-0000-0000-000000000004",
	'',
	1,
	'',
	0);
INSERT INTO ACT_BRB
	VALUES ("9c8b09be-aa86-44a6-b8cb-7ba880dfe68f",
	"a83f64fc-8677-4fde-aa38-99aab40c8d1a");
INSERT INTO ACT_ACT
	VALUES ("9c8b09be-aa86-44a6-b8cb-7ba880dfe68f",
	'bridge',
	0,
	"9008b0b2-ca65-4e1f-b634-e68571fb3f20",
	"00000000-0000-0000-0000-000000000000",
	0,
	'templating::body',
	"00000000-0000-0000-0000-000000000000");
INSERT INTO ACT_BLK
	VALUES ("9008b0b2-ca65-4e1f-b634-e68571fb3f20",
	0,
	0,
	0,
	'',
	'',
	'',
	0,
	0,
	0,
	0,
	0,
	0,
	0,
	0,
	0,
	0,
	0,
	0,
	0,
	"9c8b09be-aa86-44a6-b8cb-7ba880dfe68f",
	"00000000-0000-0000-0000-000000000000");
INSERT INTO S_BRG
	VALUES ("025ceff5-1023-427c-bbb0-750a3f4e97dc",
	"d6db4b3d-c6a5-400a-92b9-6a391237afbb",
	'clear',
	'',
	0,
	"ba5eda7a-def5-0000-0000-000000000000",
	'',
	1,
	'',
	0);
INSERT INTO ACT_BRB
	VALUES ("44368a47-ac5e-48a4-935c-cc92e16c0127",
	"025ceff5-1023-427c-bbb0-750a3f4e97dc");
INSERT INTO ACT_ACT
	VALUES ("44368a47-ac5e-48a4-935c-cc92e16c0127",
	'bridge',
	0,
	"b5b67839-e380-4db2-b026-a0f8075854b3",
	"00000000-0000-0000-0000-000000000000",
	0,
	'templating::clear',
	"00000000-0000-0000-0000-000000000000");
INSERT INTO ACT_BLK
	VALUES ("b5b67839-e380-4db2-b026-a0f8075854b3",
	0,
	0,
	0,
	'',
	'',
	'',
	0,
	0,
	0,
	0,
	0,
	0,
	0,
	0,
	0,
	0,
	0,
	0,
	0,
	"44368a47-ac5e-48a4-935c-cc92e16c0127",
	"00000000-0000-0000-0000-000000000000");
INSERT INTO S_BRG
	VALUES ("f7a1de23-2e31-4e8a-988b-ace95920d6c0",
	"d6db4b3d-c6a5-400a-92b9-6a391237afbb",
	'append',
	'',
	0,
	"ba5eda7a-def5-0000-0000-000000000000",
	'',
	1,
	'',
	0);
INSERT INTO S_BPARM
	VALUES ("29a1bce9-53c7-4aa2-8b58-168e025fc45b",
	"f7a1de23-2e31-4e8a-988b-ace95920d6c0",
	's',
	"ba5eda7a-def5-0000-0000-000000000004",
	0,
	'',
	"00000000-0000-0000-0000-000000000000",
	'');
INSERT INTO ACT_BRB
	VALUES ("f5585cdf-642e-40ba-9c7b-7269aca29965",
	"f7a1de23-2e31-4e8a-988b-ace95920d6c0");
INSERT INTO ACT_ACT
	VALUES ("f5585cdf-642e-40ba-9c7b-7269aca29965",
	'bridge',
	0,
	"e5008125-e25a-4377-8416-8bb5ff5f8424",
	"00000000-0000-0000-0000-000000000000",
	0,
	'templating::append',
	"00000000-0000-0000-0000-000000000000");
INSERT INTO ACT_BLK
	VALUES ("e5008125-e25a-4377-8416-8bb5ff5f8424",
	0,
	0,
	0,
	'',
	'',
	'',
	0,
	0,
	0,
	0,
	0,
	0,
	0,
	0,
	0,
	0,
	0,
	0,
	0,
	"f5585cdf-642e-40ba-9c7b-7269aca29965",
	"00000000-0000-0000-0000-000000000000");
INSERT INTO S_BRG
	VALUES ("56d78985-bd88-4f57-97f5-3a8479d36a75",
	"d6db4b3d-c6a5-400a-92b9-6a391237afbb",
	'include',
	'',
	0,
	"ba5eda7a-def5-0000-0000-000000000000",
	'',
	1,
	'',
	0);
INSERT INTO S_BPARM
	VALUES ("71abd594-35f7-47aa-a3fb-744f9cbe26b1",
	"56d78985-bd88-4f57-97f5-3a8479d36a75",
	'file',
	"ba5eda7a-def5-0000-0000-000000000004",
	0,
	'',
	"00000000-0000-0000-0000-000000000000",
	'');
INSERT INTO S_BPARM
	VALUES ("46bba547-dfb1-47f5-af91-9bf57dc4b2e2",
	"56d78985-bd88-4f57-97f5-3a8479d36a75",
	'symbol_table',
	"a3173f5c-3d92-4d36-861f-2028321cdc8b",
	0,
	'',
	"71abd594-35f7-47aa-a3fb-744f9cbe26b1",
	'');
INSERT INTO ACT_BRB
	VALUES ("8a5b7a24-6676-41f9-be6e-2f311cf5eb3c",
	"56d78985-bd88-4f57-97f5-3a8479d36a75");
INSERT INTO ACT_ACT
	VALUES ("8a5b7a24-6676-41f9-be6e-2f311cf5eb3c",
	'bridge',
	0,
	"f24f9981-b591-47e7-a501-754c15ec1280",
	"00000000-0000-0000-0000-000000000000",
	0,
	'templating::include',
	"00000000-0000-0000-0000-000000000000");
INSERT INTO ACT_BLK
	VALUES ("f24f9981-b591-47e7-a501-754c15ec1280",
	0,
	0,
	0,
	'',
	'',
	'',
	0,
	0,
	0,
	0,
	0,
	0,
	0,
	0,
	0,
	0,
	0,
	0,
	0,
	"8a5b7a24-6676-41f9-be6e-2f311cf5eb3c",
	"00000000-0000-0000-0000-000000000000");
INSERT INTO S_BRG
	VALUES ("ad4f1248-1786-4a6c-9f24-575f1b7d5401",
	"d6db4b3d-c6a5-400a-92b9-6a391237afbb",
	'emit',
	'',
	0,
	"ba5eda7a-def5-0000-0000-000000000000",
	'',
	1,
	'',
	0);
INSERT INTO S_BPARM
	VALUES ("d1ee6801-de07-4031-bd37-2a8ffd3f8473",
	"ad4f1248-1786-4a6c-9f24-575f1b7d5401",
	'file',
	"ba5eda7a-def5-0000-0000-000000000004",
	0,
	'',
	"00000000-0000-0000-0000-000000000000",
	'');
INSERT INTO ACT_BRB
	VALUES ("60feb585-9586-40bf-ba2c-5fa0368200b1",
	"ad4f1248-1786-4a6c-9f24-575f1b7d5401");
INSERT INTO ACT_ACT
	VALUES ("60feb585-9586-40bf-ba2c-5fa0368200b1",
	'bridge',
	0,
	"e81a465f-ab89-4429-b4a0-5cfd0386216f",
	"00000000-0000-0000-0000-000000000000",
	0,
	'templating::emit',
	"00000000-0000-0000-0000-000000000000");
INSERT INTO ACT_BLK
	VALUES ("e81a465f-ab89-4429-b4a0-5cfd0386216f",
	0,
	0,
	0,
	'',
	'',
	'',
	0,
	0,
	0,
	0,
	0,
	0,
	0,
	0,
	0,
	0,
	0,
	0,
	0,
	"60feb585-9586-40bf-ba2c-5fa0368200b1",
	"00000000-0000-0000-0000-000000000000");
INSERT INTO S_BRG
	VALUES ("387a0ac8-5355-48ef-a355-2676c1a68ecb",
	"d6db4b3d-c6a5-400a-92b9-6a391237afbb",
	'sub',
	'',
	0,
	"ba5eda7a-def5-0000-0000-000000000004",
	'',
	1,
	'',
	0);
INSERT INTO S_BPARM
	VALUES ("a7a80f0d-ee75-4ddb-a11f-c2ac2101f1e0",
	"387a0ac8-5355-48ef-a355-2676c1a68ecb",
	'format',
	"ba5eda7a-def5-0000-0000-000000000004",
	0,
	'',
	"00000000-0000-0000-0000-000000000000",
	'');
INSERT INTO S_BPARM
	VALUES ("7ed56b5d-9bd9-499e-8848-be903121068c",
	"387a0ac8-5355-48ef-a355-2676c1a68ecb",
	's',
	"ba5eda7a-def5-0000-0000-000000000004",
	0,
	'',
	"a7a80f0d-ee75-4ddb-a11f-c2ac2101f1e0",
	'');
INSERT INTO ACT_BRB
	VALUES ("68ee6fe7-7881-4d36-9af8-50163a76ff3a",
	"387a0ac8-5355-48ef-a355-2676c1a68ecb");
INSERT INTO ACT_ACT
	VALUES ("68ee6fe7-7881-4d36-9af8-50163a76ff3a",
	'bridge',
	0,
	"b2e06cc2-8e31-4a14-83d4-a2ce9ac966d2",
	"00000000-0000-0000-0000-000000000000",
	0,
	'templating::sub',
	"00000000-0000-0000-0000-000000000000");
INSERT INTO ACT_BLK
	VALUES ("b2e06cc2-8e31-4a14-83d4-a2ce9ac966d2",
	0,
	0,
	0,
	'',
	'',
	'',
	0,
	0,
	0,
	0,
	0,
	0,
	0,
	0,
	0,
	0,
	0,
	0,
	0,
	"68ee6fe7-7881-4d36-9af8-50163a76ff3a",
	"00000000-0000-0000-0000-000000000000");
INSERT INTO EP_PKG
	VALUES ("ddbd5fec-558a-4967-bd11-9b09a6c6c428",
	"7fdc406f-2939-49c0-8fab-99de27b70193",
	"7fdc406f-2939-49c0-8fab-99de27b70193",
	'io.ciera.runtime.instanceloading.dynamodb.util',
	'',
	0);
INSERT INTO PE_PE
	VALUES ("c03ccce5-cb73-48ca-b676-b00270c95839",
	1,
	"ddbd5fec-558a-4967-bd11-9b09a6c6c428",
	"00000000-0000-0000-0000-000000000000",
	5);
INSERT INTO S_EE
	VALUES ("c03ccce5-cb73-48ca-b676-b00270c95839",
	'DynamoDB',
	'',
	'DynamoDB',
	"00000000-0000-0000-0000-000000000000",
	'',
	'DynamoDB',
	1);
INSERT INTO S_BRG
	VALUES ("c7c7b56a-16b4-47d8-a682-c148ba0ff869",
	"c03ccce5-cb73-48ca-b676-b00270c95839",
	'load',
	'',
	0,
	"ba5eda7a-def5-0000-0000-000000000000",
	'',
	1,
	'',
	0);
INSERT INTO ACT_BRB
	VALUES ("30be6095-a7ef-48aa-825c-43f049a3b854",
	"c7c7b56a-16b4-47d8-a682-c148ba0ff869");
INSERT INTO ACT_ACT
	VALUES ("30be6095-a7ef-48aa-825c-43f049a3b854",
	'bridge',
	0,
	"5b119c69-e285-4713-a710-61fc5bc34522",
	"00000000-0000-0000-0000-000000000000",
	0,
	'DynamoDB::load',
	"00000000-0000-0000-0000-000000000000");
INSERT INTO ACT_BLK
	VALUES ("5b119c69-e285-4713-a710-61fc5bc34522",
	0,
	0,
	0,
	'',
	'',
	'',
	0,
	0,
	0,
	0,
	0,
	0,
	0,
	0,
	0,
	0,
	0,
	0,
	0,
	"30be6095-a7ef-48aa-825c-43f049a3b854",
	"00000000-0000-0000-0000-000000000000");
INSERT INTO S_BRG
	VALUES ("bdc9cf61-1955-40c9-9744-9b3004874cc6",
	"c03ccce5-cb73-48ca-b676-b00270c95839",
	'serialize',
	'',
	0,
	"ba5eda7a-def5-0000-0000-000000000000",
	'',
	1,
	'',
	0);
INSERT INTO ACT_BRB
	VALUES ("0e5a81ac-d0a3-44a5-bb08-83cbf70a17f0",
	"bdc9cf61-1955-40c9-9744-9b3004874cc6");
INSERT INTO ACT_ACT
	VALUES ("0e5a81ac-d0a3-44a5-bb08-83cbf70a17f0",
	'bridge',
	0,
	"820e2b2f-aabc-44f6-a6d1-4f55d0c25172",
	"00000000-0000-0000-0000-000000000000",
	0,
	'DynamoDB::serialize',
	"00000000-0000-0000-0000-000000000000");
INSERT INTO ACT_BLK
	VALUES ("820e2b2f-aabc-44f6-a6d1-4f55d0c25172",
	0,
	0,
	0,
	'',
	'',
	'',
	0,
	0,
	0,
	0,
	0,
	0,
	0,
	0,
	0,
	0,
	0,
	0,
	0,
	"0e5a81ac-d0a3-44a5-bb08-83cbf70a17f0",
	"00000000-0000-0000-0000-000000000000");
INSERT INTO S_BRG
	VALUES ("5bd13bba-debc-4b14-b39f-b6d284c5b08d",
	"c03ccce5-cb73-48ca-b676-b00270c95839",
	'initialize',
	'',
	0,
	"ba5eda7a-def5-0000-0000-000000000000",
	'',
	1,
	'',
	0);
INSERT INTO ACT_BRB
	VALUES ("fddd8198-2d2d-40a8-a49f-e5558829e9fc",
	"5bd13bba-debc-4b14-b39f-b6d284c5b08d");
INSERT INTO ACT_ACT
	VALUES ("fddd8198-2d2d-40a8-a49f-e5558829e9fc",
	'bridge',
	0,
	"fe60e679-e021-4102-be09-16dce169f56b",
	"00000000-0000-0000-0000-000000000000",
	0,
	'DynamoDB::initialize',
	"00000000-0000-0000-0000-000000000000");
INSERT INTO ACT_BLK
	VALUES ("fe60e679-e021-4102-be09-16dce169f56b",
	0,
	0,
	0,
	'',
	'',
	'',
	0,
	0,
	0,
	0,
	0,
	0,
	0,
	0,
	0,
	0,
	0,
	0,
	0,
	"fddd8198-2d2d-40a8-a49f-e5558829e9fc",
	"00000000-0000-0000-0000-000000000000");
-- root-types-contained: SystemModel_c
-- BP 7.1 content: StreamData syschar: 3 persistence-version: 7.1.6

INSERT INTO S_SYS
	VALUES ("ff0e51de-d303-43e1-8216-8e06a44596c7",
	'UI',
	1);
INSERT INTO EP_PKG
	VALUES ("d62d22d0-740f-4016-8f60-a4581727b4d9",
	"ff0e51de-d303-43e1-8216-8e06a44596c7",
	"ff0e51de-d303-43e1-8216-8e06a44596c7",
	'UI',
	'',
	0);
INSERT INTO PE_PE
	VALUES ("f248a29a-f430-42aa-a3f5-527fffbf2db5",
	1,
	"d62d22d0-740f-4016-8f60-a4581727b4d9",
	"00000000-0000-0000-0000-000000000000",
	7);
INSERT INTO EP_PKG
	VALUES ("f248a29a-f430-42aa-a3f5-527fffbf2db5",
	"00000000-0000-0000-0000-000000000000",
	"ff0e51de-d303-43e1-8216-8e06a44596c7",
	'Shared',
	'',
	0);
INSERT INTO PE_PE
	VALUES ("06e358bd-8488-4092-af9c-7c359b158f4d",
	1,
	"f248a29a-f430-42aa-a3f5-527fffbf2db5",
	"00000000-0000-0000-0000-000000000000",
	6);
INSERT INTO C_I
	VALUES ("06e358bd-8488-4092-af9c-7c359b158f4d",
	"00000000-0000-0000-0000-000000000000",
	'UI',
	'');
INSERT INTO C_EP
	VALUES ("4733023e-4c69-4620-b5bf-a2e79b67fbc0",
	"06e358bd-8488-4092-af9c-7c359b158f4d",
	-1,
	'setTime',
	'');
INSERT INTO C_AS
	VALUES ("4733023e-4c69-4620-b5bf-a2e79b67fbc0",
	'setTime',
	'',
	0,
	"00000000-0000-0000-0000-000000000000");
INSERT INTO C_PP
	VALUES ("58a68c4a-f816-4ea2-a90a-7a976e8ad1e4",
	"4733023e-4c69-4620-b5bf-a2e79b67fbc0",
	"ba5eda7a-def5-0000-0000-000000000002",
	'time',
	'',
	0,
	'',
	"00000000-0000-0000-0000-000000000000");
INSERT INTO C_EP
	VALUES ("b951d79d-a853-44d9-a2d5-4c26cfc7dc70",
	"06e358bd-8488-4092-af9c-7c359b158f4d",
	-1,
	'setData',
	'');
INSERT INTO C_AS
	VALUES ("b951d79d-a853-44d9-a2d5-4c26cfc7dc70",
	'setData',
	'',
	0,
	"4733023e-4c69-4620-b5bf-a2e79b67fbc0");
INSERT INTO C_PP
	VALUES ("5a2b0c93-89e5-4c2a-9d40-22cebd06b9a5",
	"b951d79d-a853-44d9-a2d5-4c26cfc7dc70",
	"ba5eda7a-def5-0000-0000-000000000003",
	'value',
	'',
	0,
	'',
	"00000000-0000-0000-0000-000000000000");
INSERT INTO C_PP
	VALUES ("d5c37dfa-8b23-4022-8345-cfe8aaeb7c67",
	"b951d79d-a853-44d9-a2d5-4c26cfc7dc70",
	"f9cb3942-d25e-4b1d-99d2-80346dffff7a",
	'unit',
	'',
	0,
	'',
	"5a2b0c93-89e5-4c2a-9d40-22cebd06b9a5");
INSERT INTO C_EP
	VALUES ("5ca515d4-2e83-4632-b040-ee98f9ef2a4e",
	"06e358bd-8488-4092-af9c-7c359b158f4d",
	-1,
	'setIndicator',
	'');
INSERT INTO C_AS
	VALUES ("5ca515d4-2e83-4632-b040-ee98f9ef2a4e",
	'setIndicator',
	'',
	0,
	"b951d79d-a853-44d9-a2d5-4c26cfc7dc70");
INSERT INTO C_PP
	VALUES ("6c296b04-251e-47a9-9192-89cffffef2a6",
	"5ca515d4-2e83-4632-b040-ee98f9ef2a4e",
	"0c2280ac-677d-4cc7-a34f-fde18b6c9506",
	'indicator',
	'',
	0,
	'',
	"00000000-0000-0000-0000-000000000000");
INSERT INTO C_EP
	VALUES ("6254528a-deb6-494e-889f-c3251a439e85",
	"06e358bd-8488-4092-af9c-7c359b158f4d",
	-1,
	'setTargetPressed',
	'');
INSERT INTO C_AS
	VALUES ("6254528a-deb6-494e-889f-c3251a439e85",
	'setTargetPressed',
	'',
	1,
	"5ca515d4-2e83-4632-b040-ee98f9ef2a4e");
INSERT INTO C_EP
	VALUES ("33261358-e34d-422e-ac5e-64694cb5c8be",
	"06e358bd-8488-4092-af9c-7c359b158f4d",
	-1,
	'startStopPressed',
	'');
INSERT INTO C_AS
	VALUES ("33261358-e34d-422e-ac5e-64694cb5c8be",
	'startStopPressed',
	'',
	1,
	"6254528a-deb6-494e-889f-c3251a439e85");
INSERT INTO C_EP
	VALUES ("589b2128-3828-478d-bf59-1bf4f00ff7e2",
	"06e358bd-8488-4092-af9c-7c359b158f4d",
	-1,
	'lapResetPressed',
	'');
INSERT INTO C_AS
	VALUES ("589b2128-3828-478d-bf59-1bf4f00ff7e2",
	'lapResetPressed',
	'',
	1,
	"33261358-e34d-422e-ac5e-64694cb5c8be");
INSERT INTO C_EP
	VALUES ("a06f7f09-a3fb-40d8-bedd-21e8ed14a6fe",
	"06e358bd-8488-4092-af9c-7c359b158f4d",
	-1,
	'lightPressed',
	'');
INSERT INTO C_AS
	VALUES ("a06f7f09-a3fb-40d8-bedd-21e8ed14a6fe",
	'lightPressed',
	'',
	1,
	"589b2128-3828-478d-bf59-1bf4f00ff7e2");
INSERT INTO C_EP
	VALUES ("77337936-fbfd-4e50-af18-4ae2c1684ada",
	"06e358bd-8488-4092-af9c-7c359b158f4d",
	-1,
	'modePressed',
	'');
INSERT INTO C_AS
	VALUES ("77337936-fbfd-4e50-af18-4ae2c1684ada",
	'modePressed',
	'',
	1,
	"a06f7f09-a3fb-40d8-bedd-21e8ed14a6fe");
INSERT INTO C_EP
	VALUES ("45a6e44b-1246-4ab3-893d-a1761853347b",
	"06e358bd-8488-4092-af9c-7c359b158f4d",
	-1,
	'newGoalSpec',
	'');
INSERT INTO C_AS
	VALUES ("45a6e44b-1246-4ab3-893d-a1761853347b",
	'newGoalSpec',
	'',
	1,
	"77337936-fbfd-4e50-af18-4ae2c1684ada");
INSERT INTO C_PP
	VALUES ("eb86c722-2f40-4e72-8c59-3409536cba17",
	"45a6e44b-1246-4ab3-893d-a1761853347b",
	"42487d7d-390d-48d8-a7a5-474cf2d8a900",
	'spanType',
	'',
	0,
	'',
	"00000000-0000-0000-0000-000000000000");
INSERT INTO C_PP
	VALUES ("3790a683-9ce0-49ca-87f9-d1a0a27408ba",
	"45a6e44b-1246-4ab3-893d-a1761853347b",
	"cfb9aa72-125a-4d88-9ed9-1af1002d48f0",
	'criteriaType',
	'',
	0,
	'',
	"eb86c722-2f40-4e72-8c59-3409536cba17");
INSERT INTO C_PP
	VALUES ("b8c7071c-f635-4c81-a0ed-ecd4f0053c0e",
	"45a6e44b-1246-4ab3-893d-a1761853347b",
	"ba5eda7a-def5-0000-0000-000000000003",
	'span',
	'',
	0,
	'',
	"3790a683-9ce0-49ca-87f9-d1a0a27408ba");
INSERT INTO C_PP
	VALUES ("c85db51c-91b1-4e0c-b1be-a13af186ba5b",
	"45a6e44b-1246-4ab3-893d-a1761853347b",
	"ba5eda7a-def5-0000-0000-000000000003",
	'maximum',
	'',
	0,
	'',
	"b8c7071c-f635-4c81-a0ed-ecd4f0053c0e");
INSERT INTO C_PP
	VALUES ("3334ac99-b913-4acc-928f-7014b567a4e1",
	"45a6e44b-1246-4ab3-893d-a1761853347b",
	"ba5eda7a-def5-0000-0000-000000000003",
	'minimum',
	'',
	0,
	'',
	"c85db51c-91b1-4e0c-b1be-a13af186ba5b");
INSERT INTO C_PP
	VALUES ("46d0ad64-83fd-48ae-b477-4e92700ec4d9",
	"45a6e44b-1246-4ab3-893d-a1761853347b",
	"ba5eda7a-def5-0000-0000-000000000002",
	'sequenceNumber',
	'',
	0,
	'',
	"3334ac99-b913-4acc-928f-7014b567a4e1");
INSERT INTO PE_PE
	VALUES ("819d6fdc-c0a2-45c0-af06-300eba7ea99d",
	1,
	"d62d22d0-740f-4016-8f60-a4581727b4d9",
	"00000000-0000-0000-0000-000000000000",
	2);
INSERT INTO C_C
	VALUES ("819d6fdc-c0a2-45c0-af06-300eba7ea99d",
	"00000000-0000-0000-0000-000000000000",
	"00000000-0000-0000-0000-000000000000",
	'UI',
	'',
	0,
	"00000000-0000-0000-0000-000000000000",
	1,
	'');
INSERT INTO C_PO
	VALUES ("392f9172-7dc7-4f9b-a4ac-ecf49f09ad46",
	"819d6fdc-c0a2-45c0-af06-300eba7ea99d",
	'UI',
	0,
	0);
INSERT INTO C_IR
	VALUES ("49a8f460-fdcb-4d55-ac76-1af9a795c24b",
	"06e358bd-8488-4092-af9c-7c359b158f4d",
	"00000000-0000-0000-0000-000000000000",
	"392f9172-7dc7-4f9b-a4ac-ecf49f09ad46");
INSERT INTO C_P
	VALUES ("49a8f460-fdcb-4d55-ac76-1af9a795c24b",
	'UI',
	'Unnamed Interface',
	'',
	'UI::UI::UI');
INSERT INTO SPR_PEP
	VALUES ("4cd61e01-476f-4b38-a2dc-65297c0c0620",
	"4733023e-4c69-4620-b5bf-a2e79b67fbc0",
	"49a8f460-fdcb-4d55-ac76-1af9a795c24b");
INSERT INTO SPR_PS
	VALUES ("4cd61e01-476f-4b38-a2dc-65297c0c0620",
	'setTime',
	'',
	'::setTime( time:param.time );',
	1,
	0);
INSERT INTO ACT_PSB
	VALUES ("d8503f18-4863-4f22-81dc-93f3cd73dd8b",
	"4cd61e01-476f-4b38-a2dc-65297c0c0620");
INSERT INTO ACT_ACT
	VALUES ("d8503f18-4863-4f22-81dc-93f3cd73dd8b",
	'signal',
	0,
	"3a33425c-ea54-4a81-a238-776328f94524",
	"00000000-0000-0000-0000-000000000000",
	0,
	'UI::UI::setTime',
	"00000000-0000-0000-0000-000000000000");
INSERT INTO ACT_BLK
	VALUES ("3a33425c-ea54-4a81-a238-776328f94524",
	0,
	0,
	0,
	'',
	'',
	'',
	1,
	1,
	0,
	0,
	0,
	0,
	0,
	0,
	0,
	0,
	0,
	0,
	0,
	"d8503f18-4863-4f22-81dc-93f3cd73dd8b",
	"00000000-0000-0000-0000-000000000000");
INSERT INTO ACT_SMT
	VALUES ("72ea1c8e-9079-4142-bed2-e79ee1cd3a50",
	"3a33425c-ea54-4a81-a238-776328f94524",
	"00000000-0000-0000-0000-000000000000",
	1,
	1,
	'UI::UI::setTime line: 1');
INSERT INTO ACT_FNC
	VALUES ("72ea1c8e-9079-4142-bed2-e79ee1cd3a50",
	"f4de89b5-d620-4d4c-8fff-c99bb6c4dd21",
	1,
	3);
INSERT INTO V_VAL
	VALUES ("426f9b6c-abbb-4dd4-82e6-ac7c142b6f7f",
	0,
	0,
	1,
	23,
	26,
	0,
	0,
	0,
	0,
	"ba5eda7a-def5-0000-0000-000000000002",
	"3a33425c-ea54-4a81-a238-776328f94524");
INSERT INTO V_PVL
	VALUES ("426f9b6c-abbb-4dd4-82e6-ac7c142b6f7f",
	"00000000-0000-0000-0000-000000000000",
	"00000000-0000-0000-0000-000000000000",
	"00000000-0000-0000-0000-000000000000",
	"58a68c4a-f816-4ea2-a90a-7a976e8ad1e4");
INSERT INTO V_PAR
	VALUES ("426f9b6c-abbb-4dd4-82e6-ac7c142b6f7f",
	"72ea1c8e-9079-4142-bed2-e79ee1cd3a50",
	"00000000-0000-0000-0000-000000000000",
	'time',
	"00000000-0000-0000-0000-000000000000",
	1,
	12);
INSERT INTO SPR_PEP
	VALUES ("ed713602-6f31-49d7-a274-b5cef6329f68",
	"b951d79d-a853-44d9-a2d5-4c26cfc7dc70",
	"49a8f460-fdcb-4d55-ac76-1af9a795c24b");
INSERT INTO SPR_PS
	VALUES ("ed713602-6f31-49d7-a274-b5cef6329f68",
	'setData',
	'',
	'::setData( value:param.value, unit:param.unit );',
	1,
	0);
INSERT INTO ACT_PSB
	VALUES ("17f5e14a-bc29-4cc3-ba58-bc820905ccf7",
	"ed713602-6f31-49d7-a274-b5cef6329f68");
INSERT INTO ACT_ACT
	VALUES ("17f5e14a-bc29-4cc3-ba58-bc820905ccf7",
	'signal',
	0,
	"1e70037a-a605-4dd1-8a1a-d0885065591a",
	"00000000-0000-0000-0000-000000000000",
	0,
	'UI::UI::setData',
	"00000000-0000-0000-0000-000000000000");
INSERT INTO ACT_BLK
	VALUES ("1e70037a-a605-4dd1-8a1a-d0885065591a",
	0,
	0,
	0,
	'',
	'',
	'',
	1,
	1,
	0,
	0,
	0,
	0,
	0,
	0,
	0,
	0,
	0,
	0,
	0,
	"17f5e14a-bc29-4cc3-ba58-bc820905ccf7",
	"00000000-0000-0000-0000-000000000000");
INSERT INTO ACT_SMT
	VALUES ("8f6649ca-dde3-4b36-b6d4-e2e4c04be871",
	"1e70037a-a605-4dd1-8a1a-d0885065591a",
	"00000000-0000-0000-0000-000000000000",
	1,
	1,
	'UI::UI::setData line: 1');
INSERT INTO ACT_FNC
	VALUES ("8f6649ca-dde3-4b36-b6d4-e2e4c04be871",
	"d952ffa0-7b4b-43b0-999b-04e44197017b",
	1,
	3);
INSERT INTO V_VAL
	VALUES ("894a80d0-a311-42a5-89c7-bdf7297274f6",
	0,
	0,
	1,
	24,
	28,
	0,
	0,
	0,
	0,
	"ba5eda7a-def5-0000-0000-000000000003",
	"1e70037a-a605-4dd1-8a1a-d0885065591a");
INSERT INTO V_PVL
	VALUES ("894a80d0-a311-42a5-89c7-bdf7297274f6",
	"00000000-0000-0000-0000-000000000000",
	"00000000-0000-0000-0000-000000000000",
	"00000000-0000-0000-0000-000000000000",
	"5a2b0c93-89e5-4c2a-9d40-22cebd06b9a5");
INSERT INTO V_PAR
	VALUES ("894a80d0-a311-42a5-89c7-bdf7297274f6",
	"8f6649ca-dde3-4b36-b6d4-e2e4c04be871",
	"00000000-0000-0000-0000-000000000000",
	'value',
	"5f5c809d-a649-4c88-83b5-038c8b2254a8",
	1,
	12);
INSERT INTO V_VAL
	VALUES ("5f5c809d-a649-4c88-83b5-038c8b2254a8",
	0,
	0,
	1,
	42,
	45,
	0,
	0,
	0,
	0,
	"f9cb3942-d25e-4b1d-99d2-80346dffff7a",
	"1e70037a-a605-4dd1-8a1a-d0885065591a");
INSERT INTO V_PVL
	VALUES ("5f5c809d-a649-4c88-83b5-038c8b2254a8",
	"00000000-0000-0000-0000-000000000000",
	"00000000-0000-0000-0000-000000000000",
	"00000000-0000-0000-0000-000000000000",
	"d5c37dfa-8b23-4022-8345-cfe8aaeb7c67");
INSERT INTO V_PAR
	VALUES ("5f5c809d-a649-4c88-83b5-038c8b2254a8",
	"8f6649ca-dde3-4b36-b6d4-e2e4c04be871",
	"00000000-0000-0000-0000-000000000000",
	'unit',
	"00000000-0000-0000-0000-000000000000",
	1,
	31);
INSERT INTO SPR_PEP
	VALUES ("afae4676-6b8a-48d6-952e-bb402d291ca7",
	"5ca515d4-2e83-4632-b040-ee98f9ef2a4e",
	"49a8f460-fdcb-4d55-ac76-1af9a795c24b");
INSERT INTO SPR_PS
	VALUES ("afae4676-6b8a-48d6-952e-bb402d291ca7",
	'setIndicator',
	'',
	'::setIndicator( indicator:param.indicator );',
	1,
	0);
INSERT INTO ACT_PSB
	VALUES ("b1a6c2ea-5328-4abb-a09b-a76b9284bcdf",
	"afae4676-6b8a-48d6-952e-bb402d291ca7");
INSERT INTO ACT_ACT
	VALUES ("b1a6c2ea-5328-4abb-a09b-a76b9284bcdf",
	'signal',
	0,
	"28063b24-1b3b-40f0-bc93-b08a1f30bae7",
	"00000000-0000-0000-0000-000000000000",
	0,
	'UI::UI::setIndicator',
	"00000000-0000-0000-0000-000000000000");
INSERT INTO ACT_BLK
	VALUES ("28063b24-1b3b-40f0-bc93-b08a1f30bae7",
	0,
	0,
	0,
	'',
	'',
	'',
	1,
	1,
	0,
	0,
	0,
	0,
	0,
	0,
	0,
	0,
	0,
	0,
	0,
	"b1a6c2ea-5328-4abb-a09b-a76b9284bcdf",
	"00000000-0000-0000-0000-000000000000");
INSERT INTO ACT_SMT
	VALUES ("83236e7c-1773-4706-852c-cbe1e8b841d6",
	"28063b24-1b3b-40f0-bc93-b08a1f30bae7",
	"00000000-0000-0000-0000-000000000000",
	1,
	1,
	'UI::UI::setIndicator line: 1');
INSERT INTO ACT_FNC
	VALUES ("83236e7c-1773-4706-852c-cbe1e8b841d6",
	"86863a7d-e663-490c-9076-281db14af243",
	1,
	3);
INSERT INTO V_VAL
	VALUES ("9934730d-1a6f-43e8-a63b-7542e7e4e6d7",
	0,
	0,
	1,
	33,
	41,
	0,
	0,
	0,
	0,
	"0c2280ac-677d-4cc7-a34f-fde18b6c9506",
	"28063b24-1b3b-40f0-bc93-b08a1f30bae7");
INSERT INTO V_PVL
	VALUES ("9934730d-1a6f-43e8-a63b-7542e7e4e6d7",
	"00000000-0000-0000-0000-000000000000",
	"00000000-0000-0000-0000-000000000000",
	"00000000-0000-0000-0000-000000000000",
	"6c296b04-251e-47a9-9192-89cffffef2a6");
INSERT INTO V_PAR
	VALUES ("9934730d-1a6f-43e8-a63b-7542e7e4e6d7",
	"83236e7c-1773-4706-852c-cbe1e8b841d6",
	"00000000-0000-0000-0000-000000000000",
	'indicator',
	"00000000-0000-0000-0000-000000000000",
	1,
	17);
INSERT INTO SPR_PEP
	VALUES ("0a7740c7-0322-40c5-879d-8b427cbac0dd",
	"6254528a-deb6-494e-889f-c3251a439e85",
	"49a8f460-fdcb-4d55-ac76-1af9a795c24b");
INSERT INTO SPR_PS
	VALUES ("0a7740c7-0322-40c5-879d-8b427cbac0dd",
	'setTargetPressed',
	'',
	'',
	1,
	0);
INSERT INTO ACT_PSB
	VALUES ("8b84d4c7-0246-48ab-b328-a1d0e45cc44f",
	"0a7740c7-0322-40c5-879d-8b427cbac0dd");
INSERT INTO ACT_ACT
	VALUES ("8b84d4c7-0246-48ab-b328-a1d0e45cc44f",
	'signal',
	0,
	"f9f8ea21-7356-4a91-a108-582f341b5817",
	"00000000-0000-0000-0000-000000000000",
	0,
	'UI::UI::setTargetPressed',
	"00000000-0000-0000-0000-000000000000");
INSERT INTO ACT_BLK
	VALUES ("f9f8ea21-7356-4a91-a108-582f341b5817",
	0,
	0,
	0,
	'',
	'',
	'',
	0,
	0,
	0,
	0,
	0,
	0,
	0,
	0,
	0,
	0,
	0,
	0,
	0,
	"8b84d4c7-0246-48ab-b328-a1d0e45cc44f",
	"00000000-0000-0000-0000-000000000000");
INSERT INTO SPR_PEP
	VALUES ("74884116-ca1d-41a0-b164-6d00f6d5e49b",
	"33261358-e34d-422e-ac5e-64694cb5c8be",
	"49a8f460-fdcb-4d55-ac76-1af9a795c24b");
INSERT INTO SPR_PS
	VALUES ("74884116-ca1d-41a0-b164-6d00f6d5e49b",
	'startStopPressed',
	'',
	'',
	1,
	0);
INSERT INTO ACT_PSB
	VALUES ("aee40ce3-07fd-4fe2-b8f1-032f32042add",
	"74884116-ca1d-41a0-b164-6d00f6d5e49b");
INSERT INTO ACT_ACT
	VALUES ("aee40ce3-07fd-4fe2-b8f1-032f32042add",
	'signal',
	0,
	"ebf71e6d-4672-48c8-9ff3-62f32fe7a4a8",
	"00000000-0000-0000-0000-000000000000",
	0,
	'UI::UI::startStopPressed',
	"00000000-0000-0000-0000-000000000000");
INSERT INTO ACT_BLK
	VALUES ("ebf71e6d-4672-48c8-9ff3-62f32fe7a4a8",
	0,
	0,
	0,
	'',
	'',
	'',
	0,
	0,
	0,
	0,
	0,
	0,
	0,
	0,
	0,
	0,
	0,
	0,
	0,
	"aee40ce3-07fd-4fe2-b8f1-032f32042add",
	"00000000-0000-0000-0000-000000000000");
INSERT INTO SPR_PEP
	VALUES ("3dc34a58-a86b-41a4-bc72-e2b1e2690d42",
	"589b2128-3828-478d-bf59-1bf4f00ff7e2",
	"49a8f460-fdcb-4d55-ac76-1af9a795c24b");
INSERT INTO SPR_PS
	VALUES ("3dc34a58-a86b-41a4-bc72-e2b1e2690d42",
	'lapResetPressed',
	'',
	'',
	1,
	0);
INSERT INTO ACT_PSB
	VALUES ("80826bb9-e151-4528-a856-33c0b8c1f341",
	"3dc34a58-a86b-41a4-bc72-e2b1e2690d42");
INSERT INTO ACT_ACT
	VALUES ("80826bb9-e151-4528-a856-33c0b8c1f341",
	'signal',
	0,
	"60144678-0508-4cde-b5bb-e7e5dd99198e",
	"00000000-0000-0000-0000-000000000000",
	0,
	'UI::UI::lapResetPressed',
	"00000000-0000-0000-0000-000000000000");
INSERT INTO ACT_BLK
	VALUES ("60144678-0508-4cde-b5bb-e7e5dd99198e",
	0,
	0,
	0,
	'',
	'',
	'',
	0,
	0,
	0,
	0,
	0,
	0,
	0,
	0,
	0,
	0,
	0,
	0,
	0,
	"80826bb9-e151-4528-a856-33c0b8c1f341",
	"00000000-0000-0000-0000-000000000000");
INSERT INTO SPR_PEP
	VALUES ("2e72d50a-d8b7-4748-8c22-a544dce9d957",
	"a06f7f09-a3fb-40d8-bedd-21e8ed14a6fe",
	"49a8f460-fdcb-4d55-ac76-1af9a795c24b");
INSERT INTO SPR_PS
	VALUES ("2e72d50a-d8b7-4748-8c22-a544dce9d957",
	'lightPressed',
	'',
	'',
	1,
	0);
INSERT INTO ACT_PSB
	VALUES ("bac182ec-58b2-4835-99e8-49b0ba97a54f",
	"2e72d50a-d8b7-4748-8c22-a544dce9d957");
INSERT INTO ACT_ACT
	VALUES ("bac182ec-58b2-4835-99e8-49b0ba97a54f",
	'signal',
	0,
	"b6ab4fa6-1bbe-487c-a359-6857276c09c5",
	"00000000-0000-0000-0000-000000000000",
	0,
	'UI::UI::lightPressed',
	"00000000-0000-0000-0000-000000000000");
INSERT INTO ACT_BLK
	VALUES ("b6ab4fa6-1bbe-487c-a359-6857276c09c5",
	0,
	0,
	0,
	'',
	'',
	'',
	0,
	0,
	0,
	0,
	0,
	0,
	0,
	0,
	0,
	0,
	0,
	0,
	0,
	"bac182ec-58b2-4835-99e8-49b0ba97a54f",
	"00000000-0000-0000-0000-000000000000");
INSERT INTO SPR_PEP
	VALUES ("14f40ce6-a6a2-4100-8cd4-5c61f909677e",
	"77337936-fbfd-4e50-af18-4ae2c1684ada",
	"49a8f460-fdcb-4d55-ac76-1af9a795c24b");
INSERT INTO SPR_PS
	VALUES ("14f40ce6-a6a2-4100-8cd4-5c61f909677e",
	'modePressed',
	'',
	'',
	1,
	0);
INSERT INTO ACT_PSB
	VALUES ("9905adca-391b-4cae-abde-f64619f46681",
	"14f40ce6-a6a2-4100-8cd4-5c61f909677e");
INSERT INTO ACT_ACT
	VALUES ("9905adca-391b-4cae-abde-f64619f46681",
	'signal',
	0,
	"7e321472-4915-4133-8beb-18759d911d2a",
	"00000000-0000-0000-0000-000000000000",
	0,
	'UI::UI::modePressed',
	"00000000-0000-0000-0000-000000000000");
INSERT INTO ACT_BLK
	VALUES ("7e321472-4915-4133-8beb-18759d911d2a",
	0,
	0,
	0,
	'',
	'',
	'',
	0,
	0,
	0,
	0,
	0,
	0,
	0,
	0,
	0,
	0,
	0,
	0,
	0,
	"9905adca-391b-4cae-abde-f64619f46681",
	"00000000-0000-0000-0000-000000000000");
INSERT INTO SPR_PEP
	VALUES ("18a59919-7e2f-4705-834d-ec8d36176a44",
	"45a6e44b-1246-4ab3-893d-a1761853347b",
	"49a8f460-fdcb-4d55-ac76-1af9a795c24b");
INSERT INTO SPR_PS
	VALUES ("18a59919-7e2f-4705-834d-ec8d36176a44",
	'newGoalSpec',
	'',
	'',
	1,
	0);
INSERT INTO ACT_PSB
	VALUES ("d98de315-1d06-4d31-a086-7f4667c6688b",
	"18a59919-7e2f-4705-834d-ec8d36176a44");
INSERT INTO ACT_ACT
	VALUES ("d98de315-1d06-4d31-a086-7f4667c6688b",
	'signal',
	0,
	"d6bd5765-76ac-4f7f-aad8-3c4b1b3d9018",
	"00000000-0000-0000-0000-000000000000",
	0,
	'UI::UI::newGoalSpec',
	"00000000-0000-0000-0000-000000000000");
INSERT INTO ACT_BLK
	VALUES ("d6bd5765-76ac-4f7f-aad8-3c4b1b3d9018",
	0,
	0,
	0,
	'',
	'',
	'',
	0,
	0,
	0,
	0,
	0,
	0,
	0,
	0,
	0,
	0,
	0,
	0,
	0,
	"d98de315-1d06-4d31-a086-7f4667c6688b",
	"00000000-0000-0000-0000-000000000000");
INSERT INTO PE_PE
	VALUES ("0b5c6a1a-f662-403c-b9d1-f30676e82bc6",
	1,
	"00000000-0000-0000-0000-000000000000",
	"819d6fdc-c0a2-45c0-af06-300eba7ea99d",
	7);
INSERT INTO EP_PKG
	VALUES ("0b5c6a1a-f662-403c-b9d1-f30676e82bc6",
	"00000000-0000-0000-0000-000000000000",
	"ff0e51de-d303-43e1-8216-8e06a44596c7",
	'functions',
	'',
	0);
INSERT INTO PE_PE
	VALUES ("d952ffa0-7b4b-43b0-999b-04e44197017b",
	1,
	"0b5c6a1a-f662-403c-b9d1-f30676e82bc6",
	"00000000-0000-0000-0000-000000000000",
	1);
INSERT INTO S_SYNC
	VALUES ("d952ffa0-7b4b-43b0-999b-04e44197017b",
	"00000000-0000-0000-0000-000000000000",
	'setData',
	'',
	'',
	"ba5eda7a-def5-0000-0000-000000000000",
	1,
	'',
	0);
INSERT INTO S_SPARM
	VALUES ("60dcaf2a-e7f2-4bf3-9c26-72835859b16b",
	"d952ffa0-7b4b-43b0-999b-04e44197017b",
	'value',
	"ba5eda7a-def5-0000-0000-000000000003",
	0,
	'',
	"00000000-0000-0000-0000-000000000000",
	'');
INSERT INTO S_SPARM
	VALUES ("67533b70-3c5e-4684-a861-bf541fb9347e",
	"d952ffa0-7b4b-43b0-999b-04e44197017b",
	'unit',
	"f9cb3942-d25e-4b1d-99d2-80346dffff7a",
	0,
	'',
	"60dcaf2a-e7f2-4bf3-9c26-72835859b16b",
	'');
INSERT INTO ACT_FNB
	VALUES ("0c64847e-0a7b-4769-ae03-e48edecb0722",
	"d952ffa0-7b4b-43b0-999b-04e44197017b");
INSERT INTO ACT_ACT
	VALUES ("0c64847e-0a7b-4769-ae03-e48edecb0722",
	'function',
	0,
	"275d4ac6-7cc1-4591-bfb8-d6b43e8e9e0c",
	"00000000-0000-0000-0000-000000000000",
	0,
	'setData',
	"00000000-0000-0000-0000-000000000000");
INSERT INTO ACT_BLK
	VALUES ("275d4ac6-7cc1-4591-bfb8-d6b43e8e9e0c",
	0,
	0,
	0,
	'',
	'',
	'',
	0,
	0,
	0,
	0,
	0,
	0,
	0,
	0,
	0,
	0,
	0,
	0,
	0,
	"0c64847e-0a7b-4769-ae03-e48edecb0722",
	"00000000-0000-0000-0000-000000000000");
INSERT INTO PE_PE
	VALUES ("86863a7d-e663-490c-9076-281db14af243",
	1,
	"0b5c6a1a-f662-403c-b9d1-f30676e82bc6",
	"00000000-0000-0000-0000-000000000000",
	1);
INSERT INTO S_SYNC
	VALUES ("86863a7d-e663-490c-9076-281db14af243",
	"00000000-0000-0000-0000-000000000000",
	'setIndicator',
	'',
	'',
	"ba5eda7a-def5-0000-0000-000000000000",
	1,
	'',
	0);
INSERT INTO S_SPARM
	VALUES ("f6b153cb-e224-469b-8493-d87779e6fbd4",
	"86863a7d-e663-490c-9076-281db14af243",
	'indicator',
	"0c2280ac-677d-4cc7-a34f-fde18b6c9506",
	0,
	'',
	"00000000-0000-0000-0000-000000000000",
	'');
INSERT INTO ACT_FNB
	VALUES ("72f955b9-4108-415a-ba39-b4c19cf9dd87",
	"86863a7d-e663-490c-9076-281db14af243");
INSERT INTO ACT_ACT
	VALUES ("72f955b9-4108-415a-ba39-b4c19cf9dd87",
	'function',
	0,
	"d7f519c6-0c82-44c2-a1e1-71699f0b47c7",
	"00000000-0000-0000-0000-000000000000",
	0,
	'setIndicator',
	"00000000-0000-0000-0000-000000000000");
INSERT INTO ACT_BLK
	VALUES ("d7f519c6-0c82-44c2-a1e1-71699f0b47c7",
	0,
	0,
	0,
	'',
	'',
	'',
	0,
	0,
	0,
	0,
	0,
	0,
	0,
	0,
	0,
	0,
	0,
	0,
	0,
	"72f955b9-4108-415a-ba39-b4c19cf9dd87",
	"00000000-0000-0000-0000-000000000000");
INSERT INTO PE_PE
	VALUES ("f4de89b5-d620-4d4c-8fff-c99bb6c4dd21",
	1,
	"0b5c6a1a-f662-403c-b9d1-f30676e82bc6",
	"00000000-0000-0000-0000-000000000000",
	1);
INSERT INTO S_SYNC
	VALUES ("f4de89b5-d620-4d4c-8fff-c99bb6c4dd21",
	"00000000-0000-0000-0000-000000000000",
	'setTime',
	'',
	'',
	"ba5eda7a-def5-0000-0000-000000000000",
	1,
	'',
	0);
INSERT INTO S_SPARM
	VALUES ("52cf563a-989f-44c5-b087-f0bda2b4400d",
	"f4de89b5-d620-4d4c-8fff-c99bb6c4dd21",
	'time',
	"ba5eda7a-def5-0000-0000-000000000002",
	0,
	'',
	"00000000-0000-0000-0000-000000000000",
	'');
INSERT INTO ACT_FNB
	VALUES ("c9b08fb9-874a-4fd9-8d40-61c9e95925d7",
	"f4de89b5-d620-4d4c-8fff-c99bb6c4dd21");
INSERT INTO ACT_ACT
	VALUES ("c9b08fb9-874a-4fd9-8d40-61c9e95925d7",
	'function',
	0,
	"c4100eb7-05c6-4085-bf92-bf5f97b16808",
	"00000000-0000-0000-0000-000000000000",
	0,
	'setTime',
	"00000000-0000-0000-0000-000000000000");
INSERT INTO ACT_BLK
	VALUES ("c4100eb7-05c6-4085-bf92-bf5f97b16808",
	0,
	0,
	0,
	'',
	'',
	'',
	0,
	0,
	0,
	0,
	0,
	0,
	0,
	0,
	0,
	0,
	0,
	0,
	0,
	"c9b08fb9-874a-4fd9-8d40-61c9e95925d7",
	"00000000-0000-0000-0000-000000000000");
INSERT INTO PE_PE
	VALUES ("d1cd0dc5-7070-427e-8078-7f1fcf6f0a5e",
	1,
	"00000000-0000-0000-0000-000000000000",
	"819d6fdc-c0a2-45c0-af06-300eba7ea99d",
	7);
INSERT INTO EP_PKG
	VALUES ("d1cd0dc5-7070-427e-8078-7f1fcf6f0a5e",
	"00000000-0000-0000-0000-000000000000",
	"ff0e51de-d303-43e1-8216-8e06a44596c7",
	'Shared',
	'',
	0);
INSERT INTO EP_PKGREF
	VALUES ("d1cd0dc5-7070-427e-8078-7f1fcf6f0a5e",
	"ad493808-4242-43f2-b94c-96813f06a733");
INSERT INTO S_DT_PROXY
	VALUES ("f9cb3942-d25e-4b1d-99d2-80346dffff7a",
	"00000000-0000-0000-0000-000000000000",
	'Unit',
	'',
	'',
	'../../../Tracking/models/Tracking/Tracking/Shared/Shared.xtuml');
INSERT INTO S_DT_PROXY
	VALUES ("0c2280ac-677d-4cc7-a34f-fde18b6c9506",
	"00000000-0000-0000-0000-000000000000",
	'Indicator',
	'Graphical indicator.',
	'',
	'../../../Tracking/models/Tracking/Tracking/Shared/Shared.xtuml');
INSERT INTO S_DT_PROXY
	VALUES ("42487d7d-390d-48d8-a7a5-474cf2d8a900",
	"00000000-0000-0000-0000-000000000000",
	'GoalSpan',
	'',
	'',
	'../../../Tracking/models/Tracking/Tracking/Shared/Shared.xtuml');
INSERT INTO S_DT_PROXY
	VALUES ("cfb9aa72-125a-4d88-9ed9-1af1002d48f0",
	"00000000-0000-0000-0000-000000000000",
	'GoalCriteria',
	'The criteria type for a particular workout goal.  ',
	'',
	'../../../Tracking/models/Tracking/Tracking/Shared/Shared.xtuml');
INSERT INTO EP_PKG_PROXY
	VALUES ("ad493808-4242-43f2-b94c-96813f06a733",
	"00000000-0000-0000-0000-000000000000",
	"f6183599-e913-4960-ac9a-ad495a6db59f",
	'Shared',
	'',
	0,
	'../../../Tracking/models/Tracking/Tracking/Shared/Shared.xtuml');
-- root-types-contained: SystemModel_c
-- BP 7.1 content: StreamData syschar: 3 persistence-version: 7.1.6

INSERT INTO S_SYS
	VALUES ("61e01c56-c824-4c5f-9ef6-43d87e721b88",
	'Location',
	1);
INSERT INTO EP_PKG
	VALUES ("3442a0b8-254c-4c11-98f8-286f882f6f97",
	"61e01c56-c824-4c5f-9ef6-43d87e721b88",
	"61e01c56-c824-4c5f-9ef6-43d87e721b88",
	'Location',
	'',
	0);
INSERT INTO PE_PE
	VALUES ("0d039a0f-d6c2-4af1-a39d-69680217cb20",
	1,
	"3442a0b8-254c-4c11-98f8-286f882f6f97",
	"00000000-0000-0000-0000-000000000000",
	7);
INSERT INTO EP_PKG
	VALUES ("0d039a0f-d6c2-4af1-a39d-69680217cb20",
	"00000000-0000-0000-0000-000000000000",
	"61e01c56-c824-4c5f-9ef6-43d87e721b88",
	'Shared',
	'',
	0);
INSERT INTO PE_PE
	VALUES ("de38d4b0-e70e-49ee-a5b9-590645243ae5",
	1,
	"0d039a0f-d6c2-4af1-a39d-69680217cb20",
	"00000000-0000-0000-0000-000000000000",
	6);
INSERT INTO C_I
	VALUES ("de38d4b0-e70e-49ee-a5b9-590645243ae5",
	"00000000-0000-0000-0000-000000000000",
	'LocationProvider',
	'');
INSERT INTO C_EP
	VALUES ("9043596d-b574-4d4f-9838-a687e9372290",
	"de38d4b0-e70e-49ee-a5b9-590645243ae5",
	-1,
	'registerListener',
	'');
INSERT INTO C_AS
	VALUES ("9043596d-b574-4d4f-9838-a687e9372290",
	'registerListener',
	'',
	0,
	"00000000-0000-0000-0000-000000000000");
INSERT INTO C_EP
	VALUES ("f01801fe-af9f-473d-a9e1-c00a44758b05",
	"de38d4b0-e70e-49ee-a5b9-590645243ae5",
	-1,
	'unregisterListener',
	'');
INSERT INTO C_AS
	VALUES ("f01801fe-af9f-473d-a9e1-c00a44758b05",
	'unregisterListener',
	'',
	0,
	"9043596d-b574-4d4f-9838-a687e9372290");
INSERT INTO C_EP
	VALUES ("663b286f-8496-44d7-b25c-9f9d0878f982",
	"de38d4b0-e70e-49ee-a5b9-590645243ae5",
	-1,
	'locationChanged',
	'');
INSERT INTO C_AS
	VALUES ("663b286f-8496-44d7-b25c-9f9d0878f982",
	'locationChanged',
	'',
	1,
	"f01801fe-af9f-473d-a9e1-c00a44758b05");
INSERT INTO C_PP
	VALUES ("9f048e9d-7fb7-44c1-8021-9812c57c4fe7",
	"663b286f-8496-44d7-b25c-9f9d0878f982",
	"ba5eda7a-def5-0000-0000-000000000003",
	'latitude',
	'Latitude, expressed in decimal degrees, of the current position.',
	0,
	'',
	"00000000-0000-0000-0000-000000000000");
INSERT INTO C_PP
	VALUES ("b9fdbd2b-ccf7-499d-908c-809c0a708682",
	"663b286f-8496-44d7-b25c-9f9d0878f982",
	"ba5eda7a-def5-0000-0000-000000000003",
	'longitude',
	'Longitude, expressed in decimal degrees, of the current position.',
	0,
	'',
	"9f048e9d-7fb7-44c1-8021-9812c57c4fe7");
INSERT INTO PE_PE
	VALUES ("2a5126a3-4272-42f2-810c-07c57c5a58d1",
	1,
	"3442a0b8-254c-4c11-98f8-286f882f6f97",
	"00000000-0000-0000-0000-000000000000",
	2);
INSERT INTO C_C
	VALUES ("2a5126a3-4272-42f2-810c-07c57c5a58d1",
	"00000000-0000-0000-0000-000000000000",
	"00000000-0000-0000-0000-000000000000",
	'Location',
	'Simulates a the GPS hardware/firmware. This component is only behavioral and included for testing purposes.',
	0,
	"00000000-0000-0000-0000-000000000000",
	0,
	'');
INSERT INTO C_PO
	VALUES ("e0c03225-6067-49eb-8ee3-2cfa4f1e90cf",
	"2a5126a3-4272-42f2-810c-07c57c5a58d1",
	'LOC',
	0,
	0);
INSERT INTO C_IR
	VALUES ("f5aac2f0-f369-43f5-9c93-082599586590",
	"de38d4b0-e70e-49ee-a5b9-590645243ae5",
	"00000000-0000-0000-0000-000000000000",
	"e0c03225-6067-49eb-8ee3-2cfa4f1e90cf");
INSERT INTO C_P
	VALUES ("f5aac2f0-f369-43f5-9c93-082599586590",
	'LocationProvider',
	'Unnamed Interface',
	'',
	'Location::LOC::LocationProvider');
INSERT INTO SPR_PEP
	VALUES ("1d884cb7-62b6-462f-be30-26a5514e6f16",
	"9043596d-b574-4d4f-9838-a687e9372290",
	"f5aac2f0-f369-43f5-9c93-082599586590");
INSERT INTO SPR_PS
	VALUES ("1d884cb7-62b6-462f-be30-26a5514e6f16",
	'registerListener',
	'',
	'::registerListener();',
	1,
	0);
INSERT INTO ACT_PSB
	VALUES ("7e509fc5-149a-42e2-a87f-167c2f0ac7a2",
	"1d884cb7-62b6-462f-be30-26a5514e6f16");
INSERT INTO ACT_ACT
	VALUES ("7e509fc5-149a-42e2-a87f-167c2f0ac7a2",
	'signal',
	0,
	"cb5c6338-0a35-4e8c-b85a-d4dc24721e99",
	"00000000-0000-0000-0000-000000000000",
	0,
	'LOC::LocationProvider::registerListener',
	"00000000-0000-0000-0000-000000000000");
INSERT INTO ACT_BLK
	VALUES ("cb5c6338-0a35-4e8c-b85a-d4dc24721e99",
	0,
	0,
	0,
	'',
	'',
	'',
	1,
	1,
	0,
	0,
	0,
	0,
	0,
	0,
	0,
	0,
	0,
	0,
	0,
	"7e509fc5-149a-42e2-a87f-167c2f0ac7a2",
	"00000000-0000-0000-0000-000000000000");
INSERT INTO ACT_SMT
	VALUES ("3de2ec37-bf92-403a-bfb2-ad17c98a0892",
	"cb5c6338-0a35-4e8c-b85a-d4dc24721e99",
	"00000000-0000-0000-0000-000000000000",
	1,
	1,
	'LOC::LocationProvider::registerListener line: 1');
INSERT INTO ACT_FNC
	VALUES ("3de2ec37-bf92-403a-bfb2-ad17c98a0892",
	"f3cc6047-9e47-439b-b974-25e0cc8d620b",
	1,
	3);
INSERT INTO SPR_PEP
	VALUES ("c0944bb8-d030-4d3a-a5e6-0328cce2c496",
	"f01801fe-af9f-473d-a9e1-c00a44758b05",
	"f5aac2f0-f369-43f5-9c93-082599586590");
INSERT INTO SPR_PS
	VALUES ("c0944bb8-d030-4d3a-a5e6-0328cce2c496",
	'unregisterListener',
	'',
	'::unregisterListener();',
	1,
	0);
INSERT INTO ACT_PSB
	VALUES ("6493864f-0e61-49e9-a4e5-8a19073c1ddc",
	"c0944bb8-d030-4d3a-a5e6-0328cce2c496");
INSERT INTO ACT_ACT
	VALUES ("6493864f-0e61-49e9-a4e5-8a19073c1ddc",
	'signal',
	0,
	"c64bc525-57fe-4993-8c01-374ab2db8712",
	"00000000-0000-0000-0000-000000000000",
	0,
	'LOC::LocationProvider::unregisterListener',
	"00000000-0000-0000-0000-000000000000");
INSERT INTO ACT_BLK
	VALUES ("c64bc525-57fe-4993-8c01-374ab2db8712",
	0,
	0,
	0,
	'',
	'',
	'',
	1,
	1,
	0,
	0,
	0,
	0,
	0,
	0,
	0,
	0,
	0,
	0,
	0,
	"6493864f-0e61-49e9-a4e5-8a19073c1ddc",
	"00000000-0000-0000-0000-000000000000");
INSERT INTO ACT_SMT
	VALUES ("65367072-172c-40ac-bd5d-a42f78ec8047",
	"c64bc525-57fe-4993-8c01-374ab2db8712",
	"00000000-0000-0000-0000-000000000000",
	1,
	1,
	'LOC::LocationProvider::unregisterListener line: 1');
INSERT INTO ACT_FNC
	VALUES ("65367072-172c-40ac-bd5d-a42f78ec8047",
	"4ba09871-89f8-4672-bf62-b6be7bbeff78",
	1,
	3);
INSERT INTO SPR_PEP
	VALUES ("6c018661-d89f-423f-8b3c-acccff978a5d",
	"663b286f-8496-44d7-b25c-9f9d0878f982",
	"f5aac2f0-f369-43f5-9c93-082599586590");
INSERT INTO SPR_PS
	VALUES ("6c018661-d89f-423f-8b3c-acccff978a5d",
	'locationChanged',
	'',
	'',
	1,
	0);
INSERT INTO ACT_PSB
	VALUES ("57be47d2-7fc9-47b2-a59d-2f49c124c713",
	"6c018661-d89f-423f-8b3c-acccff978a5d");
INSERT INTO ACT_ACT
	VALUES ("57be47d2-7fc9-47b2-a59d-2f49c124c713",
	'signal',
	0,
	"d3c39472-48d7-419e-874b-6f93181efbcd",
	"00000000-0000-0000-0000-000000000000",
	0,
	'LOC::LocationProvider::locationChanged',
	"00000000-0000-0000-0000-000000000000");
INSERT INTO ACT_BLK
	VALUES ("d3c39472-48d7-419e-874b-6f93181efbcd",
	0,
	0,
	0,
	'',
	'',
	'',
	0,
	0,
	0,
	0,
	0,
	0,
	0,
	0,
	0,
	0,
	0,
	0,
	0,
	"57be47d2-7fc9-47b2-a59d-2f49c124c713",
	"00000000-0000-0000-0000-000000000000");
INSERT INTO PE_PE
	VALUES ("da3fda07-4196-4054-b778-71bbfa6a59c6",
	1,
	"00000000-0000-0000-0000-000000000000",
	"2a5126a3-4272-42f2-810c-07c57c5a58d1",
	7);
INSERT INTO EP_PKG
	VALUES ("da3fda07-4196-4054-b778-71bbfa6a59c6",
	"00000000-0000-0000-0000-000000000000",
	"61e01c56-c824-4c5f-9ef6-43d87e721b88",
	'functions',
	'',
	0);
INSERT INTO PE_PE
	VALUES ("f3cc6047-9e47-439b-b974-25e0cc8d620b",
	1,
	"da3fda07-4196-4054-b778-71bbfa6a59c6",
	"00000000-0000-0000-0000-000000000000",
	1);
INSERT INTO S_SYNC
	VALUES ("f3cc6047-9e47-439b-b974-25e0cc8d620b",
	"00000000-0000-0000-0000-000000000000",
	'registerListener',
	'',
	'GPS::initialize();
select any gps from instances of GPS;
generate GPS10:registerListener() to gps;
',
	"ba5eda7a-def5-0000-0000-000000000000",
	1,
	'',
	0);
INSERT INTO ACT_FNB
	VALUES ("abd42735-9fa2-4ea5-acea-f504564949f9",
	"f3cc6047-9e47-439b-b974-25e0cc8d620b");
INSERT INTO ACT_ACT
	VALUES ("abd42735-9fa2-4ea5-acea-f504564949f9",
	'function',
	0,
	"91572ba8-ee5e-42d6-829d-35ebb5146cd9",
	"00000000-0000-0000-0000-000000000000",
	0,
	'registerListener',
	"00000000-0000-0000-0000-000000000000");
INSERT INTO ACT_BLK
	VALUES ("91572ba8-ee5e-42d6-829d-35ebb5146cd9",
	1,
	0,
	0,
	'V_VAR.Var_ID',
	'',
	'',
	3,
	1,
	2,
	34,
	0,
	0,
	0,
	0,
	0,
	0,
	0,
	0,
	0,
	"abd42735-9fa2-4ea5-acea-f504564949f9",
	"00000000-0000-0000-0000-000000000000");
INSERT INTO ACT_SMT
	VALUES ("6c4fadfe-25b6-43fa-8d9f-7951b9070200",
	"91572ba8-ee5e-42d6-829d-35ebb5146cd9",
	"beb75e1c-ccb8-412b-9398-d4ad1f2001c8",
	1,
	1,
	'registerListener line: 1');
INSERT INTO ACT_TFM
	VALUES ("6c4fadfe-25b6-43fa-8d9f-7951b9070200",
	"7943a748-3633-4cd5-961a-13e79e4e3098",
	"00000000-0000-0000-0000-000000000000",
	1,
	6,
	1,
	1);
INSERT INTO ACT_SMT
	VALUES ("beb75e1c-ccb8-412b-9398-d4ad1f2001c8",
	"91572ba8-ee5e-42d6-829d-35ebb5146cd9",
	"f306b739-9c86-4043-9c5b-326f9a0c3216",
	2,
	1,
	'registerListener line: 2');
INSERT INTO ACT_FIO
	VALUES ("beb75e1c-ccb8-412b-9398-d4ad1f2001c8",
	"557278e8-3dcd-4053-a9ac-dc0bd1d942e8",
	1,
	'any',
	"0679851b-cc52-42de-bb1e-f7d26a404f38",
	2,
	34);
INSERT INTO ACT_SMT
	VALUES ("f306b739-9c86-4043-9c5b-326f9a0c3216",
	"91572ba8-ee5e-42d6-829d-35ebb5146cd9",
	"00000000-0000-0000-0000-000000000000",
	3,
	1,
	'registerListener line: 3');
INSERT INTO E_ESS
	VALUES ("f306b739-9c86-4043-9c5b-326f9a0c3216",
	1,
	0,
	3,
	10,
	3,
	16,
	2,
	34,
	0,
	0,
	0,
	0);
INSERT INTO E_GES
	VALUES ("f306b739-9c86-4043-9c5b-326f9a0c3216");
INSERT INTO E_GSME
	VALUES ("f306b739-9c86-4043-9c5b-326f9a0c3216",
	"87b84158-50d1-423e-a589-f50f676a245d");
INSERT INTO E_GEN
	VALUES ("f306b739-9c86-4043-9c5b-326f9a0c3216",
	"557278e8-3dcd-4053-a9ac-dc0bd1d942e8");
INSERT INTO V_VAR
	VALUES ("557278e8-3dcd-4053-a9ac-dc0bd1d942e8",
	"91572ba8-ee5e-42d6-829d-35ebb5146cd9",
	'gps',
	1,
	"ba5eda7a-def5-0000-0000-000000000008");
INSERT INTO V_INT
	VALUES ("557278e8-3dcd-4053-a9ac-dc0bd1d942e8",
	0,
	"0679851b-cc52-42de-bb1e-f7d26a404f38");
INSERT INTO PE_PE
	VALUES ("4ba09871-89f8-4672-bf62-b6be7bbeff78",
	1,
	"da3fda07-4196-4054-b778-71bbfa6a59c6",
	"00000000-0000-0000-0000-000000000000",
	1);
INSERT INTO S_SYNC
	VALUES ("4ba09871-89f8-4672-bf62-b6be7bbeff78",
	"00000000-0000-0000-0000-000000000000",
	'unregisterListener',
	'',
	'GPS::initialize();
select any gps from instances of GPS;
generate GPS11:unregisterListener() to gps; 
',
	"ba5eda7a-def5-0000-0000-000000000000",
	1,
	'',
	0);
INSERT INTO ACT_FNB
	VALUES ("a45733f8-1414-4997-9a5e-55129a2b7611",
	"4ba09871-89f8-4672-bf62-b6be7bbeff78");
INSERT INTO ACT_ACT
	VALUES ("a45733f8-1414-4997-9a5e-55129a2b7611",
	'function',
	0,
	"8a0921cd-2c40-414a-8e22-4595638490c2",
	"00000000-0000-0000-0000-000000000000",
	0,
	'unregisterListener',
	"00000000-0000-0000-0000-000000000000");
INSERT INTO ACT_BLK
	VALUES ("8a0921cd-2c40-414a-8e22-4595638490c2",
	1,
	0,
	0,
	'V_VAR.Var_ID',
	'',
	'',
	3,
	1,
	2,
	34,
	0,
	0,
	0,
	0,
	0,
	0,
	0,
	0,
	0,
	"a45733f8-1414-4997-9a5e-55129a2b7611",
	"00000000-0000-0000-0000-000000000000");
INSERT INTO ACT_SMT
	VALUES ("56f9a1d5-1daa-4d6b-b8d2-2f44822e9096",
	"8a0921cd-2c40-414a-8e22-4595638490c2",
	"7e163182-df58-48ad-a9fb-44eab849789b",
	1,
	1,
	'unregisterListener line: 1');
INSERT INTO ACT_TFM
	VALUES ("56f9a1d5-1daa-4d6b-b8d2-2f44822e9096",
	"7943a748-3633-4cd5-961a-13e79e4e3098",
	"00000000-0000-0000-0000-000000000000",
	1,
	6,
	1,
	1);
INSERT INTO ACT_SMT
	VALUES ("7e163182-df58-48ad-a9fb-44eab849789b",
	"8a0921cd-2c40-414a-8e22-4595638490c2",
	"2b654521-b2a0-4cd5-bff5-fbe225c4f15d",
	2,
	1,
	'unregisterListener line: 2');
INSERT INTO ACT_FIO
	VALUES ("7e163182-df58-48ad-a9fb-44eab849789b",
	"f7fc176c-42c6-456a-8ed9-86f01f3d6b71",
	1,
	'any',
	"0679851b-cc52-42de-bb1e-f7d26a404f38",
	2,
	34);
INSERT INTO ACT_SMT
	VALUES ("2b654521-b2a0-4cd5-bff5-fbe225c4f15d",
	"8a0921cd-2c40-414a-8e22-4595638490c2",
	"00000000-0000-0000-0000-000000000000",
	3,
	1,
	'unregisterListener line: 3');
INSERT INTO E_ESS
	VALUES ("2b654521-b2a0-4cd5-bff5-fbe225c4f15d",
	1,
	0,
	3,
	10,
	3,
	16,
	2,
	34,
	0,
	0,
	0,
	0);
INSERT INTO E_GES
	VALUES ("2b654521-b2a0-4cd5-bff5-fbe225c4f15d");
INSERT INTO E_GSME
	VALUES ("2b654521-b2a0-4cd5-bff5-fbe225c4f15d",
	"c909000f-97f9-42b2-8dda-fe17cacbf128");
INSERT INTO E_GEN
	VALUES ("2b654521-b2a0-4cd5-bff5-fbe225c4f15d",
	"f7fc176c-42c6-456a-8ed9-86f01f3d6b71");
INSERT INTO V_VAR
	VALUES ("f7fc176c-42c6-456a-8ed9-86f01f3d6b71",
	"8a0921cd-2c40-414a-8e22-4595638490c2",
	'gps',
	1,
	"ba5eda7a-def5-0000-0000-000000000008");
INSERT INTO V_INT
	VALUES ("f7fc176c-42c6-456a-8ed9-86f01f3d6b71",
	0,
	"0679851b-cc52-42de-bb1e-f7d26a404f38");
INSERT INTO PE_PE
	VALUES ("7501c561-d515-4ee0-9d06-282c52269a7f",
	1,
	"00000000-0000-0000-0000-000000000000",
	"2a5126a3-4272-42f2-810c-07c57c5a58d1",
	7);
INSERT INTO EP_PKG
	VALUES ("7501c561-d515-4ee0-9d06-282c52269a7f",
	"00000000-0000-0000-0000-000000000000",
	"61e01c56-c824-4c5f-9ef6-43d87e721b88",
	'Location',
	'',
	0);
INSERT INTO PE_PE
	VALUES ("0679851b-cc52-42de-bb1e-f7d26a404f38",
	1,
	"7501c561-d515-4ee0-9d06-282c52269a7f",
	"00000000-0000-0000-0000-000000000000",
	4);
INSERT INTO O_OBJ
	VALUES ("0679851b-cc52-42de-bb1e-f7d26a404f38",
	'GPS',
	1,
	'GPS',
	'Simulates a GPS.',
	"00000000-0000-0000-0000-000000000000");
INSERT INTO O_TFR
	VALUES ("7943a748-3633-4cd5-961a-13e79e4e3098",
	"0679851b-cc52-42de-bb1e-f7d26a404f38",
	'initialize',
	'',
	"ba5eda7a-def5-0000-0000-000000000000",
	0,
	'// The GPS is a singleton instance, so create it if it does not exist.

select any gps from instances of GPS;
if ( empty gps )
  // Create and initialize the singleton instance of the GPS.
  create object instance gps of GPS; gps.id = 1;
  gps.motionSegments = 0;
  
  simulatedGPS::initialize();
  select any simgps from instances of simulatedGPS;
  gps.currentLatitude  = simgps.initialLatitude;
  gps.currentLongitude = simgps.initialLongitude;
end if;
',
	1,
	'',
	"00000000-0000-0000-0000-000000000000",
	0);
INSERT INTO ACT_OPB
	VALUES ("01371b6a-ea23-48be-9b55-90834c6544e0",
	"7943a748-3633-4cd5-961a-13e79e4e3098");
INSERT INTO ACT_ACT
	VALUES ("01371b6a-ea23-48be-9b55-90834c6544e0",
	'class operation',
	0,
	"6da4b38f-3d3e-41fa-8db8-d08211226854",
	"00000000-0000-0000-0000-000000000000",
	0,
	'GPS::initialize',
	"00000000-0000-0000-0000-000000000000");
INSERT INTO ACT_BLK
	VALUES ("6da4b38f-3d3e-41fa-8db8-d08211226854",
	1,
	0,
	0,
	'',
	'',
	'',
	4,
	1,
	3,
	34,
	0,
	0,
	0,
	0,
	0,
	0,
	0,
	0,
	0,
	"01371b6a-ea23-48be-9b55-90834c6544e0",
	"00000000-0000-0000-0000-000000000000");
INSERT INTO ACT_SMT
	VALUES ("18261c2f-0471-460c-bd4c-12b91e0d0cce",
	"6da4b38f-3d3e-41fa-8db8-d08211226854",
	"1e01ebe3-e528-4bce-a96c-f198099965b4",
	3,
	1,
	'GPS::initialize line: 3');
INSERT INTO ACT_FIO
	VALUES ("18261c2f-0471-460c-bd4c-12b91e0d0cce",
	"2eb528a0-7fda-474a-ae98-f8a0c74d0225",
	1,
	'any',
	"0679851b-cc52-42de-bb1e-f7d26a404f38",
	3,
	34);
INSERT INTO ACT_SMT
	VALUES ("1e01ebe3-e528-4bce-a96c-f198099965b4",
	"6da4b38f-3d3e-41fa-8db8-d08211226854",
	"00000000-0000-0000-0000-000000000000",
	4,
	1,
	'GPS::initialize line: 4');
INSERT INTO ACT_IF
	VALUES ("1e01ebe3-e528-4bce-a96c-f198099965b4",
	"34d3ffd3-3dae-405e-951a-1eae905283eb",
	"e0e88b79-5fd8-45f9-8de8-09ddb5b88312",
	"00000000-0000-0000-0000-000000000000",
	"00000000-0000-0000-0000-000000000000");
INSERT INTO V_VAL
	VALUES ("b228ffcb-a651-4568-b546-a120bdacce74",
	0,
	0,
	4,
	12,
	14,
	0,
	0,
	0,
	0,
	"ba5eda7a-def5-0000-0000-000000000008",
	"6da4b38f-3d3e-41fa-8db8-d08211226854");
INSERT INTO V_IRF
	VALUES ("b228ffcb-a651-4568-b546-a120bdacce74",
	"2eb528a0-7fda-474a-ae98-f8a0c74d0225");
INSERT INTO V_VAL
	VALUES ("e0e88b79-5fd8-45f9-8de8-09ddb5b88312",
	0,
	0,
	-1,
	-1,
	-1,
	0,
	0,
	0,
	0,
	"ba5eda7a-def5-0000-0000-000000000001",
	"6da4b38f-3d3e-41fa-8db8-d08211226854");
INSERT INTO V_UNY
	VALUES ("e0e88b79-5fd8-45f9-8de8-09ddb5b88312",
	"b228ffcb-a651-4568-b546-a120bdacce74",
	'empty');
INSERT INTO V_VAR
	VALUES ("2eb528a0-7fda-474a-ae98-f8a0c74d0225",
	"6da4b38f-3d3e-41fa-8db8-d08211226854",
	'gps',
	1,
	"ba5eda7a-def5-0000-0000-000000000008");
INSERT INTO V_INT
	VALUES ("2eb528a0-7fda-474a-ae98-f8a0c74d0225",
	0,
	"0679851b-cc52-42de-bb1e-f7d26a404f38");
INSERT INTO ACT_BLK
	VALUES ("34d3ffd3-3dae-405e-951a-1eae905283eb",
	1,
	0,
	0,
	'simulatedGPS',
	'',
	'',
	12,
	3,
	10,
	39,
	0,
	0,
	0,
	0,
	0,
	0,
	0,
	0,
	0,
	"01371b6a-ea23-48be-9b55-90834c6544e0",
	"00000000-0000-0000-0000-000000000000");
INSERT INTO ACT_SMT
	VALUES ("41a4c2cd-8293-4c11-829d-748fe695a4f0",
	"34d3ffd3-3dae-405e-951a-1eae905283eb",
	"9228b78f-a97b-4030-be5d-4552eb1338e2",
	6,
	3,
	'GPS::initialize line: 6');
INSERT INTO ACT_CR
	VALUES ("41a4c2cd-8293-4c11-829d-748fe695a4f0",
	"2eb528a0-7fda-474a-ae98-f8a0c74d0225",
	0,
	"0679851b-cc52-42de-bb1e-f7d26a404f38",
	6,
	33);
INSERT INTO ACT_SMT
	VALUES ("9228b78f-a97b-4030-be5d-4552eb1338e2",
	"34d3ffd3-3dae-405e-951a-1eae905283eb",
	"b5c9296c-b73f-432d-a1d3-83d38f0ea943",
	6,
	38,
	'GPS::initialize line: 6');
INSERT INTO ACT_AI
	VALUES ("9228b78f-a97b-4030-be5d-4552eb1338e2",
	"0f3f2213-fe1b-4fb2-bd1e-ac9bd3ac9c24",
	"6dafb209-7158-4f46-98be-bda3b6850907",
	0,
	0);
INSERT INTO ACT_SMT
	VALUES ("b5c9296c-b73f-432d-a1d3-83d38f0ea943",
	"34d3ffd3-3dae-405e-951a-1eae905283eb",
	"2b894163-85ed-41f5-97b5-ed66cd9b3873",
	7,
	3,
	'GPS::initialize line: 7');
INSERT INTO ACT_AI
	VALUES ("b5c9296c-b73f-432d-a1d3-83d38f0ea943",
	"b2c3a81f-006b-4fce-ad8e-b5e14cb7b891",
	"80358eeb-e3c1-4993-999d-671c9aad775a",
	0,
	0);
INSERT INTO ACT_SMT
	VALUES ("2b894163-85ed-41f5-97b5-ed66cd9b3873",
	"34d3ffd3-3dae-405e-951a-1eae905283eb",
	"ce503ee4-cfcc-4a1a-b4e8-85b8539edc3a",
	9,
	3,
	'GPS::initialize line: 9');
INSERT INTO ACT_TFM
	VALUES ("2b894163-85ed-41f5-97b5-ed66cd9b3873",
	"80c32b62-021d-4e2b-9c7b-7aa9b86ac84c",
	"00000000-0000-0000-0000-000000000000",
	9,
	17,
	9,
	3);
INSERT INTO ACT_SMT
	VALUES ("ce503ee4-cfcc-4a1a-b4e8-85b8539edc3a",
	"34d3ffd3-3dae-405e-951a-1eae905283eb",
	"f6e04175-d268-4b34-9909-debf3dd1e015",
	10,
	3,
	'GPS::initialize line: 10');
INSERT INTO ACT_FIO
	VALUES ("ce503ee4-cfcc-4a1a-b4e8-85b8539edc3a",
	"6923881e-1c31-49b1-9c74-1b556af87ad8",
	1,
	'any',
	"dc72a5cd-76c4-4484-9580-3297ced17627",
	10,
	39);
INSERT INTO ACT_SMT
	VALUES ("f6e04175-d268-4b34-9909-debf3dd1e015",
	"34d3ffd3-3dae-405e-951a-1eae905283eb",
	"573893a5-a9fc-4bc0-adca-21401fa3d78a",
	11,
	3,
	'GPS::initialize line: 11');
INSERT INTO ACT_AI
	VALUES ("f6e04175-d268-4b34-9909-debf3dd1e015",
	"b8625214-7654-496e-8096-b7d405af53bd",
	"e8c87258-c1ff-4609-b9aa-a9d36d9ead6e",
	0,
	0);
INSERT INTO ACT_SMT
	VALUES ("573893a5-a9fc-4bc0-adca-21401fa3d78a",
	"34d3ffd3-3dae-405e-951a-1eae905283eb",
	"00000000-0000-0000-0000-000000000000",
	12,
	3,
	'GPS::initialize line: 12');
INSERT INTO ACT_AI
	VALUES ("573893a5-a9fc-4bc0-adca-21401fa3d78a",
	"07b61d74-9f84-4cfa-af52-f7638cfdeb05",
	"0ed63f64-78f9-4d25-8985-fdfddeb9d276",
	0,
	0);
INSERT INTO V_VAL
	VALUES ("225cb41f-cffc-4915-aeac-a6729245e411",
	1,
	0,
	6,
	38,
	40,
	0,
	0,
	0,
	0,
	"ba5eda7a-def5-0000-0000-000000000008",
	"34d3ffd3-3dae-405e-951a-1eae905283eb");
INSERT INTO V_IRF
	VALUES ("225cb41f-cffc-4915-aeac-a6729245e411",
	"2eb528a0-7fda-474a-ae98-f8a0c74d0225");
INSERT INTO V_VAL
	VALUES ("6dafb209-7158-4f46-98be-bda3b6850907",
	1,
	0,
	6,
	42,
	43,
	0,
	0,
	0,
	0,
	"ba5eda7a-def5-0000-0000-000000000002",
	"34d3ffd3-3dae-405e-951a-1eae905283eb");
INSERT INTO V_AVL
	VALUES ("6dafb209-7158-4f46-98be-bda3b6850907",
	"225cb41f-cffc-4915-aeac-a6729245e411",
	"0679851b-cc52-42de-bb1e-f7d26a404f38",
	"9e316383-f1a3-417a-bc55-67831689b1ac");
INSERT INTO V_VAL
	VALUES ("0f3f2213-fe1b-4fb2-bd1e-ac9bd3ac9c24",
	0,
	0,
	6,
	47,
	47,
	0,
	0,
	0,
	0,
	"ba5eda7a-def5-0000-0000-000000000002",
	"34d3ffd3-3dae-405e-951a-1eae905283eb");
INSERT INTO V_LIN
	VALUES ("0f3f2213-fe1b-4fb2-bd1e-ac9bd3ac9c24",
	'1');
INSERT INTO V_VAL
	VALUES ("5fedda98-d16a-4bfc-8841-08a981c066a3",
	1,
	0,
	7,
	3,
	5,
	0,
	0,
	0,
	0,
	"ba5eda7a-def5-0000-0000-000000000008",
	"34d3ffd3-3dae-405e-951a-1eae905283eb");
INSERT INTO V_IRF
	VALUES ("5fedda98-d16a-4bfc-8841-08a981c066a3",
	"2eb528a0-7fda-474a-ae98-f8a0c74d0225");
INSERT INTO V_VAL
	VALUES ("80358eeb-e3c1-4993-999d-671c9aad775a",
	1,
	0,
	7,
	7,
	20,
	0,
	0,
	0,
	0,
	"ba5eda7a-def5-0000-0000-000000000002",
	"34d3ffd3-3dae-405e-951a-1eae905283eb");
INSERT INTO V_AVL
	VALUES ("80358eeb-e3c1-4993-999d-671c9aad775a",
	"5fedda98-d16a-4bfc-8841-08a981c066a3",
	"0679851b-cc52-42de-bb1e-f7d26a404f38",
	"a12000d6-7fe6-4063-a77b-752c1f927d63");
INSERT INTO V_VAL
	VALUES ("b2c3a81f-006b-4fce-ad8e-b5e14cb7b891",
	0,
	0,
	7,
	24,
	24,
	0,
	0,
	0,
	0,
	"ba5eda7a-def5-0000-0000-000000000002",
	"34d3ffd3-3dae-405e-951a-1eae905283eb");
INSERT INTO V_LIN
	VALUES ("b2c3a81f-006b-4fce-ad8e-b5e14cb7b891",
	'0');
INSERT INTO V_VAL
	VALUES ("c8fab861-1ef1-4825-bb53-75656a85d81d",
	1,
	0,
	11,
	3,
	5,
	0,
	0,
	0,
	0,
	"ba5eda7a-def5-0000-0000-000000000008",
	"34d3ffd3-3dae-405e-951a-1eae905283eb");
INSERT INTO V_IRF
	VALUES ("c8fab861-1ef1-4825-bb53-75656a85d81d",
	"2eb528a0-7fda-474a-ae98-f8a0c74d0225");
INSERT INTO V_VAL
	VALUES ("e8c87258-c1ff-4609-b9aa-a9d36d9ead6e",
	1,
	0,
	11,
	7,
	21,
	0,
	0,
	0,
	0,
	"ba5eda7a-def5-0000-0000-000000000003",
	"34d3ffd3-3dae-405e-951a-1eae905283eb");
INSERT INTO V_AVL
	VALUES ("e8c87258-c1ff-4609-b9aa-a9d36d9ead6e",
	"c8fab861-1ef1-4825-bb53-75656a85d81d",
	"0679851b-cc52-42de-bb1e-f7d26a404f38",
	"89922d9d-dc0d-48d2-9b3b-64ad81cbabc7");
INSERT INTO V_VAL
	VALUES ("a52483c3-e1c6-49c7-a20c-f408f8a54a12",
	0,
	0,
	11,
	26,
	31,
	0,
	0,
	0,
	0,
	"ba5eda7a-def5-0000-0000-000000000008",
	"34d3ffd3-3dae-405e-951a-1eae905283eb");
INSERT INTO V_IRF
	VALUES ("a52483c3-e1c6-49c7-a20c-f408f8a54a12",
	"6923881e-1c31-49b1-9c74-1b556af87ad8");
INSERT INTO V_VAL
	VALUES ("b8625214-7654-496e-8096-b7d405af53bd",
	0,
	0,
	11,
	33,
	47,
	0,
	0,
	0,
	0,
	"ba5eda7a-def5-0000-0000-000000000003",
	"34d3ffd3-3dae-405e-951a-1eae905283eb");
INSERT INTO V_AVL
	VALUES ("b8625214-7654-496e-8096-b7d405af53bd",
	"a52483c3-e1c6-49c7-a20c-f408f8a54a12",
	"dc72a5cd-76c4-4484-9580-3297ced17627",
	"d81301a6-53d5-45c6-9e70-81b62ca0c9d0");
INSERT INTO V_VAL
	VALUES ("0c3ca9f6-0840-497f-a31a-946a195887a4",
	1,
	0,
	12,
	3,
	5,
	0,
	0,
	0,
	0,
	"ba5eda7a-def5-0000-0000-000000000008",
	"34d3ffd3-3dae-405e-951a-1eae905283eb");
INSERT INTO V_IRF
	VALUES ("0c3ca9f6-0840-497f-a31a-946a195887a4",
	"2eb528a0-7fda-474a-ae98-f8a0c74d0225");
INSERT INTO V_VAL
	VALUES ("0ed63f64-78f9-4d25-8985-fdfddeb9d276",
	1,
	0,
	12,
	7,
	22,
	0,
	0,
	0,
	0,
	"ba5eda7a-def5-0000-0000-000000000003",
	"34d3ffd3-3dae-405e-951a-1eae905283eb");
INSERT INTO V_AVL
	VALUES ("0ed63f64-78f9-4d25-8985-fdfddeb9d276",
	"0c3ca9f6-0840-497f-a31a-946a195887a4",
	"0679851b-cc52-42de-bb1e-f7d26a404f38",
	"4fea4076-4eb4-4c99-a3b4-d5382483335d");
INSERT INTO V_VAL
	VALUES ("7df4f178-2454-4c8c-9a3c-f20ee36812c6",
	0,
	0,
	12,
	26,
	31,
	0,
	0,
	0,
	0,
	"ba5eda7a-def5-0000-0000-000000000008",
	"34d3ffd3-3dae-405e-951a-1eae905283eb");
INSERT INTO V_IRF
	VALUES ("7df4f178-2454-4c8c-9a3c-f20ee36812c6",
	"6923881e-1c31-49b1-9c74-1b556af87ad8");
INSERT INTO V_VAL
	VALUES ("07b61d74-9f84-4cfa-af52-f7638cfdeb05",
	0,
	0,
	12,
	33,
	48,
	0,
	0,
	0,
	0,
	"ba5eda7a-def5-0000-0000-000000000003",
	"34d3ffd3-3dae-405e-951a-1eae905283eb");
INSERT INTO V_AVL
	VALUES ("07b61d74-9f84-4cfa-af52-f7638cfdeb05",
	"7df4f178-2454-4c8c-9a3c-f20ee36812c6",
	"dc72a5cd-76c4-4484-9580-3297ced17627",
	"0862e009-5fed-4d11-aae8-f1e832c33499");
INSERT INTO V_VAR
	VALUES ("6923881e-1c31-49b1-9c74-1b556af87ad8",
	"34d3ffd3-3dae-405e-951a-1eae905283eb",
	'simgps',
	1,
	"ba5eda7a-def5-0000-0000-000000000008");
INSERT INTO V_INT
	VALUES ("6923881e-1c31-49b1-9c74-1b556af87ad8",
	0,
	"dc72a5cd-76c4-4484-9580-3297ced17627");
INSERT INTO O_NBATTR
	VALUES ("a7624bef-089d-40e2-9e32-c7762a24111c",
	"0679851b-cc52-42de-bb1e-f7d26a404f38");
INSERT INTO O_BATTR
	VALUES ("a7624bef-089d-40e2-9e32-c7762a24111c",
	"0679851b-cc52-42de-bb1e-f7d26a404f38");
INSERT INTO O_ATTR
	VALUES ("a7624bef-089d-40e2-9e32-c7762a24111c",
	"0679851b-cc52-42de-bb1e-f7d26a404f38",
	"a12000d6-7fe6-4063-a77b-752c1f927d63",
	'timer',
	'Handle for underlying timer mechanism enabling the generation 
of delayed events that drive the GPS simulator.',
	'',
	'timer',
	0,
	"ba5eda7a-def5-0000-0000-00000000000f",
	'',
	'');
INSERT INTO O_NBATTR
	VALUES ("89922d9d-dc0d-48d2-9b3b-64ad81cbabc7",
	"0679851b-cc52-42de-bb1e-f7d26a404f38");
INSERT INTO O_BATTR
	VALUES ("89922d9d-dc0d-48d2-9b3b-64ad81cbabc7",
	"0679851b-cc52-42de-bb1e-f7d26a404f38");
INSERT INTO O_ATTR
	VALUES ("89922d9d-dc0d-48d2-9b3b-64ad81cbabc7",
	"0679851b-cc52-42de-bb1e-f7d26a404f38",
	"9e316383-f1a3-417a-bc55-67831689b1ac",
	'currentLatitude',
	'Current latitude, expressed in decimal degrees, of the simulated GPS.',
	'',
	'currentLatitude',
	0,
	"ba5eda7a-def5-0000-0000-000000000003",
	'',
	'');
INSERT INTO O_NBATTR
	VALUES ("4fea4076-4eb4-4c99-a3b4-d5382483335d",
	"0679851b-cc52-42de-bb1e-f7d26a404f38");
INSERT INTO O_BATTR
	VALUES ("4fea4076-4eb4-4c99-a3b4-d5382483335d",
	"0679851b-cc52-42de-bb1e-f7d26a404f38");
INSERT INTO O_ATTR
	VALUES ("4fea4076-4eb4-4c99-a3b4-d5382483335d",
	"0679851b-cc52-42de-bb1e-f7d26a404f38",
	"89922d9d-dc0d-48d2-9b3b-64ad81cbabc7",
	'currentLongitude',
	'Current longitude, expressed in decimal degrees, of the simulated GPS.',
	'',
	'currentLongitude',
	0,
	"ba5eda7a-def5-0000-0000-000000000003",
	'',
	'');
INSERT INTO O_NBATTR
	VALUES ("a12000d6-7fe6-4063-a77b-752c1f927d63",
	"0679851b-cc52-42de-bb1e-f7d26a404f38");
INSERT INTO O_BATTR
	VALUES ("a12000d6-7fe6-4063-a77b-752c1f927d63",
	"0679851b-cc52-42de-bb1e-f7d26a404f38");
INSERT INTO O_ATTR
	VALUES ("a12000d6-7fe6-4063-a77b-752c1f927d63",
	"0679851b-cc52-42de-bb1e-f7d26a404f38",
	"4fea4076-4eb4-4c99-a3b4-d5382483335d",
	'motionSegments',
	'The number of motion segments simulated by the GPS.',
	'',
	'motionSegments',
	0,
	"ba5eda7a-def5-0000-0000-000000000002",
	'',
	'');
INSERT INTO O_NBATTR
	VALUES ("8ef78ba3-00e9-42ee-ab63-4e6ad50a7d70",
	"0679851b-cc52-42de-bb1e-f7d26a404f38");
INSERT INTO O_BATTR
	VALUES ("8ef78ba3-00e9-42ee-ab63-4e6ad50a7d70",
	"0679851b-cc52-42de-bb1e-f7d26a404f38");
INSERT INTO O_ATTR
	VALUES ("8ef78ba3-00e9-42ee-ab63-4e6ad50a7d70",
	"0679851b-cc52-42de-bb1e-f7d26a404f38",
	"a7624bef-089d-40e2-9e32-c7762a24111c",
	'current_state',
	'',
	'',
	'current_state',
	0,
	"ba5eda7a-def5-0000-0000-000000000006",
	'',
	'');
INSERT INTO O_NBATTR
	VALUES ("9e316383-f1a3-417a-bc55-67831689b1ac",
	"0679851b-cc52-42de-bb1e-f7d26a404f38");
INSERT INTO O_BATTR
	VALUES ("9e316383-f1a3-417a-bc55-67831689b1ac",
	"0679851b-cc52-42de-bb1e-f7d26a404f38");
INSERT INTO O_ATTR
	VALUES ("9e316383-f1a3-417a-bc55-67831689b1ac",
	"0679851b-cc52-42de-bb1e-f7d26a404f38",
	"00000000-0000-0000-0000-000000000000",
	'id',
	'',
	'',
	'id',
	0,
	"ba5eda7a-def5-0000-0000-000000000002",
	'',
	'');
INSERT INTO O_ID
	VALUES (0,
	"0679851b-cc52-42de-bb1e-f7d26a404f38");
INSERT INTO O_OIDA
	VALUES ("9e316383-f1a3-417a-bc55-67831689b1ac",
	"0679851b-cc52-42de-bb1e-f7d26a404f38",
	0,
	'id');
INSERT INTO O_ID
	VALUES (1,
	"0679851b-cc52-42de-bb1e-f7d26a404f38");
INSERT INTO O_ID
	VALUES (2,
	"0679851b-cc52-42de-bb1e-f7d26a404f38");
INSERT INTO SM_ISM
	VALUES ("77ed88df-af92-4f7f-8b31-8a8618436d91",
	"0679851b-cc52-42de-bb1e-f7d26a404f38");
INSERT INTO SM_SM
	VALUES ("77ed88df-af92-4f7f-8b31-8a8618436d91",
	'',
	0);
INSERT INTO SM_MOORE
	VALUES ("77ed88df-af92-4f7f-8b31-8a8618436d91");
INSERT INTO SM_LEVT
	VALUES ("5d79c118-1cc6-419d-85de-e3a403247a4c",
	"77ed88df-af92-4f7f-8b31-8a8618436d91",
	"00000000-0000-0000-0000-000000000000");
INSERT INTO SM_SEVT
	VALUES ("5d79c118-1cc6-419d-85de-e3a403247a4c",
	"77ed88df-af92-4f7f-8b31-8a8618436d91",
	"00000000-0000-0000-0000-000000000000");
INSERT INTO SM_EVT
	VALUES ("5d79c118-1cc6-419d-85de-e3a403247a4c",
	"77ed88df-af92-4f7f-8b31-8a8618436d91",
	"00000000-0000-0000-0000-000000000000",
	1,
	'tick',
	0,
	'',
	'GPS1',
	'');
INSERT INTO SM_LEVT
	VALUES ("a65d472b-c83d-465b-b2f0-c9606a1efe2c",
	"77ed88df-af92-4f7f-8b31-8a8618436d91",
	"00000000-0000-0000-0000-000000000000");
INSERT INTO SM_SEVT
	VALUES ("a65d472b-c83d-465b-b2f0-c9606a1efe2c",
	"77ed88df-af92-4f7f-8b31-8a8618436d91",
	"00000000-0000-0000-0000-000000000000");
INSERT INTO SM_EVT
	VALUES ("a65d472b-c83d-465b-b2f0-c9606a1efe2c",
	"77ed88df-af92-4f7f-8b31-8a8618436d91",
	"00000000-0000-0000-0000-000000000000",
	4,
	'registeringComplete',
	0,
	'',
	'GPS4',
	'');
INSERT INTO SM_LEVT
	VALUES ("87b84158-50d1-423e-a589-f50f676a245d",
	"77ed88df-af92-4f7f-8b31-8a8618436d91",
	"00000000-0000-0000-0000-000000000000");
INSERT INTO SM_SEVT
	VALUES ("87b84158-50d1-423e-a589-f50f676a245d",
	"77ed88df-af92-4f7f-8b31-8a8618436d91",
	"00000000-0000-0000-0000-000000000000");
INSERT INTO SM_EVT
	VALUES ("87b84158-50d1-423e-a589-f50f676a245d",
	"77ed88df-af92-4f7f-8b31-8a8618436d91",
	"00000000-0000-0000-0000-000000000000",
	10,
	'registerListener',
	0,
	'',
	'GPS10',
	'');
INSERT INTO SM_LEVT
	VALUES ("c909000f-97f9-42b2-8dda-fe17cacbf128",
	"77ed88df-af92-4f7f-8b31-8a8618436d91",
	"00000000-0000-0000-0000-000000000000");
INSERT INTO SM_SEVT
	VALUES ("c909000f-97f9-42b2-8dda-fe17cacbf128",
	"77ed88df-af92-4f7f-8b31-8a8618436d91",
	"00000000-0000-0000-0000-000000000000");
INSERT INTO SM_EVT
	VALUES ("c909000f-97f9-42b2-8dda-fe17cacbf128",
	"77ed88df-af92-4f7f-8b31-8a8618436d91",
	"00000000-0000-0000-0000-000000000000",
	11,
	'unregisterListener',
	0,
	'',
	'GPS11',
	'');
INSERT INTO SM_LEVT
	VALUES ("469070b5-717a-419e-aa85-ed6078d3a0b0",
	"77ed88df-af92-4f7f-8b31-8a8618436d91",
	"00000000-0000-0000-0000-000000000000");
INSERT INTO SM_SEVT
	VALUES ("469070b5-717a-419e-aa85-ed6078d3a0b0",
	"77ed88df-af92-4f7f-8b31-8a8618436d91",
	"00000000-0000-0000-0000-000000000000");
INSERT INTO SM_EVT
	VALUES ("469070b5-717a-419e-aa85-ed6078d3a0b0",
	"77ed88df-af92-4f7f-8b31-8a8618436d91",
	"00000000-0000-0000-0000-000000000000",
	12,
	'unregisterComplete',
	0,
	'',
	'GPS12',
	'');
INSERT INTO SM_STATE
	VALUES ("d6abdb8d-d91b-4853-9b8f-00d4e1df3061",
	"77ed88df-af92-4f7f-8b31-8a8618436d91",
	"00000000-0000-0000-0000-000000000000",
	'idle',
	1,
	0);
INSERT INTO SM_CH
	VALUES ("d6abdb8d-d91b-4853-9b8f-00d4e1df3061",
	"5d79c118-1cc6-419d-85de-e3a403247a4c",
	"77ed88df-af92-4f7f-8b31-8a8618436d91",
	"00000000-0000-0000-0000-000000000000",
	'');
INSERT INTO SM_SEME
	VALUES ("d6abdb8d-d91b-4853-9b8f-00d4e1df3061",
	"5d79c118-1cc6-419d-85de-e3a403247a4c",
	"77ed88df-af92-4f7f-8b31-8a8618436d91",
	"00000000-0000-0000-0000-000000000000");
INSERT INTO SM_CH
	VALUES ("d6abdb8d-d91b-4853-9b8f-00d4e1df3061",
	"a65d472b-c83d-465b-b2f0-c9606a1efe2c",
	"77ed88df-af92-4f7f-8b31-8a8618436d91",
	"00000000-0000-0000-0000-000000000000",
	'');
INSERT INTO SM_SEME
	VALUES ("d6abdb8d-d91b-4853-9b8f-00d4e1df3061",
	"a65d472b-c83d-465b-b2f0-c9606a1efe2c",
	"77ed88df-af92-4f7f-8b31-8a8618436d91",
	"00000000-0000-0000-0000-000000000000");
INSERT INTO SM_SEME
	VALUES ("d6abdb8d-d91b-4853-9b8f-00d4e1df3061",
	"87b84158-50d1-423e-a589-f50f676a245d",
	"77ed88df-af92-4f7f-8b31-8a8618436d91",
	"00000000-0000-0000-0000-000000000000");
INSERT INTO SM_CH
	VALUES ("d6abdb8d-d91b-4853-9b8f-00d4e1df3061",
	"c909000f-97f9-42b2-8dda-fe17cacbf128",
	"77ed88df-af92-4f7f-8b31-8a8618436d91",
	"00000000-0000-0000-0000-000000000000",
	'');
INSERT INTO SM_SEME
	VALUES ("d6abdb8d-d91b-4853-9b8f-00d4e1df3061",
	"c909000f-97f9-42b2-8dda-fe17cacbf128",
	"77ed88df-af92-4f7f-8b31-8a8618436d91",
	"00000000-0000-0000-0000-000000000000");
INSERT INTO SM_CH
	VALUES ("d6abdb8d-d91b-4853-9b8f-00d4e1df3061",
	"469070b5-717a-419e-aa85-ed6078d3a0b0",
	"77ed88df-af92-4f7f-8b31-8a8618436d91",
	"00000000-0000-0000-0000-000000000000",
	'');
INSERT INTO SM_SEME
	VALUES ("d6abdb8d-d91b-4853-9b8f-00d4e1df3061",
	"469070b5-717a-419e-aa85-ed6078d3a0b0",
	"77ed88df-af92-4f7f-8b31-8a8618436d91",
	"00000000-0000-0000-0000-000000000000");
INSERT INTO SM_MOAH
	VALUES ("fe2328d4-2416-4a02-9b76-beb316347b06",
	"77ed88df-af92-4f7f-8b31-8a8618436d91",
	"d6abdb8d-d91b-4853-9b8f-00d4e1df3061");
INSERT INTO SM_AH
	VALUES ("fe2328d4-2416-4a02-9b76-beb316347b06",
	"77ed88df-af92-4f7f-8b31-8a8618436d91");
INSERT INTO SM_ACT
	VALUES ("fe2328d4-2416-4a02-9b76-beb316347b06",
	"77ed88df-af92-4f7f-8b31-8a8618436d91",
	1,
	'LOG::LogInfo( message:"Locating::GPS::Idle" );',
	'',
	0);
INSERT INTO ACT_SAB
	VALUES ("b23fc96a-9c4b-4543-b643-b385144242b5",
	"77ed88df-af92-4f7f-8b31-8a8618436d91",
	"fe2328d4-2416-4a02-9b76-beb316347b06");
INSERT INTO ACT_ACT
	VALUES ("b23fc96a-9c4b-4543-b643-b385144242b5",
	'state',
	0,
	"9c2b4181-3f7f-4677-bba1-1e425c126ce6",
	"00000000-0000-0000-0000-000000000000",
	0,
	'GPS::idle',
	"00000000-0000-0000-0000-000000000000");
INSERT INTO ACT_BLK
	VALUES ("9c2b4181-3f7f-4677-bba1-1e425c126ce6",
	0,
	0,
	0,
	'LOG',
	'',
	'',
	1,
	1,
	1,
	1,
	0,
	0,
	0,
	0,
	0,
	0,
	0,
	0,
	0,
	"b23fc96a-9c4b-4543-b643-b385144242b5",
	"00000000-0000-0000-0000-000000000000");
INSERT INTO ACT_SMT
	VALUES ("dfab3247-a0d7-43a3-8d3c-20f143f75863",
	"9c2b4181-3f7f-4677-bba1-1e425c126ce6",
	"00000000-0000-0000-0000-000000000000",
	1,
	1,
	'GPS::idle line: 1');
INSERT INTO ACT_BRG
	VALUES ("dfab3247-a0d7-43a3-8d3c-20f143f75863",
	"af615ef3-56dd-40b1-be6b-27e07023a829",
	1,
	6,
	1,
	1);
INSERT INTO V_VAL
	VALUES ("17b578cb-6b69-4661-8552-96cf6c652abe",
	0,
	0,
	1,
	23,
	42,
	0,
	0,
	0,
	0,
	"ba5eda7a-def5-0000-0000-000000000004",
	"9c2b4181-3f7f-4677-bba1-1e425c126ce6");
INSERT INTO V_LST
	VALUES ("17b578cb-6b69-4661-8552-96cf6c652abe",
	'Locating::GPS::Idle');
INSERT INTO V_PAR
	VALUES ("17b578cb-6b69-4661-8552-96cf6c652abe",
	"dfab3247-a0d7-43a3-8d3c-20f143f75863",
	"00000000-0000-0000-0000-000000000000",
	'message',
	"00000000-0000-0000-0000-000000000000",
	1,
	15);
INSERT INTO SM_STATE
	VALUES ("72a70a0c-e268-43bb-abbe-757e5e7c8958",
	"77ed88df-af92-4f7f-8b31-8a8618436d91",
	"00000000-0000-0000-0000-000000000000",
	'locating',
	2,
	0);
INSERT INTO SM_SEME
	VALUES ("72a70a0c-e268-43bb-abbe-757e5e7c8958",
	"5d79c118-1cc6-419d-85de-e3a403247a4c",
	"77ed88df-af92-4f7f-8b31-8a8618436d91",
	"00000000-0000-0000-0000-000000000000");
INSERT INTO SM_CH
	VALUES ("72a70a0c-e268-43bb-abbe-757e5e7c8958",
	"a65d472b-c83d-465b-b2f0-c9606a1efe2c",
	"77ed88df-af92-4f7f-8b31-8a8618436d91",
	"00000000-0000-0000-0000-000000000000",
	'');
INSERT INTO SM_SEME
	VALUES ("72a70a0c-e268-43bb-abbe-757e5e7c8958",
	"a65d472b-c83d-465b-b2f0-c9606a1efe2c",
	"77ed88df-af92-4f7f-8b31-8a8618436d91",
	"00000000-0000-0000-0000-000000000000");
INSERT INTO SM_CH
	VALUES ("72a70a0c-e268-43bb-abbe-757e5e7c8958",
	"87b84158-50d1-423e-a589-f50f676a245d",
	"77ed88df-af92-4f7f-8b31-8a8618436d91",
	"00000000-0000-0000-0000-000000000000",
	'');
INSERT INTO SM_SEME
	VALUES ("72a70a0c-e268-43bb-abbe-757e5e7c8958",
	"87b84158-50d1-423e-a589-f50f676a245d",
	"77ed88df-af92-4f7f-8b31-8a8618436d91",
	"00000000-0000-0000-0000-000000000000");
INSERT INTO SM_SEME
	VALUES ("72a70a0c-e268-43bb-abbe-757e5e7c8958",
	"c909000f-97f9-42b2-8dda-fe17cacbf128",
	"77ed88df-af92-4f7f-8b31-8a8618436d91",
	"00000000-0000-0000-0000-000000000000");
INSERT INTO SM_CH
	VALUES ("72a70a0c-e268-43bb-abbe-757e5e7c8958",
	"469070b5-717a-419e-aa85-ed6078d3a0b0",
	"77ed88df-af92-4f7f-8b31-8a8618436d91",
	"00000000-0000-0000-0000-000000000000",
	'');
INSERT INTO SM_SEME
	VALUES ("72a70a0c-e268-43bb-abbe-757e5e7c8958",
	"469070b5-717a-419e-aa85-ed6078d3a0b0",
	"77ed88df-af92-4f7f-8b31-8a8618436d91",
	"00000000-0000-0000-0000-000000000000");
INSERT INTO SM_MOAH
	VALUES ("f87a029a-8fa6-46e3-bfa3-e56f904d8faa",
	"77ed88df-af92-4f7f-8b31-8a8618436d91",
	"72a70a0c-e268-43bb-abbe-757e5e7c8958");
INSERT INTO SM_AH
	VALUES ("f87a029a-8fa6-46e3-bfa3-e56f904d8faa",
	"77ed88df-af92-4f7f-8b31-8a8618436d91");
INSERT INTO SM_ACT
	VALUES ("f87a029a-8fa6-46e3-bfa3-e56f904d8faa",
	"77ed88df-af92-4f7f-8b31-8a8618436d91",
	1,
	'// Simulate movement.
simulatedGPS::initialize();
select any simgps from instances of simulatedGPS;
if ( (self.motionSegments % 3) == 0 )
  self.currentLongitude = self.currentLongitude + (simgps.longitudeIncrement * 2);
  self.currentLatitude = self.currentLatitude + simgps.latitudeIncrement;
elif ( (self.motionSegments %5) == 0 )
  self.currentLongitude = self.currentLongitude + simgps.longitudeIncrement;
  self.currentLatitude = self.currentLatitude + (simgps.latitudeIncrement * 3);
else
  self.currentLongitude = self.currentLongitude + simgps.longitudeIncrement;
  self.currentLatitude = self.currentLatitude + simgps.latitudeIncrement;
end if;
// Increment simulated motion segment count.
self.motionSegments = self.motionSegments + 1;
// send signal to tracking
send LOC::locationChanged( latitude:self.currentLatitude, longitude:self.currentLongitude );',
	'',
	0);
INSERT INTO ACT_SAB
	VALUES ("3d9bfd3a-0505-4899-a647-ed4d5cd2c2a7",
	"77ed88df-af92-4f7f-8b31-8a8618436d91",
	"f87a029a-8fa6-46e3-bfa3-e56f904d8faa");
INSERT INTO ACT_ACT
	VALUES ("3d9bfd3a-0505-4899-a647-ed4d5cd2c2a7",
	'state',
	0,
	"eb00b1d3-7a94-4d84-9904-f8f43effc6cf",
	"00000000-0000-0000-0000-000000000000",
	0,
	'GPS::locating',
	"00000000-0000-0000-0000-000000000000");
INSERT INTO ACT_BLK
	VALUES ("eb00b1d3-7a94-4d84-9904-f8f43effc6cf",
	1,
	0,
	0,
	'LOC',
	'',
	'',
	17,
	1,
	17,
	6,
	0,
	0,
	0,
	0,
	0,
	0,
	0,
	0,
	0,
	"3d9bfd3a-0505-4899-a647-ed4d5cd2c2a7",
	"00000000-0000-0000-0000-000000000000");
INSERT INTO ACT_SMT
	VALUES ("07336f3f-ad8e-4a7e-83ca-beebb8dcdfc1",
	"eb00b1d3-7a94-4d84-9904-f8f43effc6cf",
	"907233a6-7be8-49e2-8b8b-cdfadbfea9de",
	2,
	1,
	'GPS::locating line: 2');
INSERT INTO ACT_TFM
	VALUES ("07336f3f-ad8e-4a7e-83ca-beebb8dcdfc1",
	"80c32b62-021d-4e2b-9c7b-7aa9b86ac84c",
	"00000000-0000-0000-0000-000000000000",
	2,
	15,
	2,
	1);
INSERT INTO ACT_SMT
	VALUES ("907233a6-7be8-49e2-8b8b-cdfadbfea9de",
	"eb00b1d3-7a94-4d84-9904-f8f43effc6cf",
	"dee01336-83d1-4f73-af74-d9c2d94165eb",
	3,
	1,
	'GPS::locating line: 3');
INSERT INTO ACT_FIO
	VALUES ("907233a6-7be8-49e2-8b8b-cdfadbfea9de",
	"fb416ef5-0cf5-474c-8b44-a39ffed8751c",
	1,
	'any',
	"dc72a5cd-76c4-4484-9580-3297ced17627",
	3,
	37);
INSERT INTO ACT_SMT
	VALUES ("dee01336-83d1-4f73-af74-d9c2d94165eb",
	"eb00b1d3-7a94-4d84-9904-f8f43effc6cf",
	"6613a80a-4dab-4852-ba5d-3824a5a5a27c",
	4,
	1,
	'GPS::locating line: 4');
INSERT INTO ACT_IF
	VALUES ("dee01336-83d1-4f73-af74-d9c2d94165eb",
	"31ea59be-0dd9-4c0c-9f21-da877a2ae516",
	"47d4b853-f4c7-4327-9bdf-1781637d3a02",
	"00000000-0000-0000-0000-000000000000",
	"00000000-0000-0000-0000-000000000000");
INSERT INTO ACT_SMT
	VALUES ("636b88b1-5a0f-4732-b66c-acbb043867f9",
	"eb00b1d3-7a94-4d84-9904-f8f43effc6cf",
	"00000000-0000-0000-0000-000000000000",
	7,
	1,
	'GPS::locating line: 7');
INSERT INTO ACT_EL
	VALUES ("636b88b1-5a0f-4732-b66c-acbb043867f9",
	"e53d678a-2bfe-4633-823f-354ee3ea9172",
	"40d4c25a-ea22-4f56-99bd-09ad1f8a9d04",
	"dee01336-83d1-4f73-af74-d9c2d94165eb");
INSERT INTO ACT_SMT
	VALUES ("ec5b3f51-17eb-47b9-a09a-67ca00f9edba",
	"eb00b1d3-7a94-4d84-9904-f8f43effc6cf",
	"00000000-0000-0000-0000-000000000000",
	10,
	1,
	'GPS::locating line: 10');
INSERT INTO ACT_E
	VALUES ("ec5b3f51-17eb-47b9-a09a-67ca00f9edba",
	"77b0b325-a174-403c-b31f-2384e7dadc4b",
	"dee01336-83d1-4f73-af74-d9c2d94165eb");
INSERT INTO ACT_SMT
	VALUES ("6613a80a-4dab-4852-ba5d-3824a5a5a27c",
	"eb00b1d3-7a94-4d84-9904-f8f43effc6cf",
	"fcae3305-7963-4c01-af2d-e5e0fc9ed64b",
	15,
	1,
	'GPS::locating line: 15');
INSERT INTO ACT_AI
	VALUES ("6613a80a-4dab-4852-ba5d-3824a5a5a27c",
	"9010ad7c-db58-4574-ab19-68c03721d441",
	"8e5ff089-322b-4d13-aa1b-1b0a8a822b49",
	0,
	0);
INSERT INTO ACT_SMT
	VALUES ("fcae3305-7963-4c01-af2d-e5e0fc9ed64b",
	"eb00b1d3-7a94-4d84-9904-f8f43effc6cf",
	"00000000-0000-0000-0000-000000000000",
	17,
	1,
	'GPS::locating line: 17');
INSERT INTO ACT_SGN
	VALUES ("fcae3305-7963-4c01-af2d-e5e0fc9ed64b",
	17,
	11,
	17,
	6,
	"6c018661-d89f-423f-8b3c-acccff978a5d",
	"00000000-0000-0000-0000-000000000000",
	"00000000-0000-0000-0000-000000000000");
INSERT INTO V_VAL
	VALUES ("d4a3e55f-fe67-4088-824b-968bd650f3a5",
	0,
	0,
	4,
	7,
	10,
	0,
	0,
	0,
	0,
	"ba5eda7a-def5-0000-0000-000000000008",
	"eb00b1d3-7a94-4d84-9904-f8f43effc6cf");
INSERT INTO V_IRF
	VALUES ("d4a3e55f-fe67-4088-824b-968bd650f3a5",
	"a2e1efa1-085e-4b1c-b53a-1b60e1248d6a");
INSERT INTO V_VAL
	VALUES ("5ac4efee-ffd9-44ef-8556-0c6827dbe226",
	0,
	0,
	4,
	12,
	25,
	0,
	0,
	0,
	0,
	"ba5eda7a-def5-0000-0000-000000000002",
	"eb00b1d3-7a94-4d84-9904-f8f43effc6cf");
INSERT INTO V_AVL
	VALUES ("5ac4efee-ffd9-44ef-8556-0c6827dbe226",
	"d4a3e55f-fe67-4088-824b-968bd650f3a5",
	"0679851b-cc52-42de-bb1e-f7d26a404f38",
	"a12000d6-7fe6-4063-a77b-752c1f927d63");
INSERT INTO V_VAL
	VALUES ("ba6da910-4f54-4099-bff0-5f7da9605eea",
	0,
	0,
	4,
	12,
	29,
	0,
	0,
	0,
	0,
	"ba5eda7a-def5-0000-0000-000000000002",
	"eb00b1d3-7a94-4d84-9904-f8f43effc6cf");
INSERT INTO V_BIN
	VALUES ("ba6da910-4f54-4099-bff0-5f7da9605eea",
	"906f7719-1130-4e14-94fd-0001df8e3cfc",
	"5ac4efee-ffd9-44ef-8556-0c6827dbe226",
	'%');
INSERT INTO V_VAL
	VALUES ("906f7719-1130-4e14-94fd-0001df8e3cfc",
	0,
	0,
	4,
	29,
	29,
	0,
	0,
	0,
	0,
	"ba5eda7a-def5-0000-0000-000000000002",
	"eb00b1d3-7a94-4d84-9904-f8f43effc6cf");
INSERT INTO V_LIN
	VALUES ("906f7719-1130-4e14-94fd-0001df8e3cfc",
	'3');
INSERT INTO V_VAL
	VALUES ("47d4b853-f4c7-4327-9bdf-1781637d3a02",
	0,
	0,
	4,
	12,
	35,
	0,
	0,
	0,
	0,
	"ba5eda7a-def5-0000-0000-000000000001",
	"eb00b1d3-7a94-4d84-9904-f8f43effc6cf");
INSERT INTO V_BIN
	VALUES ("47d4b853-f4c7-4327-9bdf-1781637d3a02",
	"27b64fd5-760f-4404-8047-9932f05774c7",
	"ba6da910-4f54-4099-bff0-5f7da9605eea",
	'==');
INSERT INTO V_VAL
	VALUES ("27b64fd5-760f-4404-8047-9932f05774c7",
	0,
	0,
	4,
	35,
	35,
	0,
	0,
	0,
	0,
	"ba5eda7a-def5-0000-0000-000000000002",
	"eb00b1d3-7a94-4d84-9904-f8f43effc6cf");
INSERT INTO V_LIN
	VALUES ("27b64fd5-760f-4404-8047-9932f05774c7",
	'0');
INSERT INTO V_VAL
	VALUES ("898fb2f7-47bd-432c-ab20-7886958cc9d6",
	0,
	0,
	7,
	9,
	12,
	0,
	0,
	0,
	0,
	"ba5eda7a-def5-0000-0000-000000000008",
	"eb00b1d3-7a94-4d84-9904-f8f43effc6cf");
INSERT INTO V_IRF
	VALUES ("898fb2f7-47bd-432c-ab20-7886958cc9d6",
	"a2e1efa1-085e-4b1c-b53a-1b60e1248d6a");
INSERT INTO V_VAL
	VALUES ("70a9f0f5-af59-46e6-8752-bdb84d0fd27e",
	0,
	0,
	7,
	14,
	27,
	0,
	0,
	0,
	0,
	"ba5eda7a-def5-0000-0000-000000000002",
	"eb00b1d3-7a94-4d84-9904-f8f43effc6cf");
INSERT INTO V_AVL
	VALUES ("70a9f0f5-af59-46e6-8752-bdb84d0fd27e",
	"898fb2f7-47bd-432c-ab20-7886958cc9d6",
	"0679851b-cc52-42de-bb1e-f7d26a404f38",
	"a12000d6-7fe6-4063-a77b-752c1f927d63");
INSERT INTO V_VAL
	VALUES ("6a1054a9-41fa-49ac-bea5-d40ad1b12daa",
	0,
	0,
	7,
	14,
	30,
	0,
	0,
	0,
	0,
	"ba5eda7a-def5-0000-0000-000000000002",
	"eb00b1d3-7a94-4d84-9904-f8f43effc6cf");
INSERT INTO V_BIN
	VALUES ("6a1054a9-41fa-49ac-bea5-d40ad1b12daa",
	"caf9b099-fbd5-46d6-88ce-86333b4e89f5",
	"70a9f0f5-af59-46e6-8752-bdb84d0fd27e",
	'%');
INSERT INTO V_VAL
	VALUES ("caf9b099-fbd5-46d6-88ce-86333b4e89f5",
	0,
	0,
	7,
	30,
	30,
	0,
	0,
	0,
	0,
	"ba5eda7a-def5-0000-0000-000000000002",
	"eb00b1d3-7a94-4d84-9904-f8f43effc6cf");
INSERT INTO V_LIN
	VALUES ("caf9b099-fbd5-46d6-88ce-86333b4e89f5",
	'5');
INSERT INTO V_VAL
	VALUES ("40d4c25a-ea22-4f56-99bd-09ad1f8a9d04",
	0,
	0,
	7,
	14,
	36,
	0,
	0,
	0,
	0,
	"ba5eda7a-def5-0000-0000-000000000001",
	"eb00b1d3-7a94-4d84-9904-f8f43effc6cf");
INSERT INTO V_BIN
	VALUES ("40d4c25a-ea22-4f56-99bd-09ad1f8a9d04",
	"38d2ab26-910b-45fa-89c4-1d0995cfc139",
	"6a1054a9-41fa-49ac-bea5-d40ad1b12daa",
	'==');
INSERT INTO V_VAL
	VALUES ("38d2ab26-910b-45fa-89c4-1d0995cfc139",
	0,
	0,
	7,
	36,
	36,
	0,
	0,
	0,
	0,
	"ba5eda7a-def5-0000-0000-000000000002",
	"eb00b1d3-7a94-4d84-9904-f8f43effc6cf");
INSERT INTO V_LIN
	VALUES ("38d2ab26-910b-45fa-89c4-1d0995cfc139",
	'0');
INSERT INTO V_VAL
	VALUES ("cd7bac11-39f6-4c54-8819-5b3ea74378e0",
	1,
	0,
	15,
	1,
	4,
	0,
	0,
	0,
	0,
	"ba5eda7a-def5-0000-0000-000000000008",
	"eb00b1d3-7a94-4d84-9904-f8f43effc6cf");
INSERT INTO V_IRF
	VALUES ("cd7bac11-39f6-4c54-8819-5b3ea74378e0",
	"a2e1efa1-085e-4b1c-b53a-1b60e1248d6a");
INSERT INTO V_VAL
	VALUES ("8e5ff089-322b-4d13-aa1b-1b0a8a822b49",
	1,
	0,
	15,
	6,
	19,
	0,
	0,
	0,
	0,
	"ba5eda7a-def5-0000-0000-000000000002",
	"eb00b1d3-7a94-4d84-9904-f8f43effc6cf");
INSERT INTO V_AVL
	VALUES ("8e5ff089-322b-4d13-aa1b-1b0a8a822b49",
	"cd7bac11-39f6-4c54-8819-5b3ea74378e0",
	"0679851b-cc52-42de-bb1e-f7d26a404f38",
	"a12000d6-7fe6-4063-a77b-752c1f927d63");
INSERT INTO V_VAL
	VALUES ("ee8564e2-8678-4da2-8dfb-e174a4c3a907",
	0,
	0,
	15,
	23,
	26,
	0,
	0,
	0,
	0,
	"ba5eda7a-def5-0000-0000-000000000008",
	"eb00b1d3-7a94-4d84-9904-f8f43effc6cf");
INSERT INTO V_IRF
	VALUES ("ee8564e2-8678-4da2-8dfb-e174a4c3a907",
	"a2e1efa1-085e-4b1c-b53a-1b60e1248d6a");
INSERT INTO V_VAL
	VALUES ("d7cba046-7d95-4c79-adcc-08093a359cf8",
	0,
	0,
	15,
	28,
	41,
	0,
	0,
	0,
	0,
	"ba5eda7a-def5-0000-0000-000000000002",
	"eb00b1d3-7a94-4d84-9904-f8f43effc6cf");
INSERT INTO V_AVL
	VALUES ("d7cba046-7d95-4c79-adcc-08093a359cf8",
	"ee8564e2-8678-4da2-8dfb-e174a4c3a907",
	"0679851b-cc52-42de-bb1e-f7d26a404f38",
	"a12000d6-7fe6-4063-a77b-752c1f927d63");
INSERT INTO V_VAL
	VALUES ("9010ad7c-db58-4574-ab19-68c03721d441",
	0,
	0,
	15,
	28,
	45,
	0,
	0,
	0,
	0,
	"ba5eda7a-def5-0000-0000-000000000002",
	"eb00b1d3-7a94-4d84-9904-f8f43effc6cf");
INSERT INTO V_BIN
	VALUES ("9010ad7c-db58-4574-ab19-68c03721d441",
	"989b5e20-88d9-430d-b0b6-54d87c2f77ac",
	"d7cba046-7d95-4c79-adcc-08093a359cf8",
	'+');
INSERT INTO V_VAL
	VALUES ("989b5e20-88d9-430d-b0b6-54d87c2f77ac",
	0,
	0,
	15,
	45,
	45,
	0,
	0,
	0,
	0,
	"ba5eda7a-def5-0000-0000-000000000002",
	"eb00b1d3-7a94-4d84-9904-f8f43effc6cf");
INSERT INTO V_LIN
	VALUES ("989b5e20-88d9-430d-b0b6-54d87c2f77ac",
	'1');
INSERT INTO V_VAL
	VALUES ("55cd443d-b674-461c-9220-f5d5678edc3f",
	0,
	0,
	17,
	37,
	40,
	0,
	0,
	0,
	0,
	"ba5eda7a-def5-0000-0000-000000000008",
	"eb00b1d3-7a94-4d84-9904-f8f43effc6cf");
INSERT INTO V_IRF
	VALUES ("55cd443d-b674-461c-9220-f5d5678edc3f",
	"a2e1efa1-085e-4b1c-b53a-1b60e1248d6a");
INSERT INTO V_VAL
	VALUES ("ba9f188f-7710-4536-9054-44de1aee9afc",
	0,
	0,
	17,
	42,
	56,
	0,
	0,
	0,
	0,
	"ba5eda7a-def5-0000-0000-000000000003",
	"eb00b1d3-7a94-4d84-9904-f8f43effc6cf");
INSERT INTO V_AVL
	VALUES ("ba9f188f-7710-4536-9054-44de1aee9afc",
	"55cd443d-b674-461c-9220-f5d5678edc3f",
	"0679851b-cc52-42de-bb1e-f7d26a404f38",
	"89922d9d-dc0d-48d2-9b3b-64ad81cbabc7");
INSERT INTO V_PAR
	VALUES ("ba9f188f-7710-4536-9054-44de1aee9afc",
	"fcae3305-7963-4c01-af2d-e5e0fc9ed64b",
	"00000000-0000-0000-0000-000000000000",
	'latitude',
	"c26bf9df-d5fe-4171-be9b-89f6b752b00a",
	17,
	28);
INSERT INTO V_VAL
	VALUES ("c6401a84-c76d-497c-b1e9-94e3a5a7d071",
	0,
	0,
	17,
	69,
	72,
	0,
	0,
	0,
	0,
	"ba5eda7a-def5-0000-0000-000000000008",
	"eb00b1d3-7a94-4d84-9904-f8f43effc6cf");
INSERT INTO V_IRF
	VALUES ("c6401a84-c76d-497c-b1e9-94e3a5a7d071",
	"a2e1efa1-085e-4b1c-b53a-1b60e1248d6a");
INSERT INTO V_VAL
	VALUES ("c26bf9df-d5fe-4171-be9b-89f6b752b00a",
	0,
	0,
	17,
	74,
	89,
	0,
	0,
	0,
	0,
	"ba5eda7a-def5-0000-0000-000000000003",
	"eb00b1d3-7a94-4d84-9904-f8f43effc6cf");
INSERT INTO V_AVL
	VALUES ("c26bf9df-d5fe-4171-be9b-89f6b752b00a",
	"c6401a84-c76d-497c-b1e9-94e3a5a7d071",
	"0679851b-cc52-42de-bb1e-f7d26a404f38",
	"4fea4076-4eb4-4c99-a3b4-d5382483335d");
INSERT INTO V_PAR
	VALUES ("c26bf9df-d5fe-4171-be9b-89f6b752b00a",
	"fcae3305-7963-4c01-af2d-e5e0fc9ed64b",
	"00000000-0000-0000-0000-000000000000",
	'longitude',
	"00000000-0000-0000-0000-000000000000",
	17,
	59);
INSERT INTO V_VAR
	VALUES ("fb416ef5-0cf5-474c-8b44-a39ffed8751c",
	"eb00b1d3-7a94-4d84-9904-f8f43effc6cf",
	'simgps',
	1,
	"ba5eda7a-def5-0000-0000-000000000008");
INSERT INTO V_INT
	VALUES ("fb416ef5-0cf5-474c-8b44-a39ffed8751c",
	0,
	"dc72a5cd-76c4-4484-9580-3297ced17627");
INSERT INTO V_VAR
	VALUES ("a2e1efa1-085e-4b1c-b53a-1b60e1248d6a",
	"eb00b1d3-7a94-4d84-9904-f8f43effc6cf",
	'self',
	1,
	"ba5eda7a-def5-0000-0000-000000000008");
INSERT INTO V_INT
	VALUES ("a2e1efa1-085e-4b1c-b53a-1b60e1248d6a",
	0,
	"0679851b-cc52-42de-bb1e-f7d26a404f38");
INSERT INTO ACT_BLK
	VALUES ("31ea59be-0dd9-4c0c-9f21-da877a2ae516",
	0,
	0,
	0,
	'',
	'',
	'',
	6,
	3,
	0,
	0,
	0,
	0,
	0,
	0,
	0,
	0,
	0,
	0,
	0,
	"3d9bfd3a-0505-4899-a647-ed4d5cd2c2a7",
	"00000000-0000-0000-0000-000000000000");
INSERT INTO ACT_SMT
	VALUES ("127e6d69-f525-4004-93ac-20b6616cc4d4",
	"31ea59be-0dd9-4c0c-9f21-da877a2ae516",
	"d6fd303e-8858-47da-bac1-6d1007f41bfb",
	5,
	3,
	'GPS::locating line: 5');
INSERT INTO ACT_AI
	VALUES ("127e6d69-f525-4004-93ac-20b6616cc4d4",
	"fdce5347-7db8-4a70-a449-26880584f386",
	"9a1a0e7b-365e-492f-ab3f-5908d3806f0a",
	0,
	0);
INSERT INTO ACT_SMT
	VALUES ("d6fd303e-8858-47da-bac1-6d1007f41bfb",
	"31ea59be-0dd9-4c0c-9f21-da877a2ae516",
	"00000000-0000-0000-0000-000000000000",
	6,
	3,
	'GPS::locating line: 6');
INSERT INTO ACT_AI
	VALUES ("d6fd303e-8858-47da-bac1-6d1007f41bfb",
	"badc7cb1-f395-4286-ba1c-b5e1d2b4e5ca",
	"fb5e3c63-b7e3-4064-a5d1-dd4fb96f122e",
	0,
	0);
INSERT INTO V_VAL
	VALUES ("c2fac757-1aa8-4c12-8e81-99075370dc11",
	1,
	0,
	5,
	3,
	6,
	0,
	0,
	0,
	0,
	"ba5eda7a-def5-0000-0000-000000000008",
	"31ea59be-0dd9-4c0c-9f21-da877a2ae516");
INSERT INTO V_IRF
	VALUES ("c2fac757-1aa8-4c12-8e81-99075370dc11",
	"a2e1efa1-085e-4b1c-b53a-1b60e1248d6a");
INSERT INTO V_VAL
	VALUES ("9a1a0e7b-365e-492f-ab3f-5908d3806f0a",
	1,
	0,
	5,
	8,
	23,
	0,
	0,
	0,
	0,
	"ba5eda7a-def5-0000-0000-000000000003",
	"31ea59be-0dd9-4c0c-9f21-da877a2ae516");
INSERT INTO V_AVL
	VALUES ("9a1a0e7b-365e-492f-ab3f-5908d3806f0a",
	"c2fac757-1aa8-4c12-8e81-99075370dc11",
	"0679851b-cc52-42de-bb1e-f7d26a404f38",
	"4fea4076-4eb4-4c99-a3b4-d5382483335d");
INSERT INTO V_VAL
	VALUES ("dfe32124-0c74-4de9-86ee-7f5dae7596c7",
	0,
	0,
	5,
	27,
	30,
	0,
	0,
	0,
	0,
	"ba5eda7a-def5-0000-0000-000000000008",
	"31ea59be-0dd9-4c0c-9f21-da877a2ae516");
INSERT INTO V_IRF
	VALUES ("dfe32124-0c74-4de9-86ee-7f5dae7596c7",
	"a2e1efa1-085e-4b1c-b53a-1b60e1248d6a");
INSERT INTO V_VAL
	VALUES ("a4e9ff49-1bab-498b-a5a8-b31593929116",
	0,
	0,
	5,
	32,
	47,
	0,
	0,
	0,
	0,
	"ba5eda7a-def5-0000-0000-000000000003",
	"31ea59be-0dd9-4c0c-9f21-da877a2ae516");
INSERT INTO V_AVL
	VALUES ("a4e9ff49-1bab-498b-a5a8-b31593929116",
	"dfe32124-0c74-4de9-86ee-7f5dae7596c7",
	"0679851b-cc52-42de-bb1e-f7d26a404f38",
	"4fea4076-4eb4-4c99-a3b4-d5382483335d");
INSERT INTO V_VAL
	VALUES ("fdce5347-7db8-4a70-a449-26880584f386",
	0,
	0,
	5,
	32,
	80,
	0,
	0,
	0,
	0,
	"ba5eda7a-def5-0000-0000-000000000003",
	"31ea59be-0dd9-4c0c-9f21-da877a2ae516");
INSERT INTO V_BIN
	VALUES ("fdce5347-7db8-4a70-a449-26880584f386",
	"b221e689-f21e-415a-bf38-6a53b14cf1db",
	"a4e9ff49-1bab-498b-a5a8-b31593929116",
	'+');
INSERT INTO V_VAL
	VALUES ("bed9dc5a-20a3-4c96-aeed-2ee924c3bbf7",
	0,
	0,
	5,
	52,
	57,
	0,
	0,
	0,
	0,
	"ba5eda7a-def5-0000-0000-000000000008",
	"31ea59be-0dd9-4c0c-9f21-da877a2ae516");
INSERT INTO V_IRF
	VALUES ("bed9dc5a-20a3-4c96-aeed-2ee924c3bbf7",
	"fb416ef5-0cf5-474c-8b44-a39ffed8751c");
INSERT INTO V_VAL
	VALUES ("94ea791f-8816-4050-ae06-030622040620",
	0,
	0,
	5,
	59,
	76,
	0,
	0,
	0,
	0,
	"ba5eda7a-def5-0000-0000-000000000003",
	"31ea59be-0dd9-4c0c-9f21-da877a2ae516");
INSERT INTO V_AVL
	VALUES ("94ea791f-8816-4050-ae06-030622040620",
	"bed9dc5a-20a3-4c96-aeed-2ee924c3bbf7",
	"dc72a5cd-76c4-4484-9580-3297ced17627",
	"3be6fb1f-e874-474c-b7f9-14d49977b68f");
INSERT INTO V_VAL
	VALUES ("b221e689-f21e-415a-bf38-6a53b14cf1db",
	0,
	0,
	5,
	59,
	80,
	0,
	0,
	0,
	0,
	"ba5eda7a-def5-0000-0000-000000000003",
	"31ea59be-0dd9-4c0c-9f21-da877a2ae516");
INSERT INTO V_BIN
	VALUES ("b221e689-f21e-415a-bf38-6a53b14cf1db",
	"5e5539bf-2b3a-4a21-9858-354f26dbef17",
	"94ea791f-8816-4050-ae06-030622040620",
	'*');
INSERT INTO V_VAL
	VALUES ("5e5539bf-2b3a-4a21-9858-354f26dbef17",
	0,
	0,
	5,
	80,
	80,
	0,
	0,
	0,
	0,
	"ba5eda7a-def5-0000-0000-000000000002",
	"31ea59be-0dd9-4c0c-9f21-da877a2ae516");
INSERT INTO V_LIN
	VALUES ("5e5539bf-2b3a-4a21-9858-354f26dbef17",
	'2');
INSERT INTO V_VAL
	VALUES ("67efac4e-8aa5-471d-b79e-d9bc7f5c3570",
	1,
	0,
	6,
	3,
	6,
	0,
	0,
	0,
	0,
	"ba5eda7a-def5-0000-0000-000000000008",
	"31ea59be-0dd9-4c0c-9f21-da877a2ae516");
INSERT INTO V_IRF
	VALUES ("67efac4e-8aa5-471d-b79e-d9bc7f5c3570",
	"a2e1efa1-085e-4b1c-b53a-1b60e1248d6a");
INSERT INTO V_VAL
	VALUES ("fb5e3c63-b7e3-4064-a5d1-dd4fb96f122e",
	1,
	0,
	6,
	8,
	22,
	0,
	0,
	0,
	0,
	"ba5eda7a-def5-0000-0000-000000000003",
	"31ea59be-0dd9-4c0c-9f21-da877a2ae516");
INSERT INTO V_AVL
	VALUES ("fb5e3c63-b7e3-4064-a5d1-dd4fb96f122e",
	"67efac4e-8aa5-471d-b79e-d9bc7f5c3570",
	"0679851b-cc52-42de-bb1e-f7d26a404f38",
	"89922d9d-dc0d-48d2-9b3b-64ad81cbabc7");
INSERT INTO V_VAL
	VALUES ("ea59caf2-2835-427f-9641-393153a003dc",
	0,
	0,
	6,
	26,
	29,
	0,
	0,
	0,
	0,
	"ba5eda7a-def5-0000-0000-000000000008",
	"31ea59be-0dd9-4c0c-9f21-da877a2ae516");
INSERT INTO V_IRF
	VALUES ("ea59caf2-2835-427f-9641-393153a003dc",
	"a2e1efa1-085e-4b1c-b53a-1b60e1248d6a");
INSERT INTO V_VAL
	VALUES ("1ca59502-fb9f-4f0e-bed5-f01d6063c9d7",
	0,
	0,
	6,
	31,
	45,
	0,
	0,
	0,
	0,
	"ba5eda7a-def5-0000-0000-000000000003",
	"31ea59be-0dd9-4c0c-9f21-da877a2ae516");
INSERT INTO V_AVL
	VALUES ("1ca59502-fb9f-4f0e-bed5-f01d6063c9d7",
	"ea59caf2-2835-427f-9641-393153a003dc",
	"0679851b-cc52-42de-bb1e-f7d26a404f38",
	"89922d9d-dc0d-48d2-9b3b-64ad81cbabc7");
INSERT INTO V_VAL
	VALUES ("badc7cb1-f395-4286-ba1c-b5e1d2b4e5ca",
	0,
	0,
	6,
	31,
	72,
	0,
	0,
	0,
	0,
	"ba5eda7a-def5-0000-0000-000000000003",
	"31ea59be-0dd9-4c0c-9f21-da877a2ae516");
INSERT INTO V_BIN
	VALUES ("badc7cb1-f395-4286-ba1c-b5e1d2b4e5ca",
	"085ee9f6-e4ad-454e-a4bc-216edd3911c6",
	"1ca59502-fb9f-4f0e-bed5-f01d6063c9d7",
	'+');
INSERT INTO V_VAL
	VALUES ("eee38515-5a12-40ed-b6db-371e087fff79",
	0,
	0,
	6,
	49,
	54,
	0,
	0,
	0,
	0,
	"ba5eda7a-def5-0000-0000-000000000008",
	"31ea59be-0dd9-4c0c-9f21-da877a2ae516");
INSERT INTO V_IRF
	VALUES ("eee38515-5a12-40ed-b6db-371e087fff79",
	"fb416ef5-0cf5-474c-8b44-a39ffed8751c");
INSERT INTO V_VAL
	VALUES ("085ee9f6-e4ad-454e-a4bc-216edd3911c6",
	0,
	0,
	6,
	56,
	72,
	0,
	0,
	0,
	0,
	"ba5eda7a-def5-0000-0000-000000000003",
	"31ea59be-0dd9-4c0c-9f21-da877a2ae516");
INSERT INTO V_AVL
	VALUES ("085ee9f6-e4ad-454e-a4bc-216edd3911c6",
	"eee38515-5a12-40ed-b6db-371e087fff79",
	"dc72a5cd-76c4-4484-9580-3297ced17627",
	"496d5c73-30cb-4804-afe5-ef4f4b8243ae");
INSERT INTO ACT_BLK
	VALUES ("e53d678a-2bfe-4633-823f-354ee3ea9172",
	0,
	0,
	0,
	'',
	'',
	'',
	9,
	3,
	0,
	0,
	0,
	0,
	0,
	0,
	0,
	0,
	0,
	0,
	0,
	"3d9bfd3a-0505-4899-a647-ed4d5cd2c2a7",
	"00000000-0000-0000-0000-000000000000");
INSERT INTO ACT_SMT
	VALUES ("73fc1637-88b0-494d-babf-725c24ccaaf4",
	"e53d678a-2bfe-4633-823f-354ee3ea9172",
	"fbee7c76-c7f3-4cf6-a62e-faa930bfb1bf",
	8,
	3,
	'GPS::locating line: 8');
INSERT INTO ACT_AI
	VALUES ("73fc1637-88b0-494d-babf-725c24ccaaf4",
	"a5d962b7-0b4b-4c67-bd60-b821f43f8b1f",
	"2dbe76a3-1e80-4491-ac4b-a136977b5c00",
	0,
	0);
INSERT INTO ACT_SMT
	VALUES ("fbee7c76-c7f3-4cf6-a62e-faa930bfb1bf",
	"e53d678a-2bfe-4633-823f-354ee3ea9172",
	"00000000-0000-0000-0000-000000000000",
	9,
	3,
	'GPS::locating line: 9');
INSERT INTO ACT_AI
	VALUES ("fbee7c76-c7f3-4cf6-a62e-faa930bfb1bf",
	"7be14433-01f3-47ee-8dd2-e42757a6a61e",
	"25e10ab9-7228-4195-8b78-8710aa347263",
	0,
	0);
INSERT INTO V_VAL
	VALUES ("5cde989c-4903-4619-8c61-788221da5534",
	1,
	0,
	8,
	3,
	6,
	0,
	0,
	0,
	0,
	"ba5eda7a-def5-0000-0000-000000000008",
	"e53d678a-2bfe-4633-823f-354ee3ea9172");
INSERT INTO V_IRF
	VALUES ("5cde989c-4903-4619-8c61-788221da5534",
	"a2e1efa1-085e-4b1c-b53a-1b60e1248d6a");
INSERT INTO V_VAL
	VALUES ("2dbe76a3-1e80-4491-ac4b-a136977b5c00",
	1,
	0,
	8,
	8,
	23,
	0,
	0,
	0,
	0,
	"ba5eda7a-def5-0000-0000-000000000003",
	"e53d678a-2bfe-4633-823f-354ee3ea9172");
INSERT INTO V_AVL
	VALUES ("2dbe76a3-1e80-4491-ac4b-a136977b5c00",
	"5cde989c-4903-4619-8c61-788221da5534",
	"0679851b-cc52-42de-bb1e-f7d26a404f38",
	"4fea4076-4eb4-4c99-a3b4-d5382483335d");
INSERT INTO V_VAL
	VALUES ("7ed671be-dee5-4400-8fcd-2ab28c39ffb3",
	0,
	0,
	8,
	27,
	30,
	0,
	0,
	0,
	0,
	"ba5eda7a-def5-0000-0000-000000000008",
	"e53d678a-2bfe-4633-823f-354ee3ea9172");
INSERT INTO V_IRF
	VALUES ("7ed671be-dee5-4400-8fcd-2ab28c39ffb3",
	"a2e1efa1-085e-4b1c-b53a-1b60e1248d6a");
INSERT INTO V_VAL
	VALUES ("7a920dd8-ca40-4895-a1ad-a564966a63ac",
	0,
	0,
	8,
	32,
	47,
	0,
	0,
	0,
	0,
	"ba5eda7a-def5-0000-0000-000000000003",
	"e53d678a-2bfe-4633-823f-354ee3ea9172");
INSERT INTO V_AVL
	VALUES ("7a920dd8-ca40-4895-a1ad-a564966a63ac",
	"7ed671be-dee5-4400-8fcd-2ab28c39ffb3",
	"0679851b-cc52-42de-bb1e-f7d26a404f38",
	"4fea4076-4eb4-4c99-a3b4-d5382483335d");
INSERT INTO V_VAL
	VALUES ("a5d962b7-0b4b-4c67-bd60-b821f43f8b1f",
	0,
	0,
	8,
	32,
	75,
	0,
	0,
	0,
	0,
	"ba5eda7a-def5-0000-0000-000000000003",
	"e53d678a-2bfe-4633-823f-354ee3ea9172");
INSERT INTO V_BIN
	VALUES ("a5d962b7-0b4b-4c67-bd60-b821f43f8b1f",
	"98b261ae-bdb6-4347-94f7-b31ceb25ed75",
	"7a920dd8-ca40-4895-a1ad-a564966a63ac",
	'+');
INSERT INTO V_VAL
	VALUES ("f5d44fb7-68da-4871-bcc9-46ca69fb8c01",
	0,
	0,
	8,
	51,
	56,
	0,
	0,
	0,
	0,
	"ba5eda7a-def5-0000-0000-000000000008",
	"e53d678a-2bfe-4633-823f-354ee3ea9172");
INSERT INTO V_IRF
	VALUES ("f5d44fb7-68da-4871-bcc9-46ca69fb8c01",
	"fb416ef5-0cf5-474c-8b44-a39ffed8751c");
INSERT INTO V_VAL
	VALUES ("98b261ae-bdb6-4347-94f7-b31ceb25ed75",
	0,
	0,
	8,
	58,
	75,
	0,
	0,
	0,
	0,
	"ba5eda7a-def5-0000-0000-000000000003",
	"e53d678a-2bfe-4633-823f-354ee3ea9172");
INSERT INTO V_AVL
	VALUES ("98b261ae-bdb6-4347-94f7-b31ceb25ed75",
	"f5d44fb7-68da-4871-bcc9-46ca69fb8c01",
	"dc72a5cd-76c4-4484-9580-3297ced17627",
	"3be6fb1f-e874-474c-b7f9-14d49977b68f");
INSERT INTO V_VAL
	VALUES ("88aea936-9ba2-4d16-90b0-91008b1be6c2",
	1,
	0,
	9,
	3,
	6,
	0,
	0,
	0,
	0,
	"ba5eda7a-def5-0000-0000-000000000008",
	"e53d678a-2bfe-4633-823f-354ee3ea9172");
INSERT INTO V_IRF
	VALUES ("88aea936-9ba2-4d16-90b0-91008b1be6c2",
	"a2e1efa1-085e-4b1c-b53a-1b60e1248d6a");
INSERT INTO V_VAL
	VALUES ("25e10ab9-7228-4195-8b78-8710aa347263",
	1,
	0,
	9,
	8,
	22,
	0,
	0,
	0,
	0,
	"ba5eda7a-def5-0000-0000-000000000003",
	"e53d678a-2bfe-4633-823f-354ee3ea9172");
INSERT INTO V_AVL
	VALUES ("25e10ab9-7228-4195-8b78-8710aa347263",
	"88aea936-9ba2-4d16-90b0-91008b1be6c2",
	"0679851b-cc52-42de-bb1e-f7d26a404f38",
	"89922d9d-dc0d-48d2-9b3b-64ad81cbabc7");
INSERT INTO V_VAL
	VALUES ("bb8e0878-b044-43c3-a2cc-1959b04f20d3",
	0,
	0,
	9,
	26,
	29,
	0,
	0,
	0,
	0,
	"ba5eda7a-def5-0000-0000-000000000008",
	"e53d678a-2bfe-4633-823f-354ee3ea9172");
INSERT INTO V_IRF
	VALUES ("bb8e0878-b044-43c3-a2cc-1959b04f20d3",
	"a2e1efa1-085e-4b1c-b53a-1b60e1248d6a");
INSERT INTO V_VAL
	VALUES ("eed19ee7-d392-4e03-adcd-86c2675a17f4",
	0,
	0,
	9,
	31,
	45,
	0,
	0,
	0,
	0,
	"ba5eda7a-def5-0000-0000-000000000003",
	"e53d678a-2bfe-4633-823f-354ee3ea9172");
INSERT INTO V_AVL
	VALUES ("eed19ee7-d392-4e03-adcd-86c2675a17f4",
	"bb8e0878-b044-43c3-a2cc-1959b04f20d3",
	"0679851b-cc52-42de-bb1e-f7d26a404f38",
	"89922d9d-dc0d-48d2-9b3b-64ad81cbabc7");
INSERT INTO V_VAL
	VALUES ("7be14433-01f3-47ee-8dd2-e42757a6a61e",
	0,
	0,
	9,
	31,
	77,
	0,
	0,
	0,
	0,
	"ba5eda7a-def5-0000-0000-000000000003",
	"e53d678a-2bfe-4633-823f-354ee3ea9172");
INSERT INTO V_BIN
	VALUES ("7be14433-01f3-47ee-8dd2-e42757a6a61e",
	"680bdf77-9085-4225-991d-1c904c1a9bfd",
	"eed19ee7-d392-4e03-adcd-86c2675a17f4",
	'+');
INSERT INTO V_VAL
	VALUES ("a62c9467-55ee-48e2-b2a4-9b77c972618a",
	0,
	0,
	9,
	50,
	55,
	0,
	0,
	0,
	0,
	"ba5eda7a-def5-0000-0000-000000000008",
	"e53d678a-2bfe-4633-823f-354ee3ea9172");
INSERT INTO V_IRF
	VALUES ("a62c9467-55ee-48e2-b2a4-9b77c972618a",
	"fb416ef5-0cf5-474c-8b44-a39ffed8751c");
INSERT INTO V_VAL
	VALUES ("b6e0d13c-5d0a-47ec-a85a-c3931bd6b465",
	0,
	0,
	9,
	57,
	73,
	0,
	0,
	0,
	0,
	"ba5eda7a-def5-0000-0000-000000000003",
	"e53d678a-2bfe-4633-823f-354ee3ea9172");
INSERT INTO V_AVL
	VALUES ("b6e0d13c-5d0a-47ec-a85a-c3931bd6b465",
	"a62c9467-55ee-48e2-b2a4-9b77c972618a",
	"dc72a5cd-76c4-4484-9580-3297ced17627",
	"496d5c73-30cb-4804-afe5-ef4f4b8243ae");
INSERT INTO V_VAL
	VALUES ("680bdf77-9085-4225-991d-1c904c1a9bfd",
	0,
	0,
	9,
	57,
	77,
	0,
	0,
	0,
	0,
	"ba5eda7a-def5-0000-0000-000000000003",
	"e53d678a-2bfe-4633-823f-354ee3ea9172");
INSERT INTO V_BIN
	VALUES ("680bdf77-9085-4225-991d-1c904c1a9bfd",
	"34f5ad40-e053-4012-9deb-54840e79868c",
	"b6e0d13c-5d0a-47ec-a85a-c3931bd6b465",
	'*');
INSERT INTO V_VAL
	VALUES ("34f5ad40-e053-4012-9deb-54840e79868c",
	0,
	0,
	9,
	77,
	77,
	0,
	0,
	0,
	0,
	"ba5eda7a-def5-0000-0000-000000000002",
	"e53d678a-2bfe-4633-823f-354ee3ea9172");
INSERT INTO V_LIN
	VALUES ("34f5ad40-e053-4012-9deb-54840e79868c",
	'3');
INSERT INTO ACT_BLK
	VALUES ("77b0b325-a174-403c-b31f-2384e7dadc4b",
	0,
	0,
	0,
	'',
	'',
	'',
	12,
	3,
	0,
	0,
	0,
	0,
	0,
	0,
	0,
	0,
	0,
	0,
	0,
	"3d9bfd3a-0505-4899-a647-ed4d5cd2c2a7",
	"00000000-0000-0000-0000-000000000000");
INSERT INTO ACT_SMT
	VALUES ("9882f3c6-d36f-472c-baad-6fde34daafec",
	"77b0b325-a174-403c-b31f-2384e7dadc4b",
	"25e8535f-ee4c-4158-a325-8e2fc8447495",
	11,
	3,
	'GPS::locating line: 11');
INSERT INTO ACT_AI
	VALUES ("9882f3c6-d36f-472c-baad-6fde34daafec",
	"8bcc5d80-3415-416a-959d-8e89d0232ae5",
	"21b7aac5-f8bf-4ae8-993e-07d0b0ce6bf8",
	0,
	0);
INSERT INTO ACT_SMT
	VALUES ("25e8535f-ee4c-4158-a325-8e2fc8447495",
	"77b0b325-a174-403c-b31f-2384e7dadc4b",
	"00000000-0000-0000-0000-000000000000",
	12,
	3,
	'GPS::locating line: 12');
INSERT INTO ACT_AI
	VALUES ("25e8535f-ee4c-4158-a325-8e2fc8447495",
	"786f4343-4752-4b76-9414-90df8c69f36a",
	"500fc600-a847-4217-8a6f-d57896d72d8a",
	0,
	0);
INSERT INTO V_VAL
	VALUES ("3e3170ca-29e4-4a6e-86f8-3db38af0403a",
	1,
	0,
	11,
	3,
	6,
	0,
	0,
	0,
	0,
	"ba5eda7a-def5-0000-0000-000000000008",
	"77b0b325-a174-403c-b31f-2384e7dadc4b");
INSERT INTO V_IRF
	VALUES ("3e3170ca-29e4-4a6e-86f8-3db38af0403a",
	"a2e1efa1-085e-4b1c-b53a-1b60e1248d6a");
INSERT INTO V_VAL
	VALUES ("21b7aac5-f8bf-4ae8-993e-07d0b0ce6bf8",
	1,
	0,
	11,
	8,
	23,
	0,
	0,
	0,
	0,
	"ba5eda7a-def5-0000-0000-000000000003",
	"77b0b325-a174-403c-b31f-2384e7dadc4b");
INSERT INTO V_AVL
	VALUES ("21b7aac5-f8bf-4ae8-993e-07d0b0ce6bf8",
	"3e3170ca-29e4-4a6e-86f8-3db38af0403a",
	"0679851b-cc52-42de-bb1e-f7d26a404f38",
	"4fea4076-4eb4-4c99-a3b4-d5382483335d");
INSERT INTO V_VAL
	VALUES ("f1597689-4ef8-4e44-9c57-7b717f4d2a37",
	0,
	0,
	11,
	27,
	30,
	0,
	0,
	0,
	0,
	"ba5eda7a-def5-0000-0000-000000000008",
	"77b0b325-a174-403c-b31f-2384e7dadc4b");
INSERT INTO V_IRF
	VALUES ("f1597689-4ef8-4e44-9c57-7b717f4d2a37",
	"a2e1efa1-085e-4b1c-b53a-1b60e1248d6a");
INSERT INTO V_VAL
	VALUES ("35a043d7-9823-4bd6-885f-9eb7d6c4a7f5",
	0,
	0,
	11,
	32,
	47,
	0,
	0,
	0,
	0,
	"ba5eda7a-def5-0000-0000-000000000003",
	"77b0b325-a174-403c-b31f-2384e7dadc4b");
INSERT INTO V_AVL
	VALUES ("35a043d7-9823-4bd6-885f-9eb7d6c4a7f5",
	"f1597689-4ef8-4e44-9c57-7b717f4d2a37",
	"0679851b-cc52-42de-bb1e-f7d26a404f38",
	"4fea4076-4eb4-4c99-a3b4-d5382483335d");
INSERT INTO V_VAL
	VALUES ("8bcc5d80-3415-416a-959d-8e89d0232ae5",
	0,
	0,
	11,
	32,
	75,
	0,
	0,
	0,
	0,
	"ba5eda7a-def5-0000-0000-000000000003",
	"77b0b325-a174-403c-b31f-2384e7dadc4b");
INSERT INTO V_BIN
	VALUES ("8bcc5d80-3415-416a-959d-8e89d0232ae5",
	"21456335-72d1-4d9b-a27e-329dd66f7b5d",
	"35a043d7-9823-4bd6-885f-9eb7d6c4a7f5",
	'+');
INSERT INTO V_VAL
	VALUES ("9986bc0c-cf1a-44ac-bc04-f39b6857334d",
	0,
	0,
	11,
	51,
	56,
	0,
	0,
	0,
	0,
	"ba5eda7a-def5-0000-0000-000000000008",
	"77b0b325-a174-403c-b31f-2384e7dadc4b");
INSERT INTO V_IRF
	VALUES ("9986bc0c-cf1a-44ac-bc04-f39b6857334d",
	"fb416ef5-0cf5-474c-8b44-a39ffed8751c");
INSERT INTO V_VAL
	VALUES ("21456335-72d1-4d9b-a27e-329dd66f7b5d",
	0,
	0,
	11,
	58,
	75,
	0,
	0,
	0,
	0,
	"ba5eda7a-def5-0000-0000-000000000003",
	"77b0b325-a174-403c-b31f-2384e7dadc4b");
INSERT INTO V_AVL
	VALUES ("21456335-72d1-4d9b-a27e-329dd66f7b5d",
	"9986bc0c-cf1a-44ac-bc04-f39b6857334d",
	"dc72a5cd-76c4-4484-9580-3297ced17627",
	"3be6fb1f-e874-474c-b7f9-14d49977b68f");
INSERT INTO V_VAL
	VALUES ("8f7f4fcc-af36-4768-8636-b4a106df651d",
	1,
	0,
	12,
	3,
	6,
	0,
	0,
	0,
	0,
	"ba5eda7a-def5-0000-0000-000000000008",
	"77b0b325-a174-403c-b31f-2384e7dadc4b");
INSERT INTO V_IRF
	VALUES ("8f7f4fcc-af36-4768-8636-b4a106df651d",
	"a2e1efa1-085e-4b1c-b53a-1b60e1248d6a");
INSERT INTO V_VAL
	VALUES ("500fc600-a847-4217-8a6f-d57896d72d8a",
	1,
	0,
	12,
	8,
	22,
	0,
	0,
	0,
	0,
	"ba5eda7a-def5-0000-0000-000000000003",
	"77b0b325-a174-403c-b31f-2384e7dadc4b");
INSERT INTO V_AVL
	VALUES ("500fc600-a847-4217-8a6f-d57896d72d8a",
	"8f7f4fcc-af36-4768-8636-b4a106df651d",
	"0679851b-cc52-42de-bb1e-f7d26a404f38",
	"89922d9d-dc0d-48d2-9b3b-64ad81cbabc7");
INSERT INTO V_VAL
	VALUES ("eca61d16-7f11-4c12-b137-23391aa1f3c7",
	0,
	0,
	12,
	26,
	29,
	0,
	0,
	0,
	0,
	"ba5eda7a-def5-0000-0000-000000000008",
	"77b0b325-a174-403c-b31f-2384e7dadc4b");
INSERT INTO V_IRF
	VALUES ("eca61d16-7f11-4c12-b137-23391aa1f3c7",
	"a2e1efa1-085e-4b1c-b53a-1b60e1248d6a");
INSERT INTO V_VAL
	VALUES ("52797322-cbec-48fe-a33f-ce5be2c619f9",
	0,
	0,
	12,
	31,
	45,
	0,
	0,
	0,
	0,
	"ba5eda7a-def5-0000-0000-000000000003",
	"77b0b325-a174-403c-b31f-2384e7dadc4b");
INSERT INTO V_AVL
	VALUES ("52797322-cbec-48fe-a33f-ce5be2c619f9",
	"eca61d16-7f11-4c12-b137-23391aa1f3c7",
	"0679851b-cc52-42de-bb1e-f7d26a404f38",
	"89922d9d-dc0d-48d2-9b3b-64ad81cbabc7");
INSERT INTO V_VAL
	VALUES ("786f4343-4752-4b76-9414-90df8c69f36a",
	0,
	0,
	12,
	31,
	72,
	0,
	0,
	0,
	0,
	"ba5eda7a-def5-0000-0000-000000000003",
	"77b0b325-a174-403c-b31f-2384e7dadc4b");
INSERT INTO V_BIN
	VALUES ("786f4343-4752-4b76-9414-90df8c69f36a",
	"fa9e6df9-d9db-4b3c-afe2-9a20886286cc",
	"52797322-cbec-48fe-a33f-ce5be2c619f9",
	'+');
INSERT INTO V_VAL
	VALUES ("0bbebefa-650a-4074-af97-296562abfd7e",
	0,
	0,
	12,
	49,
	54,
	0,
	0,
	0,
	0,
	"ba5eda7a-def5-0000-0000-000000000008",
	"77b0b325-a174-403c-b31f-2384e7dadc4b");
INSERT INTO V_IRF
	VALUES ("0bbebefa-650a-4074-af97-296562abfd7e",
	"fb416ef5-0cf5-474c-8b44-a39ffed8751c");
INSERT INTO V_VAL
	VALUES ("fa9e6df9-d9db-4b3c-afe2-9a20886286cc",
	0,
	0,
	12,
	56,
	72,
	0,
	0,
	0,
	0,
	"ba5eda7a-def5-0000-0000-000000000003",
	"77b0b325-a174-403c-b31f-2384e7dadc4b");
INSERT INTO V_AVL
	VALUES ("fa9e6df9-d9db-4b3c-afe2-9a20886286cc",
	"0bbebefa-650a-4074-af97-296562abfd7e",
	"dc72a5cd-76c4-4484-9580-3297ced17627",
	"496d5c73-30cb-4804-afe5-ef4f4b8243ae");
INSERT INTO SM_STATE
	VALUES ("49921006-6a00-426f-94b1-340f61825093",
	"77ed88df-af92-4f7f-8b31-8a8618436d91",
	"00000000-0000-0000-0000-000000000000",
	'registeringListener',
	3,
	0);
INSERT INTO SM_CH
	VALUES ("49921006-6a00-426f-94b1-340f61825093",
	"5d79c118-1cc6-419d-85de-e3a403247a4c",
	"77ed88df-af92-4f7f-8b31-8a8618436d91",
	"00000000-0000-0000-0000-000000000000",
	'');
INSERT INTO SM_SEME
	VALUES ("49921006-6a00-426f-94b1-340f61825093",
	"5d79c118-1cc6-419d-85de-e3a403247a4c",
	"77ed88df-af92-4f7f-8b31-8a8618436d91",
	"00000000-0000-0000-0000-000000000000");
INSERT INTO SM_SEME
	VALUES ("49921006-6a00-426f-94b1-340f61825093",
	"a65d472b-c83d-465b-b2f0-c9606a1efe2c",
	"77ed88df-af92-4f7f-8b31-8a8618436d91",
	"00000000-0000-0000-0000-000000000000");
INSERT INTO SM_CH
	VALUES ("49921006-6a00-426f-94b1-340f61825093",
	"87b84158-50d1-423e-a589-f50f676a245d",
	"77ed88df-af92-4f7f-8b31-8a8618436d91",
	"00000000-0000-0000-0000-000000000000",
	'');
INSERT INTO SM_SEME
	VALUES ("49921006-6a00-426f-94b1-340f61825093",
	"87b84158-50d1-423e-a589-f50f676a245d",
	"77ed88df-af92-4f7f-8b31-8a8618436d91",
	"00000000-0000-0000-0000-000000000000");
INSERT INTO SM_CH
	VALUES ("49921006-6a00-426f-94b1-340f61825093",
	"c909000f-97f9-42b2-8dda-fe17cacbf128",
	"77ed88df-af92-4f7f-8b31-8a8618436d91",
	"00000000-0000-0000-0000-000000000000",
	'');
INSERT INTO SM_SEME
	VALUES ("49921006-6a00-426f-94b1-340f61825093",
	"c909000f-97f9-42b2-8dda-fe17cacbf128",
	"77ed88df-af92-4f7f-8b31-8a8618436d91",
	"00000000-0000-0000-0000-000000000000");
INSERT INTO SM_CH
	VALUES ("49921006-6a00-426f-94b1-340f61825093",
	"469070b5-717a-419e-aa85-ed6078d3a0b0",
	"77ed88df-af92-4f7f-8b31-8a8618436d91",
	"00000000-0000-0000-0000-000000000000",
	'');
INSERT INTO SM_SEME
	VALUES ("49921006-6a00-426f-94b1-340f61825093",
	"469070b5-717a-419e-aa85-ed6078d3a0b0",
	"77ed88df-af92-4f7f-8b31-8a8618436d91",
	"00000000-0000-0000-0000-000000000000");
INSERT INTO SM_MOAH
	VALUES ("e2f77137-48b0-4e0a-a3a9-8c11748430cb",
	"77ed88df-af92-4f7f-8b31-8a8618436d91",
	"49921006-6a00-426f-94b1-340f61825093");
INSERT INTO SM_AH
	VALUES ("e2f77137-48b0-4e0a-a3a9-8c11748430cb",
	"77ed88df-af92-4f7f-8b31-8a8618436d91");
INSERT INTO SM_ACT
	VALUES ("e2f77137-48b0-4e0a-a3a9-8c11748430cb",
	"77ed88df-af92-4f7f-8b31-8a8618436d91",
	1,
	'// Activate the simulated GPS (this creates the GPS instance, if needed).
// Establish recurring timer for periodic position updates.
simulatedGPS::initialize();
select any simgps from instances of simulatedGPS;
create event instance tick of GPS1:tick() to self;
self.timer = TIM::timer_start_recurring( event_inst: tick, microseconds: simgps.updatePeriod );
LOG::LogInfo(message: "Location listener registered.");  

generate GPS4:registeringComplete() to self;',
	'',
	0);
INSERT INTO ACT_SAB
	VALUES ("cae3ef7d-4c23-4cc8-92f0-8523860d720a",
	"77ed88df-af92-4f7f-8b31-8a8618436d91",
	"e2f77137-48b0-4e0a-a3a9-8c11748430cb");
INSERT INTO ACT_ACT
	VALUES ("cae3ef7d-4c23-4cc8-92f0-8523860d720a",
	'state',
	0,
	"ed4324fd-3756-4ed3-a2e4-311c28eefb57",
	"00000000-0000-0000-0000-000000000000",
	0,
	'GPS::registeringListener',
	"00000000-0000-0000-0000-000000000000");
INSERT INTO ACT_BLK
	VALUES ("ed4324fd-3756-4ed3-a2e4-311c28eefb57",
	1,
	0,
	0,
	'V_VAR.Var_ID',
	'',
	'',
	9,
	1,
	7,
	1,
	0,
	0,
	0,
	0,
	0,
	0,
	0,
	0,
	0,
	"cae3ef7d-4c23-4cc8-92f0-8523860d720a",
	"00000000-0000-0000-0000-000000000000");
INSERT INTO ACT_SMT
	VALUES ("bb8bdd2a-f56d-4a73-a08c-6f79ea2ba130",
	"ed4324fd-3756-4ed3-a2e4-311c28eefb57",
	"64044bff-cdda-4be8-98e1-12181e02c854",
	3,
	1,
	'GPS::registeringListener line: 3');
INSERT INTO ACT_TFM
	VALUES ("bb8bdd2a-f56d-4a73-a08c-6f79ea2ba130",
	"80c32b62-021d-4e2b-9c7b-7aa9b86ac84c",
	"00000000-0000-0000-0000-000000000000",
	3,
	15,
	3,
	1);
INSERT INTO ACT_SMT
	VALUES ("64044bff-cdda-4be8-98e1-12181e02c854",
	"ed4324fd-3756-4ed3-a2e4-311c28eefb57",
	"114d1a6d-e3c1-4be5-b8a7-6fac3c6e5b83",
	4,
	1,
	'GPS::registeringListener line: 4');
INSERT INTO ACT_FIO
	VALUES ("64044bff-cdda-4be8-98e1-12181e02c854",
	"267c385c-4895-43cb-ad36-fdead5064c8c",
	1,
	'any',
	"dc72a5cd-76c4-4484-9580-3297ced17627",
	4,
	37);
INSERT INTO ACT_SMT
	VALUES ("114d1a6d-e3c1-4be5-b8a7-6fac3c6e5b83",
	"ed4324fd-3756-4ed3-a2e4-311c28eefb57",
	"5a19b80b-cb18-4d6f-b251-9c603da320fb",
	5,
	1,
	'GPS::registeringListener line: 5');
INSERT INTO E_ESS
	VALUES ("114d1a6d-e3c1-4be5-b8a7-6fac3c6e5b83",
	1,
	0,
	5,
	31,
	5,
	36,
	4,
	37,
	0,
	0,
	0,
	0);
INSERT INTO E_CES
	VALUES ("114d1a6d-e3c1-4be5-b8a7-6fac3c6e5b83",
	1,
	"07ef0568-2ce7-4b41-929b-1fdb2aec2d47");
INSERT INTO E_CSME
	VALUES ("114d1a6d-e3c1-4be5-b8a7-6fac3c6e5b83",
	"5d79c118-1cc6-419d-85de-e3a403247a4c");
INSERT INTO E_CEI
	VALUES ("114d1a6d-e3c1-4be5-b8a7-6fac3c6e5b83",
	"101fbb27-1adb-49dd-9a98-dca78a1ba097");
INSERT INTO ACT_SMT
	VALUES ("5a19b80b-cb18-4d6f-b251-9c603da320fb",
	"ed4324fd-3756-4ed3-a2e4-311c28eefb57",
	"ebb68b79-ba3b-4eff-8869-7c9e257c037d",
	6,
	1,
	'GPS::registeringListener line: 6');
INSERT INTO ACT_AI
	VALUES ("5a19b80b-cb18-4d6f-b251-9c603da320fb",
	"6af86d65-56ee-4183-ae0e-de26beff633e",
	"ab49c027-f4b8-4e92-baef-d147fabe1fdd",
	0,
	0);
INSERT INTO ACT_SMT
	VALUES ("ebb68b79-ba3b-4eff-8869-7c9e257c037d",
	"ed4324fd-3756-4ed3-a2e4-311c28eefb57",
	"2c03894b-e799-4c26-a466-87daf5b236a8",
	7,
	1,
	'GPS::registeringListener line: 7');
INSERT INTO ACT_BRG
	VALUES ("ebb68b79-ba3b-4eff-8869-7c9e257c037d",
	"af615ef3-56dd-40b1-be6b-27e07023a829",
	7,
	6,
	7,
	1);
INSERT INTO ACT_SMT
	VALUES ("2c03894b-e799-4c26-a466-87daf5b236a8",
	"ed4324fd-3756-4ed3-a2e4-311c28eefb57",
	"00000000-0000-0000-0000-000000000000",
	9,
	1,
	'GPS::registeringListener line: 9');
INSERT INTO E_ESS
	VALUES ("2c03894b-e799-4c26-a466-87daf5b236a8",
	1,
	0,
	9,
	10,
	9,
	15,
	7,
	1,
	0,
	0,
	0,
	0);
INSERT INTO E_GES
	VALUES ("2c03894b-e799-4c26-a466-87daf5b236a8");
INSERT INTO E_GSME
	VALUES ("2c03894b-e799-4c26-a466-87daf5b236a8",
	"a65d472b-c83d-465b-b2f0-c9606a1efe2c");
INSERT INTO E_GEN
	VALUES ("2c03894b-e799-4c26-a466-87daf5b236a8",
	"101fbb27-1adb-49dd-9a98-dca78a1ba097");
INSERT INTO V_VAL
	VALUES ("9a325992-f492-4065-9170-2732c3505e7a",
	1,
	0,
	6,
	1,
	4,
	0,
	0,
	0,
	0,
	"ba5eda7a-def5-0000-0000-000000000008",
	"ed4324fd-3756-4ed3-a2e4-311c28eefb57");
INSERT INTO V_IRF
	VALUES ("9a325992-f492-4065-9170-2732c3505e7a",
	"101fbb27-1adb-49dd-9a98-dca78a1ba097");
INSERT INTO V_VAL
	VALUES ("ab49c027-f4b8-4e92-baef-d147fabe1fdd",
	1,
	0,
	6,
	6,
	10,
	0,
	0,
	0,
	0,
	"ba5eda7a-def5-0000-0000-00000000000f",
	"ed4324fd-3756-4ed3-a2e4-311c28eefb57");
INSERT INTO V_AVL
	VALUES ("ab49c027-f4b8-4e92-baef-d147fabe1fdd",
	"9a325992-f492-4065-9170-2732c3505e7a",
	"0679851b-cc52-42de-bb1e-f7d26a404f38",
	"a7624bef-089d-40e2-9e32-c7762a24111c");
INSERT INTO V_VAL
	VALUES ("6af86d65-56ee-4183-ae0e-de26beff633e",
	0,
	0,
	6,
	19,
	-1,
	6,
	42,
	6,
	60,
	"ba5eda7a-def5-0000-0000-00000000000f",
	"ed4324fd-3756-4ed3-a2e4-311c28eefb57");
INSERT INTO V_BRV
	VALUES ("6af86d65-56ee-4183-ae0e-de26beff633e",
	"16322409-ab18-4a8a-8189-42924b6ad4c7",
	1,
	6,
	14);
INSERT INTO V_VAL
	VALUES ("bdb128fe-07d2-4099-afad-be33b4456e76",
	0,
	0,
	6,
	54,
	57,
	0,
	0,
	0,
	0,
	"ba5eda7a-def5-0000-0000-00000000000a",
	"ed4324fd-3756-4ed3-a2e4-311c28eefb57");
INSERT INTO V_TVL
	VALUES ("bdb128fe-07d2-4099-afad-be33b4456e76",
	"07ef0568-2ce7-4b41-929b-1fdb2aec2d47");
INSERT INTO V_PAR
	VALUES ("bdb128fe-07d2-4099-afad-be33b4456e76",
	"00000000-0000-0000-0000-000000000000",
	"6af86d65-56ee-4183-ae0e-de26beff633e",
	'event_inst',
	"86696a34-6ffd-4f88-9699-2d6201940be5",
	6,
	42);
INSERT INTO V_VAL
	VALUES ("f822cb88-8654-407d-8249-16bf345dc8fc",
	0,
	0,
	6,
	74,
	79,
	0,
	0,
	0,
	0,
	"ba5eda7a-def5-0000-0000-000000000008",
	"ed4324fd-3756-4ed3-a2e4-311c28eefb57");
INSERT INTO V_IRF
	VALUES ("f822cb88-8654-407d-8249-16bf345dc8fc",
	"267c385c-4895-43cb-ad36-fdead5064c8c");
INSERT INTO V_VAL
	VALUES ("86696a34-6ffd-4f88-9699-2d6201940be5",
	0,
	0,
	6,
	81,
	92,
	0,
	0,
	0,
	0,
	"ba5eda7a-def5-0000-0000-000000000002",
	"ed4324fd-3756-4ed3-a2e4-311c28eefb57");
INSERT INTO V_AVL
	VALUES ("86696a34-6ffd-4f88-9699-2d6201940be5",
	"f822cb88-8654-407d-8249-16bf345dc8fc",
	"dc72a5cd-76c4-4484-9580-3297ced17627",
	"870d1ba3-71e2-4c81-b732-fa77e94af222");
INSERT INTO V_PAR
	VALUES ("86696a34-6ffd-4f88-9699-2d6201940be5",
	"00000000-0000-0000-0000-000000000000",
	"6af86d65-56ee-4183-ae0e-de26beff633e",
	'microseconds',
	"00000000-0000-0000-0000-000000000000",
	6,
	60);
INSERT INTO V_VAL
	VALUES ("2b820162-61b9-4b61-bb90-e2a99f7cc4d5",
	0,
	0,
	7,
	23,
	52,
	0,
	0,
	0,
	0,
	"ba5eda7a-def5-0000-0000-000000000004",
	"ed4324fd-3756-4ed3-a2e4-311c28eefb57");
INSERT INTO V_LST
	VALUES ("2b820162-61b9-4b61-bb90-e2a99f7cc4d5",
	'Location listener registered.');
INSERT INTO V_PAR
	VALUES ("2b820162-61b9-4b61-bb90-e2a99f7cc4d5",
	"ebb68b79-ba3b-4eff-8869-7c9e257c037d",
	"00000000-0000-0000-0000-000000000000",
	'message',
	"00000000-0000-0000-0000-000000000000",
	7,
	14);
INSERT INTO V_VAR
	VALUES ("267c385c-4895-43cb-ad36-fdead5064c8c",
	"ed4324fd-3756-4ed3-a2e4-311c28eefb57",
	'simgps',
	1,
	"ba5eda7a-def5-0000-0000-000000000008");
INSERT INTO V_INT
	VALUES ("267c385c-4895-43cb-ad36-fdead5064c8c",
	0,
	"dc72a5cd-76c4-4484-9580-3297ced17627");
INSERT INTO V_VAR
	VALUES ("07ef0568-2ce7-4b41-929b-1fdb2aec2d47",
	"ed4324fd-3756-4ed3-a2e4-311c28eefb57",
	'tick',
	1,
	"ba5eda7a-def5-0000-0000-00000000000a");
INSERT INTO V_TRN
	VALUES ("07ef0568-2ce7-4b41-929b-1fdb2aec2d47",
	"00000000-0000-0000-0000-000000000000",
	'');
INSERT INTO V_VAR
	VALUES ("101fbb27-1adb-49dd-9a98-dca78a1ba097",
	"ed4324fd-3756-4ed3-a2e4-311c28eefb57",
	'self',
	1,
	"ba5eda7a-def5-0000-0000-000000000008");
INSERT INTO V_INT
	VALUES ("101fbb27-1adb-49dd-9a98-dca78a1ba097",
	0,
	"0679851b-cc52-42de-bb1e-f7d26a404f38");
INSERT INTO SM_STATE
	VALUES ("b1dbfb88-d4f2-4940-8143-93f8b9527fd6",
	"77ed88df-af92-4f7f-8b31-8a8618436d91",
	"00000000-0000-0000-0000-000000000000",
	'unregistering',
	5,
	0);
INSERT INTO SM_CH
	VALUES ("b1dbfb88-d4f2-4940-8143-93f8b9527fd6",
	"5d79c118-1cc6-419d-85de-e3a403247a4c",
	"77ed88df-af92-4f7f-8b31-8a8618436d91",
	"00000000-0000-0000-0000-000000000000",
	'');
INSERT INTO SM_SEME
	VALUES ("b1dbfb88-d4f2-4940-8143-93f8b9527fd6",
	"5d79c118-1cc6-419d-85de-e3a403247a4c",
	"77ed88df-af92-4f7f-8b31-8a8618436d91",
	"00000000-0000-0000-0000-000000000000");
INSERT INTO SM_CH
	VALUES ("b1dbfb88-d4f2-4940-8143-93f8b9527fd6",
	"a65d472b-c83d-465b-b2f0-c9606a1efe2c",
	"77ed88df-af92-4f7f-8b31-8a8618436d91",
	"00000000-0000-0000-0000-000000000000",
	'');
INSERT INTO SM_SEME
	VALUES ("b1dbfb88-d4f2-4940-8143-93f8b9527fd6",
	"a65d472b-c83d-465b-b2f0-c9606a1efe2c",
	"77ed88df-af92-4f7f-8b31-8a8618436d91",
	"00000000-0000-0000-0000-000000000000");
INSERT INTO SM_CH
	VALUES ("b1dbfb88-d4f2-4940-8143-93f8b9527fd6",
	"87b84158-50d1-423e-a589-f50f676a245d",
	"77ed88df-af92-4f7f-8b31-8a8618436d91",
	"00000000-0000-0000-0000-000000000000",
	'');
INSERT INTO SM_SEME
	VALUES ("b1dbfb88-d4f2-4940-8143-93f8b9527fd6",
	"87b84158-50d1-423e-a589-f50f676a245d",
	"77ed88df-af92-4f7f-8b31-8a8618436d91",
	"00000000-0000-0000-0000-000000000000");
INSERT INTO SM_CH
	VALUES ("b1dbfb88-d4f2-4940-8143-93f8b9527fd6",
	"c909000f-97f9-42b2-8dda-fe17cacbf128",
	"77ed88df-af92-4f7f-8b31-8a8618436d91",
	"00000000-0000-0000-0000-000000000000",
	'');
INSERT INTO SM_SEME
	VALUES ("b1dbfb88-d4f2-4940-8143-93f8b9527fd6",
	"c909000f-97f9-42b2-8dda-fe17cacbf128",
	"77ed88df-af92-4f7f-8b31-8a8618436d91",
	"00000000-0000-0000-0000-000000000000");
INSERT INTO SM_SEME
	VALUES ("b1dbfb88-d4f2-4940-8143-93f8b9527fd6",
	"469070b5-717a-419e-aa85-ed6078d3a0b0",
	"77ed88df-af92-4f7f-8b31-8a8618436d91",
	"00000000-0000-0000-0000-000000000000");
INSERT INTO SM_MOAH
	VALUES ("69ab6ccf-b204-4f00-8df5-8abc7198b9ea",
	"77ed88df-af92-4f7f-8b31-8a8618436d91",
	"b1dbfb88-d4f2-4940-8143-93f8b9527fd6");
INSERT INTO SM_AH
	VALUES ("69ab6ccf-b204-4f00-8df5-8abc7198b9ea",
	"77ed88df-af92-4f7f-8b31-8a8618436d91");
INSERT INTO SM_ACT
	VALUES ("69ab6ccf-b204-4f00-8df5-8abc7198b9ea",
	"77ed88df-af92-4f7f-8b31-8a8618436d91",
	1,
	'// Deactivate the timer.
res = TIM::timer_cancel(timer_inst_ref: self.timer);
LOG::LogInfo(message: "Location listener unregistered.");

if ( not res )
  LOG::LogFailure( message: "Location listener: timer_cancel() failed." );
end if;
generate GPS12:unregisterComplete() to self;',
	'',
	0);
INSERT INTO ACT_SAB
	VALUES ("987a2cd3-08c4-44b9-84e3-1d2ccd92f19a",
	"77ed88df-af92-4f7f-8b31-8a8618436d91",
	"69ab6ccf-b204-4f00-8df5-8abc7198b9ea");
INSERT INTO ACT_ACT
	VALUES ("987a2cd3-08c4-44b9-84e3-1d2ccd92f19a",
	'state',
	0,
	"849d3a3e-fd2e-4b63-b90e-101be6c48d4f",
	"00000000-0000-0000-0000-000000000000",
	0,
	'GPS::unregistering',
	"00000000-0000-0000-0000-000000000000");
INSERT INTO ACT_BLK
	VALUES ("849d3a3e-fd2e-4b63-b90e-101be6c48d4f",
	0,
	0,
	0,
	'V_VAR.Var_ID',
	'',
	'',
	8,
	1,
	3,
	1,
	0,
	0,
	0,
	0,
	0,
	0,
	0,
	0,
	0,
	"987a2cd3-08c4-44b9-84e3-1d2ccd92f19a",
	"00000000-0000-0000-0000-000000000000");
INSERT INTO ACT_SMT
	VALUES ("c81895d2-1741-4b25-b1d0-1b109c110a45",
	"849d3a3e-fd2e-4b63-b90e-101be6c48d4f",
	"ce45a8e5-0cf2-4372-8f28-3a9e5427df8d",
	2,
	1,
	'GPS::unregistering line: 2');
INSERT INTO ACT_AI
	VALUES ("c81895d2-1741-4b25-b1d0-1b109c110a45",
	"e856ca15-3990-4b0a-859c-5f255928981f",
	"0947cb99-6c2d-4606-ba58-1960613b1750",
	0,
	0);
INSERT INTO ACT_SMT
	VALUES ("ce45a8e5-0cf2-4372-8f28-3a9e5427df8d",
	"849d3a3e-fd2e-4b63-b90e-101be6c48d4f",
	"d303a545-c448-48c6-ab59-c749d899696c",
	3,
	1,
	'GPS::unregistering line: 3');
INSERT INTO ACT_BRG
	VALUES ("ce45a8e5-0cf2-4372-8f28-3a9e5427df8d",
	"af615ef3-56dd-40b1-be6b-27e07023a829",
	3,
	6,
	3,
	1);
INSERT INTO ACT_SMT
	VALUES ("d303a545-c448-48c6-ab59-c749d899696c",
	"849d3a3e-fd2e-4b63-b90e-101be6c48d4f",
	"db5d2fe4-52d6-4a56-ae91-af88142a8190",
	5,
	1,
	'GPS::unregistering line: 5');
INSERT INTO ACT_IF
	VALUES ("d303a545-c448-48c6-ab59-c749d899696c",
	"7c3543d6-7f9f-471c-824d-5ecfaf20d1e9",
	"3e9d1012-f3c2-4584-b97f-21485c200788",
	"00000000-0000-0000-0000-000000000000",
	"00000000-0000-0000-0000-000000000000");
INSERT INTO ACT_SMT
	VALUES ("db5d2fe4-52d6-4a56-ae91-af88142a8190",
	"849d3a3e-fd2e-4b63-b90e-101be6c48d4f",
	"00000000-0000-0000-0000-000000000000",
	8,
	1,
	'GPS::unregistering line: 8');
INSERT INTO E_ESS
	VALUES ("db5d2fe4-52d6-4a56-ae91-af88142a8190",
	1,
	0,
	8,
	10,
	8,
	16,
	3,
	1,
	0,
	0,
	0,
	0);
INSERT INTO E_GES
	VALUES ("db5d2fe4-52d6-4a56-ae91-af88142a8190");
INSERT INTO E_GSME
	VALUES ("db5d2fe4-52d6-4a56-ae91-af88142a8190",
	"469070b5-717a-419e-aa85-ed6078d3a0b0");
INSERT INTO E_GEN
	VALUES ("db5d2fe4-52d6-4a56-ae91-af88142a8190",
	"d091bd1a-97e1-4fd5-b69f-041306d7d48a");
INSERT INTO V_VAL
	VALUES ("0947cb99-6c2d-4606-ba58-1960613b1750",
	1,
	1,
	2,
	1,
	3,
	0,
	0,
	0,
	0,
	"ba5eda7a-def5-0000-0000-000000000001",
	"849d3a3e-fd2e-4b63-b90e-101be6c48d4f");
INSERT INTO V_TVL
	VALUES ("0947cb99-6c2d-4606-ba58-1960613b1750",
	"0aa7e491-fe6b-406c-867b-64185ffe513f");
INSERT INTO V_VAL
	VALUES ("e856ca15-3990-4b0a-859c-5f255928981f",
	0,
	0,
	2,
	12,
	-1,
	2,
	25,
	0,
	0,
	"ba5eda7a-def5-0000-0000-000000000001",
	"849d3a3e-fd2e-4b63-b90e-101be6c48d4f");
INSERT INTO V_BRV
	VALUES ("e856ca15-3990-4b0a-859c-5f255928981f",
	"b2f303f5-6e95-4731-a762-be0c0eb02ca7",
	1,
	2,
	7);
INSERT INTO V_VAL
	VALUES ("4dc7b00d-05f5-4f5a-8c6a-474a8dde23e7",
	0,
	0,
	2,
	41,
	44,
	0,
	0,
	0,
	0,
	"ba5eda7a-def5-0000-0000-000000000008",
	"849d3a3e-fd2e-4b63-b90e-101be6c48d4f");
INSERT INTO V_IRF
	VALUES ("4dc7b00d-05f5-4f5a-8c6a-474a8dde23e7",
	"d091bd1a-97e1-4fd5-b69f-041306d7d48a");
INSERT INTO V_VAL
	VALUES ("de94a158-ba54-4afe-82c1-03d1ad30ab9f",
	0,
	0,
	2,
	46,
	50,
	0,
	0,
	0,
	0,
	"ba5eda7a-def5-0000-0000-00000000000f",
	"849d3a3e-fd2e-4b63-b90e-101be6c48d4f");
INSERT INTO V_AVL
	VALUES ("de94a158-ba54-4afe-82c1-03d1ad30ab9f",
	"4dc7b00d-05f5-4f5a-8c6a-474a8dde23e7",
	"0679851b-cc52-42de-bb1e-f7d26a404f38",
	"a7624bef-089d-40e2-9e32-c7762a24111c");
INSERT INTO V_PAR
	VALUES ("de94a158-ba54-4afe-82c1-03d1ad30ab9f",
	"00000000-0000-0000-0000-000000000000",
	"e856ca15-3990-4b0a-859c-5f255928981f",
	'timer_inst_ref',
	"00000000-0000-0000-0000-000000000000",
	2,
	25);
INSERT INTO V_VAL
	VALUES ("d5070c9b-060c-484b-a4ea-753d127ee83f",
	0,
	0,
	3,
	23,
	54,
	0,
	0,
	0,
	0,
	"ba5eda7a-def5-0000-0000-000000000004",
	"849d3a3e-fd2e-4b63-b90e-101be6c48d4f");
INSERT INTO V_LST
	VALUES ("d5070c9b-060c-484b-a4ea-753d127ee83f",
	'Location listener unregistered.');
INSERT INTO V_PAR
	VALUES ("d5070c9b-060c-484b-a4ea-753d127ee83f",
	"ce45a8e5-0cf2-4372-8f28-3a9e5427df8d",
	"00000000-0000-0000-0000-000000000000",
	'message',
	"00000000-0000-0000-0000-000000000000",
	3,
	14);
INSERT INTO V_VAL
	VALUES ("54c2a211-2140-4218-901b-580ad9c02a2c",
	0,
	0,
	5,
	10,
	12,
	0,
	0,
	0,
	0,
	"ba5eda7a-def5-0000-0000-000000000001",
	"849d3a3e-fd2e-4b63-b90e-101be6c48d4f");
INSERT INTO V_TVL
	VALUES ("54c2a211-2140-4218-901b-580ad9c02a2c",
	"0aa7e491-fe6b-406c-867b-64185ffe513f");
INSERT INTO V_VAL
	VALUES ("3e9d1012-f3c2-4584-b97f-21485c200788",
	0,
	0,
	-1,
	-1,
	-1,
	0,
	0,
	0,
	0,
	"ba5eda7a-def5-0000-0000-000000000001",
	"849d3a3e-fd2e-4b63-b90e-101be6c48d4f");
INSERT INTO V_UNY
	VALUES ("3e9d1012-f3c2-4584-b97f-21485c200788",
	"54c2a211-2140-4218-901b-580ad9c02a2c",
	'not');
INSERT INTO V_VAR
	VALUES ("0aa7e491-fe6b-406c-867b-64185ffe513f",
	"849d3a3e-fd2e-4b63-b90e-101be6c48d4f",
	'res',
	1,
	"ba5eda7a-def5-0000-0000-000000000001");
INSERT INTO V_TRN
	VALUES ("0aa7e491-fe6b-406c-867b-64185ffe513f",
	"00000000-0000-0000-0000-000000000000",
	'');
INSERT INTO V_VAR
	VALUES ("d091bd1a-97e1-4fd5-b69f-041306d7d48a",
	"849d3a3e-fd2e-4b63-b90e-101be6c48d4f",
	'self',
	1,
	"ba5eda7a-def5-0000-0000-000000000008");
INSERT INTO V_INT
	VALUES ("d091bd1a-97e1-4fd5-b69f-041306d7d48a",
	0,
	"0679851b-cc52-42de-bb1e-f7d26a404f38");
INSERT INTO ACT_BLK
	VALUES ("7c3543d6-7f9f-471c-824d-5ecfaf20d1e9",
	0,
	0,
	0,
	'LOG',
	'',
	'',
	6,
	3,
	6,
	3,
	0,
	0,
	0,
	0,
	0,
	0,
	0,
	0,
	0,
	"987a2cd3-08c4-44b9-84e3-1d2ccd92f19a",
	"00000000-0000-0000-0000-000000000000");
INSERT INTO ACT_SMT
	VALUES ("5fb4fb2c-4003-45cc-917c-dd03fff6e54e",
	"7c3543d6-7f9f-471c-824d-5ecfaf20d1e9",
	"00000000-0000-0000-0000-000000000000",
	6,
	3,
	'GPS::unregistering line: 6');
INSERT INTO ACT_BRG
	VALUES ("5fb4fb2c-4003-45cc-917c-dd03fff6e54e",
	"2dcf3e84-1208-4e7f-a70c-a54d15f1ce77",
	6,
	8,
	6,
	3);
INSERT INTO V_VAL
	VALUES ("5223cc0a-9ed9-4f06-bb72-7a24c1ca8a61",
	0,
	0,
	6,
	29,
	70,
	0,
	0,
	0,
	0,
	"ba5eda7a-def5-0000-0000-000000000004",
	"7c3543d6-7f9f-471c-824d-5ecfaf20d1e9");
INSERT INTO V_LST
	VALUES ("5223cc0a-9ed9-4f06-bb72-7a24c1ca8a61",
	'Location listener: timer_cancel() failed.');
INSERT INTO V_PAR
	VALUES ("5223cc0a-9ed9-4f06-bb72-7a24c1ca8a61",
	"5fb4fb2c-4003-45cc-917c-dd03fff6e54e",
	"00000000-0000-0000-0000-000000000000",
	'message',
	"00000000-0000-0000-0000-000000000000",
	6,
	20);
INSERT INTO SM_NSTXN
	VALUES ("08c24385-370d-4add-9369-33344b056c9f",
	"77ed88df-af92-4f7f-8b31-8a8618436d91",
	"49921006-6a00-426f-94b1-340f61825093",
	"a65d472b-c83d-465b-b2f0-c9606a1efe2c",
	"00000000-0000-0000-0000-000000000000");
INSERT INTO SM_TAH
	VALUES ("a21a2011-b1e1-4533-8077-00e48cc2cf96",
	"77ed88df-af92-4f7f-8b31-8a8618436d91",
	"08c24385-370d-4add-9369-33344b056c9f");
INSERT INTO SM_AH
	VALUES ("a21a2011-b1e1-4533-8077-00e48cc2cf96",
	"77ed88df-af92-4f7f-8b31-8a8618436d91");
INSERT INTO SM_ACT
	VALUES ("a21a2011-b1e1-4533-8077-00e48cc2cf96",
	"77ed88df-af92-4f7f-8b31-8a8618436d91",
	1,
	'',
	'',
	0);
INSERT INTO ACT_TAB
	VALUES ("2a23e7af-a48d-4360-9b3b-70d39fa688be",
	"77ed88df-af92-4f7f-8b31-8a8618436d91",
	"a21a2011-b1e1-4533-8077-00e48cc2cf96");
INSERT INTO ACT_ACT
	VALUES ("2a23e7af-a48d-4360-9b3b-70d39fa688be",
	'transition',
	0,
	"e487305a-5710-41ef-a9e4-09ab798bfc3b",
	"00000000-0000-0000-0000-000000000000",
	0,
	'GPS4: registeringComplete',
	"00000000-0000-0000-0000-000000000000");
INSERT INTO ACT_BLK
	VALUES ("e487305a-5710-41ef-a9e4-09ab798bfc3b",
	0,
	0,
	0,
	'',
	'',
	'',
	0,
	0,
	0,
	0,
	0,
	0,
	0,
	0,
	0,
	0,
	0,
	0,
	0,
	"2a23e7af-a48d-4360-9b3b-70d39fa688be",
	"00000000-0000-0000-0000-000000000000");
INSERT INTO SM_TXN
	VALUES ("08c24385-370d-4add-9369-33344b056c9f",
	"77ed88df-af92-4f7f-8b31-8a8618436d91",
	"72a70a0c-e268-43bb-abbe-757e5e7c8958",
	"00000000-0000-0000-0000-000000000000");
INSERT INTO SM_NSTXN
	VALUES ("c2363808-82da-4eac-b51a-061bd3fca8f3",
	"77ed88df-af92-4f7f-8b31-8a8618436d91",
	"d6abdb8d-d91b-4853-9b8f-00d4e1df3061",
	"87b84158-50d1-423e-a589-f50f676a245d",
	"00000000-0000-0000-0000-000000000000");
INSERT INTO SM_TAH
	VALUES ("e98cfe70-c684-4838-8e77-6b3259e68c0e",
	"77ed88df-af92-4f7f-8b31-8a8618436d91",
	"c2363808-82da-4eac-b51a-061bd3fca8f3");
INSERT INTO SM_AH
	VALUES ("e98cfe70-c684-4838-8e77-6b3259e68c0e",
	"77ed88df-af92-4f7f-8b31-8a8618436d91");
INSERT INTO SM_ACT
	VALUES ("e98cfe70-c684-4838-8e77-6b3259e68c0e",
	"77ed88df-af92-4f7f-8b31-8a8618436d91",
	1,
	'',
	'',
	0);
INSERT INTO ACT_TAB
	VALUES ("e3735449-280c-44d4-97a1-0d82fd524bfb",
	"77ed88df-af92-4f7f-8b31-8a8618436d91",
	"e98cfe70-c684-4838-8e77-6b3259e68c0e");
INSERT INTO ACT_ACT
	VALUES ("e3735449-280c-44d4-97a1-0d82fd524bfb",
	'transition',
	0,
	"b61e0092-49d9-48a1-9485-728ec76a66f6",
	"00000000-0000-0000-0000-000000000000",
	0,
	'GPS10: registerListener',
	"00000000-0000-0000-0000-000000000000");
INSERT INTO ACT_BLK
	VALUES ("b61e0092-49d9-48a1-9485-728ec76a66f6",
	0,
	0,
	0,
	'',
	'',
	'',
	0,
	0,
	0,
	0,
	0,
	0,
	0,
	0,
	0,
	0,
	0,
	0,
	0,
	"e3735449-280c-44d4-97a1-0d82fd524bfb",
	"00000000-0000-0000-0000-000000000000");
INSERT INTO SM_TXN
	VALUES ("c2363808-82da-4eac-b51a-061bd3fca8f3",
	"77ed88df-af92-4f7f-8b31-8a8618436d91",
	"49921006-6a00-426f-94b1-340f61825093",
	"00000000-0000-0000-0000-000000000000");
INSERT INTO SM_NSTXN
	VALUES ("3e40f340-9dea-40f1-b747-ba5abe72cc78",
	"77ed88df-af92-4f7f-8b31-8a8618436d91",
	"72a70a0c-e268-43bb-abbe-757e5e7c8958",
	"c909000f-97f9-42b2-8dda-fe17cacbf128",
	"00000000-0000-0000-0000-000000000000");
INSERT INTO SM_TAH
	VALUES ("d86bffb6-eb3f-48e6-9898-1dedcbae64da",
	"77ed88df-af92-4f7f-8b31-8a8618436d91",
	"3e40f340-9dea-40f1-b747-ba5abe72cc78");
INSERT INTO SM_AH
	VALUES ("d86bffb6-eb3f-48e6-9898-1dedcbae64da",
	"77ed88df-af92-4f7f-8b31-8a8618436d91");
INSERT INTO SM_ACT
	VALUES ("d86bffb6-eb3f-48e6-9898-1dedcbae64da",
	"77ed88df-af92-4f7f-8b31-8a8618436d91",
	1,
	'',
	'',
	0);
INSERT INTO ACT_TAB
	VALUES ("79914ce4-361f-424b-983b-0180e6433f27",
	"77ed88df-af92-4f7f-8b31-8a8618436d91",
	"d86bffb6-eb3f-48e6-9898-1dedcbae64da");
INSERT INTO ACT_ACT
	VALUES ("79914ce4-361f-424b-983b-0180e6433f27",
	'transition',
	0,
	"0d82d796-33ed-4e89-babf-7a9613e4bd70",
	"00000000-0000-0000-0000-000000000000",
	0,
	'GPS11: unregisterListener',
	"00000000-0000-0000-0000-000000000000");
INSERT INTO ACT_BLK
	VALUES ("0d82d796-33ed-4e89-babf-7a9613e4bd70",
	0,
	0,
	0,
	'',
	'',
	'',
	0,
	0,
	0,
	0,
	0,
	0,
	0,
	0,
	0,
	0,
	0,
	0,
	0,
	"79914ce4-361f-424b-983b-0180e6433f27",
	"00000000-0000-0000-0000-000000000000");
INSERT INTO SM_TXN
	VALUES ("3e40f340-9dea-40f1-b747-ba5abe72cc78",
	"77ed88df-af92-4f7f-8b31-8a8618436d91",
	"b1dbfb88-d4f2-4940-8143-93f8b9527fd6",
	"00000000-0000-0000-0000-000000000000");
INSERT INTO SM_NSTXN
	VALUES ("51aed408-7100-4660-8c55-68e4f5270916",
	"77ed88df-af92-4f7f-8b31-8a8618436d91",
	"b1dbfb88-d4f2-4940-8143-93f8b9527fd6",
	"469070b5-717a-419e-aa85-ed6078d3a0b0",
	"00000000-0000-0000-0000-000000000000");
INSERT INTO SM_TAH
	VALUES ("0f218050-0aa2-4171-b1d7-edd73a12fe21",
	"77ed88df-af92-4f7f-8b31-8a8618436d91",
	"51aed408-7100-4660-8c55-68e4f5270916");
INSERT INTO SM_AH
	VALUES ("0f218050-0aa2-4171-b1d7-edd73a12fe21",
	"77ed88df-af92-4f7f-8b31-8a8618436d91");
INSERT INTO SM_ACT
	VALUES ("0f218050-0aa2-4171-b1d7-edd73a12fe21",
	"77ed88df-af92-4f7f-8b31-8a8618436d91",
	1,
	'',
	'',
	0);
INSERT INTO ACT_TAB
	VALUES ("df17d1ca-b327-4aed-a6d8-fd64291a0ca9",
	"77ed88df-af92-4f7f-8b31-8a8618436d91",
	"0f218050-0aa2-4171-b1d7-edd73a12fe21");
INSERT INTO ACT_ACT
	VALUES ("df17d1ca-b327-4aed-a6d8-fd64291a0ca9",
	'transition',
	0,
	"351cecc6-145e-49e7-bafe-55d088a565fc",
	"00000000-0000-0000-0000-000000000000",
	0,
	'GPS12: unregisterComplete',
	"00000000-0000-0000-0000-000000000000");
INSERT INTO ACT_BLK
	VALUES ("351cecc6-145e-49e7-bafe-55d088a565fc",
	0,
	0,
	0,
	'',
	'',
	'',
	0,
	0,
	0,
	0,
	0,
	0,
	0,
	0,
	0,
	0,
	0,
	0,
	0,
	"df17d1ca-b327-4aed-a6d8-fd64291a0ca9",
	"00000000-0000-0000-0000-000000000000");
INSERT INTO SM_TXN
	VALUES ("51aed408-7100-4660-8c55-68e4f5270916",
	"77ed88df-af92-4f7f-8b31-8a8618436d91",
	"d6abdb8d-d91b-4853-9b8f-00d4e1df3061",
	"00000000-0000-0000-0000-000000000000");
INSERT INTO SM_NSTXN
	VALUES ("aac32f5a-5034-4ddc-b5a2-deb78bc78fef",
	"77ed88df-af92-4f7f-8b31-8a8618436d91",
	"72a70a0c-e268-43bb-abbe-757e5e7c8958",
	"5d79c118-1cc6-419d-85de-e3a403247a4c",
	"00000000-0000-0000-0000-000000000000");
INSERT INTO SM_TAH
	VALUES ("b9570e5f-756a-4296-bcb0-606601e6dcc5",
	"77ed88df-af92-4f7f-8b31-8a8618436d91",
	"aac32f5a-5034-4ddc-b5a2-deb78bc78fef");
INSERT INTO SM_AH
	VALUES ("b9570e5f-756a-4296-bcb0-606601e6dcc5",
	"77ed88df-af92-4f7f-8b31-8a8618436d91");
INSERT INTO SM_ACT
	VALUES ("b9570e5f-756a-4296-bcb0-606601e6dcc5",
	"77ed88df-af92-4f7f-8b31-8a8618436d91",
	1,
	'',
	'',
	0);
INSERT INTO ACT_TAB
	VALUES ("55119591-9c33-4942-ae35-f9ff8ead631e",
	"77ed88df-af92-4f7f-8b31-8a8618436d91",
	"b9570e5f-756a-4296-bcb0-606601e6dcc5");
INSERT INTO ACT_ACT
	VALUES ("55119591-9c33-4942-ae35-f9ff8ead631e",
	'transition',
	0,
	"46dc5e22-8948-426a-a97b-b46544e7e6ec",
	"00000000-0000-0000-0000-000000000000",
	0,
	'GPS1: tick',
	"00000000-0000-0000-0000-000000000000");
INSERT INTO ACT_BLK
	VALUES ("46dc5e22-8948-426a-a97b-b46544e7e6ec",
	0,
	0,
	0,
	'',
	'',
	'',
	0,
	0,
	0,
	0,
	0,
	0,
	0,
	0,
	0,
	0,
	0,
	0,
	0,
	"55119591-9c33-4942-ae35-f9ff8ead631e",
	"00000000-0000-0000-0000-000000000000");
INSERT INTO SM_TXN
	VALUES ("aac32f5a-5034-4ddc-b5a2-deb78bc78fef",
	"77ed88df-af92-4f7f-8b31-8a8618436d91",
	"72a70a0c-e268-43bb-abbe-757e5e7c8958",
	"00000000-0000-0000-0000-000000000000");
INSERT INTO PE_PE
	VALUES ("dc72a5cd-76c4-4484-9580-3297ced17627",
	1,
	"7501c561-d515-4ee0-9d06-282c52269a7f",
	"00000000-0000-0000-0000-000000000000",
	4);
INSERT INTO O_OBJ
	VALUES ("dc72a5cd-76c4-4484-9580-3297ced17627",
	'simulatedGPS',
	2,
	'simulatedGPS',
	'Constants specifying the behavior of the simulated GPS.

initialLatitude and initialLongitude specify, as decimal degrees,
the initial location of the simulated GPS.

latitudeIncrement and longitudeIncrement specify, as decimal degrees,
the distance the simulated GPS moves during each update period.

updatePeriod specifies, in microseconds, the update period for the
simulated GPS.  In other words, the simulated GPS updates its location
once per updatePeriod.',
	"00000000-0000-0000-0000-000000000000");
INSERT INTO O_TFR
	VALUES ("80c32b62-021d-4e2b-9c7b-7aa9b86ac84c",
	"dc72a5cd-76c4-4484-9580-3297ced17627",
	'initialize',
	'',
	"ba5eda7a-def5-0000-0000-000000000000",
	0,
	'select any simgps from instances of simulatedGPS;
if ( empty simgps )
  create object instance simgps of simulatedGPS; simgps.id = 1;
  simgps.initialLatitude = 32.432237;
  simgps.initialLongitude = -110.812283;
  simgps.latitudeIncrement = 0.00001;
  simgps.longitudeIncrement = 0.00002;
  simgps.updatePeriod = 1000000;
end if;',
	1,
	'',
	"00000000-0000-0000-0000-000000000000",
	0);
INSERT INTO ACT_OPB
	VALUES ("4bd2a2cf-330b-4ecb-9d0f-aeb8f197f4d9",
	"80c32b62-021d-4e2b-9c7b-7aa9b86ac84c");
INSERT INTO ACT_ACT
	VALUES ("4bd2a2cf-330b-4ecb-9d0f-aeb8f197f4d9",
	'class operation',
	0,
	"7cfb529b-00a9-4781-bc10-5fdfa2371871",
	"00000000-0000-0000-0000-000000000000",
	0,
	'simulatedGPS::initialize',
	"00000000-0000-0000-0000-000000000000");
INSERT INTO ACT_BLK
	VALUES ("7cfb529b-00a9-4781-bc10-5fdfa2371871",
	1,
	0,
	0,
	'',
	'',
	'',
	2,
	1,
	1,
	37,
	0,
	0,
	0,
	0,
	0,
	0,
	0,
	0,
	0,
	"4bd2a2cf-330b-4ecb-9d0f-aeb8f197f4d9",
	"00000000-0000-0000-0000-000000000000");
INSERT INTO ACT_SMT
	VALUES ("e980b324-2caf-4829-bdd8-9ac7aeb351e4",
	"7cfb529b-00a9-4781-bc10-5fdfa2371871",
	"e512c0a1-29e3-47a2-bc25-15279b626952",
	1,
	1,
	'simulatedGPS::initialize line: 1');
INSERT INTO ACT_FIO
	VALUES ("e980b324-2caf-4829-bdd8-9ac7aeb351e4",
	"958854fe-0e68-417f-abb6-996971efce66",
	1,
	'any',
	"dc72a5cd-76c4-4484-9580-3297ced17627",
	1,
	37);
INSERT INTO ACT_SMT
	VALUES ("e512c0a1-29e3-47a2-bc25-15279b626952",
	"7cfb529b-00a9-4781-bc10-5fdfa2371871",
	"00000000-0000-0000-0000-000000000000",
	2,
	1,
	'simulatedGPS::initialize line: 2');
INSERT INTO ACT_IF
	VALUES ("e512c0a1-29e3-47a2-bc25-15279b626952",
	"5ed4b074-9e62-41fd-b724-50ef0a51a36a",
	"69447228-cb11-4573-9f9b-95b2a5c7b3e7",
	"00000000-0000-0000-0000-000000000000",
	"00000000-0000-0000-0000-000000000000");
INSERT INTO V_VAL
	VALUES ("d95a7bc0-a459-442b-a179-bff884e3f93f",
	0,
	0,
	2,
	12,
	17,
	0,
	0,
	0,
	0,
	"ba5eda7a-def5-0000-0000-000000000008",
	"7cfb529b-00a9-4781-bc10-5fdfa2371871");
INSERT INTO V_IRF
	VALUES ("d95a7bc0-a459-442b-a179-bff884e3f93f",
	"958854fe-0e68-417f-abb6-996971efce66");
INSERT INTO V_VAL
	VALUES ("69447228-cb11-4573-9f9b-95b2a5c7b3e7",
	0,
	0,
	-1,
	-1,
	-1,
	0,
	0,
	0,
	0,
	"ba5eda7a-def5-0000-0000-000000000001",
	"7cfb529b-00a9-4781-bc10-5fdfa2371871");
INSERT INTO V_UNY
	VALUES ("69447228-cb11-4573-9f9b-95b2a5c7b3e7",
	"d95a7bc0-a459-442b-a179-bff884e3f93f",
	'empty');
INSERT INTO V_VAR
	VALUES ("958854fe-0e68-417f-abb6-996971efce66",
	"7cfb529b-00a9-4781-bc10-5fdfa2371871",
	'simgps',
	1,
	"ba5eda7a-def5-0000-0000-000000000008");
INSERT INTO V_INT
	VALUES ("958854fe-0e68-417f-abb6-996971efce66",
	0,
	"dc72a5cd-76c4-4484-9580-3297ced17627");
INSERT INTO ACT_BLK
	VALUES ("5ed4b074-9e62-41fd-b724-50ef0a51a36a",
	0,
	0,
	0,
	'',
	'',
	'',
	8,
	3,
	3,
	36,
	0,
	0,
	0,
	0,
	0,
	0,
	0,
	0,
	0,
	"4bd2a2cf-330b-4ecb-9d0f-aeb8f197f4d9",
	"00000000-0000-0000-0000-000000000000");
INSERT INTO ACT_SMT
	VALUES ("4428a801-6e0c-47ea-9e3d-45f80948ef18",
	"5ed4b074-9e62-41fd-b724-50ef0a51a36a",
	"9a2b4d11-8f98-4e14-8dbd-8df142bc12a6",
	3,
	3,
	'simulatedGPS::initialize line: 3');
INSERT INTO ACT_CR
	VALUES ("4428a801-6e0c-47ea-9e3d-45f80948ef18",
	"958854fe-0e68-417f-abb6-996971efce66",
	0,
	"dc72a5cd-76c4-4484-9580-3297ced17627",
	3,
	36);
INSERT INTO ACT_SMT
	VALUES ("9a2b4d11-8f98-4e14-8dbd-8df142bc12a6",
	"5ed4b074-9e62-41fd-b724-50ef0a51a36a",
	"04bbfcaa-912c-416c-8e68-08cbf1f9a31e",
	3,
	50,
	'simulatedGPS::initialize line: 3');
INSERT INTO ACT_AI
	VALUES ("9a2b4d11-8f98-4e14-8dbd-8df142bc12a6",
	"733faa11-2751-48ae-adbf-f3db30932015",
	"44440068-41d5-45be-b702-08dd6189dfe5",
	0,
	0);
INSERT INTO ACT_SMT
	VALUES ("04bbfcaa-912c-416c-8e68-08cbf1f9a31e",
	"5ed4b074-9e62-41fd-b724-50ef0a51a36a",
	"8a600bea-f945-453f-9c7b-1ea06250a7ed",
	4,
	3,
	'simulatedGPS::initialize line: 4');
INSERT INTO ACT_AI
	VALUES ("04bbfcaa-912c-416c-8e68-08cbf1f9a31e",
	"5c502c38-a9e8-4a07-bc48-d13ee2d5b35c",
	"b83fba7c-c64b-43b6-8e6a-8933d2f712a3",
	0,
	0);
INSERT INTO ACT_SMT
	VALUES ("8a600bea-f945-453f-9c7b-1ea06250a7ed",
	"5ed4b074-9e62-41fd-b724-50ef0a51a36a",
	"c2550a28-19cc-4be7-969a-618004d1648d",
	5,
	3,
	'simulatedGPS::initialize line: 5');
INSERT INTO ACT_AI
	VALUES ("8a600bea-f945-453f-9c7b-1ea06250a7ed",
	"95d43237-d7e9-46d4-9d45-a9d88dff8a4a",
	"f95842ea-0020-41d3-9360-e416744fdb59",
	0,
	0);
INSERT INTO ACT_SMT
	VALUES ("c2550a28-19cc-4be7-969a-618004d1648d",
	"5ed4b074-9e62-41fd-b724-50ef0a51a36a",
	"e7e1cbbe-1a2e-4649-918b-093334fdff49",
	6,
	3,
	'simulatedGPS::initialize line: 6');
INSERT INTO ACT_AI
	VALUES ("c2550a28-19cc-4be7-969a-618004d1648d",
	"74625a23-b401-4cce-b429-2b547c7027f3",
	"cbfa9b73-92eb-4213-be49-cd7545ce4bd2",
	0,
	0);
INSERT INTO ACT_SMT
	VALUES ("e7e1cbbe-1a2e-4649-918b-093334fdff49",
	"5ed4b074-9e62-41fd-b724-50ef0a51a36a",
	"4ef7d7fa-4801-4dd6-b44b-7f983d6f9054",
	7,
	3,
	'simulatedGPS::initialize line: 7');
INSERT INTO ACT_AI
	VALUES ("e7e1cbbe-1a2e-4649-918b-093334fdff49",
	"26619c6b-32c1-4efe-ba62-ee4ed60e3fa1",
	"ac81d4d7-7e32-4b9d-9d81-ef585a42c0a6",
	0,
	0);
INSERT INTO ACT_SMT
	VALUES ("4ef7d7fa-4801-4dd6-b44b-7f983d6f9054",
	"5ed4b074-9e62-41fd-b724-50ef0a51a36a",
	"00000000-0000-0000-0000-000000000000",
	8,
	3,
	'simulatedGPS::initialize line: 8');
INSERT INTO ACT_AI
	VALUES ("4ef7d7fa-4801-4dd6-b44b-7f983d6f9054",
	"62c2ef37-f825-4846-ab97-daec5858a6ff",
	"a4a063d7-4fef-489f-82ee-71a02c439578",
	0,
	0);
INSERT INTO V_VAL
	VALUES ("e2d851e4-309a-41c5-a860-1779ef6cb7e2",
	1,
	0,
	3,
	50,
	55,
	0,
	0,
	0,
	0,
	"ba5eda7a-def5-0000-0000-000000000008",
	"5ed4b074-9e62-41fd-b724-50ef0a51a36a");
INSERT INTO V_IRF
	VALUES ("e2d851e4-309a-41c5-a860-1779ef6cb7e2",
	"958854fe-0e68-417f-abb6-996971efce66");
INSERT INTO V_VAL
	VALUES ("44440068-41d5-45be-b702-08dd6189dfe5",
	1,
	0,
	3,
	57,
	58,
	0,
	0,
	0,
	0,
	"ba5eda7a-def5-0000-0000-000000000002",
	"5ed4b074-9e62-41fd-b724-50ef0a51a36a");
INSERT INTO V_AVL
	VALUES ("44440068-41d5-45be-b702-08dd6189dfe5",
	"e2d851e4-309a-41c5-a860-1779ef6cb7e2",
	"dc72a5cd-76c4-4484-9580-3297ced17627",
	"a560ebed-634f-4f9b-94dc-6ca74261107c");
INSERT INTO V_VAL
	VALUES ("733faa11-2751-48ae-adbf-f3db30932015",
	0,
	0,
	3,
	62,
	62,
	0,
	0,
	0,
	0,
	"ba5eda7a-def5-0000-0000-000000000002",
	"5ed4b074-9e62-41fd-b724-50ef0a51a36a");
INSERT INTO V_LIN
	VALUES ("733faa11-2751-48ae-adbf-f3db30932015",
	'1');
INSERT INTO V_VAL
	VALUES ("3a020459-ed89-416f-add7-e2eac14944d8",
	1,
	0,
	4,
	3,
	8,
	0,
	0,
	0,
	0,
	"ba5eda7a-def5-0000-0000-000000000008",
	"5ed4b074-9e62-41fd-b724-50ef0a51a36a");
INSERT INTO V_IRF
	VALUES ("3a020459-ed89-416f-add7-e2eac14944d8",
	"958854fe-0e68-417f-abb6-996971efce66");
INSERT INTO V_VAL
	VALUES ("b83fba7c-c64b-43b6-8e6a-8933d2f712a3",
	1,
	0,
	4,
	10,
	24,
	0,
	0,
	0,
	0,
	"ba5eda7a-def5-0000-0000-000000000003",
	"5ed4b074-9e62-41fd-b724-50ef0a51a36a");
INSERT INTO V_AVL
	VALUES ("b83fba7c-c64b-43b6-8e6a-8933d2f712a3",
	"3a020459-ed89-416f-add7-e2eac14944d8",
	"dc72a5cd-76c4-4484-9580-3297ced17627",
	"d81301a6-53d5-45c6-9e70-81b62ca0c9d0");
INSERT INTO V_VAL
	VALUES ("5c502c38-a9e8-4a07-bc48-d13ee2d5b35c",
	0,
	0,
	4,
	28,
	36,
	0,
	0,
	0,
	0,
	"ba5eda7a-def5-0000-0000-000000000003",
	"5ed4b074-9e62-41fd-b724-50ef0a51a36a");
INSERT INTO V_LRL
	VALUES ("5c502c38-a9e8-4a07-bc48-d13ee2d5b35c",
	'32.432237');
INSERT INTO V_VAL
	VALUES ("b4a06cbd-4ec7-4b14-bde7-b7d9a6255052",
	1,
	0,
	5,
	3,
	8,
	0,
	0,
	0,
	0,
	"ba5eda7a-def5-0000-0000-000000000008",
	"5ed4b074-9e62-41fd-b724-50ef0a51a36a");
INSERT INTO V_IRF
	VALUES ("b4a06cbd-4ec7-4b14-bde7-b7d9a6255052",
	"958854fe-0e68-417f-abb6-996971efce66");
INSERT INTO V_VAL
	VALUES ("f95842ea-0020-41d3-9360-e416744fdb59",
	1,
	0,
	5,
	10,
	25,
	0,
	0,
	0,
	0,
	"ba5eda7a-def5-0000-0000-000000000003",
	"5ed4b074-9e62-41fd-b724-50ef0a51a36a");
INSERT INTO V_AVL
	VALUES ("f95842ea-0020-41d3-9360-e416744fdb59",
	"b4a06cbd-4ec7-4b14-bde7-b7d9a6255052",
	"dc72a5cd-76c4-4484-9580-3297ced17627",
	"0862e009-5fed-4d11-aae8-f1e832c33499");
INSERT INTO V_VAL
	VALUES ("95d43237-d7e9-46d4-9d45-a9d88dff8a4a",
	0,
	0,
	-1,
	-1,
	-1,
	0,
	0,
	0,
	0,
	"ba5eda7a-def5-0000-0000-000000000003",
	"5ed4b074-9e62-41fd-b724-50ef0a51a36a");
INSERT INTO V_UNY
	VALUES ("95d43237-d7e9-46d4-9d45-a9d88dff8a4a",
	"7b648096-d572-4286-8d57-dd4e3ae72b78",
	'-');
INSERT INTO V_VAL
	VALUES ("7b648096-d572-4286-8d57-dd4e3ae72b78",
	0,
	0,
	5,
	30,
	39,
	0,
	0,
	0,
	0,
	"ba5eda7a-def5-0000-0000-000000000003",
	"5ed4b074-9e62-41fd-b724-50ef0a51a36a");
INSERT INTO V_LRL
	VALUES ("7b648096-d572-4286-8d57-dd4e3ae72b78",
	'110.812283');
INSERT INTO V_VAL
	VALUES ("6bdf0e7e-86e0-4c73-befc-37a02ce0e3ef",
	1,
	0,
	6,
	3,
	8,
	0,
	0,
	0,
	0,
	"ba5eda7a-def5-0000-0000-000000000008",
	"5ed4b074-9e62-41fd-b724-50ef0a51a36a");
INSERT INTO V_IRF
	VALUES ("6bdf0e7e-86e0-4c73-befc-37a02ce0e3ef",
	"958854fe-0e68-417f-abb6-996971efce66");
INSERT INTO V_VAL
	VALUES ("cbfa9b73-92eb-4213-be49-cd7545ce4bd2",
	1,
	0,
	6,
	10,
	26,
	0,
	0,
	0,
	0,
	"ba5eda7a-def5-0000-0000-000000000003",
	"5ed4b074-9e62-41fd-b724-50ef0a51a36a");
INSERT INTO V_AVL
	VALUES ("cbfa9b73-92eb-4213-be49-cd7545ce4bd2",
	"6bdf0e7e-86e0-4c73-befc-37a02ce0e3ef",
	"dc72a5cd-76c4-4484-9580-3297ced17627",
	"496d5c73-30cb-4804-afe5-ef4f4b8243ae");
INSERT INTO V_VAL
	VALUES ("74625a23-b401-4cce-b429-2b547c7027f3",
	0,
	0,
	6,
	30,
	36,
	0,
	0,
	0,
	0,
	"ba5eda7a-def5-0000-0000-000000000003",
	"5ed4b074-9e62-41fd-b724-50ef0a51a36a");
INSERT INTO V_LRL
	VALUES ("74625a23-b401-4cce-b429-2b547c7027f3",
	'0.00001');
INSERT INTO V_VAL
	VALUES ("f52e6860-994b-4ec4-92d8-62fe7a1337fd",
	1,
	0,
	7,
	3,
	8,
	0,
	0,
	0,
	0,
	"ba5eda7a-def5-0000-0000-000000000008",
	"5ed4b074-9e62-41fd-b724-50ef0a51a36a");
INSERT INTO V_IRF
	VALUES ("f52e6860-994b-4ec4-92d8-62fe7a1337fd",
	"958854fe-0e68-417f-abb6-996971efce66");
INSERT INTO V_VAL
	VALUES ("ac81d4d7-7e32-4b9d-9d81-ef585a42c0a6",
	1,
	0,
	7,
	10,
	27,
	0,
	0,
	0,
	0,
	"ba5eda7a-def5-0000-0000-000000000003",
	"5ed4b074-9e62-41fd-b724-50ef0a51a36a");
INSERT INTO V_AVL
	VALUES ("ac81d4d7-7e32-4b9d-9d81-ef585a42c0a6",
	"f52e6860-994b-4ec4-92d8-62fe7a1337fd",
	"dc72a5cd-76c4-4484-9580-3297ced17627",
	"3be6fb1f-e874-474c-b7f9-14d49977b68f");
INSERT INTO V_VAL
	VALUES ("26619c6b-32c1-4efe-ba62-ee4ed60e3fa1",
	0,
	0,
	7,
	31,
	37,
	0,
	0,
	0,
	0,
	"ba5eda7a-def5-0000-0000-000000000003",
	"5ed4b074-9e62-41fd-b724-50ef0a51a36a");
INSERT INTO V_LRL
	VALUES ("26619c6b-32c1-4efe-ba62-ee4ed60e3fa1",
	'0.00002');
INSERT INTO V_VAL
	VALUES ("99bd72e8-d063-41e2-9c47-b5d4f4baa76f",
	1,
	0,
	8,
	3,
	8,
	0,
	0,
	0,
	0,
	"ba5eda7a-def5-0000-0000-000000000008",
	"5ed4b074-9e62-41fd-b724-50ef0a51a36a");
INSERT INTO V_IRF
	VALUES ("99bd72e8-d063-41e2-9c47-b5d4f4baa76f",
	"958854fe-0e68-417f-abb6-996971efce66");
INSERT INTO V_VAL
	VALUES ("a4a063d7-4fef-489f-82ee-71a02c439578",
	1,
	0,
	8,
	10,
	21,
	0,
	0,
	0,
	0,
	"ba5eda7a-def5-0000-0000-000000000002",
	"5ed4b074-9e62-41fd-b724-50ef0a51a36a");
INSERT INTO V_AVL
	VALUES ("a4a063d7-4fef-489f-82ee-71a02c439578",
	"99bd72e8-d063-41e2-9c47-b5d4f4baa76f",
	"dc72a5cd-76c4-4484-9580-3297ced17627",
	"870d1ba3-71e2-4c81-b732-fa77e94af222");
INSERT INTO V_VAL
	VALUES ("62c2ef37-f825-4846-ab97-daec5858a6ff",
	0,
	0,
	8,
	25,
	31,
	0,
	0,
	0,
	0,
	"ba5eda7a-def5-0000-0000-000000000002",
	"5ed4b074-9e62-41fd-b724-50ef0a51a36a");
INSERT INTO V_LIN
	VALUES ("62c2ef37-f825-4846-ab97-daec5858a6ff",
	'1000000');
INSERT INTO O_NBATTR
	VALUES ("a560ebed-634f-4f9b-94dc-6ca74261107c",
	"dc72a5cd-76c4-4484-9580-3297ced17627");
INSERT INTO O_BATTR
	VALUES ("a560ebed-634f-4f9b-94dc-6ca74261107c",
	"dc72a5cd-76c4-4484-9580-3297ced17627");
INSERT INTO O_ATTR
	VALUES ("a560ebed-634f-4f9b-94dc-6ca74261107c",
	"dc72a5cd-76c4-4484-9580-3297ced17627",
	"00000000-0000-0000-0000-000000000000",
	'id',
	'',
	'',
	'id',
	0,
	"ba5eda7a-def5-0000-0000-000000000002",
	'',
	'');
INSERT INTO O_NBATTR
	VALUES ("d81301a6-53d5-45c6-9e70-81b62ca0c9d0",
	"dc72a5cd-76c4-4484-9580-3297ced17627");
INSERT INTO O_BATTR
	VALUES ("d81301a6-53d5-45c6-9e70-81b62ca0c9d0",
	"dc72a5cd-76c4-4484-9580-3297ced17627");
INSERT INTO O_ATTR
	VALUES ("d81301a6-53d5-45c6-9e70-81b62ca0c9d0",
	"dc72a5cd-76c4-4484-9580-3297ced17627",
	"a560ebed-634f-4f9b-94dc-6ca74261107c",
	'initialLatitude',
	'',
	'',
	'initialLatitude',
	0,
	"ba5eda7a-def5-0000-0000-000000000003",
	'',
	'');
INSERT INTO O_NBATTR
	VALUES ("0862e009-5fed-4d11-aae8-f1e832c33499",
	"dc72a5cd-76c4-4484-9580-3297ced17627");
INSERT INTO O_BATTR
	VALUES ("0862e009-5fed-4d11-aae8-f1e832c33499",
	"dc72a5cd-76c4-4484-9580-3297ced17627");
INSERT INTO O_ATTR
	VALUES ("0862e009-5fed-4d11-aae8-f1e832c33499",
	"dc72a5cd-76c4-4484-9580-3297ced17627",
	"d81301a6-53d5-45c6-9e70-81b62ca0c9d0",
	'initialLongitude',
	'',
	'',
	'initialLongitude',
	0,
	"ba5eda7a-def5-0000-0000-000000000003",
	'',
	'');
INSERT INTO O_NBATTR
	VALUES ("496d5c73-30cb-4804-afe5-ef4f4b8243ae",
	"dc72a5cd-76c4-4484-9580-3297ced17627");
INSERT INTO O_BATTR
	VALUES ("496d5c73-30cb-4804-afe5-ef4f4b8243ae",
	"dc72a5cd-76c4-4484-9580-3297ced17627");
INSERT INTO O_ATTR
	VALUES ("496d5c73-30cb-4804-afe5-ef4f4b8243ae",
	"dc72a5cd-76c4-4484-9580-3297ced17627",
	"0862e009-5fed-4d11-aae8-f1e832c33499",
	'latitudeIncrement',
	'',
	'',
	'latitudeIncrement',
	0,
	"ba5eda7a-def5-0000-0000-000000000003",
	'',
	'');
INSERT INTO O_NBATTR
	VALUES ("3be6fb1f-e874-474c-b7f9-14d49977b68f",
	"dc72a5cd-76c4-4484-9580-3297ced17627");
INSERT INTO O_BATTR
	VALUES ("3be6fb1f-e874-474c-b7f9-14d49977b68f",
	"dc72a5cd-76c4-4484-9580-3297ced17627");
INSERT INTO O_ATTR
	VALUES ("3be6fb1f-e874-474c-b7f9-14d49977b68f",
	"dc72a5cd-76c4-4484-9580-3297ced17627",
	"496d5c73-30cb-4804-afe5-ef4f4b8243ae",
	'longitudeIncrement',
	'',
	'',
	'longitudeIncrement',
	0,
	"ba5eda7a-def5-0000-0000-000000000003",
	'',
	'');
INSERT INTO O_NBATTR
	VALUES ("870d1ba3-71e2-4c81-b732-fa77e94af222",
	"dc72a5cd-76c4-4484-9580-3297ced17627");
INSERT INTO O_BATTR
	VALUES ("870d1ba3-71e2-4c81-b732-fa77e94af222",
	"dc72a5cd-76c4-4484-9580-3297ced17627");
INSERT INTO O_ATTR
	VALUES ("870d1ba3-71e2-4c81-b732-fa77e94af222",
	"dc72a5cd-76c4-4484-9580-3297ced17627",
	"3be6fb1f-e874-474c-b7f9-14d49977b68f",
	'updatePeriod',
	'',
	'',
	'updatePeriod',
	0,
	"ba5eda7a-def5-0000-0000-000000000002",
	'',
	'');
INSERT INTO O_ID
	VALUES (0,
	"dc72a5cd-76c4-4484-9580-3297ced17627");
INSERT INTO O_OIDA
	VALUES ("a560ebed-634f-4f9b-94dc-6ca74261107c",
	"dc72a5cd-76c4-4484-9580-3297ced17627",
	0,
	'id');
INSERT INTO O_ID
	VALUES (1,
	"dc72a5cd-76c4-4484-9580-3297ced17627");
INSERT INTO O_ID
	VALUES (2,
	"dc72a5cd-76c4-4484-9580-3297ced17627");
INSERT INTO S_BRG_PROXY
	VALUES ("af615ef3-56dd-40b1-be6b-27e07023a829",
	"fb3760d2-2a3e-463f-bd24-66cd25fdba39",
	'LogInfo',
	'',
	0,
	"ba5eda7a-def5-0000-0000-000000000000",
	'',
	1,
	'',
	0,
	'../../../io.ciera.runtime/models/io.ciera.runtime/io.ciera.runtime.summit.util/io.ciera.runtime.summit.util.xtuml');
INSERT INTO S_BRG_PROXY
	VALUES ("16322409-ab18-4a8a-8189-42924b6ad4c7",
	"0cbe8000-b94e-43c0-a74e-b3d9f70bb59d",
	'timer_start_recurring',
	'This bridge operation starts a timer set to expire in the specified number of
microseconds, generating the passed event upon expiration. Upon expiration, the
timer will be restarted and fire again in the specified number of microseconds
generating the passed event. This bridge operation returns the instance handle
of the timer.',
	1,
	"ba5eda7a-def5-0000-0000-00000000000f",
	'',
	1,
	'',
	0,
	'../../../io.ciera.runtime/models/io.ciera.runtime/io.ciera.runtime.summit.util/io.ciera.runtime.summit.util.xtuml');
INSERT INTO S_BRG_PROXY
	VALUES ("b2f303f5-6e95-4731-a762-be0c0eb02ca7",
	"0cbe8000-b94e-43c0-a74e-b3d9f70bb59d",
	'timer_cancel',
	'This bridge operation cancels and deletes the passed timer instance. If the
timer exists (that is, it had not expired), a TRUE value is returned. If the
timer no longer exists, a FALSE value is returned.',
	1,
	"ba5eda7a-def5-0000-0000-000000000001",
	'',
	1,
	'',
	0,
	'../../../io.ciera.runtime/models/io.ciera.runtime/io.ciera.runtime.summit.util/io.ciera.runtime.summit.util.xtuml');
INSERT INTO S_BRG_PROXY
	VALUES ("2dcf3e84-1208-4e7f-a70c-a54d15f1ce77",
	"fb3760d2-2a3e-463f-bd24-66cd25fdba39",
	'LogFailure',
	'',
	0,
	"ba5eda7a-def5-0000-0000-000000000000",
	'',
	1,
	'',
	0,
	'../../../io.ciera.runtime/models/io.ciera.runtime/io.ciera.runtime.summit.util/io.ciera.runtime.summit.util.xtuml');
