-- root-types-contained: SystemModel_c,PackageableElement_c,DataType_c,CoreDataType_c,UserDataType_c
-- BP 7.1 content: StreamData syschar: 3 persistence-version: 7.1.6

INSERT INTO S_SYS
	VALUES ("f8b7229b-f136-42db-8d6c-0444f3c8a0e2",
	'pei',
	1);
INSERT INTO EP_PKG
	VALUES ("68872112-fa85-45c9-b20e-fb80e0a76c94",
	"f8b7229b-f136-42db-8d6c-0444f3c8a0e2",
	"f8b7229b-f136-42db-8d6c-0444f3c8a0e2",
	'pei',
	'masl_domain',
	0);
INSERT INTO PE_PE
	VALUES ("515c8018-0c73-4e2e-a7f9-3379de6bc14b",
	1,
	"68872112-fa85-45c9-b20e-fb80e0a76c94",
	"00000000-0000-0000-0000-000000000000",
	2);
INSERT INTO C_C
	VALUES ("515c8018-0c73-4e2e-a7f9-3379de6bc14b",
	"00000000-0000-0000-0000-000000000000",
	"00000000-0000-0000-0000-000000000000",
	'pei',
	'',
	0,
	"00000000-0000-0000-0000-000000000000",
	0,
	'');
INSERT INTO C_PO
	VALUES ("e6e93fb5-51b5-4378-9b00-96401073b4de",
	"515c8018-0c73-4e2e-a7f9-3379de6bc14b",
	'inst',
	0,
	0);
INSERT INTO C_IR
	VALUES ("7197c2be-9014-439a-af06-b5caeebea3c6",
	"69791a95-2594-41b8-892b-ed0bf3a0e3d4",
	"00000000-0000-0000-0000-000000000000",
	"e6e93fb5-51b5-4378-9b00-96401073b4de");
INSERT INTO C_P
	VALUES ("7197c2be-9014-439a-af06-b5caeebea3c6",
	'instrumentation',
	'Unnamed Interface',
	'',
	'pei::inst::instrumentation');
INSERT INTO SPR_PEP
	VALUES ("7f35f12c-455b-48bc-8b3c-242127d861e7",
	"9986778b-24b4-471f-85eb-a516f748e93a",
	"7197c2be-9014-439a-af06-b5caeebea3c6");
INSERT INTO SPR_PS
	VALUES ("7f35f12c-455b-48bc-8b3c-242127d861e7",
	'start_test',
	'',
	'::start_test();',
	1,
	0);
INSERT INTO ACT_PSB
	VALUES ("44e5939e-df94-4763-b48c-5b006603112c",
	"7f35f12c-455b-48bc-8b3c-242127d861e7");
INSERT INTO ACT_ACT
	VALUES ("44e5939e-df94-4763-b48c-5b006603112c",
	'signal',
	0,
	"a177ff88-819f-468f-879b-132c67167e7d",
	"00000000-0000-0000-0000-000000000000",
	0,
	'inst::instrumentation::start_test',
	"00000000-0000-0000-0000-000000000000");
INSERT INTO ACT_BLK
	VALUES ("a177ff88-819f-468f-879b-132c67167e7d",
	0,
	0,
	0,
	'',
	'',
	'',
	1,
	1,
	0,
	0,
	0,
	0,
	0,
	0,
	0,
	0,
	0,
	0,
	0,
	"44e5939e-df94-4763-b48c-5b006603112c",
	"00000000-0000-0000-0000-000000000000");
INSERT INTO ACT_SMT
	VALUES ("3fb850c1-c5d1-4aa8-a6aa-5d3a00c78b13",
	"a177ff88-819f-468f-879b-132c67167e7d",
	"00000000-0000-0000-0000-000000000000",
	1,
	1,
	'inst::instrumentation::start_test line: 1');
INSERT INTO ACT_FNC
	VALUES ("3fb850c1-c5d1-4aa8-a6aa-5d3a00c78b13",
	"b4f207ee-aef3-4e77-b6ba-0eb9aa6a93d2",
	1,
	3);
INSERT INTO PE_PE
	VALUES ("747d9f71-31b7-4f12-9233-a2f00a2a8335",
	1,
	"00000000-0000-0000-0000-000000000000",
	"515c8018-0c73-4e2e-a7f9-3379de6bc14b",
	7);
INSERT INTO EP_PKG
	VALUES ("747d9f71-31b7-4f12-9233-a2f00a2a8335",
	"00000000-0000-0000-0000-000000000000",
	"f8b7229b-f136-42db-8d6c-0444f3c8a0e2",
	'pei',
	'',
	0);
INSERT INTO PE_PE
	VALUES ("7f36c39d-4387-48b0-81be-bd38a72789eb",
	1,
	"747d9f71-31b7-4f12-9233-a2f00a2a8335",
	"00000000-0000-0000-0000-000000000000",
	4);
INSERT INTO O_OBJ
	VALUES ("7f36c39d-4387-48b0-81be-bd38a72789eb",
	'AtoD_converter',
	19,
	'AtoD_converter',
	'',
	"00000000-0000-0000-0000-000000000000");
INSERT INTO O_NBATTR
	VALUES ("98ce2c12-c88c-4b29-a050-efe104351580",
	"7f36c39d-4387-48b0-81be-bd38a72789eb");
INSERT INTO O_BATTR
	VALUES ("98ce2c12-c88c-4b29-a050-efe104351580",
	"7f36c39d-4387-48b0-81be-bd38a72789eb");
INSERT INTO O_ATTR
	VALUES ("98ce2c12-c88c-4b29-a050-efe104351580",
	"7f36c39d-4387-48b0-81be-bd38a72789eb",
	"00000000-0000-0000-0000-000000000000",
	'sID',
	'',
	'',
	'sID',
	0,
	"ba5eda7a-def5-0000-0000-000000000002",
	'',
	'');
INSERT INTO O_NBATTR
	VALUES ("663f234e-99d6-4998-904f-0b1e9203d030",
	"7f36c39d-4387-48b0-81be-bd38a72789eb");
INSERT INTO O_BATTR
	VALUES ("663f234e-99d6-4998-904f-0b1e9203d030",
	"7f36c39d-4387-48b0-81be-bd38a72789eb");
INSERT INTO O_ATTR
	VALUES ("663f234e-99d6-4998-904f-0b1e9203d030",
	"7f36c39d-4387-48b0-81be-bd38a72789eb",
	"98ce2c12-c88c-4b29-a050-efe104351580",
	's',
	'',
	'',
	's',
	0,
	"ba5eda7a-def5-0000-0000-000000000004",
	'',
	'');
INSERT INTO O_ID
	VALUES (0,
	"7f36c39d-4387-48b0-81be-bd38a72789eb");
INSERT INTO O_OIDA
	VALUES ("98ce2c12-c88c-4b29-a050-efe104351580",
	"7f36c39d-4387-48b0-81be-bd38a72789eb",
	0,
	'sID');
INSERT INTO O_ID
	VALUES (1,
	"7f36c39d-4387-48b0-81be-bd38a72789eb");
INSERT INTO O_ID
	VALUES (2,
	"7f36c39d-4387-48b0-81be-bd38a72789eb");
INSERT INTO PE_PE
	VALUES ("9de905e1-46fc-4263-835c-6063781f6921",
	1,
	"747d9f71-31b7-4f12-9233-a2f00a2a8335",
	"00000000-0000-0000-0000-000000000000",
	4);
INSERT INTO O_OBJ
	VALUES ("9de905e1-46fc-4263-835c-6063781f6921",
	'analog_input',
	21,
	'analog_input',
	'',
	"00000000-0000-0000-0000-000000000000");
INSERT INTO O_NBATTR
	VALUES ("ac32b640-ce20-4882-aaf9-9990f3510e5c",
	"9de905e1-46fc-4263-835c-6063781f6921");
INSERT INTO O_BATTR
	VALUES ("ac32b640-ce20-4882-aaf9-9990f3510e5c",
	"9de905e1-46fc-4263-835c-6063781f6921");
INSERT INTO O_ATTR
	VALUES ("ac32b640-ce20-4882-aaf9-9990f3510e5c",
	"9de905e1-46fc-4263-835c-6063781f6921",
	"00000000-0000-0000-0000-000000000000",
	'tID',
	'',
	'',
	'tID',
	0,
	"ba5eda7a-def5-0000-0000-000000000002",
	'',
	'');
INSERT INTO O_NBATTR
	VALUES ("57ba0a08-966b-4f77-a94b-28311596fe9b",
	"9de905e1-46fc-4263-835c-6063781f6921");
INSERT INTO O_BATTR
	VALUES ("57ba0a08-966b-4f77-a94b-28311596fe9b",
	"9de905e1-46fc-4263-835c-6063781f6921");
INSERT INTO O_ATTR
	VALUES ("57ba0a08-966b-4f77-a94b-28311596fe9b",
	"9de905e1-46fc-4263-835c-6063781f6921",
	"ac32b640-ce20-4882-aaf9-9990f3510e5c",
	't',
	'',
	'',
	't',
	0,
	"ba5eda7a-def5-0000-0000-000000000004",
	'',
	'');
INSERT INTO O_ID
	VALUES (0,
	"9de905e1-46fc-4263-835c-6063781f6921");
INSERT INTO O_OIDA
	VALUES ("ac32b640-ce20-4882-aaf9-9990f3510e5c",
	"9de905e1-46fc-4263-835c-6063781f6921",
	0,
	'tID');
INSERT INTO O_ID
	VALUES (1,
	"9de905e1-46fc-4263-835c-6063781f6921");
INSERT INTO O_ID
	VALUES (2,
	"9de905e1-46fc-4263-835c-6063781f6921");
INSERT INTO PE_PE
	VALUES ("51d33202-1bc5-4cb1-87ab-6d049b279014",
	1,
	"747d9f71-31b7-4f12-9233-a2f00a2a8335",
	"00000000-0000-0000-0000-000000000000",
	4);
INSERT INTO O_OBJ
	VALUES ("51d33202-1bc5-4cb1-87ab-6d049b279014",
	'automobile',
	16,
	'automobile',
	'',
	"00000000-0000-0000-0000-000000000000");
INSERT INTO O_NBATTR
	VALUES ("b827ec15-e42a-4709-883d-5ad8aafff754",
	"51d33202-1bc5-4cb1-87ab-6d049b279014");
INSERT INTO O_BATTR
	VALUES ("b827ec15-e42a-4709-883d-5ad8aafff754",
	"51d33202-1bc5-4cb1-87ab-6d049b279014");
INSERT INTO O_ATTR
	VALUES ("b827ec15-e42a-4709-883d-5ad8aafff754",
	"51d33202-1bc5-4cb1-87ab-6d049b279014",
	"00000000-0000-0000-0000-000000000000",
	'pID',
	'',
	'',
	'pID',
	0,
	"ba5eda7a-def5-0000-0000-000000000002",
	'',
	'');
INSERT INTO O_NBATTR
	VALUES ("e9cb204c-0341-401e-9324-0d516433f033",
	"51d33202-1bc5-4cb1-87ab-6d049b279014");
INSERT INTO O_BATTR
	VALUES ("e9cb204c-0341-401e-9324-0d516433f033",
	"51d33202-1bc5-4cb1-87ab-6d049b279014");
INSERT INTO O_ATTR
	VALUES ("e9cb204c-0341-401e-9324-0d516433f033",
	"51d33202-1bc5-4cb1-87ab-6d049b279014",
	"b827ec15-e42a-4709-883d-5ad8aafff754",
	'eyedee',
	'',
	'',
	'eyedee',
	0,
	"ba5eda7a-def5-0000-0000-000000000004",
	'',
	'');
INSERT INTO O_ID
	VALUES (0,
	"51d33202-1bc5-4cb1-87ab-6d049b279014");
INSERT INTO O_OIDA
	VALUES ("b827ec15-e42a-4709-883d-5ad8aafff754",
	"51d33202-1bc5-4cb1-87ab-6d049b279014",
	0,
	'pID');
INSERT INTO O_ID
	VALUES (1,
	"51d33202-1bc5-4cb1-87ab-6d049b279014");
INSERT INTO O_ID
	VALUES (2,
	"51d33202-1bc5-4cb1-87ab-6d049b279014");
INSERT INTO PE_PE
	VALUES ("9dbd3ae1-6411-42eb-972d-0740a28a8c2c",
	1,
	"747d9f71-31b7-4f12-9233-a2f00a2a8335",
	"00000000-0000-0000-0000-000000000000",
	4);
INSERT INTO O_OBJ
	VALUES ("9dbd3ae1-6411-42eb-972d-0740a28a8c2c",
	'car',
	9,
	'car',
	'',
	"00000000-0000-0000-0000-000000000000");
INSERT INTO O_NBATTR
	VALUES ("9572284e-1a83-497e-83db-f2402474ea3f",
	"9dbd3ae1-6411-42eb-972d-0740a28a8c2c");
INSERT INTO O_BATTR
	VALUES ("9572284e-1a83-497e-83db-f2402474ea3f",
	"9dbd3ae1-6411-42eb-972d-0740a28a8c2c");
INSERT INTO O_ATTR
	VALUES ("9572284e-1a83-497e-83db-f2402474ea3f",
	"9dbd3ae1-6411-42eb-972d-0740a28a8c2c",
	"00000000-0000-0000-0000-000000000000",
	'iID',
	'',
	'',
	'iID',
	0,
	"ba5eda7a-def5-0000-0000-000000000002",
	'',
	'');
INSERT INTO O_NBATTR
	VALUES ("31c8c901-f00d-48f3-ab8d-5976483ba920",
	"9dbd3ae1-6411-42eb-972d-0740a28a8c2c");
INSERT INTO O_BATTR
	VALUES ("31c8c901-f00d-48f3-ab8d-5976483ba920",
	"9dbd3ae1-6411-42eb-972d-0740a28a8c2c");
INSERT INTO O_ATTR
	VALUES ("31c8c901-f00d-48f3-ab8d-5976483ba920",
	"9dbd3ae1-6411-42eb-972d-0740a28a8c2c",
	"9572284e-1a83-497e-83db-f2402474ea3f",
	'common',
	'',
	'',
	'common',
	0,
	"ba5eda7a-def5-0000-0000-000000000002",
	'',
	'');
INSERT INTO O_ID
	VALUES (0,
	"9dbd3ae1-6411-42eb-972d-0740a28a8c2c");
INSERT INTO O_OIDA
	VALUES ("9572284e-1a83-497e-83db-f2402474ea3f",
	"9dbd3ae1-6411-42eb-972d-0740a28a8c2c",
	0,
	'iID');
INSERT INTO O_ID
	VALUES (1,
	"9dbd3ae1-6411-42eb-972d-0740a28a8c2c");
INSERT INTO O_ID
	VALUES (2,
	"9dbd3ae1-6411-42eb-972d-0740a28a8c2c");
INSERT INTO PE_PE
	VALUES ("2d8a3a17-c338-4915-b084-15abec5d8a3d",
	1,
	"747d9f71-31b7-4f12-9233-a2f00a2a8335",
	"00000000-0000-0000-0000-000000000000",
	4);
INSERT INTO O_OBJ
	VALUES ("2d8a3a17-c338-4915-b084-15abec5d8a3d",
	'dealer',
	26,
	'dealer',
	'',
	"00000000-0000-0000-0000-000000000000");
INSERT INTO O_NBATTR
	VALUES ("cb066c6c-d0e8-4f6e-b276-f26fd1aeb4c5",
	"2d8a3a17-c338-4915-b084-15abec5d8a3d");
INSERT INTO O_BATTR
	VALUES ("cb066c6c-d0e8-4f6e-b276-f26fd1aeb4c5",
	"2d8a3a17-c338-4915-b084-15abec5d8a3d");
INSERT INTO O_ATTR
	VALUES ("cb066c6c-d0e8-4f6e-b276-f26fd1aeb4c5",
	"2d8a3a17-c338-4915-b084-15abec5d8a3d",
	"00000000-0000-0000-0000-000000000000",
	'name',
	'',
	'',
	'name',
	0,
	"ba5eda7a-def5-0000-0000-000000000004",
	'',
	'');
INSERT INTO O_NBATTR
	VALUES ("852c7603-0eaf-4c35-813d-b897ff81937e",
	"2d8a3a17-c338-4915-b084-15abec5d8a3d");
INSERT INTO O_BATTR
	VALUES ("852c7603-0eaf-4c35-813d-b897ff81937e",
	"2d8a3a17-c338-4915-b084-15abec5d8a3d");
INSERT INTO O_ATTR
	VALUES ("852c7603-0eaf-4c35-813d-b897ff81937e",
	"2d8a3a17-c338-4915-b084-15abec5d8a3d",
	"cb066c6c-d0e8-4f6e-b276-f26fd1aeb4c5",
	'worth',
	'',
	'',
	'worth',
	0,
	"ba5eda7a-def5-0000-0000-000000000002",
	'',
	'');
INSERT INTO O_ID
	VALUES (0,
	"2d8a3a17-c338-4915-b084-15abec5d8a3d");
INSERT INTO O_OIDA
	VALUES ("cb066c6c-d0e8-4f6e-b276-f26fd1aeb4c5",
	"2d8a3a17-c338-4915-b084-15abec5d8a3d",
	0,
	'name');
INSERT INTO O_ID
	VALUES (1,
	"2d8a3a17-c338-4915-b084-15abec5d8a3d");
INSERT INTO O_ID
	VALUES (2,
	"2d8a3a17-c338-4915-b084-15abec5d8a3d");
INSERT INTO PE_PE
	VALUES ("c21a9ecf-e844-47a4-910a-7d8c7aa3d553",
	1,
	"747d9f71-31b7-4f12-9233-a2f00a2a8335",
	"00000000-0000-0000-0000-000000000000",
	4);
INSERT INTO O_OBJ
	VALUES ("c21a9ecf-e844-47a4-910a-7d8c7aa3d553",
	'device',
	8,
	'device',
	'',
	"00000000-0000-0000-0000-000000000000");
INSERT INTO O_NBATTR
	VALUES ("1dafc789-1342-4d0e-beff-7eabf04d8b9f",
	"c21a9ecf-e844-47a4-910a-7d8c7aa3d553");
INSERT INTO O_BATTR
	VALUES ("1dafc789-1342-4d0e-beff-7eabf04d8b9f",
	"c21a9ecf-e844-47a4-910a-7d8c7aa3d553");
INSERT INTO O_ATTR
	VALUES ("1dafc789-1342-4d0e-beff-7eabf04d8b9f",
	"c21a9ecf-e844-47a4-910a-7d8c7aa3d553",
	"00000000-0000-0000-0000-000000000000",
	'fID',
	'',
	'',
	'fID',
	0,
	"ba5eda7a-def5-0000-0000-000000000002",
	'',
	'');
INSERT INTO O_NBATTR
	VALUES ("20525d61-5696-4d97-8ee1-32371f03d1ee",
	"c21a9ecf-e844-47a4-910a-7d8c7aa3d553");
INSERT INTO O_BATTR
	VALUES ("20525d61-5696-4d97-8ee1-32371f03d1ee",
	"c21a9ecf-e844-47a4-910a-7d8c7aa3d553");
INSERT INTO O_ATTR
	VALUES ("20525d61-5696-4d97-8ee1-32371f03d1ee",
	"c21a9ecf-e844-47a4-910a-7d8c7aa3d553",
	"1dafc789-1342-4d0e-beff-7eabf04d8b9f",
	'enabled',
	'',
	'',
	'enabled',
	0,
	"ba5eda7a-def5-0000-0000-000000000001",
	'',
	'');
INSERT INTO O_ID
	VALUES (0,
	"c21a9ecf-e844-47a4-910a-7d8c7aa3d553");
INSERT INTO O_OIDA
	VALUES ("1dafc789-1342-4d0e-beff-7eabf04d8b9f",
	"c21a9ecf-e844-47a4-910a-7d8c7aa3d553",
	0,
	'fID');
INSERT INTO O_ID
	VALUES (1,
	"c21a9ecf-e844-47a4-910a-7d8c7aa3d553");
INSERT INTO O_ID
	VALUES (2,
	"c21a9ecf-e844-47a4-910a-7d8c7aa3d553");
INSERT INTO PE_PE
	VALUES ("8e6ffc50-e410-47a1-8bcf-8229c2ca4642",
	1,
	"747d9f71-31b7-4f12-9233-a2f00a2a8335",
	"00000000-0000-0000-0000-000000000000",
	4);
INSERT INTO O_OBJ
	VALUES ("8e6ffc50-e410-47a1-8bcf-8229c2ca4642",
	'dog_owner',
	4,
	'dog_owner',
	'',
	"00000000-0000-0000-0000-000000000000");
INSERT INTO O_NBATTR
	VALUES ("da4af3fb-69aa-4ece-b5cd-fbaae0d5a8cb",
	"8e6ffc50-e410-47a1-8bcf-8229c2ca4642");
INSERT INTO O_BATTR
	VALUES ("da4af3fb-69aa-4ece-b5cd-fbaae0d5a8cb",
	"8e6ffc50-e410-47a1-8bcf-8229c2ca4642");
INSERT INTO O_ATTR
	VALUES ("da4af3fb-69aa-4ece-b5cd-fbaae0d5a8cb",
	"8e6ffc50-e410-47a1-8bcf-8229c2ca4642",
	"00000000-0000-0000-0000-000000000000",
	'dID',
	'',
	'',
	'dID',
	0,
	"ba5eda7a-def5-0000-0000-000000000002",
	'',
	'');
INSERT INTO O_NBATTR
	VALUES ("b59b6082-04aa-4b90-93d5-fa0f4cbdf717",
	"8e6ffc50-e410-47a1-8bcf-8229c2ca4642");
INSERT INTO O_BATTR
	VALUES ("b59b6082-04aa-4b90-93d5-fa0f4cbdf717",
	"8e6ffc50-e410-47a1-8bcf-8229c2ca4642");
INSERT INTO O_ATTR
	VALUES ("b59b6082-04aa-4b90-93d5-fa0f4cbdf717",
	"8e6ffc50-e410-47a1-8bcf-8229c2ca4642",
	"da4af3fb-69aa-4ece-b5cd-fbaae0d5a8cb",
	'name',
	'',
	'',
	'name',
	0,
	"ba5eda7a-def5-0000-0000-000000000004",
	'',
	'');
INSERT INTO O_ID
	VALUES (0,
	"8e6ffc50-e410-47a1-8bcf-8229c2ca4642");
INSERT INTO O_OIDA
	VALUES ("da4af3fb-69aa-4ece-b5cd-fbaae0d5a8cb",
	"8e6ffc50-e410-47a1-8bcf-8229c2ca4642",
	0,
	'dID');
INSERT INTO O_ID
	VALUES (1,
	"8e6ffc50-e410-47a1-8bcf-8229c2ca4642");
INSERT INTO O_ID
	VALUES (2,
	"8e6ffc50-e410-47a1-8bcf-8229c2ca4642");
INSERT INTO PE_PE
	VALUES ("38f266c8-6c6c-48af-a7ef-9aa0763aa5e5",
	1,
	"747d9f71-31b7-4f12-9233-a2f00a2a8335",
	"00000000-0000-0000-0000-000000000000",
	4);
INSERT INTO O_OBJ
	VALUES ("38f266c8-6c6c-48af-a7ef-9aa0763aa5e5",
	'employee',
	14,
	'employee',
	'',
	"00000000-0000-0000-0000-000000000000");
INSERT INTO O_NBATTR
	VALUES ("6a5c3a7b-1189-44e1-9c39-f4fa98e7d31d",
	"38f266c8-6c6c-48af-a7ef-9aa0763aa5e5");
INSERT INTO O_BATTR
	VALUES ("6a5c3a7b-1189-44e1-9c39-f4fa98e7d31d",
	"38f266c8-6c6c-48af-a7ef-9aa0763aa5e5");
INSERT INTO O_ATTR
	VALUES ("6a5c3a7b-1189-44e1-9c39-f4fa98e7d31d",
	"38f266c8-6c6c-48af-a7ef-9aa0763aa5e5",
	"00000000-0000-0000-0000-000000000000",
	'nID',
	'',
	'',
	'nID',
	0,
	"ba5eda7a-def5-0000-0000-000000000002",
	'',
	'');
INSERT INTO O_NBATTR
	VALUES ("93a909b8-1bcc-471f-bc08-91a52102bf38",
	"38f266c8-6c6c-48af-a7ef-9aa0763aa5e5");
INSERT INTO O_BATTR
	VALUES ("93a909b8-1bcc-471f-bc08-91a52102bf38",
	"38f266c8-6c6c-48af-a7ef-9aa0763aa5e5");
INSERT INTO O_ATTR
	VALUES ("93a909b8-1bcc-471f-bc08-91a52102bf38",
	"38f266c8-6c6c-48af-a7ef-9aa0763aa5e5",
	"6a5c3a7b-1189-44e1-9c39-f4fa98e7d31d",
	'name',
	'',
	'',
	'name',
	0,
	"ba5eda7a-def5-0000-0000-000000000004",
	'',
	'');
INSERT INTO O_ID
	VALUES (0,
	"38f266c8-6c6c-48af-a7ef-9aa0763aa5e5");
INSERT INTO O_OIDA
	VALUES ("6a5c3a7b-1189-44e1-9c39-f4fa98e7d31d",
	"38f266c8-6c6c-48af-a7ef-9aa0763aa5e5",
	0,
	'nID');
INSERT INTO O_ID
	VALUES (1,
	"38f266c8-6c6c-48af-a7ef-9aa0763aa5e5");
INSERT INTO O_ID
	VALUES (2,
	"38f266c8-6c6c-48af-a7ef-9aa0763aa5e5");
INSERT INTO PE_PE
	VALUES ("37232c72-a7ed-4c17-9fbc-5129fd3a4bae",
	1,
	"747d9f71-31b7-4f12-9233-a2f00a2a8335",
	"00000000-0000-0000-0000-000000000000",
	4);
INSERT INTO O_OBJ
	VALUES ("37232c72-a7ed-4c17-9fbc-5129fd3a4bae",
	'friend',
	24,
	'friend',
	'',
	"00000000-0000-0000-0000-000000000000");
INSERT INTO O_NBATTR
	VALUES ("64e19701-0996-441a-b9ba-2eb09f2e9101",
	"37232c72-a7ed-4c17-9fbc-5129fd3a4bae");
INSERT INTO O_BATTR
	VALUES ("64e19701-0996-441a-b9ba-2eb09f2e9101",
	"37232c72-a7ed-4c17-9fbc-5129fd3a4bae");
INSERT INTO O_ATTR
	VALUES ("64e19701-0996-441a-b9ba-2eb09f2e9101",
	"37232c72-a7ed-4c17-9fbc-5129fd3a4bae",
	"00000000-0000-0000-0000-000000000000",
	'name',
	'',
	'',
	'name',
	0,
	"ba5eda7a-def5-0000-0000-000000000004",
	'',
	'');
INSERT INTO O_NBATTR
	VALUES ("37498bef-3676-4e9a-a074-be96b472c9c6",
	"37232c72-a7ed-4c17-9fbc-5129fd3a4bae");
INSERT INTO O_BATTR
	VALUES ("37498bef-3676-4e9a-a074-be96b472c9c6",
	"37232c72-a7ed-4c17-9fbc-5129fd3a4bae");
INSERT INTO O_ATTR
	VALUES ("37498bef-3676-4e9a-a074-be96b472c9c6",
	"37232c72-a7ed-4c17-9fbc-5129fd3a4bae",
	"64e19701-0996-441a-b9ba-2eb09f2e9101",
	'age',
	'',
	'',
	'age',
	0,
	"ba5eda7a-def5-0000-0000-000000000002",
	'',
	'');
INSERT INTO O_ID
	VALUES (0,
	"37232c72-a7ed-4c17-9fbc-5129fd3a4bae");
INSERT INTO O_OIDA
	VALUES ("64e19701-0996-441a-b9ba-2eb09f2e9101",
	"37232c72-a7ed-4c17-9fbc-5129fd3a4bae",
	0,
	'name');
INSERT INTO O_ID
	VALUES (1,
	"37232c72-a7ed-4c17-9fbc-5129fd3a4bae");
INSERT INTO O_ID
	VALUES (2,
	"37232c72-a7ed-4c17-9fbc-5129fd3a4bae");
INSERT INTO PE_PE
	VALUES ("1a0a7fbf-fcee-426a-a47f-eb1a0de6fbe2",
	1,
	"747d9f71-31b7-4f12-9233-a2f00a2a8335",
	"00000000-0000-0000-0000-000000000000",
	4);
INSERT INTO O_OBJ
	VALUES ("1a0a7fbf-fcee-426a-a47f-eb1a0de6fbe2",
	'friendship',
	25,
	'friendship',
	'',
	"00000000-0000-0000-0000-000000000000");
INSERT INTO O_NBATTR
	VALUES ("b1af3ae0-1b25-4e93-b799-b2d67cd410d7",
	"1a0a7fbf-fcee-426a-a47f-eb1a0de6fbe2");
INSERT INTO O_BATTR
	VALUES ("b1af3ae0-1b25-4e93-b799-b2d67cd410d7",
	"1a0a7fbf-fcee-426a-a47f-eb1a0de6fbe2");
INSERT INTO O_ATTR
	VALUES ("b1af3ae0-1b25-4e93-b799-b2d67cd410d7",
	"1a0a7fbf-fcee-426a-a47f-eb1a0de6fbe2",
	"00000000-0000-0000-0000-000000000000",
	'duration',
	'',
	'',
	'duration',
	0,
	"ba5eda7a-def5-0000-0000-000000000002",
	'',
	'');
INSERT INTO O_NBATTR
	VALUES ("125908c7-8f29-451c-afbf-096f1379ba1b",
	"1a0a7fbf-fcee-426a-a47f-eb1a0de6fbe2");
INSERT INTO O_BATTR
	VALUES ("125908c7-8f29-451c-afbf-096f1379ba1b",
	"1a0a7fbf-fcee-426a-a47f-eb1a0de6fbe2");
INSERT INTO O_ATTR
	VALUES ("125908c7-8f29-451c-afbf-096f1379ba1b",
	"1a0a7fbf-fcee-426a-a47f-eb1a0de6fbe2",
	"b1af3ae0-1b25-4e93-b799-b2d67cd410d7",
	'closeness',
	'',
	'',
	'closeness',
	0,
	"ba5eda7a-def5-0000-0000-000000000002",
	'',
	'');
INSERT INTO O_REF
	VALUES ("1a0a7fbf-fcee-426a-a47f-eb1a0de6fbe2",
	"37232c72-a7ed-4c17-9fbc-5129fd3a4bae",
	0,
	"64e19701-0996-441a-b9ba-2eb09f2e9101",
	"335e690e-68a7-436f-a7c2-a0c9c7dc0fd4",
	"b939ab9f-6392-4106-a6c8-3d41dd8f7a63",
	"10bf9cc1-ee02-4a4a-a015-ed252134dad1",
	"db4bd30a-fe74-4cd6-a1c1-2151638e0e61",
	"5bcf6960-8248-4a5b-a97e-3ba85e1eeefb",
	"00000000-0000-0000-0000-000000000000",
	0,
	'',
	'friend',
	'name',
	'R12.''is_buddy_of''');
INSERT INTO O_RATTR
	VALUES ("db4bd30a-fe74-4cd6-a1c1-2151638e0e61",
	"1a0a7fbf-fcee-426a-a47f-eb1a0de6fbe2",
	"64e19701-0996-441a-b9ba-2eb09f2e9101",
	"37232c72-a7ed-4c17-9fbc-5129fd3a4bae",
	0,
	'name');
INSERT INTO O_ATTR
	VALUES ("db4bd30a-fe74-4cd6-a1c1-2151638e0e61",
	"1a0a7fbf-fcee-426a-a47f-eb1a0de6fbe2",
	"125908c7-8f29-451c-afbf-096f1379ba1b",
	'pal',
	'',
	'',
	'pal',
	0,
	"ba5eda7a-def5-0000-0000-000000000007",
	'',
	'');
INSERT INTO O_REF
	VALUES ("1a0a7fbf-fcee-426a-a47f-eb1a0de6fbe2",
	"37232c72-a7ed-4c17-9fbc-5129fd3a4bae",
	0,
	"64e19701-0996-441a-b9ba-2eb09f2e9101",
	"335e690e-68a7-436f-a7c2-a0c9c7dc0fd4",
	"b939ab9f-6392-4106-a6c8-3d41dd8f7a63",
	"1d564457-14a1-4ea3-8d69-253ed74fb97c",
	"59dc3a2a-869e-413e-a5cb-366734641130",
	"07d9bc05-40f2-401a-9563-62f28c428910",
	"00000000-0000-0000-0000-000000000000",
	0,
	'',
	'friend',
	'name',
	'R12.''is_pal_of''');
INSERT INTO O_RATTR
	VALUES ("59dc3a2a-869e-413e-a5cb-366734641130",
	"1a0a7fbf-fcee-426a-a47f-eb1a0de6fbe2",
	"64e19701-0996-441a-b9ba-2eb09f2e9101",
	"37232c72-a7ed-4c17-9fbc-5129fd3a4bae",
	0,
	'name');
INSERT INTO O_ATTR
	VALUES ("59dc3a2a-869e-413e-a5cb-366734641130",
	"1a0a7fbf-fcee-426a-a47f-eb1a0de6fbe2",
	"db4bd30a-fe74-4cd6-a1c1-2151638e0e61",
	'buddy',
	'',
	'',
	'buddy',
	0,
	"ba5eda7a-def5-0000-0000-000000000007",
	'',
	'');
INSERT INTO O_ID
	VALUES (0,
	"1a0a7fbf-fcee-426a-a47f-eb1a0de6fbe2");
INSERT INTO O_OIDA
	VALUES ("59dc3a2a-869e-413e-a5cb-366734641130",
	"1a0a7fbf-fcee-426a-a47f-eb1a0de6fbe2",
	0,
	'buddy');
INSERT INTO O_OIDA
	VALUES ("db4bd30a-fe74-4cd6-a1c1-2151638e0e61",
	"1a0a7fbf-fcee-426a-a47f-eb1a0de6fbe2",
	0,
	'pal');
INSERT INTO O_ID
	VALUES (1,
	"1a0a7fbf-fcee-426a-a47f-eb1a0de6fbe2");
INSERT INTO O_ID
	VALUES (2,
	"1a0a7fbf-fcee-426a-a47f-eb1a0de6fbe2");
INSERT INTO PE_PE
	VALUES ("2b75ff93-ab57-42e7-8100-af7086b8d12b",
	1,
	"747d9f71-31b7-4f12-9233-a2f00a2a8335",
	"00000000-0000-0000-0000-000000000000",
	4);
INSERT INTO O_OBJ
	VALUES ("2b75ff93-ab57-42e7-8100-af7086b8d12b",
	'group_member',
	15,
	'group_member',
	'',
	"00000000-0000-0000-0000-000000000000");
INSERT INTO O_NBATTR
	VALUES ("924da7aa-e46a-4994-8f4e-a0eb1af35023",
	"2b75ff93-ab57-42e7-8100-af7086b8d12b");
INSERT INTO O_BATTR
	VALUES ("924da7aa-e46a-4994-8f4e-a0eb1af35023",
	"2b75ff93-ab57-42e7-8100-af7086b8d12b");
INSERT INTO O_ATTR
	VALUES ("924da7aa-e46a-4994-8f4e-a0eb1af35023",
	"2b75ff93-ab57-42e7-8100-af7086b8d12b",
	"00000000-0000-0000-0000-000000000000",
	'oID',
	'',
	'',
	'oID',
	0,
	"ba5eda7a-def5-0000-0000-000000000002",
	'',
	'');
INSERT INTO O_NBATTR
	VALUES ("33dd7d3f-48dc-4dc4-8751-531348695b48",
	"2b75ff93-ab57-42e7-8100-af7086b8d12b");
INSERT INTO O_BATTR
	VALUES ("33dd7d3f-48dc-4dc4-8751-531348695b48",
	"2b75ff93-ab57-42e7-8100-af7086b8d12b");
INSERT INTO O_ATTR
	VALUES ("33dd7d3f-48dc-4dc4-8751-531348695b48",
	"2b75ff93-ab57-42e7-8100-af7086b8d12b",
	"924da7aa-e46a-4994-8f4e-a0eb1af35023",
	'voo',
	'',
	'',
	'voo',
	0,
	"ba5eda7a-def5-0000-0000-000000000004",
	'',
	'');
INSERT INTO O_REF
	VALUES ("2b75ff93-ab57-42e7-8100-af7086b8d12b",
	"2b75ff93-ab57-42e7-8100-af7086b8d12b",
	0,
	"924da7aa-e46a-4994-8f4e-a0eb1af35023",
	"5c4fbd89-e86f-48d7-9a05-d562e12be703",
	"718de396-430c-406d-a775-0f0673500013",
	"2679fefc-f60d-463b-9e37-a831ceed9555",
	"ea9cf8fb-0ddc-4b3d-b43a-62b062173514",
	"eb82a21c-c95d-49c3-90e8-9034964590aa",
	"00000000-0000-0000-0000-000000000000",
	0,
	'',
	'group_member',
	'oID',
	'R8.''learns_from''');
INSERT INTO O_RATTR
	VALUES ("ea9cf8fb-0ddc-4b3d-b43a-62b062173514",
	"2b75ff93-ab57-42e7-8100-af7086b8d12b",
	"924da7aa-e46a-4994-8f4e-a0eb1af35023",
	"2b75ff93-ab57-42e7-8100-af7086b8d12b",
	1,
	'oID');
INSERT INTO O_ATTR
	VALUES ("ea9cf8fb-0ddc-4b3d-b43a-62b062173514",
	"2b75ff93-ab57-42e7-8100-af7086b8d12b",
	"33dd7d3f-48dc-4dc4-8751-531348695b48",
	'teacheroID',
	'',
	'teacher',
	'oID',
	1,
	"ba5eda7a-def5-0000-0000-000000000007",
	'',
	'');
INSERT INTO O_ID
	VALUES (0,
	"2b75ff93-ab57-42e7-8100-af7086b8d12b");
INSERT INTO O_OIDA
	VALUES ("924da7aa-e46a-4994-8f4e-a0eb1af35023",
	"2b75ff93-ab57-42e7-8100-af7086b8d12b",
	0,
	'oID');
INSERT INTO O_ID
	VALUES (1,
	"2b75ff93-ab57-42e7-8100-af7086b8d12b");
INSERT INTO O_ID
	VALUES (2,
	"2b75ff93-ab57-42e7-8100-af7086b8d12b");
INSERT INTO PE_PE
	VALUES ("6ee088c1-7097-4fe8-96fc-815a18b47c81",
	1,
	"747d9f71-31b7-4f12-9233-a2f00a2a8335",
	"00000000-0000-0000-0000-000000000000",
	4);
INSERT INTO O_OBJ
	VALUES ("6ee088c1-7097-4fe8-96fc-815a18b47c81",
	'host',
	7,
	'host',
	'',
	"00000000-0000-0000-0000-000000000000");
INSERT INTO O_NBATTR
	VALUES ("5438df3e-19d1-4d42-97ac-96ff3e4817ba",
	"6ee088c1-7097-4fe8-96fc-815a18b47c81");
INSERT INTO O_BATTR
	VALUES ("5438df3e-19d1-4d42-97ac-96ff3e4817ba",
	"6ee088c1-7097-4fe8-96fc-815a18b47c81");
INSERT INTO O_ATTR
	VALUES ("5438df3e-19d1-4d42-97ac-96ff3e4817ba",
	"6ee088c1-7097-4fe8-96fc-815a18b47c81",
	"00000000-0000-0000-0000-000000000000",
	'eID',
	'',
	'',
	'eID',
	0,
	"ba5eda7a-def5-0000-0000-000000000002",
	'',
	'');
INSERT INTO O_NBATTR
	VALUES ("145b43cf-9c87-4054-9f18-19d6db29a694",
	"6ee088c1-7097-4fe8-96fc-815a18b47c81");
INSERT INTO O_BATTR
	VALUES ("145b43cf-9c87-4054-9f18-19d6db29a694",
	"6ee088c1-7097-4fe8-96fc-815a18b47c81");
INSERT INTO O_ATTR
	VALUES ("145b43cf-9c87-4054-9f18-19d6db29a694",
	"6ee088c1-7097-4fe8-96fc-815a18b47c81",
	"5438df3e-19d1-4d42-97ac-96ff3e4817ba",
	'ratio',
	'',
	'',
	'ratio',
	0,
	"ba5eda7a-def5-0000-0000-000000000003",
	'',
	'');
INSERT INTO O_ID
	VALUES (0,
	"6ee088c1-7097-4fe8-96fc-815a18b47c81");
INSERT INTO O_OIDA
	VALUES ("5438df3e-19d1-4d42-97ac-96ff3e4817ba",
	"6ee088c1-7097-4fe8-96fc-815a18b47c81",
	0,
	'eID');
INSERT INTO O_ID
	VALUES (1,
	"6ee088c1-7097-4fe8-96fc-815a18b47c81");
INSERT INTO O_ID
	VALUES (2,
	"6ee088c1-7097-4fe8-96fc-815a18b47c81");
INSERT INTO PE_PE
	VALUES ("6804fe30-06ab-4a76-91ef-cf622b4abd28",
	1,
	"747d9f71-31b7-4f12-9233-a2f00a2a8335",
	"00000000-0000-0000-0000-000000000000",
	4);
INSERT INTO O_OBJ
	VALUES ("6804fe30-06ab-4a76-91ef-cf622b4abd28",
	'jurisdiction',
	17,
	'jurisdiction',
	'',
	"00000000-0000-0000-0000-000000000000");
INSERT INTO O_NBATTR
	VALUES ("4c104e27-16ae-471e-a357-690eebee223e",
	"6804fe30-06ab-4a76-91ef-cf622b4abd28");
INSERT INTO O_BATTR
	VALUES ("4c104e27-16ae-471e-a357-690eebee223e",
	"6804fe30-06ab-4a76-91ef-cf622b4abd28");
INSERT INTO O_ATTR
	VALUES ("4c104e27-16ae-471e-a357-690eebee223e",
	"6804fe30-06ab-4a76-91ef-cf622b4abd28",
	"00000000-0000-0000-0000-000000000000",
	'qID',
	'',
	'',
	'qID',
	0,
	"ba5eda7a-def5-0000-0000-000000000002",
	'',
	'');
INSERT INTO O_NBATTR
	VALUES ("135877d5-2a8a-4419-9877-a691e9cf76f1",
	"6804fe30-06ab-4a76-91ef-cf622b4abd28");
INSERT INTO O_BATTR
	VALUES ("135877d5-2a8a-4419-9877-a691e9cf76f1",
	"6804fe30-06ab-4a76-91ef-cf622b4abd28");
INSERT INTO O_ATTR
	VALUES ("135877d5-2a8a-4419-9877-a691e9cf76f1",
	"6804fe30-06ab-4a76-91ef-cf622b4abd28",
	"4c104e27-16ae-471e-a357-690eebee223e",
	'deeeye',
	'',
	'',
	'deeeye',
	0,
	"ba5eda7a-def5-0000-0000-000000000004",
	'',
	'');
INSERT INTO O_ID
	VALUES (0,
	"6804fe30-06ab-4a76-91ef-cf622b4abd28");
INSERT INTO O_OIDA
	VALUES ("4c104e27-16ae-471e-a357-690eebee223e",
	"6804fe30-06ab-4a76-91ef-cf622b4abd28",
	0,
	'qID');
INSERT INTO O_ID
	VALUES (1,
	"6804fe30-06ab-4a76-91ef-cf622b4abd28");
INSERT INTO O_ID
	VALUES (2,
	"6804fe30-06ab-4a76-91ef-cf622b4abd28");
INSERT INTO PE_PE
	VALUES ("e46bd84d-ce9b-4e47-b607-5c2663f180d1",
	1,
	"747d9f71-31b7-4f12-9233-a2f00a2a8335",
	"00000000-0000-0000-0000-000000000000",
	4);
INSERT INTO O_OBJ
	VALUES ("e46bd84d-ce9b-4e47-b607-5c2663f180d1",
	'license',
	18,
	'license',
	'',
	"00000000-0000-0000-0000-000000000000");
INSERT INTO O_NBATTR
	VALUES ("e1e40aa5-3864-42d0-a8c6-0c4d6f9a27a8",
	"e46bd84d-ce9b-4e47-b607-5c2663f180d1");
INSERT INTO O_BATTR
	VALUES ("e1e40aa5-3864-42d0-a8c6-0c4d6f9a27a8",
	"e46bd84d-ce9b-4e47-b607-5c2663f180d1");
INSERT INTO O_ATTR
	VALUES ("e1e40aa5-3864-42d0-a8c6-0c4d6f9a27a8",
	"e46bd84d-ce9b-4e47-b607-5c2663f180d1",
	"00000000-0000-0000-0000-000000000000",
	'rID',
	'',
	'',
	'rID',
	0,
	"ba5eda7a-def5-0000-0000-000000000002",
	'',
	'');
INSERT INTO O_NBATTR
	VALUES ("b4cf0fec-f4ee-429e-8b09-d8742eee8381",
	"e46bd84d-ce9b-4e47-b607-5c2663f180d1");
INSERT INTO O_BATTR
	VALUES ("b4cf0fec-f4ee-429e-8b09-d8742eee8381",
	"e46bd84d-ce9b-4e47-b607-5c2663f180d1");
INSERT INTO O_ATTR
	VALUES ("b4cf0fec-f4ee-429e-8b09-d8742eee8381",
	"e46bd84d-ce9b-4e47-b607-5c2663f180d1",
	"e1e40aa5-3864-42d0-a8c6-0c4d6f9a27a8",
	'city',
	'',
	'',
	'city',
	0,
	"ba5eda7a-def5-0000-0000-000000000004",
	'',
	'');
INSERT INTO O_REF
	VALUES ("e46bd84d-ce9b-4e47-b607-5c2663f180d1",
	"51d33202-1bc5-4cb1-87ab-6d049b279014",
	0,
	"b827ec15-e42a-4709-883d-5ad8aafff754",
	"0b47783f-a691-4a8b-95d1-90f6cd82c170",
	"22132d21-4ec0-48f0-b14e-05cacf4d9e7b",
	"f6b8c913-7bb0-4074-af7f-7c6ff0ad0b81",
	"8c74ca1f-4f20-48dc-af62-4eac923ecccc",
	"767ee026-706a-41c1-bb6b-99771ce057c6",
	"00000000-0000-0000-0000-000000000000",
	0,
	'',
	'automobile',
	'pID',
	'R9.''licenses''');
INSERT INTO O_RATTR
	VALUES ("8c74ca1f-4f20-48dc-af62-4eac923ecccc",
	"e46bd84d-ce9b-4e47-b607-5c2663f180d1",
	"b827ec15-e42a-4709-883d-5ad8aafff754",
	"51d33202-1bc5-4cb1-87ab-6d049b279014",
	1,
	'pID');
INSERT INTO O_ATTR
	VALUES ("8c74ca1f-4f20-48dc-af62-4eac923ecccc",
	"e46bd84d-ce9b-4e47-b607-5c2663f180d1",
	"b4cf0fec-f4ee-429e-8b09-d8742eee8381",
	'pID',
	'',
	'',
	'pID',
	0,
	"ba5eda7a-def5-0000-0000-000000000007",
	'',
	'');
INSERT INTO O_REF
	VALUES ("e46bd84d-ce9b-4e47-b607-5c2663f180d1",
	"6804fe30-06ab-4a76-91ef-cf622b4abd28",
	0,
	"4c104e27-16ae-471e-a357-690eebee223e",
	"0b47783f-a691-4a8b-95d1-90f6cd82c170",
	"22132d21-4ec0-48f0-b14e-05cacf4d9e7b",
	"9eb6cc98-0da5-45b1-a01e-9c0c4b1d4e6a",
	"b61ffabc-55c9-4e90-a8fb-65db2a5da2a1",
	"8774f90a-a8ae-400e-9ee4-3318726f8ece",
	"00000000-0000-0000-0000-000000000000",
	0,
	'',
	'jurisdiction',
	'qID',
	'R9.''is_licensed_in''');
INSERT INTO O_RATTR
	VALUES ("b61ffabc-55c9-4e90-a8fb-65db2a5da2a1",
	"e46bd84d-ce9b-4e47-b607-5c2663f180d1",
	"4c104e27-16ae-471e-a357-690eebee223e",
	"6804fe30-06ab-4a76-91ef-cf622b4abd28",
	1,
	'qID');
INSERT INTO O_ATTR
	VALUES ("b61ffabc-55c9-4e90-a8fb-65db2a5da2a1",
	"e46bd84d-ce9b-4e47-b607-5c2663f180d1",
	"8c74ca1f-4f20-48dc-af62-4eac923ecccc",
	'qID',
	'',
	'',
	'qID',
	0,
	"ba5eda7a-def5-0000-0000-000000000007",
	'',
	'');
INSERT INTO O_ID
	VALUES (0,
	"e46bd84d-ce9b-4e47-b607-5c2663f180d1");
INSERT INTO O_OIDA
	VALUES ("b61ffabc-55c9-4e90-a8fb-65db2a5da2a1",
	"e46bd84d-ce9b-4e47-b607-5c2663f180d1",
	0,
	'qID');
INSERT INTO O_OIDA
	VALUES ("8c74ca1f-4f20-48dc-af62-4eac923ecccc",
	"e46bd84d-ce9b-4e47-b607-5c2663f180d1",
	0,
	'pID');
INSERT INTO O_ID
	VALUES (1,
	"e46bd84d-ce9b-4e47-b607-5c2663f180d1");
INSERT INTO O_ID
	VALUES (2,
	"e46bd84d-ce9b-4e47-b607-5c2663f180d1");
INSERT INTO PE_PE
	VALUES ("16f7cfb9-3145-4027-8b3a-13a0b9770ae3",
	1,
	"747d9f71-31b7-4f12-9233-a2f00a2a8335",
	"00000000-0000-0000-0000-000000000000",
	4);
INSERT INTO O_OBJ
	VALUES ("16f7cfb9-3145-4027-8b3a-13a0b9770ae3",
	'person',
	23,
	'person',
	'',
	"00000000-0000-0000-0000-000000000000");
INSERT INTO O_NBATTR
	VALUES ("511a2f25-ac39-40ca-8751-6d3e31a61852",
	"16f7cfb9-3145-4027-8b3a-13a0b9770ae3");
INSERT INTO O_BATTR
	VALUES ("511a2f25-ac39-40ca-8751-6d3e31a61852",
	"16f7cfb9-3145-4027-8b3a-13a0b9770ae3");
INSERT INTO O_ATTR
	VALUES ("511a2f25-ac39-40ca-8751-6d3e31a61852",
	"16f7cfb9-3145-4027-8b3a-13a0b9770ae3",
	"00000000-0000-0000-0000-000000000000",
	'name',
	'',
	'',
	'name',
	0,
	"ba5eda7a-def5-0000-0000-000000000004",
	'',
	'');
INSERT INTO O_ID
	VALUES (0,
	"16f7cfb9-3145-4027-8b3a-13a0b9770ae3");
INSERT INTO O_OIDA
	VALUES ("511a2f25-ac39-40ca-8751-6d3e31a61852",
	"16f7cfb9-3145-4027-8b3a-13a0b9770ae3",
	0,
	'name');
INSERT INTO O_ID
	VALUES (1,
	"16f7cfb9-3145-4027-8b3a-13a0b9770ae3");
INSERT INTO O_ID
	VALUES (2,
	"16f7cfb9-3145-4027-8b3a-13a0b9770ae3");
INSERT INTO PE_PE
	VALUES ("19e5ff06-3b46-4569-a048-93bb3afac2ba",
	1,
	"747d9f71-31b7-4f12-9233-a2f00a2a8335",
	"00000000-0000-0000-0000-000000000000",
	4);
INSERT INTO O_OBJ
	VALUES ("19e5ff06-3b46-4569-a048-93bb3afac2ba",
	'report_line',
	13,
	'report_line',
	'',
	"00000000-0000-0000-0000-000000000000");
INSERT INTO O_NBATTR
	VALUES ("06f2703e-9582-4713-810a-34cfa79097c8",
	"19e5ff06-3b46-4569-a048-93bb3afac2ba");
INSERT INTO O_BATTR
	VALUES ("06f2703e-9582-4713-810a-34cfa79097c8",
	"19e5ff06-3b46-4569-a048-93bb3afac2ba");
INSERT INTO O_ATTR
	VALUES ("06f2703e-9582-4713-810a-34cfa79097c8",
	"19e5ff06-3b46-4569-a048-93bb3afac2ba",
	"00000000-0000-0000-0000-000000000000",
	'mID',
	'',
	'',
	'mID',
	0,
	"ba5eda7a-def5-0000-0000-000000000002",
	'',
	'');
INSERT INTO O_REF
	VALUES ("19e5ff06-3b46-4569-a048-93bb3afac2ba",
	"38f266c8-6c6c-48af-a7ef-9aa0763aa5e5",
	0,
	"6a5c3a7b-1189-44e1-9c39-f4fa98e7d31d",
	"61977fa6-739c-4021-ad2e-d8d060cc4bf8",
	"5297c086-f386-44ff-81ec-cf48d1ca8c21",
	"cef81226-baf5-46ff-b69a-41a7a7884a7b",
	"45c4f503-1b2c-4a3c-9dc4-25565d6428ea",
	"c8f435f0-15d9-4870-b095-d8a30fd14c0c",
	"00000000-0000-0000-0000-000000000000",
	0,
	'',
	'employee',
	'nID',
	'R7.''manages''');
INSERT INTO O_RATTR
	VALUES ("45c4f503-1b2c-4a3c-9dc4-25565d6428ea",
	"19e5ff06-3b46-4569-a048-93bb3afac2ba",
	"6a5c3a7b-1189-44e1-9c39-f4fa98e7d31d",
	"38f266c8-6c6c-48af-a7ef-9aa0763aa5e5",
	1,
	'nID');
INSERT INTO O_ATTR
	VALUES ("45c4f503-1b2c-4a3c-9dc4-25565d6428ea",
	"19e5ff06-3b46-4569-a048-93bb3afac2ba",
	"06f2703e-9582-4713-810a-34cfa79097c8",
	'manages_nID',
	'',
	'manages_',
	'nID',
	1,
	"ba5eda7a-def5-0000-0000-000000000007",
	'',
	'');
INSERT INTO O_REF
	VALUES ("19e5ff06-3b46-4569-a048-93bb3afac2ba",
	"38f266c8-6c6c-48af-a7ef-9aa0763aa5e5",
	0,
	"6a5c3a7b-1189-44e1-9c39-f4fa98e7d31d",
	"61977fa6-739c-4021-ad2e-d8d060cc4bf8",
	"5297c086-f386-44ff-81ec-cf48d1ca8c21",
	"10662964-0410-4413-bf87-8eae55766bd7",
	"4fcbe30d-c7e0-4893-951c-e53d5d75b06e",
	"ba18d2ce-214d-4d99-abd2-e198bfe6c89c",
	"00000000-0000-0000-0000-000000000000",
	0,
	'',
	'employee',
	'nID',
	'R7.''works_for''');
INSERT INTO O_RATTR
	VALUES ("4fcbe30d-c7e0-4893-951c-e53d5d75b06e",
	"19e5ff06-3b46-4569-a048-93bb3afac2ba",
	"6a5c3a7b-1189-44e1-9c39-f4fa98e7d31d",
	"38f266c8-6c6c-48af-a7ef-9aa0763aa5e5",
	1,
	'nID');
INSERT INTO O_ATTR
	VALUES ("4fcbe30d-c7e0-4893-951c-e53d5d75b06e",
	"19e5ff06-3b46-4569-a048-93bb3afac2ba",
	"45c4f503-1b2c-4a3c-9dc4-25565d6428ea",
	'works_for_nID',
	'',
	'works_for_',
	'nID',
	1,
	"ba5eda7a-def5-0000-0000-000000000007",
	'',
	'');
INSERT INTO O_NBATTR
	VALUES ("7b387117-603b-4f26-b11f-6012e5d1c709",
	"19e5ff06-3b46-4569-a048-93bb3afac2ba");
INSERT INTO O_BATTR
	VALUES ("7b387117-603b-4f26-b11f-6012e5d1c709",
	"19e5ff06-3b46-4569-a048-93bb3afac2ba");
INSERT INTO O_ATTR
	VALUES ("7b387117-603b-4f26-b11f-6012e5d1c709",
	"19e5ff06-3b46-4569-a048-93bb3afac2ba",
	"4fcbe30d-c7e0-4893-951c-e53d5d75b06e",
	'department',
	'',
	'',
	'department',
	0,
	"ba5eda7a-def5-0000-0000-000000000004",
	'',
	'');
INSERT INTO O_ID
	VALUES (0,
	"19e5ff06-3b46-4569-a048-93bb3afac2ba");
INSERT INTO O_OIDA
	VALUES ("06f2703e-9582-4713-810a-34cfa79097c8",
	"19e5ff06-3b46-4569-a048-93bb3afac2ba",
	0,
	'mID');
INSERT INTO O_ID
	VALUES (1,
	"19e5ff06-3b46-4569-a048-93bb3afac2ba");
INSERT INTO O_OIDA
	VALUES ("4fcbe30d-c7e0-4893-951c-e53d5d75b06e",
	"19e5ff06-3b46-4569-a048-93bb3afac2ba",
	1,
	'works_for_nID');
INSERT INTO O_OIDA
	VALUES ("45c4f503-1b2c-4a3c-9dc4-25565d6428ea",
	"19e5ff06-3b46-4569-a048-93bb3afac2ba",
	1,
	'manages_nID');
INSERT INTO O_ID
	VALUES (2,
	"19e5ff06-3b46-4569-a048-93bb3afac2ba");
INSERT INTO PE_PE
	VALUES ("7f6f388d-edba-4bfb-b83c-533ee6906124",
	1,
	"747d9f71-31b7-4f12-9233-a2f00a2a8335",
	"00000000-0000-0000-0000-000000000000",
	4);
INSERT INTO O_OBJ
	VALUES ("7f6f388d-edba-4bfb-b83c-533ee6906124",
	'sample',
	20,
	'sample',
	'',
	"00000000-0000-0000-0000-000000000000");
INSERT INTO O_NBATTR
	VALUES ("d8239b0c-3bf7-4803-85ce-207d1253ef82",
	"7f6f388d-edba-4bfb-b83c-533ee6906124");
INSERT INTO O_BATTR
	VALUES ("d8239b0c-3bf7-4803-85ce-207d1253ef82",
	"7f6f388d-edba-4bfb-b83c-533ee6906124");
INSERT INTO O_ATTR
	VALUES ("d8239b0c-3bf7-4803-85ce-207d1253ef82",
	"7f6f388d-edba-4bfb-b83c-533ee6906124",
	"00000000-0000-0000-0000-000000000000",
	'uID',
	'',
	'',
	'uID',
	0,
	"ba5eda7a-def5-0000-0000-000000000002",
	'',
	'');
INSERT INTO O_NBATTR
	VALUES ("aafed48c-0ed9-4817-81b8-fbd9965ebb09",
	"7f6f388d-edba-4bfb-b83c-533ee6906124");
INSERT INTO O_BATTR
	VALUES ("aafed48c-0ed9-4817-81b8-fbd9965ebb09",
	"7f6f388d-edba-4bfb-b83c-533ee6906124");
INSERT INTO O_ATTR
	VALUES ("aafed48c-0ed9-4817-81b8-fbd9965ebb09",
	"7f6f388d-edba-4bfb-b83c-533ee6906124",
	"d8239b0c-3bf7-4803-85ce-207d1253ef82",
	's',
	'',
	'',
	's',
	0,
	"ba5eda7a-def5-0000-0000-000000000004",
	'',
	'');
INSERT INTO O_REF
	VALUES ("7f6f388d-edba-4bfb-b83c-533ee6906124",
	"7f36c39d-4387-48b0-81be-bd38a72789eb",
	0,
	"98ce2c12-c88c-4b29-a050-efe104351580",
	"c07b0f46-6196-4dc6-86cb-6e62653bd340",
	"7de3439c-c6b2-4cc0-989a-0c9c9e1ec298",
	"c30dde83-bc49-48be-922d-941102c82296",
	"a6c5844d-2860-4d1e-b4bb-575ae11ca761",
	"df2aba4b-0459-4596-a5e5-8704231ed980",
	"00000000-0000-0000-0000-000000000000",
	0,
	'',
	'AtoD_converter',
	'sID',
	'R10.''is_sampled_by''');
INSERT INTO O_RATTR
	VALUES ("a6c5844d-2860-4d1e-b4bb-575ae11ca761",
	"7f6f388d-edba-4bfb-b83c-533ee6906124",
	"98ce2c12-c88c-4b29-a050-efe104351580",
	"7f36c39d-4387-48b0-81be-bd38a72789eb",
	1,
	'sID');
INSERT INTO O_ATTR
	VALUES ("a6c5844d-2860-4d1e-b4bb-575ae11ca761",
	"7f6f388d-edba-4bfb-b83c-533ee6906124",
	"aafed48c-0ed9-4817-81b8-fbd9965ebb09",
	'sID',
	'',
	'',
	'sID',
	0,
	"ba5eda7a-def5-0000-0000-000000000007",
	'',
	'');
INSERT INTO O_REF
	VALUES ("7f6f388d-edba-4bfb-b83c-533ee6906124",
	"9de905e1-46fc-4263-835c-6063781f6921",
	0,
	"ac32b640-ce20-4882-aaf9-9990f3510e5c",
	"c07b0f46-6196-4dc6-86cb-6e62653bd340",
	"7de3439c-c6b2-4cc0-989a-0c9c9e1ec298",
	"23268f3f-0a2f-46cc-9d4e-306104fc6f0b",
	"1daa2281-2e22-4f57-8a43-408113380d89",
	"204719ed-c6a0-418e-9669-5f619a639170",
	"00000000-0000-0000-0000-000000000000",
	0,
	'',
	'analog_input',
	'tID',
	'R10.''samples''');
INSERT INTO O_RATTR
	VALUES ("1daa2281-2e22-4f57-8a43-408113380d89",
	"7f6f388d-edba-4bfb-b83c-533ee6906124",
	"ac32b640-ce20-4882-aaf9-9990f3510e5c",
	"9de905e1-46fc-4263-835c-6063781f6921",
	1,
	'tID');
INSERT INTO O_ATTR
	VALUES ("1daa2281-2e22-4f57-8a43-408113380d89",
	"7f6f388d-edba-4bfb-b83c-533ee6906124",
	"a6c5844d-2860-4d1e-b4bb-575ae11ca761",
	'tID',
	'',
	'',
	'tID',
	0,
	"ba5eda7a-def5-0000-0000-000000000007",
	'',
	'');
INSERT INTO O_ID
	VALUES (0,
	"7f6f388d-edba-4bfb-b83c-533ee6906124");
INSERT INTO O_OIDA
	VALUES ("d8239b0c-3bf7-4803-85ce-207d1253ef82",
	"7f6f388d-edba-4bfb-b83c-533ee6906124",
	0,
	'uID');
INSERT INTO O_ID
	VALUES (1,
	"7f6f388d-edba-4bfb-b83c-533ee6906124");
INSERT INTO O_OIDA
	VALUES ("a6c5844d-2860-4d1e-b4bb-575ae11ca761",
	"7f6f388d-edba-4bfb-b83c-533ee6906124",
	1,
	'sID');
INSERT INTO O_OIDA
	VALUES ("1daa2281-2e22-4f57-8a43-408113380d89",
	"7f6f388d-edba-4bfb-b83c-533ee6906124",
	1,
	'tID');
INSERT INTO O_ID
	VALUES (2,
	"7f6f388d-edba-4bfb-b83c-533ee6906124");
INSERT INTO PE_PE
	VALUES ("1bc2ff43-9ec6-4784-ba62-216cf22e5419",
	1,
	"747d9f71-31b7-4f12-9233-a2f00a2a8335",
	"00000000-0000-0000-0000-000000000000",
	4);
INSERT INTO O_OBJ
	VALUES ("1bc2ff43-9ec6-4784-ba62-216cf22e5419",
	'sedan',
	10,
	'sedan',
	'',
	"00000000-0000-0000-0000-000000000000");
INSERT INTO O_NBATTR
	VALUES ("a89cad1d-7c64-40d3-a1f6-46aeff8eecc4",
	"1bc2ff43-9ec6-4784-ba62-216cf22e5419");
INSERT INTO O_BATTR
	VALUES ("a89cad1d-7c64-40d3-a1f6-46aeff8eecc4",
	"1bc2ff43-9ec6-4784-ba62-216cf22e5419");
INSERT INTO O_ATTR
	VALUES ("a89cad1d-7c64-40d3-a1f6-46aeff8eecc4",
	"1bc2ff43-9ec6-4784-ba62-216cf22e5419",
	"00000000-0000-0000-0000-000000000000",
	'jID',
	'',
	'',
	'jID',
	0,
	"ba5eda7a-def5-0000-0000-000000000002",
	'',
	'');
INSERT INTO O_NBATTR
	VALUES ("6ebfe7cd-36bb-4962-ac8b-8c98f040aeaf",
	"1bc2ff43-9ec6-4784-ba62-216cf22e5419");
INSERT INTO O_BATTR
	VALUES ("6ebfe7cd-36bb-4962-ac8b-8c98f040aeaf",
	"1bc2ff43-9ec6-4784-ba62-216cf22e5419");
INSERT INTO O_ATTR
	VALUES ("6ebfe7cd-36bb-4962-ac8b-8c98f040aeaf",
	"1bc2ff43-9ec6-4784-ba62-216cf22e5419",
	"a89cad1d-7c64-40d3-a1f6-46aeff8eecc4",
	'specialJ',
	'',
	'',
	'specialJ',
	0,
	"ba5eda7a-def5-0000-0000-000000000002",
	'',
	'');
INSERT INTO O_REF
	VALUES ("1bc2ff43-9ec6-4784-ba62-216cf22e5419",
	"9dbd3ae1-6411-42eb-972d-0740a28a8c2c",
	0,
	"9572284e-1a83-497e-83db-f2402474ea3f",
	"81de7908-4a0c-4e5d-b8d3-769156891cba",
	"8b9cb1f7-e381-43e6-bc40-55cd9713bb15",
	"2fa5e833-7b28-4f51-9733-3740bdc11dd4",
	"cdb708c4-30be-4bad-b9ca-3deef033e0f4",
	"af47a0be-2521-4e82-aab8-18ba8a2e8f6f",
	"00000000-0000-0000-0000-000000000000",
	0,
	'',
	'car',
	'iID',
	'R5');
INSERT INTO O_RATTR
	VALUES ("cdb708c4-30be-4bad-b9ca-3deef033e0f4",
	"1bc2ff43-9ec6-4784-ba62-216cf22e5419",
	"9572284e-1a83-497e-83db-f2402474ea3f",
	"9dbd3ae1-6411-42eb-972d-0740a28a8c2c",
	1,
	'iID');
INSERT INTO O_ATTR
	VALUES ("cdb708c4-30be-4bad-b9ca-3deef033e0f4",
	"1bc2ff43-9ec6-4784-ba62-216cf22e5419",
	"6ebfe7cd-36bb-4962-ac8b-8c98f040aeaf",
	'iID',
	'',
	'',
	'iID',
	0,
	"ba5eda7a-def5-0000-0000-000000000007",
	'',
	'');
INSERT INTO O_ID
	VALUES (0,
	"1bc2ff43-9ec6-4784-ba62-216cf22e5419");
INSERT INTO O_OIDA
	VALUES ("a89cad1d-7c64-40d3-a1f6-46aeff8eecc4",
	"1bc2ff43-9ec6-4784-ba62-216cf22e5419",
	0,
	'jID');
INSERT INTO O_ID
	VALUES (1,
	"1bc2ff43-9ec6-4784-ba62-216cf22e5419");
INSERT INTO O_OIDA
	VALUES ("cdb708c4-30be-4bad-b9ca-3deef033e0f4",
	"1bc2ff43-9ec6-4784-ba62-216cf22e5419",
	1,
	'iID');
INSERT INTO O_ID
	VALUES (2,
	"1bc2ff43-9ec6-4784-ba62-216cf22e5419");
INSERT INTO PE_PE
	VALUES ("4fe7dec5-7125-46ae-99c5-0fbe0635efc5",
	1,
	"747d9f71-31b7-4f12-9233-a2f00a2a8335",
	"00000000-0000-0000-0000-000000000000",
	4);
INSERT INTO O_OBJ
	VALUES ("4fe7dec5-7125-46ae-99c5-0fbe0635efc5",
	'socket',
	2,
	'socket',
	'',
	"00000000-0000-0000-0000-000000000000");
INSERT INTO O_NBATTR
	VALUES ("2b82901e-e972-452c-a5d0-a0071b9de93e",
	"4fe7dec5-7125-46ae-99c5-0fbe0635efc5");
INSERT INTO O_BATTR
	VALUES ("2b82901e-e972-452c-a5d0-a0071b9de93e",
	"4fe7dec5-7125-46ae-99c5-0fbe0635efc5");
INSERT INTO O_ATTR
	VALUES ("2b82901e-e972-452c-a5d0-a0071b9de93e",
	"4fe7dec5-7125-46ae-99c5-0fbe0635efc5",
	"00000000-0000-0000-0000-000000000000",
	'bID',
	'',
	'',
	'bID',
	0,
	"ba5eda7a-def5-0000-0000-000000000002",
	'',
	'');
INSERT INTO O_NBATTR
	VALUES ("b11a68ca-2126-49a6-aae6-5cfb689249ee",
	"4fe7dec5-7125-46ae-99c5-0fbe0635efc5");
INSERT INTO O_BATTR
	VALUES ("b11a68ca-2126-49a6-aae6-5cfb689249ee",
	"4fe7dec5-7125-46ae-99c5-0fbe0635efc5");
INSERT INTO O_ATTR
	VALUES ("b11a68ca-2126-49a6-aae6-5cfb689249ee",
	"4fe7dec5-7125-46ae-99c5-0fbe0635efc5",
	"2b82901e-e972-452c-a5d0-a0071b9de93e",
	'i',
	'',
	'',
	'i',
	0,
	"ba5eda7a-def5-0000-0000-000000000002",
	'',
	'');
INSERT INTO O_ID
	VALUES (0,
	"4fe7dec5-7125-46ae-99c5-0fbe0635efc5");
INSERT INTO O_OIDA
	VALUES ("2b82901e-e972-452c-a5d0-a0071b9de93e",
	"4fe7dec5-7125-46ae-99c5-0fbe0635efc5",
	0,
	'bID');
INSERT INTO O_ID
	VALUES (1,
	"4fe7dec5-7125-46ae-99c5-0fbe0635efc5");
INSERT INTO O_ID
	VALUES (2,
	"4fe7dec5-7125-46ae-99c5-0fbe0635efc5");
INSERT INTO PE_PE
	VALUES ("582d76c4-422e-4d9e-8361-55c5096acbfd",
	1,
	"747d9f71-31b7-4f12-9233-a2f00a2a8335",
	"00000000-0000-0000-0000-000000000000",
	4);
INSERT INTO O_OBJ
	VALUES ("582d76c4-422e-4d9e-8361-55c5096acbfd",
	'sports_car',
	11,
	'sports_car',
	'',
	"00000000-0000-0000-0000-000000000000");
INSERT INTO O_NBATTR
	VALUES ("ca96d5f1-9391-436b-ae90-deb24937c72f",
	"582d76c4-422e-4d9e-8361-55c5096acbfd");
INSERT INTO O_BATTR
	VALUES ("ca96d5f1-9391-436b-ae90-deb24937c72f",
	"582d76c4-422e-4d9e-8361-55c5096acbfd");
INSERT INTO O_ATTR
	VALUES ("ca96d5f1-9391-436b-ae90-deb24937c72f",
	"582d76c4-422e-4d9e-8361-55c5096acbfd",
	"00000000-0000-0000-0000-000000000000",
	'kID',
	'',
	'',
	'kID',
	0,
	"ba5eda7a-def5-0000-0000-000000000002",
	'',
	'');
INSERT INTO O_NBATTR
	VALUES ("c9b6f2fa-fdaf-4113-b031-e1fc255c100f",
	"582d76c4-422e-4d9e-8361-55c5096acbfd");
INSERT INTO O_BATTR
	VALUES ("c9b6f2fa-fdaf-4113-b031-e1fc255c100f",
	"582d76c4-422e-4d9e-8361-55c5096acbfd");
INSERT INTO O_ATTR
	VALUES ("c9b6f2fa-fdaf-4113-b031-e1fc255c100f",
	"582d76c4-422e-4d9e-8361-55c5096acbfd",
	"ca96d5f1-9391-436b-ae90-deb24937c72f",
	'specialcommon',
	'',
	'',
	'specialcommon',
	0,
	"ba5eda7a-def5-0000-0000-000000000002",
	'',
	'');
INSERT INTO O_REF
	VALUES ("582d76c4-422e-4d9e-8361-55c5096acbfd",
	"9dbd3ae1-6411-42eb-972d-0740a28a8c2c",
	0,
	"9572284e-1a83-497e-83db-f2402474ea3f",
	"81de7908-4a0c-4e5d-b8d3-769156891cba",
	"d20adf26-c874-4cc7-8394-e7eb3e99abae",
	"2fa5e833-7b28-4f51-9733-3740bdc11dd4",
	"49d963ba-b321-413e-959c-6fcd1552097e",
	"866c0735-bec8-43b0-a6ea-48239e563383",
	"00000000-0000-0000-0000-000000000000",
	0,
	'',
	'car',
	'iID',
	'R5');
INSERT INTO O_RATTR
	VALUES ("49d963ba-b321-413e-959c-6fcd1552097e",
	"582d76c4-422e-4d9e-8361-55c5096acbfd",
	"9572284e-1a83-497e-83db-f2402474ea3f",
	"9dbd3ae1-6411-42eb-972d-0740a28a8c2c",
	1,
	'iID');
INSERT INTO O_ATTR
	VALUES ("49d963ba-b321-413e-959c-6fcd1552097e",
	"582d76c4-422e-4d9e-8361-55c5096acbfd",
	"c9b6f2fa-fdaf-4113-b031-e1fc255c100f",
	'iID',
	'',
	'',
	'iID',
	0,
	"ba5eda7a-def5-0000-0000-000000000007",
	'',
	'');
INSERT INTO O_ID
	VALUES (0,
	"582d76c4-422e-4d9e-8361-55c5096acbfd");
INSERT INTO O_OIDA
	VALUES ("ca96d5f1-9391-436b-ae90-deb24937c72f",
	"582d76c4-422e-4d9e-8361-55c5096acbfd",
	0,
	'kID');
INSERT INTO O_ID
	VALUES (1,
	"582d76c4-422e-4d9e-8361-55c5096acbfd");
INSERT INTO O_OIDA
	VALUES ("49d963ba-b321-413e-959c-6fcd1552097e",
	"582d76c4-422e-4d9e-8361-55c5096acbfd",
	1,
	'iID');
INSERT INTO O_ID
	VALUES (2,
	"582d76c4-422e-4d9e-8361-55c5096acbfd");
INSERT INTO PE_PE
	VALUES ("2620e093-f578-450b-aabf-d9a801df6972",
	1,
	"747d9f71-31b7-4f12-9233-a2f00a2a8335",
	"00000000-0000-0000-0000-000000000000",
	4);
INSERT INTO O_OBJ
	VALUES ("2620e093-f578-450b-aabf-d9a801df6972",
	'transmission',
	5,
	'transmission',
	'',
	"00000000-0000-0000-0000-000000000000");
INSERT INTO O_NBATTR
	VALUES ("bd139488-e872-42b8-b2d5-548fdcb6ce53",
	"2620e093-f578-450b-aabf-d9a801df6972");
INSERT INTO O_BATTR
	VALUES ("bd139488-e872-42b8-b2d5-548fdcb6ce53",
	"2620e093-f578-450b-aabf-d9a801df6972");
INSERT INTO O_ATTR
	VALUES ("bd139488-e872-42b8-b2d5-548fdcb6ce53",
	"2620e093-f578-450b-aabf-d9a801df6972",
	"00000000-0000-0000-0000-000000000000",
	'hID',
	'',
	'',
	'hID',
	0,
	"ba5eda7a-def5-0000-0000-000000000002",
	'',
	'');
INSERT INTO O_REF
	VALUES ("2620e093-f578-450b-aabf-d9a801df6972",
	"2620e093-f578-450b-aabf-d9a801df6972",
	0,
	"bd139488-e872-42b8-b2d5-548fdcb6ce53",
	"ce3ff364-a822-4666-ae6e-57cdc648bf1c",
	"9c312d0e-ac02-4e93-b1e4-e07ab9bfb2bb",
	"7dd42418-e5d9-4bfd-b7ec-ddd4894e3498",
	"24ed18ae-79d8-41b1-bb41-baf9b5d48a2d",
	"813a524b-5e3d-4e48-8a58-0a200a2e8237",
	"00000000-0000-0000-0000-000000000000",
	0,
	'',
	'transmission',
	'hID',
	'R4.''follows''');
INSERT INTO O_RATTR
	VALUES ("24ed18ae-79d8-41b1-bb41-baf9b5d48a2d",
	"2620e093-f578-450b-aabf-d9a801df6972",
	"bd139488-e872-42b8-b2d5-548fdcb6ce53",
	"2620e093-f578-450b-aabf-d9a801df6972",
	0,
	'hID');
INSERT INTO O_ATTR
	VALUES ("24ed18ae-79d8-41b1-bb41-baf9b5d48a2d",
	"2620e093-f578-450b-aabf-d9a801df6972",
	"bd139488-e872-42b8-b2d5-548fdcb6ce53",
	'follows',
	'',
	'',
	'follows',
	0,
	"ba5eda7a-def5-0000-0000-000000000007",
	'',
	'');
INSERT INTO O_ID
	VALUES (0,
	"2620e093-f578-450b-aabf-d9a801df6972");
INSERT INTO O_OIDA
	VALUES ("bd139488-e872-42b8-b2d5-548fdcb6ce53",
	"2620e093-f578-450b-aabf-d9a801df6972",
	0,
	'hID');
INSERT INTO O_ID
	VALUES (1,
	"2620e093-f578-450b-aabf-d9a801df6972");
INSERT INTO O_ID
	VALUES (2,
	"2620e093-f578-450b-aabf-d9a801df6972");
INSERT INTO PE_PE
	VALUES ("9e07c28d-77a6-489a-85f6-d1ae2b7a22b4",
	1,
	"747d9f71-31b7-4f12-9233-a2f00a2a8335",
	"00000000-0000-0000-0000-000000000000",
	4);
INSERT INTO O_OBJ
	VALUES ("9e07c28d-77a6-489a-85f6-d1ae2b7a22b4",
	'plug',
	1,
	'plug',
	'',
	"00000000-0000-0000-0000-000000000000");
INSERT INTO O_NBATTR
	VALUES ("5e520841-63e4-41d1-9032-f82e71da4d3b",
	"9e07c28d-77a6-489a-85f6-d1ae2b7a22b4");
INSERT INTO O_BATTR
	VALUES ("5e520841-63e4-41d1-9032-f82e71da4d3b",
	"9e07c28d-77a6-489a-85f6-d1ae2b7a22b4");
INSERT INTO O_ATTR
	VALUES ("5e520841-63e4-41d1-9032-f82e71da4d3b",
	"9e07c28d-77a6-489a-85f6-d1ae2b7a22b4",
	"00000000-0000-0000-0000-000000000000",
	'aID',
	'',
	'',
	'aID',
	0,
	"ba5eda7a-def5-0000-0000-000000000002",
	'',
	'');
INSERT INTO O_NBATTR
	VALUES ("f60ba351-2e9d-4bee-8563-1c89949c07f9",
	"9e07c28d-77a6-489a-85f6-d1ae2b7a22b4");
INSERT INTO O_BATTR
	VALUES ("f60ba351-2e9d-4bee-8563-1c89949c07f9",
	"9e07c28d-77a6-489a-85f6-d1ae2b7a22b4");
INSERT INTO O_ATTR
	VALUES ("f60ba351-2e9d-4bee-8563-1c89949c07f9",
	"9e07c28d-77a6-489a-85f6-d1ae2b7a22b4",
	"5e520841-63e4-41d1-9032-f82e71da4d3b",
	'i',
	'',
	'',
	'i',
	0,
	"ba5eda7a-def5-0000-0000-000000000002",
	'',
	'');
INSERT INTO O_REF
	VALUES ("9e07c28d-77a6-489a-85f6-d1ae2b7a22b4",
	"4fe7dec5-7125-46ae-99c5-0fbe0635efc5",
	0,
	"2b82901e-e972-452c-a5d0-a0071b9de93e",
	"21892359-8dcf-4317-8a03-1a6591e96036",
	"298ea340-6041-4bf3-b470-8c94a476ed0e",
	"f53645c2-c4b8-4571-8a4c-c6fbfa669c9a",
	"8d379622-8ab3-4f31-84d9-4ce9157c474d",
	"205e1ca7-d04f-4337-8383-c015c4e77603",
	"00000000-0000-0000-0000-000000000000",
	0,
	'',
	'socket',
	'bID',
	'R1.''enters''');
INSERT INTO O_RATTR
	VALUES ("8d379622-8ab3-4f31-84d9-4ce9157c474d",
	"9e07c28d-77a6-489a-85f6-d1ae2b7a22b4",
	"2b82901e-e972-452c-a5d0-a0071b9de93e",
	"4fe7dec5-7125-46ae-99c5-0fbe0635efc5",
	1,
	'bID');
INSERT INTO O_ATTR
	VALUES ("8d379622-8ab3-4f31-84d9-4ce9157c474d",
	"9e07c28d-77a6-489a-85f6-d1ae2b7a22b4",
	"f60ba351-2e9d-4bee-8563-1c89949c07f9",
	'bID',
	'',
	'',
	'bID',
	0,
	"ba5eda7a-def5-0000-0000-000000000007",
	'',
	'');
INSERT INTO O_ID
	VALUES (0,
	"9e07c28d-77a6-489a-85f6-d1ae2b7a22b4");
INSERT INTO O_OIDA
	VALUES ("5e520841-63e4-41d1-9032-f82e71da4d3b",
	"9e07c28d-77a6-489a-85f6-d1ae2b7a22b4",
	0,
	'aID');
INSERT INTO O_ID
	VALUES (1,
	"9e07c28d-77a6-489a-85f6-d1ae2b7a22b4");
INSERT INTO O_ID
	VALUES (2,
	"9e07c28d-77a6-489a-85f6-d1ae2b7a22b4");
INSERT INTO PE_PE
	VALUES ("1303c58a-6a69-454d-8f4f-63a4c1d6bab1",
	1,
	"747d9f71-31b7-4f12-9233-a2f00a2a8335",
	"00000000-0000-0000-0000-000000000000",
	4);
INSERT INTO O_OBJ
	VALUES ("1303c58a-6a69-454d-8f4f-63a4c1d6bab1",
	'marriage',
	22,
	'marriage',
	'',
	"00000000-0000-0000-0000-000000000000");
INSERT INTO O_NBATTR
	VALUES ("a0e50b09-4277-4657-95fa-666127853312",
	"1303c58a-6a69-454d-8f4f-63a4c1d6bab1");
INSERT INTO O_BATTR
	VALUES ("a0e50b09-4277-4657-95fa-666127853312",
	"1303c58a-6a69-454d-8f4f-63a4c1d6bab1");
INSERT INTO O_ATTR
	VALUES ("a0e50b09-4277-4657-95fa-666127853312",
	"1303c58a-6a69-454d-8f4f-63a4c1d6bab1",
	"00000000-0000-0000-0000-000000000000",
	'vID',
	'',
	'',
	'vID',
	0,
	"ba5eda7a-def5-0000-0000-000000000002",
	'',
	'');
INSERT INTO O_NBATTR
	VALUES ("d82a0411-ea07-4bdb-a865-d30a24d46f09",
	"1303c58a-6a69-454d-8f4f-63a4c1d6bab1");
INSERT INTO O_BATTR
	VALUES ("d82a0411-ea07-4bdb-a865-d30a24d46f09",
	"1303c58a-6a69-454d-8f4f-63a4c1d6bab1");
INSERT INTO O_ATTR
	VALUES ("d82a0411-ea07-4bdb-a865-d30a24d46f09",
	"1303c58a-6a69-454d-8f4f-63a4c1d6bab1",
	"a0e50b09-4277-4657-95fa-666127853312",
	'year',
	'',
	'',
	'year',
	0,
	"ba5eda7a-def5-0000-0000-000000000002",
	'',
	'');
INSERT INTO O_REF
	VALUES ("1303c58a-6a69-454d-8f4f-63a4c1d6bab1",
	"16f7cfb9-3145-4027-8b3a-13a0b9770ae3",
	0,
	"511a2f25-ac39-40ca-8751-6d3e31a61852",
	"9024e829-870c-4da4-8fe9-ca288edc0839",
	"d4895ae1-3243-46e9-b9eb-ca623a40a56c",
	"dc49ae92-3260-4ab7-b5ec-c8647fe47a45",
	"c3fd110b-161f-440d-8763-23cd544d1e6c",
	"0d72fac9-c525-4e5a-b080-b09914f93890",
	"00000000-0000-0000-0000-000000000000",
	0,
	'',
	'person',
	'name',
	'R11.''is_husband_of''');
INSERT INTO O_RATTR
	VALUES ("c3fd110b-161f-440d-8763-23cd544d1e6c",
	"1303c58a-6a69-454d-8f4f-63a4c1d6bab1",
	"511a2f25-ac39-40ca-8751-6d3e31a61852",
	"16f7cfb9-3145-4027-8b3a-13a0b9770ae3",
	0,
	'name');
INSERT INTO O_ATTR
	VALUES ("c3fd110b-161f-440d-8763-23cd544d1e6c",
	"1303c58a-6a69-454d-8f4f-63a4c1d6bab1",
	"d82a0411-ea07-4bdb-a865-d30a24d46f09",
	'wife',
	'',
	'',
	'wife',
	0,
	"ba5eda7a-def5-0000-0000-000000000007",
	'',
	'');
INSERT INTO O_REF
	VALUES ("1303c58a-6a69-454d-8f4f-63a4c1d6bab1",
	"16f7cfb9-3145-4027-8b3a-13a0b9770ae3",
	0,
	"511a2f25-ac39-40ca-8751-6d3e31a61852",
	"9024e829-870c-4da4-8fe9-ca288edc0839",
	"d4895ae1-3243-46e9-b9eb-ca623a40a56c",
	"8d18bc2a-0d36-427a-a6f1-4c1a6515c7fb",
	"01b086d5-2097-425a-a7d4-13d3fcfa16a7",
	"2ae400b1-6ee2-4159-badc-d9417f290856",
	"00000000-0000-0000-0000-000000000000",
	0,
	'',
	'person',
	'name',
	'R11.''is_wife_of''');
INSERT INTO O_RATTR
	VALUES ("01b086d5-2097-425a-a7d4-13d3fcfa16a7",
	"1303c58a-6a69-454d-8f4f-63a4c1d6bab1",
	"511a2f25-ac39-40ca-8751-6d3e31a61852",
	"16f7cfb9-3145-4027-8b3a-13a0b9770ae3",
	0,
	'name');
INSERT INTO O_ATTR
	VALUES ("01b086d5-2097-425a-a7d4-13d3fcfa16a7",
	"1303c58a-6a69-454d-8f4f-63a4c1d6bab1",
	"c3fd110b-161f-440d-8763-23cd544d1e6c",
	'husband',
	'',
	'',
	'husband',
	0,
	"ba5eda7a-def5-0000-0000-000000000007",
	'',
	'');
INSERT INTO O_ID
	VALUES (0,
	"1303c58a-6a69-454d-8f4f-63a4c1d6bab1");
INSERT INTO O_OIDA
	VALUES ("a0e50b09-4277-4657-95fa-666127853312",
	"1303c58a-6a69-454d-8f4f-63a4c1d6bab1",
	0,
	'vID');
INSERT INTO O_ID
	VALUES (1,
	"1303c58a-6a69-454d-8f4f-63a4c1d6bab1");
INSERT INTO O_OIDA
	VALUES ("c3fd110b-161f-440d-8763-23cd544d1e6c",
	"1303c58a-6a69-454d-8f4f-63a4c1d6bab1",
	1,
	'wife');
INSERT INTO O_OIDA
	VALUES ("01b086d5-2097-425a-a7d4-13d3fcfa16a7",
	"1303c58a-6a69-454d-8f4f-63a4c1d6bab1",
	1,
	'husband');
INSERT INTO O_ID
	VALUES (2,
	"1303c58a-6a69-454d-8f4f-63a4c1d6bab1");
INSERT INTO PE_PE
	VALUES ("9940ccae-6e81-400f-b2d8-0b0a0a36c067",
	1,
	"747d9f71-31b7-4f12-9233-a2f00a2a8335",
	"00000000-0000-0000-0000-000000000000",
	4);
INSERT INTO O_OBJ
	VALUES ("9940ccae-6e81-400f-b2d8-0b0a0a36c067",
	'dog',
	3,
	'dog',
	'',
	"00000000-0000-0000-0000-000000000000");
INSERT INTO O_NBATTR
	VALUES ("6c3867a2-0826-429d-a280-3f7b3eb2efe5",
	"9940ccae-6e81-400f-b2d8-0b0a0a36c067");
INSERT INTO O_BATTR
	VALUES ("6c3867a2-0826-429d-a280-3f7b3eb2efe5",
	"9940ccae-6e81-400f-b2d8-0b0a0a36c067");
INSERT INTO O_ATTR
	VALUES ("6c3867a2-0826-429d-a280-3f7b3eb2efe5",
	"9940ccae-6e81-400f-b2d8-0b0a0a36c067",
	"00000000-0000-0000-0000-000000000000",
	'cID',
	'',
	'',
	'cID',
	0,
	"ba5eda7a-def5-0000-0000-000000000002",
	'',
	'');
INSERT INTO O_REF
	VALUES ("9940ccae-6e81-400f-b2d8-0b0a0a36c067",
	"8e6ffc50-e410-47a1-8bcf-8229c2ca4642",
	0,
	"da4af3fb-69aa-4ece-b5cd-fbaae0d5a8cb",
	"a3789e75-5157-4500-a6bc-2cb3d576b578",
	"e50a771a-5dcd-47d5-95fe-5e28f16cb023",
	"71e14007-8e10-46c6-9dc2-a87038c9e8c8",
	"42e32fd7-8ced-4472-9fbb-12425d132ee2",
	"7a6f0b84-41ce-4a7d-8094-e07ed691782f",
	"00000000-0000-0000-0000-000000000000",
	0,
	'',
	'dog_owner',
	'dID',
	'R2.''is_owned_by''');
INSERT INTO O_RATTR
	VALUES ("42e32fd7-8ced-4472-9fbb-12425d132ee2",
	"9940ccae-6e81-400f-b2d8-0b0a0a36c067",
	"da4af3fb-69aa-4ece-b5cd-fbaae0d5a8cb",
	"8e6ffc50-e410-47a1-8bcf-8229c2ca4642",
	1,
	'dID');
INSERT INTO O_ATTR
	VALUES ("42e32fd7-8ced-4472-9fbb-12425d132ee2",
	"9940ccae-6e81-400f-b2d8-0b0a0a36c067",
	"6c3867a2-0826-429d-a280-3f7b3eb2efe5",
	'dID',
	'',
	'',
	'dID',
	0,
	"ba5eda7a-def5-0000-0000-000000000007",
	'',
	'');
INSERT INTO O_ID
	VALUES (0,
	"9940ccae-6e81-400f-b2d8-0b0a0a36c067");
INSERT INTO O_OIDA
	VALUES ("6c3867a2-0826-429d-a280-3f7b3eb2efe5",
	"9940ccae-6e81-400f-b2d8-0b0a0a36c067",
	0,
	'cID');
INSERT INTO O_ID
	VALUES (1,
	"9940ccae-6e81-400f-b2d8-0b0a0a36c067");
INSERT INTO O_ID
	VALUES (2,
	"9940ccae-6e81-400f-b2d8-0b0a0a36c067");
INSERT INTO PE_PE
	VALUES ("8bdb72ca-c37d-49f6-bc98-b97b5539f176",
	1,
	"747d9f71-31b7-4f12-9233-a2f00a2a8335",
	"00000000-0000-0000-0000-000000000000",
	4);
INSERT INTO O_OBJ
	VALUES ("8bdb72ca-c37d-49f6-bc98-b97b5539f176",
	'deal',
	27,
	'deal',
	'',
	"00000000-0000-0000-0000-000000000000");
INSERT INTO O_NBATTR
	VALUES ("cf30a8f2-d8a9-47d8-86cb-a4f06f654023",
	"8bdb72ca-c37d-49f6-bc98-b97b5539f176");
INSERT INTO O_BATTR
	VALUES ("cf30a8f2-d8a9-47d8-86cb-a4f06f654023",
	"8bdb72ca-c37d-49f6-bc98-b97b5539f176");
INSERT INTO O_ATTR
	VALUES ("cf30a8f2-d8a9-47d8-86cb-a4f06f654023",
	"8bdb72ca-c37d-49f6-bc98-b97b5539f176",
	"00000000-0000-0000-0000-000000000000",
	'xaction',
	'',
	'',
	'xaction',
	0,
	"ba5eda7a-def5-0000-0000-000000000002",
	'',
	'');
INSERT INTO O_NBATTR
	VALUES ("cf2ab345-f74a-4dd6-bb87-56e47bcd04cb",
	"8bdb72ca-c37d-49f6-bc98-b97b5539f176");
INSERT INTO O_BATTR
	VALUES ("cf2ab345-f74a-4dd6-bb87-56e47bcd04cb",
	"8bdb72ca-c37d-49f6-bc98-b97b5539f176");
INSERT INTO O_ATTR
	VALUES ("cf2ab345-f74a-4dd6-bb87-56e47bcd04cb",
	"8bdb72ca-c37d-49f6-bc98-b97b5539f176",
	"cf30a8f2-d8a9-47d8-86cb-a4f06f654023",
	'value',
	'',
	'',
	'value',
	0,
	"ba5eda7a-def5-0000-0000-000000000002",
	'',
	'');
INSERT INTO O_REF
	VALUES ("8bdb72ca-c37d-49f6-bc98-b97b5539f176",
	"2d8a3a17-c338-4915-b084-15abec5d8a3d",
	0,
	"cb066c6c-d0e8-4f6e-b276-f26fd1aeb4c5",
	"01676442-9b26-4184-9daf-6739c481e1e0",
	"3560ae97-306d-4e3e-b084-1f9abb14faf0",
	"1fa67aed-1962-4101-9055-8b25ec64a8da",
	"febc4ecf-ff59-49cf-80aa-66a01d1215ec",
	"0adc8c3f-5a83-416e-b1b2-34fed0c95c38",
	"00000000-0000-0000-0000-000000000000",
	0,
	'',
	'dealer',
	'name',
	'R13.''buys_from''');
INSERT INTO O_RATTR
	VALUES ("febc4ecf-ff59-49cf-80aa-66a01d1215ec",
	"8bdb72ca-c37d-49f6-bc98-b97b5539f176",
	"cb066c6c-d0e8-4f6e-b276-f26fd1aeb4c5",
	"2d8a3a17-c338-4915-b084-15abec5d8a3d",
	0,
	'name');
INSERT INTO O_ATTR
	VALUES ("febc4ecf-ff59-49cf-80aa-66a01d1215ec",
	"8bdb72ca-c37d-49f6-bc98-b97b5539f176",
	"cf2ab345-f74a-4dd6-bb87-56e47bcd04cb",
	'seller',
	'',
	'',
	'seller',
	0,
	"ba5eda7a-def5-0000-0000-000000000007",
	'',
	'');
INSERT INTO O_REF
	VALUES ("8bdb72ca-c37d-49f6-bc98-b97b5539f176",
	"2d8a3a17-c338-4915-b084-15abec5d8a3d",
	0,
	"cb066c6c-d0e8-4f6e-b276-f26fd1aeb4c5",
	"01676442-9b26-4184-9daf-6739c481e1e0",
	"3560ae97-306d-4e3e-b084-1f9abb14faf0",
	"76608bb7-7696-4502-8af5-0a894f7d4477",
	"28a0c798-5d17-4405-9f61-8b9a00c763cd",
	"b9ea8144-d675-42be-b81c-055f384f02e3",
	"00000000-0000-0000-0000-000000000000",
	0,
	'',
	'dealer',
	'name',
	'R13.''sells_to''');
INSERT INTO O_RATTR
	VALUES ("28a0c798-5d17-4405-9f61-8b9a00c763cd",
	"8bdb72ca-c37d-49f6-bc98-b97b5539f176",
	"cb066c6c-d0e8-4f6e-b276-f26fd1aeb4c5",
	"2d8a3a17-c338-4915-b084-15abec5d8a3d",
	0,
	'name');
INSERT INTO O_ATTR
	VALUES ("28a0c798-5d17-4405-9f61-8b9a00c763cd",
	"8bdb72ca-c37d-49f6-bc98-b97b5539f176",
	"febc4ecf-ff59-49cf-80aa-66a01d1215ec",
	'buyer',
	'',
	'',
	'buyer',
	0,
	"ba5eda7a-def5-0000-0000-000000000007",
	'',
	'');
INSERT INTO O_ID
	VALUES (0,
	"8bdb72ca-c37d-49f6-bc98-b97b5539f176");
INSERT INTO O_OIDA
	VALUES ("cf30a8f2-d8a9-47d8-86cb-a4f06f654023",
	"8bdb72ca-c37d-49f6-bc98-b97b5539f176",
	0,
	'xaction');
INSERT INTO O_ID
	VALUES (1,
	"8bdb72ca-c37d-49f6-bc98-b97b5539f176");
INSERT INTO O_OIDA
	VALUES ("febc4ecf-ff59-49cf-80aa-66a01d1215ec",
	"8bdb72ca-c37d-49f6-bc98-b97b5539f176",
	1,
	'seller');
INSERT INTO O_OIDA
	VALUES ("28a0c798-5d17-4405-9f61-8b9a00c763cd",
	"8bdb72ca-c37d-49f6-bc98-b97b5539f176",
	1,
	'buyer');
INSERT INTO O_ID
	VALUES (2,
	"8bdb72ca-c37d-49f6-bc98-b97b5539f176");
INSERT INTO PE_PE
	VALUES ("60baa2a9-55de-4e61-947f-25f39fc3cbf1",
	1,
	"747d9f71-31b7-4f12-9233-a2f00a2a8335",
	"00000000-0000-0000-0000-000000000000",
	4);
INSERT INTO O_OBJ
	VALUES ("60baa2a9-55de-4e61-947f-25f39fc3cbf1",
	'convertible',
	12,
	'convertible',
	'',
	"00000000-0000-0000-0000-000000000000");
INSERT INTO O_NBATTR
	VALUES ("2700a7ce-e935-4f10-b320-11300a315bd6",
	"60baa2a9-55de-4e61-947f-25f39fc3cbf1");
INSERT INTO O_BATTR
	VALUES ("2700a7ce-e935-4f10-b320-11300a315bd6",
	"60baa2a9-55de-4e61-947f-25f39fc3cbf1");
INSERT INTO O_ATTR
	VALUES ("2700a7ce-e935-4f10-b320-11300a315bd6",
	"60baa2a9-55de-4e61-947f-25f39fc3cbf1",
	"00000000-0000-0000-0000-000000000000",
	'lID',
	'',
	'',
	'lID',
	0,
	"ba5eda7a-def5-0000-0000-000000000002",
	'',
	'');
INSERT INTO O_NBATTR
	VALUES ("ea0dc72e-c3ca-401d-8468-c0fa27ed8d95",
	"60baa2a9-55de-4e61-947f-25f39fc3cbf1");
INSERT INTO O_BATTR
	VALUES ("ea0dc72e-c3ca-401d-8468-c0fa27ed8d95",
	"60baa2a9-55de-4e61-947f-25f39fc3cbf1");
INSERT INTO O_ATTR
	VALUES ("ea0dc72e-c3ca-401d-8468-c0fa27ed8d95",
	"60baa2a9-55de-4e61-947f-25f39fc3cbf1",
	"2700a7ce-e935-4f10-b320-11300a315bd6",
	'specialL',
	'',
	'',
	'specialL',
	0,
	"ba5eda7a-def5-0000-0000-000000000002",
	'',
	'');
INSERT INTO O_REF
	VALUES ("60baa2a9-55de-4e61-947f-25f39fc3cbf1",
	"582d76c4-422e-4d9e-8361-55c5096acbfd",
	0,
	"ca96d5f1-9391-436b-ae90-deb24937c72f",
	"d186f17b-9ee7-405a-9c47-b7cea0d4674d",
	"3364faf4-5bb8-4a3a-a2c8-5dacdd645aa5",
	"ac759224-4a4c-47a4-a31e-08d0eee5e38e",
	"6e44426c-0dc7-442b-8ec8-df714132083a",
	"0d30eac6-0671-4a77-ae65-63e68e4b00d3",
	"00000000-0000-0000-0000-000000000000",
	0,
	'',
	'sports_car',
	'kID',
	'R6');
INSERT INTO O_RATTR
	VALUES ("6e44426c-0dc7-442b-8ec8-df714132083a",
	"60baa2a9-55de-4e61-947f-25f39fc3cbf1",
	"ca96d5f1-9391-436b-ae90-deb24937c72f",
	"582d76c4-422e-4d9e-8361-55c5096acbfd",
	1,
	'kID');
INSERT INTO O_ATTR
	VALUES ("6e44426c-0dc7-442b-8ec8-df714132083a",
	"60baa2a9-55de-4e61-947f-25f39fc3cbf1",
	"ea0dc72e-c3ca-401d-8468-c0fa27ed8d95",
	'kID',
	'',
	'',
	'kID',
	0,
	"ba5eda7a-def5-0000-0000-000000000007",
	'',
	'');
INSERT INTO O_ID
	VALUES (0,
	"60baa2a9-55de-4e61-947f-25f39fc3cbf1");
INSERT INTO O_OIDA
	VALUES ("2700a7ce-e935-4f10-b320-11300a315bd6",
	"60baa2a9-55de-4e61-947f-25f39fc3cbf1",
	0,
	'lID');
INSERT INTO O_ID
	VALUES (1,
	"60baa2a9-55de-4e61-947f-25f39fc3cbf1");
INSERT INTO O_OIDA
	VALUES ("6e44426c-0dc7-442b-8ec8-df714132083a",
	"60baa2a9-55de-4e61-947f-25f39fc3cbf1",
	1,
	'kID');
INSERT INTO O_ID
	VALUES (2,
	"60baa2a9-55de-4e61-947f-25f39fc3cbf1");
INSERT INTO PE_PE
	VALUES ("39297b1a-c5e8-4464-b85c-7f1c6dadf459",
	1,
	"747d9f71-31b7-4f12-9233-a2f00a2a8335",
	"00000000-0000-0000-0000-000000000000",
	4);
INSERT INTO O_OBJ
	VALUES ("39297b1a-c5e8-4464-b85c-7f1c6dadf459",
	'connection',
	6,
	'connection',
	'',
	"00000000-0000-0000-0000-000000000000");
INSERT INTO O_NBATTR
	VALUES ("3fa84fe0-3207-4e04-bfe4-723563890514",
	"39297b1a-c5e8-4464-b85c-7f1c6dadf459");
INSERT INTO O_BATTR
	VALUES ("3fa84fe0-3207-4e04-bfe4-723563890514",
	"39297b1a-c5e8-4464-b85c-7f1c6dadf459");
INSERT INTO O_ATTR
	VALUES ("3fa84fe0-3207-4e04-bfe4-723563890514",
	"39297b1a-c5e8-4464-b85c-7f1c6dadf459",
	"00000000-0000-0000-0000-000000000000",
	'gID',
	'',
	'',
	'gID',
	0,
	"ba5eda7a-def5-0000-0000-000000000002",
	'',
	'');
INSERT INTO O_REF
	VALUES ("39297b1a-c5e8-4464-b85c-7f1c6dadf459",
	"6ee088c1-7097-4fe8-96fc-815a18b47c81",
	0,
	"5438df3e-19d1-4d42-97ac-96ff3e4817ba",
	"b16412f8-3deb-47eb-9e2b-f0600bd208c6",
	"d090f8f7-ace5-43a1-9e5a-dbb026e0ea8d",
	"2630d5b7-f8ef-49c9-99d2-2db59f2cc0df",
	"d8dbc81e-6de7-4d21-9668-556b805a4ca6",
	"7028d650-e6e5-4bcc-8ee1-139664a1f592",
	"00000000-0000-0000-0000-000000000000",
	0,
	'',
	'host',
	'eID',
	'R3.''connects_to''');
INSERT INTO O_RATTR
	VALUES ("d8dbc81e-6de7-4d21-9668-556b805a4ca6",
	"39297b1a-c5e8-4464-b85c-7f1c6dadf459",
	"5438df3e-19d1-4d42-97ac-96ff3e4817ba",
	"6ee088c1-7097-4fe8-96fc-815a18b47c81",
	1,
	'eID');
INSERT INTO O_ATTR
	VALUES ("d8dbc81e-6de7-4d21-9668-556b805a4ca6",
	"39297b1a-c5e8-4464-b85c-7f1c6dadf459",
	"3fa84fe0-3207-4e04-bfe4-723563890514",
	'eID',
	'',
	'',
	'eID',
	0,
	"ba5eda7a-def5-0000-0000-000000000007",
	'',
	'');
INSERT INTO O_REF
	VALUES ("39297b1a-c5e8-4464-b85c-7f1c6dadf459",
	"c21a9ecf-e844-47a4-910a-7d8c7aa3d553",
	0,
	"1dafc789-1342-4d0e-beff-7eabf04d8b9f",
	"b16412f8-3deb-47eb-9e2b-f0600bd208c6",
	"d090f8f7-ace5-43a1-9e5a-dbb026e0ea8d",
	"426bfe78-7871-4f21-a74e-3fd3cf007163",
	"d3c7e8cc-ad8f-495b-9f2c-1712650ea780",
	"3a01bb6b-6a9b-4e9a-ab87-b0f211445131",
	"00000000-0000-0000-0000-000000000000",
	0,
	'',
	'device',
	'fID',
	'R3.''connects_to''');
INSERT INTO O_RATTR
	VALUES ("d3c7e8cc-ad8f-495b-9f2c-1712650ea780",
	"39297b1a-c5e8-4464-b85c-7f1c6dadf459",
	"1dafc789-1342-4d0e-beff-7eabf04d8b9f",
	"c21a9ecf-e844-47a4-910a-7d8c7aa3d553",
	1,
	'fID');
INSERT INTO O_ATTR
	VALUES ("d3c7e8cc-ad8f-495b-9f2c-1712650ea780",
	"39297b1a-c5e8-4464-b85c-7f1c6dadf459",
	"d8dbc81e-6de7-4d21-9668-556b805a4ca6",
	'fID',
	'',
	'',
	'fID',
	0,
	"ba5eda7a-def5-0000-0000-000000000007",
	'',
	'');
INSERT INTO O_ID
	VALUES (0,
	"39297b1a-c5e8-4464-b85c-7f1c6dadf459");
INSERT INTO O_OIDA
	VALUES ("3fa84fe0-3207-4e04-bfe4-723563890514",
	"39297b1a-c5e8-4464-b85c-7f1c6dadf459",
	0,
	'gID');
INSERT INTO O_ID
	VALUES (1,
	"39297b1a-c5e8-4464-b85c-7f1c6dadf459");
INSERT INTO O_OIDA
	VALUES ("d8dbc81e-6de7-4d21-9668-556b805a4ca6",
	"39297b1a-c5e8-4464-b85c-7f1c6dadf459",
	1,
	'eID');
INSERT INTO O_OIDA
	VALUES ("d3c7e8cc-ad8f-495b-9f2c-1712650ea780",
	"39297b1a-c5e8-4464-b85c-7f1c6dadf459",
	1,
	'fID');
INSERT INTO O_ID
	VALUES (2,
	"39297b1a-c5e8-4464-b85c-7f1c6dadf459");
INSERT INTO PE_PE
	VALUES ("21892359-8dcf-4317-8a03-1a6591e96036",
	1,
	"747d9f71-31b7-4f12-9233-a2f00a2a8335",
	"00000000-0000-0000-0000-000000000000",
	9);
INSERT INTO R_REL
	VALUES ("21892359-8dcf-4317-8a03-1a6591e96036",
	1,
	'',
	"00000000-0000-0000-0000-000000000000");
INSERT INTO R_SIMP
	VALUES ("21892359-8dcf-4317-8a03-1a6591e96036");
INSERT INTO R_FORM
	VALUES ("9e07c28d-77a6-489a-85f6-d1ae2b7a22b4",
	"21892359-8dcf-4317-8a03-1a6591e96036",
	"298ea340-6041-4bf3-b470-8c94a476ed0e",
	0,
	1,
	'receives');
INSERT INTO R_RGO
	VALUES ("9e07c28d-77a6-489a-85f6-d1ae2b7a22b4",
	"21892359-8dcf-4317-8a03-1a6591e96036",
	"298ea340-6041-4bf3-b470-8c94a476ed0e");
INSERT INTO R_OIR
	VALUES ("9e07c28d-77a6-489a-85f6-d1ae2b7a22b4",
	"21892359-8dcf-4317-8a03-1a6591e96036",
	"298ea340-6041-4bf3-b470-8c94a476ed0e",
	"00000000-0000-0000-0000-000000000000");
INSERT INTO R_PART
	VALUES ("4fe7dec5-7125-46ae-99c5-0fbe0635efc5",
	"21892359-8dcf-4317-8a03-1a6591e96036",
	"f53645c2-c4b8-4571-8a4c-c6fbfa669c9a",
	0,
	1,
	'enters');
INSERT INTO O_RTIDA
	VALUES ("2b82901e-e972-452c-a5d0-a0071b9de93e",
	"4fe7dec5-7125-46ae-99c5-0fbe0635efc5",
	0,
	"21892359-8dcf-4317-8a03-1a6591e96036",
	"f53645c2-c4b8-4571-8a4c-c6fbfa669c9a");
INSERT INTO R_RTO
	VALUES ("4fe7dec5-7125-46ae-99c5-0fbe0635efc5",
	"21892359-8dcf-4317-8a03-1a6591e96036",
	"f53645c2-c4b8-4571-8a4c-c6fbfa669c9a",
	0);
INSERT INTO R_OIR
	VALUES ("4fe7dec5-7125-46ae-99c5-0fbe0635efc5",
	"21892359-8dcf-4317-8a03-1a6591e96036",
	"f53645c2-c4b8-4571-8a4c-c6fbfa669c9a",
	"00000000-0000-0000-0000-000000000000");
INSERT INTO PE_PE
	VALUES ("a3789e75-5157-4500-a6bc-2cb3d576b578",
	1,
	"747d9f71-31b7-4f12-9233-a2f00a2a8335",
	"00000000-0000-0000-0000-000000000000",
	9);
INSERT INTO R_REL
	VALUES ("a3789e75-5157-4500-a6bc-2cb3d576b578",
	2,
	'',
	"00000000-0000-0000-0000-000000000000");
INSERT INTO R_SIMP
	VALUES ("a3789e75-5157-4500-a6bc-2cb3d576b578");
INSERT INTO R_FORM
	VALUES ("9940ccae-6e81-400f-b2d8-0b0a0a36c067",
	"a3789e75-5157-4500-a6bc-2cb3d576b578",
	"e50a771a-5dcd-47d5-95fe-5e28f16cb023",
	1,
	1,
	'owns');
INSERT INTO R_RGO
	VALUES ("9940ccae-6e81-400f-b2d8-0b0a0a36c067",
	"a3789e75-5157-4500-a6bc-2cb3d576b578",
	"e50a771a-5dcd-47d5-95fe-5e28f16cb023");
INSERT INTO R_OIR
	VALUES ("9940ccae-6e81-400f-b2d8-0b0a0a36c067",
	"a3789e75-5157-4500-a6bc-2cb3d576b578",
	"e50a771a-5dcd-47d5-95fe-5e28f16cb023",
	"00000000-0000-0000-0000-000000000000");
INSERT INTO R_PART
	VALUES ("8e6ffc50-e410-47a1-8bcf-8229c2ca4642",
	"a3789e75-5157-4500-a6bc-2cb3d576b578",
	"71e14007-8e10-46c6-9dc2-a87038c9e8c8",
	0,
	1,
	'is_owned_by');
INSERT INTO O_RTIDA
	VALUES ("da4af3fb-69aa-4ece-b5cd-fbaae0d5a8cb",
	"8e6ffc50-e410-47a1-8bcf-8229c2ca4642",
	0,
	"a3789e75-5157-4500-a6bc-2cb3d576b578",
	"71e14007-8e10-46c6-9dc2-a87038c9e8c8");
INSERT INTO R_RTO
	VALUES ("8e6ffc50-e410-47a1-8bcf-8229c2ca4642",
	"a3789e75-5157-4500-a6bc-2cb3d576b578",
	"71e14007-8e10-46c6-9dc2-a87038c9e8c8",
	0);
INSERT INTO R_OIR
	VALUES ("8e6ffc50-e410-47a1-8bcf-8229c2ca4642",
	"a3789e75-5157-4500-a6bc-2cb3d576b578",
	"71e14007-8e10-46c6-9dc2-a87038c9e8c8",
	"00000000-0000-0000-0000-000000000000");
INSERT INTO PE_PE
	VALUES ("ce3ff364-a822-4666-ae6e-57cdc648bf1c",
	1,
	"747d9f71-31b7-4f12-9233-a2f00a2a8335",
	"00000000-0000-0000-0000-000000000000",
	9);
INSERT INTO R_REL
	VALUES ("ce3ff364-a822-4666-ae6e-57cdc648bf1c",
	4,
	'',
	"00000000-0000-0000-0000-000000000000");
INSERT INTO R_SIMP
	VALUES ("ce3ff364-a822-4666-ae6e-57cdc648bf1c");
INSERT INTO R_FORM
	VALUES ("2620e093-f578-450b-aabf-d9a801df6972",
	"ce3ff364-a822-4666-ae6e-57cdc648bf1c",
	"9c312d0e-ac02-4e93-b1e4-e07ab9bfb2bb",
	0,
	1,
	'precedes');
INSERT INTO R_RGO
	VALUES ("2620e093-f578-450b-aabf-d9a801df6972",
	"ce3ff364-a822-4666-ae6e-57cdc648bf1c",
	"9c312d0e-ac02-4e93-b1e4-e07ab9bfb2bb");
INSERT INTO R_OIR
	VALUES ("2620e093-f578-450b-aabf-d9a801df6972",
	"ce3ff364-a822-4666-ae6e-57cdc648bf1c",
	"9c312d0e-ac02-4e93-b1e4-e07ab9bfb2bb",
	"00000000-0000-0000-0000-000000000000");
INSERT INTO R_PART
	VALUES ("2620e093-f578-450b-aabf-d9a801df6972",
	"ce3ff364-a822-4666-ae6e-57cdc648bf1c",
	"7dd42418-e5d9-4bfd-b7ec-ddd4894e3498",
	0,
	1,
	'follows');
INSERT INTO O_RTIDA
	VALUES ("bd139488-e872-42b8-b2d5-548fdcb6ce53",
	"2620e093-f578-450b-aabf-d9a801df6972",
	0,
	"ce3ff364-a822-4666-ae6e-57cdc648bf1c",
	"7dd42418-e5d9-4bfd-b7ec-ddd4894e3498");
INSERT INTO R_RTO
	VALUES ("2620e093-f578-450b-aabf-d9a801df6972",
	"ce3ff364-a822-4666-ae6e-57cdc648bf1c",
	"7dd42418-e5d9-4bfd-b7ec-ddd4894e3498",
	0);
INSERT INTO R_OIR
	VALUES ("2620e093-f578-450b-aabf-d9a801df6972",
	"ce3ff364-a822-4666-ae6e-57cdc648bf1c",
	"7dd42418-e5d9-4bfd-b7ec-ddd4894e3498",
	"00000000-0000-0000-0000-000000000000");
INSERT INTO PE_PE
	VALUES ("b16412f8-3deb-47eb-9e2b-f0600bd208c6",
	1,
	"747d9f71-31b7-4f12-9233-a2f00a2a8335",
	"00000000-0000-0000-0000-000000000000",
	9);
INSERT INTO R_REL
	VALUES ("b16412f8-3deb-47eb-9e2b-f0600bd208c6",
	3,
	'',
	"00000000-0000-0000-0000-000000000000");
INSERT INTO R_ASSOC
	VALUES ("b16412f8-3deb-47eb-9e2b-f0600bd208c6");
INSERT INTO R_AOTH
	VALUES ("6ee088c1-7097-4fe8-96fc-815a18b47c81",
	"b16412f8-3deb-47eb-9e2b-f0600bd208c6",
	"2630d5b7-f8ef-49c9-99d2-2db59f2cc0df",
	1,
	1,
	'connects_to');
INSERT INTO O_RTIDA
	VALUES ("5438df3e-19d1-4d42-97ac-96ff3e4817ba",
	"6ee088c1-7097-4fe8-96fc-815a18b47c81",
	0,
	"b16412f8-3deb-47eb-9e2b-f0600bd208c6",
	"2630d5b7-f8ef-49c9-99d2-2db59f2cc0df");
INSERT INTO R_RTO
	VALUES ("6ee088c1-7097-4fe8-96fc-815a18b47c81",
	"b16412f8-3deb-47eb-9e2b-f0600bd208c6",
	"2630d5b7-f8ef-49c9-99d2-2db59f2cc0df",
	0);
INSERT INTO R_OIR
	VALUES ("6ee088c1-7097-4fe8-96fc-815a18b47c81",
	"b16412f8-3deb-47eb-9e2b-f0600bd208c6",
	"2630d5b7-f8ef-49c9-99d2-2db59f2cc0df",
	"00000000-0000-0000-0000-000000000000");
INSERT INTO R_AONE
	VALUES ("c21a9ecf-e844-47a4-910a-7d8c7aa3d553",
	"b16412f8-3deb-47eb-9e2b-f0600bd208c6",
	"426bfe78-7871-4f21-a74e-3fd3cf007163",
	1,
	1,
	'connects_to');
INSERT INTO O_RTIDA
	VALUES ("1dafc789-1342-4d0e-beff-7eabf04d8b9f",
	"c21a9ecf-e844-47a4-910a-7d8c7aa3d553",
	0,
	"b16412f8-3deb-47eb-9e2b-f0600bd208c6",
	"426bfe78-7871-4f21-a74e-3fd3cf007163");
INSERT INTO R_RTO
	VALUES ("c21a9ecf-e844-47a4-910a-7d8c7aa3d553",
	"b16412f8-3deb-47eb-9e2b-f0600bd208c6",
	"426bfe78-7871-4f21-a74e-3fd3cf007163",
	0);
INSERT INTO R_OIR
	VALUES ("c21a9ecf-e844-47a4-910a-7d8c7aa3d553",
	"b16412f8-3deb-47eb-9e2b-f0600bd208c6",
	"426bfe78-7871-4f21-a74e-3fd3cf007163",
	"00000000-0000-0000-0000-000000000000");
INSERT INTO R_ASSR
	VALUES ("39297b1a-c5e8-4464-b85c-7f1c6dadf459",
	"b16412f8-3deb-47eb-9e2b-f0600bd208c6",
	"d090f8f7-ace5-43a1-9e5a-dbb026e0ea8d",
	0);
INSERT INTO R_RGO
	VALUES ("39297b1a-c5e8-4464-b85c-7f1c6dadf459",
	"b16412f8-3deb-47eb-9e2b-f0600bd208c6",
	"d090f8f7-ace5-43a1-9e5a-dbb026e0ea8d");
INSERT INTO R_OIR
	VALUES ("39297b1a-c5e8-4464-b85c-7f1c6dadf459",
	"b16412f8-3deb-47eb-9e2b-f0600bd208c6",
	"d090f8f7-ace5-43a1-9e5a-dbb026e0ea8d",
	"00000000-0000-0000-0000-000000000000");
INSERT INTO PE_PE
	VALUES ("81de7908-4a0c-4e5d-b8d3-769156891cba",
	1,
	"747d9f71-31b7-4f12-9233-a2f00a2a8335",
	"00000000-0000-0000-0000-000000000000",
	9);
INSERT INTO R_REL
	VALUES ("81de7908-4a0c-4e5d-b8d3-769156891cba",
	5,
	'',
	"00000000-0000-0000-0000-000000000000");
INSERT INTO R_SUBSUP
	VALUES ("81de7908-4a0c-4e5d-b8d3-769156891cba");
INSERT INTO R_SUPER
	VALUES ("9dbd3ae1-6411-42eb-972d-0740a28a8c2c",
	"81de7908-4a0c-4e5d-b8d3-769156891cba",
	"2fa5e833-7b28-4f51-9733-3740bdc11dd4");
INSERT INTO O_RTIDA
	VALUES ("9572284e-1a83-497e-83db-f2402474ea3f",
	"9dbd3ae1-6411-42eb-972d-0740a28a8c2c",
	0,
	"81de7908-4a0c-4e5d-b8d3-769156891cba",
	"2fa5e833-7b28-4f51-9733-3740bdc11dd4");
INSERT INTO R_RTO
	VALUES ("9dbd3ae1-6411-42eb-972d-0740a28a8c2c",
	"81de7908-4a0c-4e5d-b8d3-769156891cba",
	"2fa5e833-7b28-4f51-9733-3740bdc11dd4",
	0);
INSERT INTO R_OIR
	VALUES ("9dbd3ae1-6411-42eb-972d-0740a28a8c2c",
	"81de7908-4a0c-4e5d-b8d3-769156891cba",
	"2fa5e833-7b28-4f51-9733-3740bdc11dd4",
	"00000000-0000-0000-0000-000000000000");
INSERT INTO R_SUB
	VALUES ("1bc2ff43-9ec6-4784-ba62-216cf22e5419",
	"81de7908-4a0c-4e5d-b8d3-769156891cba",
	"8b9cb1f7-e381-43e6-bc40-55cd9713bb15");
INSERT INTO R_RGO
	VALUES ("1bc2ff43-9ec6-4784-ba62-216cf22e5419",
	"81de7908-4a0c-4e5d-b8d3-769156891cba",
	"8b9cb1f7-e381-43e6-bc40-55cd9713bb15");
INSERT INTO R_OIR
	VALUES ("1bc2ff43-9ec6-4784-ba62-216cf22e5419",
	"81de7908-4a0c-4e5d-b8d3-769156891cba",
	"8b9cb1f7-e381-43e6-bc40-55cd9713bb15",
	"00000000-0000-0000-0000-000000000000");
INSERT INTO R_SUB
	VALUES ("582d76c4-422e-4d9e-8361-55c5096acbfd",
	"81de7908-4a0c-4e5d-b8d3-769156891cba",
	"d20adf26-c874-4cc7-8394-e7eb3e99abae");
INSERT INTO R_RGO
	VALUES ("582d76c4-422e-4d9e-8361-55c5096acbfd",
	"81de7908-4a0c-4e5d-b8d3-769156891cba",
	"d20adf26-c874-4cc7-8394-e7eb3e99abae");
INSERT INTO R_OIR
	VALUES ("582d76c4-422e-4d9e-8361-55c5096acbfd",
	"81de7908-4a0c-4e5d-b8d3-769156891cba",
	"d20adf26-c874-4cc7-8394-e7eb3e99abae",
	"00000000-0000-0000-0000-000000000000");
INSERT INTO PE_PE
	VALUES ("d186f17b-9ee7-405a-9c47-b7cea0d4674d",
	1,
	"747d9f71-31b7-4f12-9233-a2f00a2a8335",
	"00000000-0000-0000-0000-000000000000",
	9);
INSERT INTO R_REL
	VALUES ("d186f17b-9ee7-405a-9c47-b7cea0d4674d",
	6,
	'',
	"00000000-0000-0000-0000-000000000000");
INSERT INTO R_SUBSUP
	VALUES ("d186f17b-9ee7-405a-9c47-b7cea0d4674d");
INSERT INTO R_SUPER
	VALUES ("582d76c4-422e-4d9e-8361-55c5096acbfd",
	"d186f17b-9ee7-405a-9c47-b7cea0d4674d",
	"ac759224-4a4c-47a4-a31e-08d0eee5e38e");
INSERT INTO O_RTIDA
	VALUES ("ca96d5f1-9391-436b-ae90-deb24937c72f",
	"582d76c4-422e-4d9e-8361-55c5096acbfd",
	0,
	"d186f17b-9ee7-405a-9c47-b7cea0d4674d",
	"ac759224-4a4c-47a4-a31e-08d0eee5e38e");
INSERT INTO R_RTO
	VALUES ("582d76c4-422e-4d9e-8361-55c5096acbfd",
	"d186f17b-9ee7-405a-9c47-b7cea0d4674d",
	"ac759224-4a4c-47a4-a31e-08d0eee5e38e",
	0);
INSERT INTO R_OIR
	VALUES ("582d76c4-422e-4d9e-8361-55c5096acbfd",
	"d186f17b-9ee7-405a-9c47-b7cea0d4674d",
	"ac759224-4a4c-47a4-a31e-08d0eee5e38e",
	"00000000-0000-0000-0000-000000000000");
INSERT INTO R_SUB
	VALUES ("60baa2a9-55de-4e61-947f-25f39fc3cbf1",
	"d186f17b-9ee7-405a-9c47-b7cea0d4674d",
	"3364faf4-5bb8-4a3a-a2c8-5dacdd645aa5");
INSERT INTO R_RGO
	VALUES ("60baa2a9-55de-4e61-947f-25f39fc3cbf1",
	"d186f17b-9ee7-405a-9c47-b7cea0d4674d",
	"3364faf4-5bb8-4a3a-a2c8-5dacdd645aa5");
INSERT INTO R_OIR
	VALUES ("60baa2a9-55de-4e61-947f-25f39fc3cbf1",
	"d186f17b-9ee7-405a-9c47-b7cea0d4674d",
	"3364faf4-5bb8-4a3a-a2c8-5dacdd645aa5",
	"00000000-0000-0000-0000-000000000000");
INSERT INTO PE_PE
	VALUES ("61977fa6-739c-4021-ad2e-d8d060cc4bf8",
	1,
	"747d9f71-31b7-4f12-9233-a2f00a2a8335",
	"00000000-0000-0000-0000-000000000000",
	9);
INSERT INTO R_REL
	VALUES ("61977fa6-739c-4021-ad2e-d8d060cc4bf8",
	7,
	'',
	"00000000-0000-0000-0000-000000000000");
INSERT INTO R_ASSOC
	VALUES ("61977fa6-739c-4021-ad2e-d8d060cc4bf8");
INSERT INTO R_AONE
	VALUES ("38f266c8-6c6c-48af-a7ef-9aa0763aa5e5",
	"61977fa6-739c-4021-ad2e-d8d060cc4bf8",
	"10662964-0410-4413-bf87-8eae55766bd7",
	0,
	1,
	'works_for');
INSERT INTO O_RTIDA
	VALUES ("6a5c3a7b-1189-44e1-9c39-f4fa98e7d31d",
	"38f266c8-6c6c-48af-a7ef-9aa0763aa5e5",
	0,
	"61977fa6-739c-4021-ad2e-d8d060cc4bf8",
	"10662964-0410-4413-bf87-8eae55766bd7");
INSERT INTO R_RTO
	VALUES ("38f266c8-6c6c-48af-a7ef-9aa0763aa5e5",
	"61977fa6-739c-4021-ad2e-d8d060cc4bf8",
	"10662964-0410-4413-bf87-8eae55766bd7",
	0);
INSERT INTO R_OIR
	VALUES ("38f266c8-6c6c-48af-a7ef-9aa0763aa5e5",
	"61977fa6-739c-4021-ad2e-d8d060cc4bf8",
	"10662964-0410-4413-bf87-8eae55766bd7",
	"00000000-0000-0000-0000-000000000000");
INSERT INTO R_AOTH
	VALUES ("38f266c8-6c6c-48af-a7ef-9aa0763aa5e5",
	"61977fa6-739c-4021-ad2e-d8d060cc4bf8",
	"cef81226-baf5-46ff-b69a-41a7a7884a7b",
	1,
	0,
	'manages');
INSERT INTO O_RTIDA
	VALUES ("6a5c3a7b-1189-44e1-9c39-f4fa98e7d31d",
	"38f266c8-6c6c-48af-a7ef-9aa0763aa5e5",
	0,
	"61977fa6-739c-4021-ad2e-d8d060cc4bf8",
	"cef81226-baf5-46ff-b69a-41a7a7884a7b");
INSERT INTO R_RTO
	VALUES ("38f266c8-6c6c-48af-a7ef-9aa0763aa5e5",
	"61977fa6-739c-4021-ad2e-d8d060cc4bf8",
	"cef81226-baf5-46ff-b69a-41a7a7884a7b",
	0);
INSERT INTO R_OIR
	VALUES ("38f266c8-6c6c-48af-a7ef-9aa0763aa5e5",
	"61977fa6-739c-4021-ad2e-d8d060cc4bf8",
	"cef81226-baf5-46ff-b69a-41a7a7884a7b",
	"00000000-0000-0000-0000-000000000000");
INSERT INTO R_ASSR
	VALUES ("19e5ff06-3b46-4569-a048-93bb3afac2ba",
	"61977fa6-739c-4021-ad2e-d8d060cc4bf8",
	"5297c086-f386-44ff-81ec-cf48d1ca8c21",
	0);
INSERT INTO R_RGO
	VALUES ("19e5ff06-3b46-4569-a048-93bb3afac2ba",
	"61977fa6-739c-4021-ad2e-d8d060cc4bf8",
	"5297c086-f386-44ff-81ec-cf48d1ca8c21");
INSERT INTO R_OIR
	VALUES ("19e5ff06-3b46-4569-a048-93bb3afac2ba",
	"61977fa6-739c-4021-ad2e-d8d060cc4bf8",
	"5297c086-f386-44ff-81ec-cf48d1ca8c21",
	"00000000-0000-0000-0000-000000000000");
INSERT INTO PE_PE
	VALUES ("5c4fbd89-e86f-48d7-9a05-d562e12be703",
	1,
	"747d9f71-31b7-4f12-9233-a2f00a2a8335",
	"00000000-0000-0000-0000-000000000000",
	9);
INSERT INTO R_REL
	VALUES ("5c4fbd89-e86f-48d7-9a05-d562e12be703",
	8,
	'',
	"00000000-0000-0000-0000-000000000000");
INSERT INTO R_SIMP
	VALUES ("5c4fbd89-e86f-48d7-9a05-d562e12be703");
INSERT INTO R_FORM
	VALUES ("2b75ff93-ab57-42e7-8100-af7086b8d12b",
	"5c4fbd89-e86f-48d7-9a05-d562e12be703",
	"718de396-430c-406d-a775-0f0673500013",
	1,
	1,
	'teaches');
INSERT INTO R_RGO
	VALUES ("2b75ff93-ab57-42e7-8100-af7086b8d12b",
	"5c4fbd89-e86f-48d7-9a05-d562e12be703",
	"718de396-430c-406d-a775-0f0673500013");
INSERT INTO R_OIR
	VALUES ("2b75ff93-ab57-42e7-8100-af7086b8d12b",
	"5c4fbd89-e86f-48d7-9a05-d562e12be703",
	"718de396-430c-406d-a775-0f0673500013",
	"00000000-0000-0000-0000-000000000000");
INSERT INTO R_PART
	VALUES ("2b75ff93-ab57-42e7-8100-af7086b8d12b",
	"5c4fbd89-e86f-48d7-9a05-d562e12be703",
	"2679fefc-f60d-463b-9e37-a831ceed9555",
	0,
	1,
	'learns_from');
INSERT INTO O_RTIDA
	VALUES ("924da7aa-e46a-4994-8f4e-a0eb1af35023",
	"2b75ff93-ab57-42e7-8100-af7086b8d12b",
	0,
	"5c4fbd89-e86f-48d7-9a05-d562e12be703",
	"2679fefc-f60d-463b-9e37-a831ceed9555");
INSERT INTO R_RTO
	VALUES ("2b75ff93-ab57-42e7-8100-af7086b8d12b",
	"5c4fbd89-e86f-48d7-9a05-d562e12be703",
	"2679fefc-f60d-463b-9e37-a831ceed9555",
	0);
INSERT INTO R_OIR
	VALUES ("2b75ff93-ab57-42e7-8100-af7086b8d12b",
	"5c4fbd89-e86f-48d7-9a05-d562e12be703",
	"2679fefc-f60d-463b-9e37-a831ceed9555",
	"00000000-0000-0000-0000-000000000000");
INSERT INTO PE_PE
	VALUES ("0b47783f-a691-4a8b-95d1-90f6cd82c170",
	1,
	"747d9f71-31b7-4f12-9233-a2f00a2a8335",
	"00000000-0000-0000-0000-000000000000",
	9);
INSERT INTO R_REL
	VALUES ("0b47783f-a691-4a8b-95d1-90f6cd82c170",
	9,
	'',
	"00000000-0000-0000-0000-000000000000");
INSERT INTO R_ASSOC
	VALUES ("0b47783f-a691-4a8b-95d1-90f6cd82c170");
INSERT INTO R_AOTH
	VALUES ("51d33202-1bc5-4cb1-87ab-6d049b279014",
	"0b47783f-a691-4a8b-95d1-90f6cd82c170",
	"f6b8c913-7bb0-4074-af7f-7c6ff0ad0b81",
	0,
	1,
	'licenses');
INSERT INTO O_RTIDA
	VALUES ("b827ec15-e42a-4709-883d-5ad8aafff754",
	"51d33202-1bc5-4cb1-87ab-6d049b279014",
	0,
	"0b47783f-a691-4a8b-95d1-90f6cd82c170",
	"f6b8c913-7bb0-4074-af7f-7c6ff0ad0b81");
INSERT INTO R_RTO
	VALUES ("51d33202-1bc5-4cb1-87ab-6d049b279014",
	"0b47783f-a691-4a8b-95d1-90f6cd82c170",
	"f6b8c913-7bb0-4074-af7f-7c6ff0ad0b81",
	0);
INSERT INTO R_OIR
	VALUES ("51d33202-1bc5-4cb1-87ab-6d049b279014",
	"0b47783f-a691-4a8b-95d1-90f6cd82c170",
	"f6b8c913-7bb0-4074-af7f-7c6ff0ad0b81",
	"00000000-0000-0000-0000-000000000000");
INSERT INTO R_AONE
	VALUES ("6804fe30-06ab-4a76-91ef-cf622b4abd28",
	"0b47783f-a691-4a8b-95d1-90f6cd82c170",
	"9eb6cc98-0da5-45b1-a01e-9c0c4b1d4e6a",
	0,
	1,
	'is_licensed_in');
INSERT INTO O_RTIDA
	VALUES ("4c104e27-16ae-471e-a357-690eebee223e",
	"6804fe30-06ab-4a76-91ef-cf622b4abd28",
	0,
	"0b47783f-a691-4a8b-95d1-90f6cd82c170",
	"9eb6cc98-0da5-45b1-a01e-9c0c4b1d4e6a");
INSERT INTO R_RTO
	VALUES ("6804fe30-06ab-4a76-91ef-cf622b4abd28",
	"0b47783f-a691-4a8b-95d1-90f6cd82c170",
	"9eb6cc98-0da5-45b1-a01e-9c0c4b1d4e6a",
	0);
INSERT INTO R_OIR
	VALUES ("6804fe30-06ab-4a76-91ef-cf622b4abd28",
	"0b47783f-a691-4a8b-95d1-90f6cd82c170",
	"9eb6cc98-0da5-45b1-a01e-9c0c4b1d4e6a",
	"00000000-0000-0000-0000-000000000000");
INSERT INTO R_ASSR
	VALUES ("e46bd84d-ce9b-4e47-b607-5c2663f180d1",
	"0b47783f-a691-4a8b-95d1-90f6cd82c170",
	"22132d21-4ec0-48f0-b14e-05cacf4d9e7b",
	0);
INSERT INTO R_RGO
	VALUES ("e46bd84d-ce9b-4e47-b607-5c2663f180d1",
	"0b47783f-a691-4a8b-95d1-90f6cd82c170",
	"22132d21-4ec0-48f0-b14e-05cacf4d9e7b");
INSERT INTO R_OIR
	VALUES ("e46bd84d-ce9b-4e47-b607-5c2663f180d1",
	"0b47783f-a691-4a8b-95d1-90f6cd82c170",
	"22132d21-4ec0-48f0-b14e-05cacf4d9e7b",
	"00000000-0000-0000-0000-000000000000");
INSERT INTO PE_PE
	VALUES ("c07b0f46-6196-4dc6-86cb-6e62653bd340",
	1,
	"747d9f71-31b7-4f12-9233-a2f00a2a8335",
	"00000000-0000-0000-0000-000000000000",
	9);
INSERT INTO R_REL
	VALUES ("c07b0f46-6196-4dc6-86cb-6e62653bd340",
	10,
	'',
	"00000000-0000-0000-0000-000000000000");
INSERT INTO R_ASSOC
	VALUES ("c07b0f46-6196-4dc6-86cb-6e62653bd340");
INSERT INTO R_AONE
	VALUES ("7f36c39d-4387-48b0-81be-bd38a72789eb",
	"c07b0f46-6196-4dc6-86cb-6e62653bd340",
	"c30dde83-bc49-48be-922d-941102c82296",
	0,
	1,
	'is_sampled_by');
INSERT INTO O_RTIDA
	VALUES ("98ce2c12-c88c-4b29-a050-efe104351580",
	"7f36c39d-4387-48b0-81be-bd38a72789eb",
	0,
	"c07b0f46-6196-4dc6-86cb-6e62653bd340",
	"c30dde83-bc49-48be-922d-941102c82296");
INSERT INTO R_RTO
	VALUES ("7f36c39d-4387-48b0-81be-bd38a72789eb",
	"c07b0f46-6196-4dc6-86cb-6e62653bd340",
	"c30dde83-bc49-48be-922d-941102c82296",
	0);
INSERT INTO R_OIR
	VALUES ("7f36c39d-4387-48b0-81be-bd38a72789eb",
	"c07b0f46-6196-4dc6-86cb-6e62653bd340",
	"c30dde83-bc49-48be-922d-941102c82296",
	"00000000-0000-0000-0000-000000000000");
INSERT INTO R_AOTH
	VALUES ("9de905e1-46fc-4263-835c-6063781f6921",
	"c07b0f46-6196-4dc6-86cb-6e62653bd340",
	"23268f3f-0a2f-46cc-9d4e-306104fc6f0b",
	1,
	1,
	'samples');
INSERT INTO O_RTIDA
	VALUES ("ac32b640-ce20-4882-aaf9-9990f3510e5c",
	"9de905e1-46fc-4263-835c-6063781f6921",
	0,
	"c07b0f46-6196-4dc6-86cb-6e62653bd340",
	"23268f3f-0a2f-46cc-9d4e-306104fc6f0b");
INSERT INTO R_RTO
	VALUES ("9de905e1-46fc-4263-835c-6063781f6921",
	"c07b0f46-6196-4dc6-86cb-6e62653bd340",
	"23268f3f-0a2f-46cc-9d4e-306104fc6f0b",
	0);
INSERT INTO R_OIR
	VALUES ("9de905e1-46fc-4263-835c-6063781f6921",
	"c07b0f46-6196-4dc6-86cb-6e62653bd340",
	"23268f3f-0a2f-46cc-9d4e-306104fc6f0b",
	"00000000-0000-0000-0000-000000000000");
INSERT INTO R_ASSR
	VALUES ("7f6f388d-edba-4bfb-b83c-533ee6906124",
	"c07b0f46-6196-4dc6-86cb-6e62653bd340",
	"7de3439c-c6b2-4cc0-989a-0c9c9e1ec298",
	0);
INSERT INTO R_RGO
	VALUES ("7f6f388d-edba-4bfb-b83c-533ee6906124",
	"c07b0f46-6196-4dc6-86cb-6e62653bd340",
	"7de3439c-c6b2-4cc0-989a-0c9c9e1ec298");
INSERT INTO R_OIR
	VALUES ("7f6f388d-edba-4bfb-b83c-533ee6906124",
	"c07b0f46-6196-4dc6-86cb-6e62653bd340",
	"7de3439c-c6b2-4cc0-989a-0c9c9e1ec298",
	"00000000-0000-0000-0000-000000000000");
INSERT INTO PE_PE
	VALUES ("9024e829-870c-4da4-8fe9-ca288edc0839",
	1,
	"747d9f71-31b7-4f12-9233-a2f00a2a8335",
	"00000000-0000-0000-0000-000000000000",
	9);
INSERT INTO R_REL
	VALUES ("9024e829-870c-4da4-8fe9-ca288edc0839",
	11,
	'',
	"00000000-0000-0000-0000-000000000000");
INSERT INTO R_ASSOC
	VALUES ("9024e829-870c-4da4-8fe9-ca288edc0839");
INSERT INTO R_AOTH
	VALUES ("16f7cfb9-3145-4027-8b3a-13a0b9770ae3",
	"9024e829-870c-4da4-8fe9-ca288edc0839",
	"dc49ae92-3260-4ab7-b5ec-c8647fe47a45",
	0,
	1,
	'is_husband_of');
INSERT INTO O_RTIDA
	VALUES ("511a2f25-ac39-40ca-8751-6d3e31a61852",
	"16f7cfb9-3145-4027-8b3a-13a0b9770ae3",
	0,
	"9024e829-870c-4da4-8fe9-ca288edc0839",
	"dc49ae92-3260-4ab7-b5ec-c8647fe47a45");
INSERT INTO R_RTO
	VALUES ("16f7cfb9-3145-4027-8b3a-13a0b9770ae3",
	"9024e829-870c-4da4-8fe9-ca288edc0839",
	"dc49ae92-3260-4ab7-b5ec-c8647fe47a45",
	0);
INSERT INTO R_OIR
	VALUES ("16f7cfb9-3145-4027-8b3a-13a0b9770ae3",
	"9024e829-870c-4da4-8fe9-ca288edc0839",
	"dc49ae92-3260-4ab7-b5ec-c8647fe47a45",
	"00000000-0000-0000-0000-000000000000");
INSERT INTO R_AONE
	VALUES ("16f7cfb9-3145-4027-8b3a-13a0b9770ae3",
	"9024e829-870c-4da4-8fe9-ca288edc0839",
	"8d18bc2a-0d36-427a-a6f1-4c1a6515c7fb",
	0,
	1,
	'is_wife_of');
INSERT INTO O_RTIDA
	VALUES ("511a2f25-ac39-40ca-8751-6d3e31a61852",
	"16f7cfb9-3145-4027-8b3a-13a0b9770ae3",
	0,
	"9024e829-870c-4da4-8fe9-ca288edc0839",
	"8d18bc2a-0d36-427a-a6f1-4c1a6515c7fb");
INSERT INTO R_RTO
	VALUES ("16f7cfb9-3145-4027-8b3a-13a0b9770ae3",
	"9024e829-870c-4da4-8fe9-ca288edc0839",
	"8d18bc2a-0d36-427a-a6f1-4c1a6515c7fb",
	0);
INSERT INTO R_OIR
	VALUES ("16f7cfb9-3145-4027-8b3a-13a0b9770ae3",
	"9024e829-870c-4da4-8fe9-ca288edc0839",
	"8d18bc2a-0d36-427a-a6f1-4c1a6515c7fb",
	"00000000-0000-0000-0000-000000000000");
INSERT INTO R_ASSR
	VALUES ("1303c58a-6a69-454d-8f4f-63a4c1d6bab1",
	"9024e829-870c-4da4-8fe9-ca288edc0839",
	"d4895ae1-3243-46e9-b9eb-ca623a40a56c",
	0);
INSERT INTO R_RGO
	VALUES ("1303c58a-6a69-454d-8f4f-63a4c1d6bab1",
	"9024e829-870c-4da4-8fe9-ca288edc0839",
	"d4895ae1-3243-46e9-b9eb-ca623a40a56c");
INSERT INTO R_OIR
	VALUES ("1303c58a-6a69-454d-8f4f-63a4c1d6bab1",
	"9024e829-870c-4da4-8fe9-ca288edc0839",
	"d4895ae1-3243-46e9-b9eb-ca623a40a56c",
	"00000000-0000-0000-0000-000000000000");
INSERT INTO PE_PE
	VALUES ("335e690e-68a7-436f-a7c2-a0c9c7dc0fd4",
	1,
	"747d9f71-31b7-4f12-9233-a2f00a2a8335",
	"00000000-0000-0000-0000-000000000000",
	9);
INSERT INTO R_REL
	VALUES ("335e690e-68a7-436f-a7c2-a0c9c7dc0fd4",
	12,
	'',
	"00000000-0000-0000-0000-000000000000");
INSERT INTO R_ASSOC
	VALUES ("335e690e-68a7-436f-a7c2-a0c9c7dc0fd4");
INSERT INTO R_AOTH
	VALUES ("37232c72-a7ed-4c17-9fbc-5129fd3a4bae",
	"335e690e-68a7-436f-a7c2-a0c9c7dc0fd4",
	"10bf9cc1-ee02-4a4a-a015-ed252134dad1",
	1,
	0,
	'is_buddy_of');
INSERT INTO O_RTIDA
	VALUES ("64e19701-0996-441a-b9ba-2eb09f2e9101",
	"37232c72-a7ed-4c17-9fbc-5129fd3a4bae",
	0,
	"335e690e-68a7-436f-a7c2-a0c9c7dc0fd4",
	"10bf9cc1-ee02-4a4a-a015-ed252134dad1");
INSERT INTO R_RTO
	VALUES ("37232c72-a7ed-4c17-9fbc-5129fd3a4bae",
	"335e690e-68a7-436f-a7c2-a0c9c7dc0fd4",
	"10bf9cc1-ee02-4a4a-a015-ed252134dad1",
	0);
INSERT INTO R_OIR
	VALUES ("37232c72-a7ed-4c17-9fbc-5129fd3a4bae",
	"335e690e-68a7-436f-a7c2-a0c9c7dc0fd4",
	"10bf9cc1-ee02-4a4a-a015-ed252134dad1",
	"00000000-0000-0000-0000-000000000000");
INSERT INTO R_AONE
	VALUES ("37232c72-a7ed-4c17-9fbc-5129fd3a4bae",
	"335e690e-68a7-436f-a7c2-a0c9c7dc0fd4",
	"1d564457-14a1-4ea3-8d69-253ed74fb97c",
	1,
	0,
	'is_pal_of');
INSERT INTO O_RTIDA
	VALUES ("64e19701-0996-441a-b9ba-2eb09f2e9101",
	"37232c72-a7ed-4c17-9fbc-5129fd3a4bae",
	0,
	"335e690e-68a7-436f-a7c2-a0c9c7dc0fd4",
	"1d564457-14a1-4ea3-8d69-253ed74fb97c");
INSERT INTO R_RTO
	VALUES ("37232c72-a7ed-4c17-9fbc-5129fd3a4bae",
	"335e690e-68a7-436f-a7c2-a0c9c7dc0fd4",
	"1d564457-14a1-4ea3-8d69-253ed74fb97c",
	0);
INSERT INTO R_OIR
	VALUES ("37232c72-a7ed-4c17-9fbc-5129fd3a4bae",
	"335e690e-68a7-436f-a7c2-a0c9c7dc0fd4",
	"1d564457-14a1-4ea3-8d69-253ed74fb97c",
	"00000000-0000-0000-0000-000000000000");
INSERT INTO R_ASSR
	VALUES ("1a0a7fbf-fcee-426a-a47f-eb1a0de6fbe2",
	"335e690e-68a7-436f-a7c2-a0c9c7dc0fd4",
	"b939ab9f-6392-4106-a6c8-3d41dd8f7a63",
	0);
INSERT INTO R_RGO
	VALUES ("1a0a7fbf-fcee-426a-a47f-eb1a0de6fbe2",
	"335e690e-68a7-436f-a7c2-a0c9c7dc0fd4",
	"b939ab9f-6392-4106-a6c8-3d41dd8f7a63");
INSERT INTO R_OIR
	VALUES ("1a0a7fbf-fcee-426a-a47f-eb1a0de6fbe2",
	"335e690e-68a7-436f-a7c2-a0c9c7dc0fd4",
	"b939ab9f-6392-4106-a6c8-3d41dd8f7a63",
	"00000000-0000-0000-0000-000000000000");
INSERT INTO PE_PE
	VALUES ("01676442-9b26-4184-9daf-6739c481e1e0",
	1,
	"747d9f71-31b7-4f12-9233-a2f00a2a8335",
	"00000000-0000-0000-0000-000000000000",
	9);
INSERT INTO R_REL
	VALUES ("01676442-9b26-4184-9daf-6739c481e1e0",
	13,
	'',
	"00000000-0000-0000-0000-000000000000");
INSERT INTO R_ASSOC
	VALUES ("01676442-9b26-4184-9daf-6739c481e1e0");
INSERT INTO R_AONE
	VALUES ("2d8a3a17-c338-4915-b084-15abec5d8a3d",
	"01676442-9b26-4184-9daf-6739c481e1e0",
	"76608bb7-7696-4502-8af5-0a894f7d4477",
	1,
	1,
	'sells_to');
INSERT INTO O_RTIDA
	VALUES ("cb066c6c-d0e8-4f6e-b276-f26fd1aeb4c5",
	"2d8a3a17-c338-4915-b084-15abec5d8a3d",
	0,
	"01676442-9b26-4184-9daf-6739c481e1e0",
	"76608bb7-7696-4502-8af5-0a894f7d4477");
INSERT INTO R_RTO
	VALUES ("2d8a3a17-c338-4915-b084-15abec5d8a3d",
	"01676442-9b26-4184-9daf-6739c481e1e0",
	"76608bb7-7696-4502-8af5-0a894f7d4477",
	0);
INSERT INTO R_OIR
	VALUES ("2d8a3a17-c338-4915-b084-15abec5d8a3d",
	"01676442-9b26-4184-9daf-6739c481e1e0",
	"76608bb7-7696-4502-8af5-0a894f7d4477",
	"00000000-0000-0000-0000-000000000000");
INSERT INTO R_AOTH
	VALUES ("2d8a3a17-c338-4915-b084-15abec5d8a3d",
	"01676442-9b26-4184-9daf-6739c481e1e0",
	"1fa67aed-1962-4101-9055-8b25ec64a8da",
	1,
	1,
	'buys_from');
INSERT INTO O_RTIDA
	VALUES ("cb066c6c-d0e8-4f6e-b276-f26fd1aeb4c5",
	"2d8a3a17-c338-4915-b084-15abec5d8a3d",
	0,
	"01676442-9b26-4184-9daf-6739c481e1e0",
	"1fa67aed-1962-4101-9055-8b25ec64a8da");
INSERT INTO R_RTO
	VALUES ("2d8a3a17-c338-4915-b084-15abec5d8a3d",
	"01676442-9b26-4184-9daf-6739c481e1e0",
	"1fa67aed-1962-4101-9055-8b25ec64a8da",
	0);
INSERT INTO R_OIR
	VALUES ("2d8a3a17-c338-4915-b084-15abec5d8a3d",
	"01676442-9b26-4184-9daf-6739c481e1e0",
	"1fa67aed-1962-4101-9055-8b25ec64a8da",
	"00000000-0000-0000-0000-000000000000");
INSERT INTO R_ASSR
	VALUES ("8bdb72ca-c37d-49f6-bc98-b97b5539f176",
	"01676442-9b26-4184-9daf-6739c481e1e0",
	"3560ae97-306d-4e3e-b084-1f9abb14faf0",
	0);
INSERT INTO R_RGO
	VALUES ("8bdb72ca-c37d-49f6-bc98-b97b5539f176",
	"01676442-9b26-4184-9daf-6739c481e1e0",
	"3560ae97-306d-4e3e-b084-1f9abb14faf0");
INSERT INTO R_OIR
	VALUES ("8bdb72ca-c37d-49f6-bc98-b97b5539f176",
	"01676442-9b26-4184-9daf-6739c481e1e0",
	"3560ae97-306d-4e3e-b084-1f9abb14faf0",
	"00000000-0000-0000-0000-000000000000");
INSERT INTO PE_PE
	VALUES ("4bf9896e-225c-42da-82e6-68f6491ef16c",
	1,
	"00000000-0000-0000-0000-000000000000",
	"515c8018-0c73-4e2e-a7f9-3379de6bc14b",
	7);
INSERT INTO EP_PKG
	VALUES ("4bf9896e-225c-42da-82e6-68f6491ef16c",
	"00000000-0000-0000-0000-000000000000",
	"f8b7229b-f136-42db-8d6c-0444f3c8a0e2",
	'functions',
	'',
	0);
INSERT INTO PE_PE
	VALUES ("5b2dd722-eec1-43c7-a8d9-ca28f0be7d11",
	1,
	"4bf9896e-225c-42da-82e6-68f6491ef16c",
	"00000000-0000-0000-0000-000000000000",
	1);
INSERT INTO S_SYNC
	VALUES ("5b2dd722-eec1-43c7-a8d9-ca28f0be7d11",
	"00000000-0000-0000-0000-000000000000",
	'do_creates',
	'',
	'//
// Set up instances for existence test later on.

// plug R1 socket
create object instance a of plug; a.aID = 99;  // extras to see in PEIs
create object instance a of plug; a.aID = 98;
create object instance a of plug; a.aID = 1; a.i = 1;
create object instance b of socket; b.bID = 2; b.i = 2;
relate a to b across R1;
create object instance a of plug; a.aID = 3; a.i = 3;
create object instance b of socket; b.bID = 4; b.i = 4;
relate b to a across R1;
create object instance a of plug; a.aID = 5; a.i = 5;
create object instance b of socket; b.bID = 6; b.i = 6;
relate a to b across R1;
create object instance b of socket;  // extra to see it in PEIs

// dog R2 dog_owner
create object instance c1 of dog; c1.cID = 1;
create object instance c2 of dog; c2.cID = 2;
create object instance c3 of dog; c3.cID = 3;
create object instance c4 of dog; c4.cID = 4;
create object instance c5 of dog;  // extra
create object instance d1 of dog_owner;  // extra
create object instance d2 of dog_owner; d2.dID = 1; d2.name = "DeeTwo";
relate c1 to d2 across R2;
relate d2 to c2 across R2;
relate d2 to c3 across R2;
relate c4 to d2 across R2;

// host R3 device using connection
create object instance e0 of host; e0.eID = 100; e0.ratio = 0.1;
create object instance e1 of host; e1.eID = 1; e1.ratio = 0.314;
create object instance e2 of host; e2.eID = 2; e2.ratio = 2.718;
create object instance f3 of device; f3.fID = 3; f3.enabled = true;
create object instance f2 of device; f2.fID = 2; f2.enabled = false;
create object instance f1 of device; f1.fID = 1; f1.enabled = true;
create object instance g1 of connection; g1.gID = 1;
create object instance g2 of connection; g2.gID = 2;
create object instance g3 of connection; g3.gID = 3;
create object instance g4 of connection; g4.gID = 4;
relate e1 to f1 across R3 using g1;
relate f2 to e1 across R3 using g2;
relate f3 to e2 across R3 using g3;
relate e1 to f3 across R3 using g4;

// transmission R4 (reflexive)
create object instance h1 of transmission; h1.hID = 1;
create object instance h2 of transmission; h2.hID = 2;
create object instance h of transmission; h.hID = 99;  // extra to see in PEIs
create object instance h3 of transmission; h3.hID = 3;
create object instance h4 of transmission; h4.hID = 4;
relate h1 to h2 across R4.''precedes'';
relate h2 to h3 across R4.''precedes'';
relate h4 to h3 across R4.''follows'';

// car R5 sedan, sports_car R6 convertible
create object instance i4 of car; i4.iID = 400; i4.common = 400;
create object instance i3 of car; i3.iID = 300; i3.common = 300;
create object instance i2 of car; i2.iID = 200; i2.common = 200;
create object instance i1 of car; i1.iID = 100; i1.common = 100;
create object instance j1 of sedan; j1.jID = 2; j1.specialJ = 2;
create object instance k1 of sports_car; k1.kID = 11; k1.specialcommon = 11;
create object instance k2 of sports_car; k2.kID = 22; k2.specialcommon = 22;
create object instance k3 of sports_car; k3.kID = 33; k3.specialcommon = 33;
create object instance l2 of convertible; l2.lID = 222; l2.specialL = 222;
create object instance l3 of convertible; l3.lID = 333; l3.specialL = 333;
create object instance l1 of convertible; l1.lID = 111; l1.specialL = 111;
relate i1 to j1 across R5;
relate i2 to k3 across R5;
relate k2 to i3 across R5;
relate i4 to k1 across R5;
relate l1 to k1 across R6;
relate l3 to k2 across R6;
relate k3 to l2 across R6;

// group_member R8 reflexive
create object instance o2 of group_member; o2.oID = 2; o2.voo = "Cort";
create object instance o1 of group_member; o1.oID = 1; o1.voo = "Kenny";
create object instance o3 of group_member; o3.oID = 3; o3.voo = "Amy";
create object instance o4 of group_member; o4.oID = 4; o4.voo = "Ellen";
create object instance o5 of group_member; o5.oID = 5; o5.voo = "Brad";
relate o1 to o2 across R8.''teaches''; // Kenny teaches Cort.
relate o2 to o3 across R8.''teaches''; // Cort teaches Amy.
relate o4 to o2 across R8.''learns_from''; // Ellen learns from Cort.
relate o5 to o2 across R8.''learns_from''; // Brad learns from Cort.

// employee R7 reflexive using report_line
create object instance n1 of employee; n1.nID = 1; n1.name = "Pete";
create object instance n2 of employee; n2.nID = 2; n2.name = "Dave";
create object instance n3 of employee; n3.nID = 3; n3.name = "Alex";
create object instance n4 of employee; n4.nID = 4; n4.name = "Jenn";
create object instance n5 of employee; n5.nID = 5; n5.name = "Cale";
create object instance n6 of employee; n6.nID = 6; n6.name = "Chris";
create object instance m1 of report_line; m1.mID = 1; m1.department = "SW";
create object instance m2 of report_line; m2.mID = 2; m2.department = "SW";
create object instance m3 of report_line; m3.mID = 3; m3.department = "HW";
create object instance m4 of report_line; m4.mID = 4; m4.department = "MEC";
create object instance m5 of report_line; m5.mID = 5; m5.department = "MEC";
relate n1 to n3 across R7.''manages'' using m1;   // Pete manages Alex.
relate n1 to n4 across R7.''manages'' using m2;   // Pete manages Jenn.
relate n5 to n2 across R7.''works_for'' using m3; // Cale works for Dave.
relate n1 to n6 across R7.''works_for'' using m4; // Pete works for Chris.
relate n6 to n2 across R7.''manages'' using m5; // Chris manages Dave.

// automobile R9 jurisdiction using license
create object instance p1 of automobile; p1.pID = 1; p1.eyedee = "Rox";
create object instance p2 of automobile; p2.pID = 2; p2.eyedee = "Bita";
create object instance p3 of automobile; p3.pID = 3; p3.eyedee = "Tina";
create object instance q1 of jurisdiction; q1.qID = 1; q1.deeeye = "Shane";
create object instance q2 of jurisdiction; q2.qID = 2; q2.deeeye = "Rusty";
create object instance q3 of jurisdiction; q3.qID = 3; q3.deeeye = "Cort";
create object instance r1 of license; r1.city = "Indianapolis";
create object instance r2 of license; r2.city = "Lockport";
create object instance r3 of license; r3.city = "Battleground";
relate p1 to q3 across R9 using r1;
relate q2 to p2 across R9 using r3;
relate p3 to q1 across R9 using r2;

// AtoD_converter R10 analog_input using sample
create object instance s1 of AtoD_converter; s1.sID = 1; s1.s = "Rox";
create object instance s2 of AtoD_converter; s2.sID = 2; s2.s = "Jacqui";
create object instance t1 of analog_input; t1.tID = 1; t1.t = "Clare";
create object instance t2 of analog_input; t2.tID = 2; t2.t = "Katrina";
create object instance t3 of analog_input; t3.tID = 3; t3.t = "Colleen";
create object instance t4 of analog_input; t4.tID = 4; t4.t = "Hannah";
create object instance t5 of analog_input; t5.tID = 5; t5.t = "Ruby";
create object instance u5 of sample; u5.uID = 5; u5.s = "Oct";
create object instance u4 of sample; u4.uID = 4; u4.s = "Aug";
create object instance u3 of sample; u3.uID = 3; u3.s = "Apr";
create object instance u2 of sample; u2.uID = 2; u2.s = "Dec";
create object instance u1 of sample; u1.uID = 1; u1.s = "Nov";
relate s1 to t4 across R10 using u2;
relate s1 to t5 across R10 using u1;
relate t1 to s2 across R10 using u5;
relate t2 to s2 across R10 using u4;
relate s2 to t3 across R10 using u3;

// person R11 reflexive using marriage
create object instance w1 of person; w1.name = "Cort";
create object instance w2 of person; w2.name = "Rox";
create object instance w3 of person; w3.name = "Sean";
create object instance w4 of person; w4.name = "Jacqui";
create object instance v1 of marriage; v1.year = 1988;
create object instance v2 of marriage; v2.year = 1990;
relate w1 to w2 across R11.''is_husband_of'' using v1;
relate w4 to w3 across R11.''is_wife_of'' using v2;

// friends and friendships
create object instance x1 of friend; x1.name = "Cort"; x1.age = 39;
create object instance x2 of friend; x2.name = "Rox"; x2.age = 38;
create object instance x3 of friend; x3.name = "Sevina"; x3.age = 35;
create object instance x4 of friend; x4.name = "Joe"; x4.age = 43;
create object instance x5 of friend; x5.name = "Scott"; x5.age = 42;
create object instance x6 of friend; x6.name = "Jason"; x6.age = 31;
create object instance y1 of friendship; y1.duration = 1; y1.closeness = 10;
create object instance y2 of friendship; y2.duration = 2; y2.closeness = 20;
create object instance y3 of friendship; y3.duration = 3; y3.closeness = 30;
create object instance y4 of friendship; y4.duration = 4; y4.closeness = 40;
create object instance y5 of friendship; y5.duration = 5; y5.closeness = 50;
create object instance y6 of friendship; y6.duration = 6; y6.closeness = 60;
create object instance y7 of friendship; y7.duration = 7; y7.closeness = 70;
create object instance y8 of friendship; y8.duration = 8; y8.closeness = 80;
create object instance y9 of friendship; y9.duration = 9; y9.closeness = 90;
// friends of Cort
relate x1 to x2 across R12.''is_buddy_of'' using y1;
relate x1 to x3 across R12.''is_pal_of'' using y2;
relate x4 to x1 across R12.''is_buddy_of'' using y3;
relate x5 to x1 across R12.''is_pal_of'' using y4;
relate x1 to x6 across R12.''is_buddy_of'' using y5;
// friends of Rox
relate x3 to x2 across R12.''is_pal_of'' using y6;
// friends of Joe
relate x4 to x5 across R12.''is_buddy_of'' using y7;
relate x4 to x6 across R12.''is_pal_of'' using y8;
// friends of Scott
relate x6 to x5 across R12.''is_buddy_of'' using y9;


// dealers and deals
create object instance z1 of dealer; z1.name = "Joe"; z1.worth = 1;
create object instance z2 of dealer; z2.name = "Pat"; z2.worth = 2;
create object instance z3 of dealer; z3.name = "Jason"; z3.worth = 3;
create object instance zz1 of deal; zz1.xaction = 1; zz1.value = -1;
create object instance zz2 of deal; zz2.xaction = 2; zz2.value = 2;
create object instance zz3 of deal; zz3.xaction = 3; zz3.value = -3;
create object instance zz4 of deal; zz4.xaction = 4; zz4.value = 4;
create object instance zz5 of deal; zz5.xaction = 5; zz5.value = -5;
create object instance zz6 of deal; zz6.xaction = 6; zz6.value = 6;
create object instance zz7 of deal; zz7.xaction = 7; zz7.value = -7;
relate z1 to z2 across R13.''sells_to'' using zz1;
relate z1 to z3 across R13.''buys_from'' using zz2;
relate z2 to z3 across R13.''sells_to'' using zz3;
relate z3 to z1 across R13.''buys_from'' using zz4;
relate z2 to z1 across R13.''sells_to'' using zz5;
relate z2 to z3 across R13.''buys_from'' using zz6;
relate z1 to z2 across R13.''sells_to'' using zz7;
',
	"ba5eda7a-def5-0000-0000-000000000000",
	1,
	'',
	0);
INSERT INTO ACT_FNB
	VALUES ("9429fa38-ee5b-4db3-b0fa-1f37fc26ceec",
	"5b2dd722-eec1-43c7-a8d9-ca28f0be7d11");
INSERT INTO ACT_ACT
	VALUES ("9429fa38-ee5b-4db3-b0fa-1f37fc26ceec",
	'function',
	0,
	"00fa99b2-8c83-48db-827c-e1ca4e525cb6",
	"00000000-0000-0000-0000-000000000000",
	0,
	'do_creates',
	"00000000-0000-0000-0000-000000000000");
INSERT INTO ACT_BLK
	VALUES ("00fa99b2-8c83-48db-827c-e1ca4e525cb6",
	0,
	0,
	0,
	'''sells_to''',
	'',
	'',
	197,
	1,
	190,
	31,
	0,
	0,
	197,
	24,
	197,
	28,
	0,
	0,
	0,
	"9429fa38-ee5b-4db3-b0fa-1f37fc26ceec",
	"00000000-0000-0000-0000-000000000000");
INSERT INTO ACT_SMT
	VALUES ("98a85d55-1d6d-4dc5-8f5d-675d244efa49",
	"00fa99b2-8c83-48db-827c-e1ca4e525cb6",
	"27208edf-5bc3-476e-bab4-1f676125ef07",
	5,
	1,
	'do_creates line: 5');
INSERT INTO ACT_CR
	VALUES ("98a85d55-1d6d-4dc5-8f5d-675d244efa49",
	"6ef89ba5-b18a-4d68-8b44-8e8c21a53676",
	1,
	"9e07c28d-77a6-489a-85f6-d1ae2b7a22b4",
	5,
	29);
INSERT INTO ACT_SMT
	VALUES ("27208edf-5bc3-476e-bab4-1f676125ef07",
	"00fa99b2-8c83-48db-827c-e1ca4e525cb6",
	"4a64ebb8-2b40-46c1-8086-89e6af1fc729",
	5,
	35,
	'do_creates line: 5');
INSERT INTO ACT_AI
	VALUES ("27208edf-5bc3-476e-bab4-1f676125ef07",
	"b4fc6f0c-e8d3-4a33-a467-bc025ddba18f",
	"f1082bf2-0337-4637-a63c-bd4d237f6051",
	0,
	0);
INSERT INTO ACT_SMT
	VALUES ("4a64ebb8-2b40-46c1-8086-89e6af1fc729",
	"00fa99b2-8c83-48db-827c-e1ca4e525cb6",
	"3acae2de-2a73-4840-a7b0-1c8f7a826fdc",
	6,
	1,
	'do_creates line: 6');
INSERT INTO ACT_CR
	VALUES ("4a64ebb8-2b40-46c1-8086-89e6af1fc729",
	"6ef89ba5-b18a-4d68-8b44-8e8c21a53676",
	0,
	"9e07c28d-77a6-489a-85f6-d1ae2b7a22b4",
	6,
	29);
INSERT INTO ACT_SMT
	VALUES ("3acae2de-2a73-4840-a7b0-1c8f7a826fdc",
	"00fa99b2-8c83-48db-827c-e1ca4e525cb6",
	"0a260e93-53ba-4be6-80b1-6e2c548cc8bf",
	6,
	35,
	'do_creates line: 6');
INSERT INTO ACT_AI
	VALUES ("3acae2de-2a73-4840-a7b0-1c8f7a826fdc",
	"5eb9f07c-c2d2-4f19-a424-3ae5a3021822",
	"d463a4fd-092b-4f4c-95c0-27caddbb01a6",
	0,
	0);
INSERT INTO ACT_SMT
	VALUES ("0a260e93-53ba-4be6-80b1-6e2c548cc8bf",
	"00fa99b2-8c83-48db-827c-e1ca4e525cb6",
	"7a472c50-cec8-43d6-95a2-3ea322298efe",
	7,
	1,
	'do_creates line: 7');
INSERT INTO ACT_CR
	VALUES ("0a260e93-53ba-4be6-80b1-6e2c548cc8bf",
	"6ef89ba5-b18a-4d68-8b44-8e8c21a53676",
	0,
	"9e07c28d-77a6-489a-85f6-d1ae2b7a22b4",
	7,
	29);
INSERT INTO ACT_SMT
	VALUES ("7a472c50-cec8-43d6-95a2-3ea322298efe",
	"00fa99b2-8c83-48db-827c-e1ca4e525cb6",
	"563eacfe-2006-46de-a8cf-9125d8809e5c",
	7,
	35,
	'do_creates line: 7');
INSERT INTO ACT_AI
	VALUES ("7a472c50-cec8-43d6-95a2-3ea322298efe",
	"21188a3d-62f6-48a4-9746-6a1c97a84947",
	"fb037c1c-6ecc-4383-9eb1-465214c18bb8",
	0,
	0);
INSERT INTO ACT_SMT
	VALUES ("563eacfe-2006-46de-a8cf-9125d8809e5c",
	"00fa99b2-8c83-48db-827c-e1ca4e525cb6",
	"01809485-e74e-4729-9199-d6dee1c369e5",
	7,
	46,
	'do_creates line: 7');
INSERT INTO ACT_AI
	VALUES ("563eacfe-2006-46de-a8cf-9125d8809e5c",
	"8c11b61a-9c8e-4bf1-a7e0-22a978563f21",
	"809e3786-db17-4297-84d5-4e8b1668204c",
	0,
	0);
INSERT INTO ACT_SMT
	VALUES ("01809485-e74e-4729-9199-d6dee1c369e5",
	"00fa99b2-8c83-48db-827c-e1ca4e525cb6",
	"faea5ad0-a626-4648-b615-1a2ab047c758",
	8,
	1,
	'do_creates line: 8');
INSERT INTO ACT_CR
	VALUES ("01809485-e74e-4729-9199-d6dee1c369e5",
	"3e56d669-c8e7-4b79-9750-09cb0400fafd",
	1,
	"4fe7dec5-7125-46ae-99c5-0fbe0635efc5",
	8,
	29);
INSERT INTO ACT_SMT
	VALUES ("faea5ad0-a626-4648-b615-1a2ab047c758",
	"00fa99b2-8c83-48db-827c-e1ca4e525cb6",
	"51ceddc3-b163-4f2b-8e69-6295529f17f2",
	8,
	37,
	'do_creates line: 8');
INSERT INTO ACT_AI
	VALUES ("faea5ad0-a626-4648-b615-1a2ab047c758",
	"c202a54e-07a7-4756-98f0-afb797938c30",
	"a6e35ce6-290c-4eb3-954c-26e6a407beef",
	0,
	0);
INSERT INTO ACT_SMT
	VALUES ("51ceddc3-b163-4f2b-8e69-6295529f17f2",
	"00fa99b2-8c83-48db-827c-e1ca4e525cb6",
	"f9554bab-ce67-4bd3-9b34-2b04cb3c9ea9",
	8,
	48,
	'do_creates line: 8');
INSERT INTO ACT_AI
	VALUES ("51ceddc3-b163-4f2b-8e69-6295529f17f2",
	"71b568d1-8c00-4389-bd67-4cba5bdb449b",
	"b3287aff-4ecc-41b3-a07e-714f09b8397c",
	0,
	0);
INSERT INTO ACT_SMT
	VALUES ("f9554bab-ce67-4bd3-9b34-2b04cb3c9ea9",
	"00fa99b2-8c83-48db-827c-e1ca4e525cb6",
	"bfc2c84c-47df-484d-b000-89af792bdcc9",
	9,
	1,
	'do_creates line: 9');
INSERT INTO ACT_REL
	VALUES ("f9554bab-ce67-4bd3-9b34-2b04cb3c9ea9",
	"6ef89ba5-b18a-4d68-8b44-8e8c21a53676",
	"3e56d669-c8e7-4b79-9750-09cb0400fafd",
	'',
	"21892359-8dcf-4317-8a03-1a6591e96036",
	9,
	22,
	0,
	0);
INSERT INTO ACT_SMT
	VALUES ("bfc2c84c-47df-484d-b000-89af792bdcc9",
	"00fa99b2-8c83-48db-827c-e1ca4e525cb6",
	"c1c69be3-933a-449a-b1b1-39ac7ceb3fa9",
	10,
	1,
	'do_creates line: 10');
INSERT INTO ACT_CR
	VALUES ("bfc2c84c-47df-484d-b000-89af792bdcc9",
	"6ef89ba5-b18a-4d68-8b44-8e8c21a53676",
	0,
	"9e07c28d-77a6-489a-85f6-d1ae2b7a22b4",
	10,
	29);
INSERT INTO ACT_SMT
	VALUES ("c1c69be3-933a-449a-b1b1-39ac7ceb3fa9",
	"00fa99b2-8c83-48db-827c-e1ca4e525cb6",
	"3ee135ef-9e23-41cf-87aa-a43a620f87e5",
	10,
	35,
	'do_creates line: 10');
INSERT INTO ACT_AI
	VALUES ("c1c69be3-933a-449a-b1b1-39ac7ceb3fa9",
	"52dede22-64a2-460d-b860-c588bebe96d3",
	"23ed4174-8366-4e67-a871-0c029e5efb3c",
	0,
	0);
INSERT INTO ACT_SMT
	VALUES ("3ee135ef-9e23-41cf-87aa-a43a620f87e5",
	"00fa99b2-8c83-48db-827c-e1ca4e525cb6",
	"4c75720f-ea36-4279-9f8b-278a73f29eb8",
	10,
	46,
	'do_creates line: 10');
INSERT INTO ACT_AI
	VALUES ("3ee135ef-9e23-41cf-87aa-a43a620f87e5",
	"2f18dbc7-a025-4418-8de9-0891955b6c0c",
	"37cdd224-d988-4568-8c3c-e7f7841143fb",
	0,
	0);
INSERT INTO ACT_SMT
	VALUES ("4c75720f-ea36-4279-9f8b-278a73f29eb8",
	"00fa99b2-8c83-48db-827c-e1ca4e525cb6",
	"ed5298dd-b01c-4328-afb2-6d22503900c9",
	11,
	1,
	'do_creates line: 11');
INSERT INTO ACT_CR
	VALUES ("4c75720f-ea36-4279-9f8b-278a73f29eb8",
	"3e56d669-c8e7-4b79-9750-09cb0400fafd",
	0,
	"4fe7dec5-7125-46ae-99c5-0fbe0635efc5",
	11,
	29);
INSERT INTO ACT_SMT
	VALUES ("ed5298dd-b01c-4328-afb2-6d22503900c9",
	"00fa99b2-8c83-48db-827c-e1ca4e525cb6",
	"5b5cd9e1-8fc7-42a1-9b1d-8d3b904f8cfb",
	11,
	37,
	'do_creates line: 11');
INSERT INTO ACT_AI
	VALUES ("ed5298dd-b01c-4328-afb2-6d22503900c9",
	"3e6e594f-1523-476b-90c2-0f362b8c177e",
	"55f24260-4b94-4116-892f-fb5050f66d31",
	0,
	0);
INSERT INTO ACT_SMT
	VALUES ("5b5cd9e1-8fc7-42a1-9b1d-8d3b904f8cfb",
	"00fa99b2-8c83-48db-827c-e1ca4e525cb6",
	"ad915891-34f6-4eca-9026-3a5f89c299c2",
	11,
	48,
	'do_creates line: 11');
INSERT INTO ACT_AI
	VALUES ("5b5cd9e1-8fc7-42a1-9b1d-8d3b904f8cfb",
	"0273363e-75a4-4b2f-9fc0-40a4e327b3d1",
	"ad87e931-759f-4932-933d-7f9634f1f56c",
	0,
	0);
INSERT INTO ACT_SMT
	VALUES ("ad915891-34f6-4eca-9026-3a5f89c299c2",
	"00fa99b2-8c83-48db-827c-e1ca4e525cb6",
	"a8d69cce-82d0-41dd-b92e-5fedb11bc22b",
	12,
	1,
	'do_creates line: 12');
INSERT INTO ACT_REL
	VALUES ("ad915891-34f6-4eca-9026-3a5f89c299c2",
	"3e56d669-c8e7-4b79-9750-09cb0400fafd",
	"6ef89ba5-b18a-4d68-8b44-8e8c21a53676",
	'',
	"21892359-8dcf-4317-8a03-1a6591e96036",
	12,
	22,
	0,
	0);
INSERT INTO ACT_SMT
	VALUES ("a8d69cce-82d0-41dd-b92e-5fedb11bc22b",
	"00fa99b2-8c83-48db-827c-e1ca4e525cb6",
	"467817cd-fcc2-434f-a87e-08a09e8bf063",
	13,
	1,
	'do_creates line: 13');
INSERT INTO ACT_CR
	VALUES ("a8d69cce-82d0-41dd-b92e-5fedb11bc22b",
	"6ef89ba5-b18a-4d68-8b44-8e8c21a53676",
	0,
	"9e07c28d-77a6-489a-85f6-d1ae2b7a22b4",
	13,
	29);
INSERT INTO ACT_SMT
	VALUES ("467817cd-fcc2-434f-a87e-08a09e8bf063",
	"00fa99b2-8c83-48db-827c-e1ca4e525cb6",
	"75c1a3c3-1f52-48b4-ba8d-ea1d62d3f3cf",
	13,
	35,
	'do_creates line: 13');
INSERT INTO ACT_AI
	VALUES ("467817cd-fcc2-434f-a87e-08a09e8bf063",
	"4c26fc68-d957-44ba-987b-d587b137ce50",
	"a259c572-139e-4c03-b771-fade7e1e84da",
	0,
	0);
INSERT INTO ACT_SMT
	VALUES ("75c1a3c3-1f52-48b4-ba8d-ea1d62d3f3cf",
	"00fa99b2-8c83-48db-827c-e1ca4e525cb6",
	"310321d0-d7a1-4782-835a-d98fad0e80da",
	13,
	46,
	'do_creates line: 13');
INSERT INTO ACT_AI
	VALUES ("75c1a3c3-1f52-48b4-ba8d-ea1d62d3f3cf",
	"2c84bc4f-e955-4b3d-80b5-65a3c1dfa7de",
	"f456064d-96f7-448f-b104-737003b1f930",
	0,
	0);
INSERT INTO ACT_SMT
	VALUES ("310321d0-d7a1-4782-835a-d98fad0e80da",
	"00fa99b2-8c83-48db-827c-e1ca4e525cb6",
	"0f97f1b6-266d-4c06-b2bc-f47e48d0dcb1",
	14,
	1,
	'do_creates line: 14');
INSERT INTO ACT_CR
	VALUES ("310321d0-d7a1-4782-835a-d98fad0e80da",
	"3e56d669-c8e7-4b79-9750-09cb0400fafd",
	0,
	"4fe7dec5-7125-46ae-99c5-0fbe0635efc5",
	14,
	29);
INSERT INTO ACT_SMT
	VALUES ("0f97f1b6-266d-4c06-b2bc-f47e48d0dcb1",
	"00fa99b2-8c83-48db-827c-e1ca4e525cb6",
	"b8b10c10-eb15-449b-8730-d66cf2eba947",
	14,
	37,
	'do_creates line: 14');
INSERT INTO ACT_AI
	VALUES ("0f97f1b6-266d-4c06-b2bc-f47e48d0dcb1",
	"9e57cadc-bedc-4db1-83f8-12f58941e449",
	"e5d14c9b-8356-4397-8545-7d13c660c34e",
	0,
	0);
INSERT INTO ACT_SMT
	VALUES ("b8b10c10-eb15-449b-8730-d66cf2eba947",
	"00fa99b2-8c83-48db-827c-e1ca4e525cb6",
	"772e1224-5900-492c-9ad0-a8aa2cb4dd27",
	14,
	48,
	'do_creates line: 14');
INSERT INTO ACT_AI
	VALUES ("b8b10c10-eb15-449b-8730-d66cf2eba947",
	"a57cbe19-aadd-4679-8822-32773fc137c1",
	"2892d665-09d5-4f95-9599-38d9a758505b",
	0,
	0);
INSERT INTO ACT_SMT
	VALUES ("772e1224-5900-492c-9ad0-a8aa2cb4dd27",
	"00fa99b2-8c83-48db-827c-e1ca4e525cb6",
	"7f624104-4175-4abf-a186-d595c3e6665b",
	15,
	1,
	'do_creates line: 15');
INSERT INTO ACT_REL
	VALUES ("772e1224-5900-492c-9ad0-a8aa2cb4dd27",
	"6ef89ba5-b18a-4d68-8b44-8e8c21a53676",
	"3e56d669-c8e7-4b79-9750-09cb0400fafd",
	'',
	"21892359-8dcf-4317-8a03-1a6591e96036",
	15,
	22,
	0,
	0);
INSERT INTO ACT_SMT
	VALUES ("7f624104-4175-4abf-a186-d595c3e6665b",
	"00fa99b2-8c83-48db-827c-e1ca4e525cb6",
	"a941883a-b8f7-4ade-a109-c0757398fab6",
	16,
	1,
	'do_creates line: 16');
INSERT INTO ACT_CR
	VALUES ("7f624104-4175-4abf-a186-d595c3e6665b",
	"3e56d669-c8e7-4b79-9750-09cb0400fafd",
	0,
	"4fe7dec5-7125-46ae-99c5-0fbe0635efc5",
	16,
	29);
INSERT INTO ACT_SMT
	VALUES ("a941883a-b8f7-4ade-a109-c0757398fab6",
	"00fa99b2-8c83-48db-827c-e1ca4e525cb6",
	"893eb687-9572-4988-8075-b7f88b59408b",
	19,
	1,
	'do_creates line: 19');
INSERT INTO ACT_CR
	VALUES ("a941883a-b8f7-4ade-a109-c0757398fab6",
	"d97dc7a1-30da-4452-828a-7673784829c0",
	1,
	"9940ccae-6e81-400f-b2d8-0b0a0a36c067",
	19,
	30);
INSERT INTO ACT_SMT
	VALUES ("893eb687-9572-4988-8075-b7f88b59408b",
	"00fa99b2-8c83-48db-827c-e1ca4e525cb6",
	"6741899d-f0cd-40b4-8f73-a4fa3bfc2fc6",
	19,
	35,
	'do_creates line: 19');
INSERT INTO ACT_AI
	VALUES ("893eb687-9572-4988-8075-b7f88b59408b",
	"868dcb0c-0fce-4bee-a1b7-94b1ea2e4017",
	"bb658078-ba9b-45d2-910d-11a950951ff1",
	0,
	0);
INSERT INTO ACT_SMT
	VALUES ("6741899d-f0cd-40b4-8f73-a4fa3bfc2fc6",
	"00fa99b2-8c83-48db-827c-e1ca4e525cb6",
	"672c5ae0-2ce5-419d-9647-470f80f80a5c",
	20,
	1,
	'do_creates line: 20');
INSERT INTO ACT_CR
	VALUES ("6741899d-f0cd-40b4-8f73-a4fa3bfc2fc6",
	"2864798c-822c-4163-bd9a-e72ad7b683be",
	1,
	"9940ccae-6e81-400f-b2d8-0b0a0a36c067",
	20,
	30);
INSERT INTO ACT_SMT
	VALUES ("672c5ae0-2ce5-419d-9647-470f80f80a5c",
	"00fa99b2-8c83-48db-827c-e1ca4e525cb6",
	"ca1b99c3-4591-4f85-a2c6-899fd21d7a45",
	20,
	35,
	'do_creates line: 20');
INSERT INTO ACT_AI
	VALUES ("672c5ae0-2ce5-419d-9647-470f80f80a5c",
	"8821dce5-4117-4400-ba3f-6c65c4dabb1a",
	"98694b9f-404f-4c08-9595-804fcc702b7e",
	0,
	0);
INSERT INTO ACT_SMT
	VALUES ("ca1b99c3-4591-4f85-a2c6-899fd21d7a45",
	"00fa99b2-8c83-48db-827c-e1ca4e525cb6",
	"100c035b-9e3a-4256-bc10-d9241b5e7376",
	21,
	1,
	'do_creates line: 21');
INSERT INTO ACT_CR
	VALUES ("ca1b99c3-4591-4f85-a2c6-899fd21d7a45",
	"a7e81266-8784-4621-8f41-6a89ba8fcf96",
	1,
	"9940ccae-6e81-400f-b2d8-0b0a0a36c067",
	21,
	30);
INSERT INTO ACT_SMT
	VALUES ("100c035b-9e3a-4256-bc10-d9241b5e7376",
	"00fa99b2-8c83-48db-827c-e1ca4e525cb6",
	"45ff2b89-e27b-4c00-8834-63244e0143f1",
	21,
	35,
	'do_creates line: 21');
INSERT INTO ACT_AI
	VALUES ("100c035b-9e3a-4256-bc10-d9241b5e7376",
	"4b59bc2d-e431-45f3-8740-9c730d94f6a1",
	"fb2adc74-c19a-45e0-82d8-8944e71f76b3",
	0,
	0);
INSERT INTO ACT_SMT
	VALUES ("45ff2b89-e27b-4c00-8834-63244e0143f1",
	"00fa99b2-8c83-48db-827c-e1ca4e525cb6",
	"a13481e6-78b3-4709-a2e5-bbdc329897bd",
	22,
	1,
	'do_creates line: 22');
INSERT INTO ACT_CR
	VALUES ("45ff2b89-e27b-4c00-8834-63244e0143f1",
	"a0169a6c-2de1-43b7-b30a-2e0ace87132a",
	1,
	"9940ccae-6e81-400f-b2d8-0b0a0a36c067",
	22,
	30);
INSERT INTO ACT_SMT
	VALUES ("a13481e6-78b3-4709-a2e5-bbdc329897bd",
	"00fa99b2-8c83-48db-827c-e1ca4e525cb6",
	"16bcc784-d44d-4d28-9b68-a8205bf6c297",
	22,
	35,
	'do_creates line: 22');
INSERT INTO ACT_AI
	VALUES ("a13481e6-78b3-4709-a2e5-bbdc329897bd",
	"1ffa6bce-ad36-4f7b-a354-6641b4f48e4f",
	"5c9d0e68-1435-4832-89d9-e76c00ba7f62",
	0,
	0);
INSERT INTO ACT_SMT
	VALUES ("16bcc784-d44d-4d28-9b68-a8205bf6c297",
	"00fa99b2-8c83-48db-827c-e1ca4e525cb6",
	"9c017689-df2d-474d-a20b-9578dc4bdc4c",
	23,
	1,
	'do_creates line: 23');
INSERT INTO ACT_CR
	VALUES ("16bcc784-d44d-4d28-9b68-a8205bf6c297",
	"0c046129-b474-452f-b162-ba772cc6e13b",
	1,
	"9940ccae-6e81-400f-b2d8-0b0a0a36c067",
	23,
	30);
INSERT INTO ACT_SMT
	VALUES ("9c017689-df2d-474d-a20b-9578dc4bdc4c",
	"00fa99b2-8c83-48db-827c-e1ca4e525cb6",
	"67e93b3b-ed03-489a-8c4b-c30e1ba3c11e",
	24,
	1,
	'do_creates line: 24');
INSERT INTO ACT_CR
	VALUES ("9c017689-df2d-474d-a20b-9578dc4bdc4c",
	"2d4efcf6-5090-4452-bfc0-e29cedb73142",
	1,
	"8e6ffc50-e410-47a1-8bcf-8229c2ca4642",
	24,
	30);
INSERT INTO ACT_SMT
	VALUES ("67e93b3b-ed03-489a-8c4b-c30e1ba3c11e",
	"00fa99b2-8c83-48db-827c-e1ca4e525cb6",
	"25d2662b-5697-4498-8e95-7c0b3ee75bf0",
	25,
	1,
	'do_creates line: 25');
INSERT INTO ACT_CR
	VALUES ("67e93b3b-ed03-489a-8c4b-c30e1ba3c11e",
	"db394bc4-1097-4ee7-b290-8a73a5d9c21f",
	1,
	"8e6ffc50-e410-47a1-8bcf-8229c2ca4642",
	25,
	30);
INSERT INTO ACT_SMT
	VALUES ("25d2662b-5697-4498-8e95-7c0b3ee75bf0",
	"00fa99b2-8c83-48db-827c-e1ca4e525cb6",
	"8a3da6ca-dd6f-4a99-8699-271646600286",
	25,
	41,
	'do_creates line: 25');
INSERT INTO ACT_AI
	VALUES ("25d2662b-5697-4498-8e95-7c0b3ee75bf0",
	"df1200b8-c7be-4fd2-9c07-453c2406ad7a",
	"4aac88f9-b246-404c-a684-1ca76d2e2b87",
	0,
	0);
INSERT INTO ACT_SMT
	VALUES ("8a3da6ca-dd6f-4a99-8699-271646600286",
	"00fa99b2-8c83-48db-827c-e1ca4e525cb6",
	"866f72c1-6570-426c-9274-372c26b7b43d",
	25,
	53,
	'do_creates line: 25');
INSERT INTO ACT_AI
	VALUES ("8a3da6ca-dd6f-4a99-8699-271646600286",
	"633ca828-7f71-41ea-95ac-b6c7b0e2bb2b",
	"d0b8a710-da7b-43a0-b5cc-a53c53db4638",
	0,
	0);
INSERT INTO ACT_SMT
	VALUES ("866f72c1-6570-426c-9274-372c26b7b43d",
	"00fa99b2-8c83-48db-827c-e1ca4e525cb6",
	"4cc77495-d593-4350-a915-140b04bc803e",
	26,
	1,
	'do_creates line: 26');
INSERT INTO ACT_REL
	VALUES ("866f72c1-6570-426c-9274-372c26b7b43d",
	"d97dc7a1-30da-4452-828a-7673784829c0",
	"db394bc4-1097-4ee7-b290-8a73a5d9c21f",
	'',
	"a3789e75-5157-4500-a6bc-2cb3d576b578",
	26,
	24,
	0,
	0);
INSERT INTO ACT_SMT
	VALUES ("4cc77495-d593-4350-a915-140b04bc803e",
	"00fa99b2-8c83-48db-827c-e1ca4e525cb6",
	"8ea8a605-ab61-476c-b067-4e845098ce29",
	27,
	1,
	'do_creates line: 27');
INSERT INTO ACT_REL
	VALUES ("4cc77495-d593-4350-a915-140b04bc803e",
	"db394bc4-1097-4ee7-b290-8a73a5d9c21f",
	"2864798c-822c-4163-bd9a-e72ad7b683be",
	'',
	"a3789e75-5157-4500-a6bc-2cb3d576b578",
	27,
	24,
	0,
	0);
INSERT INTO ACT_SMT
	VALUES ("8ea8a605-ab61-476c-b067-4e845098ce29",
	"00fa99b2-8c83-48db-827c-e1ca4e525cb6",
	"b54079ec-b16f-44fd-9a60-939f8331f991",
	28,
	1,
	'do_creates line: 28');
INSERT INTO ACT_REL
	VALUES ("8ea8a605-ab61-476c-b067-4e845098ce29",
	"db394bc4-1097-4ee7-b290-8a73a5d9c21f",
	"a7e81266-8784-4621-8f41-6a89ba8fcf96",
	'',
	"a3789e75-5157-4500-a6bc-2cb3d576b578",
	28,
	24,
	0,
	0);
INSERT INTO ACT_SMT
	VALUES ("b54079ec-b16f-44fd-9a60-939f8331f991",
	"00fa99b2-8c83-48db-827c-e1ca4e525cb6",
	"dfa458cc-db74-4136-9a24-ba463946276b",
	29,
	1,
	'do_creates line: 29');
INSERT INTO ACT_REL
	VALUES ("b54079ec-b16f-44fd-9a60-939f8331f991",
	"a0169a6c-2de1-43b7-b30a-2e0ace87132a",
	"db394bc4-1097-4ee7-b290-8a73a5d9c21f",
	'',
	"a3789e75-5157-4500-a6bc-2cb3d576b578",
	29,
	24,
	0,
	0);
INSERT INTO ACT_SMT
	VALUES ("dfa458cc-db74-4136-9a24-ba463946276b",
	"00fa99b2-8c83-48db-827c-e1ca4e525cb6",
	"59f18bfc-9efb-4977-ba1b-bb6a6ef292b4",
	32,
	1,
	'do_creates line: 32');
INSERT INTO ACT_CR
	VALUES ("dfa458cc-db74-4136-9a24-ba463946276b",
	"6d5e1f16-385b-4d76-a7da-c92f965a4b3e",
	1,
	"6ee088c1-7097-4fe8-96fc-815a18b47c81",
	32,
	30);
INSERT INTO ACT_SMT
	VALUES ("59f18bfc-9efb-4977-ba1b-bb6a6ef292b4",
	"00fa99b2-8c83-48db-827c-e1ca4e525cb6",
	"f9c98ba4-e50e-4224-b41c-5b0d7103c56d",
	32,
	36,
	'do_creates line: 32');
INSERT INTO ACT_AI
	VALUES ("59f18bfc-9efb-4977-ba1b-bb6a6ef292b4",
	"b2a6e906-160a-4cea-ac7b-bbbf6711c4ff",
	"1a5b7900-ac3a-4618-bf3f-97d69cf5840d",
	0,
	0);
INSERT INTO ACT_SMT
	VALUES ("f9c98ba4-e50e-4224-b41c-5b0d7103c56d",
	"00fa99b2-8c83-48db-827c-e1ca4e525cb6",
	"25ac417b-f2fb-4835-b26f-aa6c3792bc73",
	32,
	50,
	'do_creates line: 32');
INSERT INTO ACT_AI
	VALUES ("f9c98ba4-e50e-4224-b41c-5b0d7103c56d",
	"2970c409-b8cc-4cd1-a8da-a58c1e67951f",
	"72419f08-441d-46ff-9fc0-e7f49e08ef64",
	0,
	0);
INSERT INTO ACT_SMT
	VALUES ("25ac417b-f2fb-4835-b26f-aa6c3792bc73",
	"00fa99b2-8c83-48db-827c-e1ca4e525cb6",
	"a55ddbf8-c332-4bf1-9798-51afbbcb16ce",
	33,
	1,
	'do_creates line: 33');
INSERT INTO ACT_CR
	VALUES ("25ac417b-f2fb-4835-b26f-aa6c3792bc73",
	"8eb0f48a-4f61-4b9e-adba-6cefc03259fb",
	1,
	"6ee088c1-7097-4fe8-96fc-815a18b47c81",
	33,
	30);
INSERT INTO ACT_SMT
	VALUES ("a55ddbf8-c332-4bf1-9798-51afbbcb16ce",
	"00fa99b2-8c83-48db-827c-e1ca4e525cb6",
	"9d7a3620-716e-4bee-be04-65019c1f2ea3",
	33,
	36,
	'do_creates line: 33');
INSERT INTO ACT_AI
	VALUES ("a55ddbf8-c332-4bf1-9798-51afbbcb16ce",
	"43bc0e89-b164-4fa3-bdd0-da15c3553575",
	"d41e7bb7-4552-45e0-b101-e192b4285f88",
	0,
	0);
INSERT INTO ACT_SMT
	VALUES ("9d7a3620-716e-4bee-be04-65019c1f2ea3",
	"00fa99b2-8c83-48db-827c-e1ca4e525cb6",
	"41e4ed74-0d97-4a44-9a4b-cd7fd9acc677",
	33,
	48,
	'do_creates line: 33');
INSERT INTO ACT_AI
	VALUES ("9d7a3620-716e-4bee-be04-65019c1f2ea3",
	"5b494218-dcce-47ce-9f0f-266e09eed0e3",
	"9d30883e-230f-4a11-a2dd-fcd25257afff",
	0,
	0);
INSERT INTO ACT_SMT
	VALUES ("41e4ed74-0d97-4a44-9a4b-cd7fd9acc677",
	"00fa99b2-8c83-48db-827c-e1ca4e525cb6",
	"41ed709d-40aa-456d-be5d-6f313e00a4e7",
	34,
	1,
	'do_creates line: 34');
INSERT INTO ACT_CR
	VALUES ("41e4ed74-0d97-4a44-9a4b-cd7fd9acc677",
	"65b827ad-886e-4fdd-9f26-f0877a9b17db",
	1,
	"6ee088c1-7097-4fe8-96fc-815a18b47c81",
	34,
	30);
INSERT INTO ACT_SMT
	VALUES ("41ed709d-40aa-456d-be5d-6f313e00a4e7",
	"00fa99b2-8c83-48db-827c-e1ca4e525cb6",
	"5d492577-784b-460b-9049-0263c448cfce",
	34,
	36,
	'do_creates line: 34');
INSERT INTO ACT_AI
	VALUES ("41ed709d-40aa-456d-be5d-6f313e00a4e7",
	"606640f7-ca53-49f8-b495-f4f593920754",
	"aa605dc2-1395-4a8e-8797-4d0c5c6d9c14",
	0,
	0);
INSERT INTO ACT_SMT
	VALUES ("5d492577-784b-460b-9049-0263c448cfce",
	"00fa99b2-8c83-48db-827c-e1ca4e525cb6",
	"6b952718-1e96-430a-97a8-16545bd62d4a",
	34,
	48,
	'do_creates line: 34');
INSERT INTO ACT_AI
	VALUES ("5d492577-784b-460b-9049-0263c448cfce",
	"dad8f96d-93d3-4f87-9aaf-074269a756c2",
	"1420c36b-588b-4efa-a0ce-5ec13b3f224c",
	0,
	0);
INSERT INTO ACT_SMT
	VALUES ("6b952718-1e96-430a-97a8-16545bd62d4a",
	"00fa99b2-8c83-48db-827c-e1ca4e525cb6",
	"e0936969-2a1a-4760-b527-1ed09c7c12f1",
	35,
	1,
	'do_creates line: 35');
INSERT INTO ACT_CR
	VALUES ("6b952718-1e96-430a-97a8-16545bd62d4a",
	"7d0ecae7-8eb0-4e8f-a02d-ac3e6c0aabfc",
	1,
	"c21a9ecf-e844-47a4-910a-7d8c7aa3d553",
	35,
	30);
INSERT INTO ACT_SMT
	VALUES ("e0936969-2a1a-4760-b527-1ed09c7c12f1",
	"00fa99b2-8c83-48db-827c-e1ca4e525cb6",
	"b9afe2b7-7391-46c3-ac5a-d30d22879691",
	35,
	38,
	'do_creates line: 35');
INSERT INTO ACT_AI
	VALUES ("e0936969-2a1a-4760-b527-1ed09c7c12f1",
	"52482fa5-185e-47e2-ac81-0c4b56669d56",
	"ebe07443-a03b-48aa-8976-a1dae040985a",
	0,
	0);
INSERT INTO ACT_SMT
	VALUES ("b9afe2b7-7391-46c3-ac5a-d30d22879691",
	"00fa99b2-8c83-48db-827c-e1ca4e525cb6",
	"c980f698-15c7-4638-9ee7-60e9bc71d653",
	35,
	50,
	'do_creates line: 35');
INSERT INTO ACT_AI
	VALUES ("b9afe2b7-7391-46c3-ac5a-d30d22879691",
	"1f4e94a7-29c4-470c-b201-e443db5ec8c5",
	"54714b4d-bfc4-46bd-86df-6deb5cbf1e5c",
	0,
	0);
INSERT INTO ACT_SMT
	VALUES ("c980f698-15c7-4638-9ee7-60e9bc71d653",
	"00fa99b2-8c83-48db-827c-e1ca4e525cb6",
	"0a3f1283-ae2c-463e-a85b-f99e6af2327a",
	36,
	1,
	'do_creates line: 36');
INSERT INTO ACT_CR
	VALUES ("c980f698-15c7-4638-9ee7-60e9bc71d653",
	"b2276482-747e-40bf-9167-ed557130e57b",
	1,
	"c21a9ecf-e844-47a4-910a-7d8c7aa3d553",
	36,
	30);
INSERT INTO ACT_SMT
	VALUES ("0a3f1283-ae2c-463e-a85b-f99e6af2327a",
	"00fa99b2-8c83-48db-827c-e1ca4e525cb6",
	"f7c13d0f-2762-4272-8fdc-0cfe4baa1287",
	36,
	38,
	'do_creates line: 36');
INSERT INTO ACT_AI
	VALUES ("0a3f1283-ae2c-463e-a85b-f99e6af2327a",
	"f053302f-be1f-4f37-b675-47c6e160608f",
	"0c1a00d1-9d17-4d5a-9894-625c35df0e7b",
	0,
	0);
INSERT INTO ACT_SMT
	VALUES ("f7c13d0f-2762-4272-8fdc-0cfe4baa1287",
	"00fa99b2-8c83-48db-827c-e1ca4e525cb6",
	"1762aa73-6ec4-4f73-9488-1ec96e4f5ab3",
	36,
	50,
	'do_creates line: 36');
INSERT INTO ACT_AI
	VALUES ("f7c13d0f-2762-4272-8fdc-0cfe4baa1287",
	"f6e77317-44cb-4c6b-b41d-87080983c533",
	"d0de0c95-d9ac-4875-a2c3-208a1db51ef8",
	0,
	0);
INSERT INTO ACT_SMT
	VALUES ("1762aa73-6ec4-4f73-9488-1ec96e4f5ab3",
	"00fa99b2-8c83-48db-827c-e1ca4e525cb6",
	"5deca1d3-c43f-4029-8e17-0add7b6d2b24",
	37,
	1,
	'do_creates line: 37');
INSERT INTO ACT_CR
	VALUES ("1762aa73-6ec4-4f73-9488-1ec96e4f5ab3",
	"82f31b2d-7199-4358-be1f-0af5e29128f6",
	1,
	"c21a9ecf-e844-47a4-910a-7d8c7aa3d553",
	37,
	30);
INSERT INTO ACT_SMT
	VALUES ("5deca1d3-c43f-4029-8e17-0add7b6d2b24",
	"00fa99b2-8c83-48db-827c-e1ca4e525cb6",
	"6b750596-aa53-4fc0-a4fd-133bf74c484e",
	37,
	38,
	'do_creates line: 37');
INSERT INTO ACT_AI
	VALUES ("5deca1d3-c43f-4029-8e17-0add7b6d2b24",
	"2af99fcd-4776-4073-ae18-b9c20a738106",
	"ded7ef90-ec9a-4ac7-a7c6-22892521efcf",
	0,
	0);
INSERT INTO ACT_SMT
	VALUES ("6b750596-aa53-4fc0-a4fd-133bf74c484e",
	"00fa99b2-8c83-48db-827c-e1ca4e525cb6",
	"92947eda-7ec9-4320-8f15-f2b0b3a78508",
	37,
	50,
	'do_creates line: 37');
INSERT INTO ACT_AI
	VALUES ("6b750596-aa53-4fc0-a4fd-133bf74c484e",
	"b28ce9f0-036d-4f6e-b57d-a5e36d8e83f3",
	"2828d64d-ef75-4763-bde1-a28b970c07a9",
	0,
	0);
INSERT INTO ACT_SMT
	VALUES ("92947eda-7ec9-4320-8f15-f2b0b3a78508",
	"00fa99b2-8c83-48db-827c-e1ca4e525cb6",
	"69541006-755d-4b4f-9482-cc0e8f0dcd70",
	38,
	1,
	'do_creates line: 38');
INSERT INTO ACT_CR
	VALUES ("92947eda-7ec9-4320-8f15-f2b0b3a78508",
	"297b0ab4-3dbb-4e62-9737-43abbfa64d7f",
	1,
	"39297b1a-c5e8-4464-b85c-7f1c6dadf459",
	38,
	30);
INSERT INTO ACT_SMT
	VALUES ("69541006-755d-4b4f-9482-cc0e8f0dcd70",
	"00fa99b2-8c83-48db-827c-e1ca4e525cb6",
	"7573bec7-1de1-40d7-9ca1-4f97abb1ed7c",
	38,
	42,
	'do_creates line: 38');
INSERT INTO ACT_AI
	VALUES ("69541006-755d-4b4f-9482-cc0e8f0dcd70",
	"ff6a3fef-5510-49c4-9897-74744c38e0bb",
	"2cbdfa3a-99e0-4c4b-b6ef-c68af86ca552",
	0,
	0);
INSERT INTO ACT_SMT
	VALUES ("7573bec7-1de1-40d7-9ca1-4f97abb1ed7c",
	"00fa99b2-8c83-48db-827c-e1ca4e525cb6",
	"bea25766-2d62-4b99-8383-070062e53511",
	39,
	1,
	'do_creates line: 39');
INSERT INTO ACT_CR
	VALUES ("7573bec7-1de1-40d7-9ca1-4f97abb1ed7c",
	"058dab9a-955c-4522-8d57-e4a0d91cd13e",
	1,
	"39297b1a-c5e8-4464-b85c-7f1c6dadf459",
	39,
	30);
INSERT INTO ACT_SMT
	VALUES ("bea25766-2d62-4b99-8383-070062e53511",
	"00fa99b2-8c83-48db-827c-e1ca4e525cb6",
	"7cf34b38-08a9-4f06-b5d5-e1e4594ae3ba",
	39,
	42,
	'do_creates line: 39');
INSERT INTO ACT_AI
	VALUES ("bea25766-2d62-4b99-8383-070062e53511",
	"62e87e0e-01b8-4a81-80b8-24c65aedd6fb",
	"e7c79209-903b-492d-9ec0-99a8d14d6319",
	0,
	0);
INSERT INTO ACT_SMT
	VALUES ("7cf34b38-08a9-4f06-b5d5-e1e4594ae3ba",
	"00fa99b2-8c83-48db-827c-e1ca4e525cb6",
	"173428cc-98fb-4d74-9349-dd2979994f55",
	40,
	1,
	'do_creates line: 40');
INSERT INTO ACT_CR
	VALUES ("7cf34b38-08a9-4f06-b5d5-e1e4594ae3ba",
	"27452379-3873-4486-8b2b-00ad8bd8547d",
	1,
	"39297b1a-c5e8-4464-b85c-7f1c6dadf459",
	40,
	30);
INSERT INTO ACT_SMT
	VALUES ("173428cc-98fb-4d74-9349-dd2979994f55",
	"00fa99b2-8c83-48db-827c-e1ca4e525cb6",
	"5d6847fe-6f1b-4252-8ae9-5ea72cff828d",
	40,
	42,
	'do_creates line: 40');
INSERT INTO ACT_AI
	VALUES ("173428cc-98fb-4d74-9349-dd2979994f55",
	"edb594bd-c08e-4fe0-80fc-faa9b8a4bd19",
	"c224d3bb-2ce8-4830-97ae-7ac879aad861",
	0,
	0);
INSERT INTO ACT_SMT
	VALUES ("5d6847fe-6f1b-4252-8ae9-5ea72cff828d",
	"00fa99b2-8c83-48db-827c-e1ca4e525cb6",
	"fc6587b8-87ea-4c27-86c1-7371ba8c6d22",
	41,
	1,
	'do_creates line: 41');
INSERT INTO ACT_CR
	VALUES ("5d6847fe-6f1b-4252-8ae9-5ea72cff828d",
	"9ef08fa6-4e5f-4852-b283-bc23acea008a",
	1,
	"39297b1a-c5e8-4464-b85c-7f1c6dadf459",
	41,
	30);
INSERT INTO ACT_SMT
	VALUES ("fc6587b8-87ea-4c27-86c1-7371ba8c6d22",
	"00fa99b2-8c83-48db-827c-e1ca4e525cb6",
	"c725d67e-1f1e-4b2d-ab6c-cb7dd64d4a56",
	41,
	42,
	'do_creates line: 41');
INSERT INTO ACT_AI
	VALUES ("fc6587b8-87ea-4c27-86c1-7371ba8c6d22",
	"6d476025-bb79-4b37-86ed-448ffc050c41",
	"6b5f8b9f-8c39-44eb-b0a9-562caea5bd1e",
	0,
	0);
INSERT INTO ACT_SMT
	VALUES ("c725d67e-1f1e-4b2d-ab6c-cb7dd64d4a56",
	"00fa99b2-8c83-48db-827c-e1ca4e525cb6",
	"4d5ba80f-5753-4512-a9f1-18032696e334",
	42,
	1,
	'do_creates line: 42');
INSERT INTO ACT_RU
	VALUES ("c725d67e-1f1e-4b2d-ab6c-cb7dd64d4a56",
	"8eb0f48a-4f61-4b9e-adba-6cefc03259fb",
	"82f31b2d-7199-4358-be1f-0af5e29128f6",
	"297b0ab4-3dbb-4e62-9737-43abbfa64d7f",
	'',
	"b16412f8-3deb-47eb-9e2b-f0600bd208c6",
	42,
	24,
	0,
	0);
INSERT INTO ACT_SMT
	VALUES ("4d5ba80f-5753-4512-a9f1-18032696e334",
	"00fa99b2-8c83-48db-827c-e1ca4e525cb6",
	"d93248fe-3622-4ec2-94c4-343e9a72cc4e",
	43,
	1,
	'do_creates line: 43');
INSERT INTO ACT_RU
	VALUES ("4d5ba80f-5753-4512-a9f1-18032696e334",
	"b2276482-747e-40bf-9167-ed557130e57b",
	"8eb0f48a-4f61-4b9e-adba-6cefc03259fb",
	"058dab9a-955c-4522-8d57-e4a0d91cd13e",
	'',
	"b16412f8-3deb-47eb-9e2b-f0600bd208c6",
	43,
	24,
	0,
	0);
INSERT INTO ACT_SMT
	VALUES ("d93248fe-3622-4ec2-94c4-343e9a72cc4e",
	"00fa99b2-8c83-48db-827c-e1ca4e525cb6",
	"ba16a01b-af8a-4120-a82b-e7a1d52e56a3",
	44,
	1,
	'do_creates line: 44');
INSERT INTO ACT_RU
	VALUES ("d93248fe-3622-4ec2-94c4-343e9a72cc4e",
	"7d0ecae7-8eb0-4e8f-a02d-ac3e6c0aabfc",
	"65b827ad-886e-4fdd-9f26-f0877a9b17db",
	"27452379-3873-4486-8b2b-00ad8bd8547d",
	'',
	"b16412f8-3deb-47eb-9e2b-f0600bd208c6",
	44,
	24,
	0,
	0);
INSERT INTO ACT_SMT
	VALUES ("ba16a01b-af8a-4120-a82b-e7a1d52e56a3",
	"00fa99b2-8c83-48db-827c-e1ca4e525cb6",
	"2b5021d3-68ca-4886-a1b6-24709abe9d5a",
	45,
	1,
	'do_creates line: 45');
INSERT INTO ACT_RU
	VALUES ("ba16a01b-af8a-4120-a82b-e7a1d52e56a3",
	"8eb0f48a-4f61-4b9e-adba-6cefc03259fb",
	"7d0ecae7-8eb0-4e8f-a02d-ac3e6c0aabfc",
	"9ef08fa6-4e5f-4852-b283-bc23acea008a",
	'',
	"b16412f8-3deb-47eb-9e2b-f0600bd208c6",
	45,
	24,
	0,
	0);
INSERT INTO ACT_SMT
	VALUES ("2b5021d3-68ca-4886-a1b6-24709abe9d5a",
	"00fa99b2-8c83-48db-827c-e1ca4e525cb6",
	"13f0abf7-d2c6-4645-8308-a843329af5c1",
	48,
	1,
	'do_creates line: 48');
INSERT INTO ACT_CR
	VALUES ("2b5021d3-68ca-4886-a1b6-24709abe9d5a",
	"80f749e1-53ed-4e79-a2a1-75e4015a2260",
	1,
	"2620e093-f578-450b-aabf-d9a801df6972",
	48,
	30);
INSERT INTO ACT_SMT
	VALUES ("13f0abf7-d2c6-4645-8308-a843329af5c1",
	"00fa99b2-8c83-48db-827c-e1ca4e525cb6",
	"8c102f6a-8171-431f-85dc-4a7c909b3e61",
	48,
	44,
	'do_creates line: 48');
INSERT INTO ACT_AI
	VALUES ("13f0abf7-d2c6-4645-8308-a843329af5c1",
	"0699aa4a-7959-499d-9e53-a537a93a6e04",
	"abac9f51-eab4-4ada-b652-b5a56db02490",
	0,
	0);
INSERT INTO ACT_SMT
	VALUES ("8c102f6a-8171-431f-85dc-4a7c909b3e61",
	"00fa99b2-8c83-48db-827c-e1ca4e525cb6",
	"3e7901e1-94bb-4f68-9c1a-b6cd4641bac4",
	49,
	1,
	'do_creates line: 49');
INSERT INTO ACT_CR
	VALUES ("8c102f6a-8171-431f-85dc-4a7c909b3e61",
	"c34f68c3-0879-4692-9d8d-17a16187e0ce",
	1,
	"2620e093-f578-450b-aabf-d9a801df6972",
	49,
	30);
INSERT INTO ACT_SMT
	VALUES ("3e7901e1-94bb-4f68-9c1a-b6cd4641bac4",
	"00fa99b2-8c83-48db-827c-e1ca4e525cb6",
	"187fae7b-2947-4f55-b98e-cb5ec63b1f71",
	49,
	44,
	'do_creates line: 49');
INSERT INTO ACT_AI
	VALUES ("3e7901e1-94bb-4f68-9c1a-b6cd4641bac4",
	"5ebe1b89-3b0a-4441-82c6-96b590c2b7c8",
	"102aca2e-2585-4290-b7a5-ca63b564985f",
	0,
	0);
INSERT INTO ACT_SMT
	VALUES ("187fae7b-2947-4f55-b98e-cb5ec63b1f71",
	"00fa99b2-8c83-48db-827c-e1ca4e525cb6",
	"be67ae6f-55f6-4b2a-b439-9e66a0668a07",
	50,
	1,
	'do_creates line: 50');
INSERT INTO ACT_CR
	VALUES ("187fae7b-2947-4f55-b98e-cb5ec63b1f71",
	"dcc6c79c-2dfc-4df1-8aea-04eaf869a920",
	1,
	"2620e093-f578-450b-aabf-d9a801df6972",
	50,
	29);
INSERT INTO ACT_SMT
	VALUES ("be67ae6f-55f6-4b2a-b439-9e66a0668a07",
	"00fa99b2-8c83-48db-827c-e1ca4e525cb6",
	"31969689-f385-4f41-bc5a-6d83c51f1880",
	50,
	43,
	'do_creates line: 50');
INSERT INTO ACT_AI
	VALUES ("be67ae6f-55f6-4b2a-b439-9e66a0668a07",
	"66e08c3b-54ca-4715-b134-2268fe80404a",
	"3b72b558-6fde-4b90-81d2-eea97fd0ba65",
	0,
	0);
INSERT INTO ACT_SMT
	VALUES ("31969689-f385-4f41-bc5a-6d83c51f1880",
	"00fa99b2-8c83-48db-827c-e1ca4e525cb6",
	"84d40206-873e-4d71-b79c-daea301dec61",
	51,
	1,
	'do_creates line: 51');
INSERT INTO ACT_CR
	VALUES ("31969689-f385-4f41-bc5a-6d83c51f1880",
	"8fd43393-ac97-4a73-ba60-1f88e2add15d",
	1,
	"2620e093-f578-450b-aabf-d9a801df6972",
	51,
	30);
INSERT INTO ACT_SMT
	VALUES ("84d40206-873e-4d71-b79c-daea301dec61",
	"00fa99b2-8c83-48db-827c-e1ca4e525cb6",
	"534c093e-bf92-4df5-b3e6-ebd4567d04fb",
	51,
	44,
	'do_creates line: 51');
INSERT INTO ACT_AI
	VALUES ("84d40206-873e-4d71-b79c-daea301dec61",
	"ce6e4bbe-61a7-4222-9e0e-2b153e2b40a2",
	"1273ad1b-66e2-4a94-9d65-461edb40ce4a",
	0,
	0);
INSERT INTO ACT_SMT
	VALUES ("534c093e-bf92-4df5-b3e6-ebd4567d04fb",
	"00fa99b2-8c83-48db-827c-e1ca4e525cb6",
	"308bc4e7-77a2-4cf5-b9c5-e967b48912e9",
	52,
	1,
	'do_creates line: 52');
INSERT INTO ACT_CR
	VALUES ("534c093e-bf92-4df5-b3e6-ebd4567d04fb",
	"96714537-52a2-49ed-bd87-b17b52c73eaf",
	1,
	"2620e093-f578-450b-aabf-d9a801df6972",
	52,
	30);
INSERT INTO ACT_SMT
	VALUES ("308bc4e7-77a2-4cf5-b9c5-e967b48912e9",
	"00fa99b2-8c83-48db-827c-e1ca4e525cb6",
	"5dc8debf-a3df-4e8c-8ba0-69e9046acbdc",
	52,
	44,
	'do_creates line: 52');
INSERT INTO ACT_AI
	VALUES ("308bc4e7-77a2-4cf5-b9c5-e967b48912e9",
	"c30ebe47-91d1-42ed-9efc-3e5fd093c721",
	"afcf4915-3e28-4d6a-865b-5ffa998fdc3f",
	0,
	0);
INSERT INTO ACT_SMT
	VALUES ("5dc8debf-a3df-4e8c-8ba0-69e9046acbdc",
	"00fa99b2-8c83-48db-827c-e1ca4e525cb6",
	"7526010b-1700-4e14-b8af-44affc63710e",
	53,
	1,
	'do_creates line: 53');
INSERT INTO ACT_REL
	VALUES ("5dc8debf-a3df-4e8c-8ba0-69e9046acbdc",
	"80f749e1-53ed-4e79-a2a1-75e4015a2260",
	"c34f68c3-0879-4692-9d8d-17a16187e0ce",
	'''precedes''',
	"ce3ff364-a822-4666-ae6e-57cdc648bf1c",
	53,
	24,
	53,
	27);
INSERT INTO ACT_SMT
	VALUES ("7526010b-1700-4e14-b8af-44affc63710e",
	"00fa99b2-8c83-48db-827c-e1ca4e525cb6",
	"b9ffb850-e6c4-4617-856e-ed576002ff00",
	54,
	1,
	'do_creates line: 54');
INSERT INTO ACT_REL
	VALUES ("7526010b-1700-4e14-b8af-44affc63710e",
	"c34f68c3-0879-4692-9d8d-17a16187e0ce",
	"8fd43393-ac97-4a73-ba60-1f88e2add15d",
	'''precedes''',
	"ce3ff364-a822-4666-ae6e-57cdc648bf1c",
	54,
	24,
	54,
	27);
INSERT INTO ACT_SMT
	VALUES ("b9ffb850-e6c4-4617-856e-ed576002ff00",
	"00fa99b2-8c83-48db-827c-e1ca4e525cb6",
	"0ef2e5d9-63d4-49c8-a22e-1c643224aecb",
	55,
	1,
	'do_creates line: 55');
INSERT INTO ACT_REL
	VALUES ("b9ffb850-e6c4-4617-856e-ed576002ff00",
	"96714537-52a2-49ed-bd87-b17b52c73eaf",
	"8fd43393-ac97-4a73-ba60-1f88e2add15d",
	'''follows''',
	"ce3ff364-a822-4666-ae6e-57cdc648bf1c",
	55,
	24,
	55,
	27);
INSERT INTO ACT_SMT
	VALUES ("0ef2e5d9-63d4-49c8-a22e-1c643224aecb",
	"00fa99b2-8c83-48db-827c-e1ca4e525cb6",
	"33a11955-52e5-4c7f-9ffd-1ec6871374ca",
	58,
	1,
	'do_creates line: 58');
INSERT INTO ACT_CR
	VALUES ("0ef2e5d9-63d4-49c8-a22e-1c643224aecb",
	"1710fc25-5ffc-48cd-9a72-1235cc31eef6",
	1,
	"9dbd3ae1-6411-42eb-972d-0740a28a8c2c",
	58,
	30);
INSERT INTO ACT_SMT
	VALUES ("33a11955-52e5-4c7f-9ffd-1ec6871374ca",
	"00fa99b2-8c83-48db-827c-e1ca4e525cb6",
	"1637cf0d-29d3-488b-bbbe-e4a25de8bae9",
	58,
	35,
	'do_creates line: 58');
INSERT INTO ACT_AI
	VALUES ("33a11955-52e5-4c7f-9ffd-1ec6871374ca",
	"386618f2-fb63-412d-a571-db11595027f3",
	"9702ad7e-fd26-4fb7-a905-9296ca108229",
	0,
	0);
INSERT INTO ACT_SMT
	VALUES ("1637cf0d-29d3-488b-bbbe-e4a25de8bae9",
	"00fa99b2-8c83-48db-827c-e1ca4e525cb6",
	"0a2c4725-4a4a-4b88-9525-b65c07d13b6c",
	58,
	49,
	'do_creates line: 58');
INSERT INTO ACT_AI
	VALUES ("1637cf0d-29d3-488b-bbbe-e4a25de8bae9",
	"2e682b23-9b5d-4165-bf15-0fab39d91414",
	"3f1c37d8-6e50-4eeb-944f-e9d179ba7ee1",
	0,
	0);
INSERT INTO ACT_SMT
	VALUES ("0a2c4725-4a4a-4b88-9525-b65c07d13b6c",
	"00fa99b2-8c83-48db-827c-e1ca4e525cb6",
	"c7fd02e1-0447-40a4-b3d1-c9b18106de5d",
	59,
	1,
	'do_creates line: 59');
INSERT INTO ACT_CR
	VALUES ("0a2c4725-4a4a-4b88-9525-b65c07d13b6c",
	"af0e33e7-f6d3-457c-ac55-366ee12b69ca",
	1,
	"9dbd3ae1-6411-42eb-972d-0740a28a8c2c",
	59,
	30);
INSERT INTO ACT_SMT
	VALUES ("c7fd02e1-0447-40a4-b3d1-c9b18106de5d",
	"00fa99b2-8c83-48db-827c-e1ca4e525cb6",
	"8115dcf8-c201-4fdd-8fe0-c0e331b36232",
	59,
	35,
	'do_creates line: 59');
INSERT INTO ACT_AI
	VALUES ("c7fd02e1-0447-40a4-b3d1-c9b18106de5d",
	"67d1d5eb-9ee9-44d0-849e-4c84fbc07d2c",
	"5be5e74d-e8e0-4d33-8904-aaed4bbffa73",
	0,
	0);
INSERT INTO ACT_SMT
	VALUES ("8115dcf8-c201-4fdd-8fe0-c0e331b36232",
	"00fa99b2-8c83-48db-827c-e1ca4e525cb6",
	"c8379fa5-d1d9-46e2-87da-e429ef820fa0",
	59,
	49,
	'do_creates line: 59');
INSERT INTO ACT_AI
	VALUES ("8115dcf8-c201-4fdd-8fe0-c0e331b36232",
	"0874114b-d072-4f18-ad7b-d7e0b6d39373",
	"ec17ea2c-104d-472e-889d-6624495fed26",
	0,
	0);
INSERT INTO ACT_SMT
	VALUES ("c8379fa5-d1d9-46e2-87da-e429ef820fa0",
	"00fa99b2-8c83-48db-827c-e1ca4e525cb6",
	"afc01dd8-b085-49de-864f-8a6516662f6c",
	60,
	1,
	'do_creates line: 60');
INSERT INTO ACT_CR
	VALUES ("c8379fa5-d1d9-46e2-87da-e429ef820fa0",
	"7a421402-40eb-446b-ae5c-603029cdad62",
	1,
	"9dbd3ae1-6411-42eb-972d-0740a28a8c2c",
	60,
	30);
INSERT INTO ACT_SMT
	VALUES ("afc01dd8-b085-49de-864f-8a6516662f6c",
	"00fa99b2-8c83-48db-827c-e1ca4e525cb6",
	"e895f736-1449-4004-9c73-ccd6e285916c",
	60,
	35,
	'do_creates line: 60');
INSERT INTO ACT_AI
	VALUES ("afc01dd8-b085-49de-864f-8a6516662f6c",
	"49a65f10-880c-4992-b6c6-a41fa4f02893",
	"1b1bdd07-da11-4087-afc5-a95036e880cd",
	0,
	0);
INSERT INTO ACT_SMT
	VALUES ("e895f736-1449-4004-9c73-ccd6e285916c",
	"00fa99b2-8c83-48db-827c-e1ca4e525cb6",
	"9426e538-7e98-4c67-877d-a06e9fb75f3d",
	60,
	49,
	'do_creates line: 60');
INSERT INTO ACT_AI
	VALUES ("e895f736-1449-4004-9c73-ccd6e285916c",
	"61e237eb-4137-43b0-a926-f3003b6bb9af",
	"b9ad3a09-be62-46a3-8c9b-b70c5105bdc9",
	0,
	0);
INSERT INTO ACT_SMT
	VALUES ("9426e538-7e98-4c67-877d-a06e9fb75f3d",
	"00fa99b2-8c83-48db-827c-e1ca4e525cb6",
	"fc2f308c-d7b7-4d29-b80d-ded288f831e5",
	61,
	1,
	'do_creates line: 61');
INSERT INTO ACT_CR
	VALUES ("9426e538-7e98-4c67-877d-a06e9fb75f3d",
	"b651271a-ae45-455b-9219-50e29c4add17",
	1,
	"9dbd3ae1-6411-42eb-972d-0740a28a8c2c",
	61,
	30);
INSERT INTO ACT_SMT
	VALUES ("fc2f308c-d7b7-4d29-b80d-ded288f831e5",
	"00fa99b2-8c83-48db-827c-e1ca4e525cb6",
	"8ad7c0d0-dd23-49a6-972f-d8e49faee201",
	61,
	35,
	'do_creates line: 61');
INSERT INTO ACT_AI
	VALUES ("fc2f308c-d7b7-4d29-b80d-ded288f831e5",
	"06f6bcd4-0913-4b3c-b93c-bd634b0a50fd",
	"9ee994ad-8414-4b89-8c1e-4be12979b991",
	0,
	0);
INSERT INTO ACT_SMT
	VALUES ("8ad7c0d0-dd23-49a6-972f-d8e49faee201",
	"00fa99b2-8c83-48db-827c-e1ca4e525cb6",
	"d1842ce5-8c15-44df-8b25-2f40d48851b6",
	61,
	49,
	'do_creates line: 61');
INSERT INTO ACT_AI
	VALUES ("8ad7c0d0-dd23-49a6-972f-d8e49faee201",
	"c0f768d4-aa8e-4f15-9abc-6c9f3626aecc",
	"b5fc413b-7612-4201-8f28-8d31f2ab04f7",
	0,
	0);
INSERT INTO ACT_SMT
	VALUES ("d1842ce5-8c15-44df-8b25-2f40d48851b6",
	"00fa99b2-8c83-48db-827c-e1ca4e525cb6",
	"244aaff7-bb05-4c3c-8944-2435a45d85f4",
	62,
	1,
	'do_creates line: 62');
INSERT INTO ACT_CR
	VALUES ("d1842ce5-8c15-44df-8b25-2f40d48851b6",
	"dc7a0c66-b13a-419c-925d-77c8885e010e",
	1,
	"1bc2ff43-9ec6-4784-ba62-216cf22e5419",
	62,
	30);
INSERT INTO ACT_SMT
	VALUES ("244aaff7-bb05-4c3c-8944-2435a45d85f4",
	"00fa99b2-8c83-48db-827c-e1ca4e525cb6",
	"46446a24-20d7-4eae-aa44-6c7e0bed0dfc",
	62,
	37,
	'do_creates line: 62');
INSERT INTO ACT_AI
	VALUES ("244aaff7-bb05-4c3c-8944-2435a45d85f4",
	"6b4e1fa3-41ad-416a-bb4b-89a09aeab4ae",
	"676941f5-3c18-44e1-b2c5-f01ce74f5d80",
	0,
	0);
INSERT INTO ACT_SMT
	VALUES ("46446a24-20d7-4eae-aa44-6c7e0bed0dfc",
	"00fa99b2-8c83-48db-827c-e1ca4e525cb6",
	"3e26820e-6d6d-4b21-823c-8e4dfecbc5fb",
	62,
	49,
	'do_creates line: 62');
INSERT INTO ACT_AI
	VALUES ("46446a24-20d7-4eae-aa44-6c7e0bed0dfc",
	"9b6657f6-57d7-4230-aed7-b573b45cd3cc",
	"175fb444-4a61-41a4-b589-d40696d05b2b",
	0,
	0);
INSERT INTO ACT_SMT
	VALUES ("3e26820e-6d6d-4b21-823c-8e4dfecbc5fb",
	"00fa99b2-8c83-48db-827c-e1ca4e525cb6",
	"10f1b996-1874-4e9b-8502-974c84b7df9a",
	63,
	1,
	'do_creates line: 63');
INSERT INTO ACT_CR
	VALUES ("3e26820e-6d6d-4b21-823c-8e4dfecbc5fb",
	"3664c17d-e8c7-4de0-b635-4580cd3657bb",
	1,
	"582d76c4-422e-4d9e-8361-55c5096acbfd",
	63,
	30);
INSERT INTO ACT_SMT
	VALUES ("10f1b996-1874-4e9b-8502-974c84b7df9a",
	"00fa99b2-8c83-48db-827c-e1ca4e525cb6",
	"e8ba7b7b-071c-4b2c-ad5d-bb04fda5bdc0",
	63,
	42,
	'do_creates line: 63');
INSERT INTO ACT_AI
	VALUES ("10f1b996-1874-4e9b-8502-974c84b7df9a",
	"a4f08bd5-b05f-4649-b214-0d27e22868d3",
	"a5da3fa3-e51f-4e81-956b-4b003cd764c7",
	0,
	0);
INSERT INTO ACT_SMT
	VALUES ("e8ba7b7b-071c-4b2c-ad5d-bb04fda5bdc0",
	"00fa99b2-8c83-48db-827c-e1ca4e525cb6",
	"4f99b0ce-159b-405d-8ffc-7cd8b087a8dd",
	63,
	55,
	'do_creates line: 63');
INSERT INTO ACT_AI
	VALUES ("e8ba7b7b-071c-4b2c-ad5d-bb04fda5bdc0",
	"6343ce69-5633-46c3-9efb-2d5a8d979cae",
	"75b299e3-d47c-4008-8096-963e9d4265c0",
	0,
	0);
INSERT INTO ACT_SMT
	VALUES ("4f99b0ce-159b-405d-8ffc-7cd8b087a8dd",
	"00fa99b2-8c83-48db-827c-e1ca4e525cb6",
	"5e80178e-af6e-475b-ae5b-5540df786e6f",
	64,
	1,
	'do_creates line: 64');
INSERT INTO ACT_CR
	VALUES ("4f99b0ce-159b-405d-8ffc-7cd8b087a8dd",
	"6fce1fd5-779d-43d6-a850-cd36cab6bfb0",
	1,
	"582d76c4-422e-4d9e-8361-55c5096acbfd",
	64,
	30);
INSERT INTO ACT_SMT
	VALUES ("5e80178e-af6e-475b-ae5b-5540df786e6f",
	"00fa99b2-8c83-48db-827c-e1ca4e525cb6",
	"da769de2-7219-4794-87d7-f80a0e6a6194",
	64,
	42,
	'do_creates line: 64');
INSERT INTO ACT_AI
	VALUES ("5e80178e-af6e-475b-ae5b-5540df786e6f",
	"067ad195-f143-486e-9f0f-f239e16c103f",
	"63df5d07-66f2-4b8d-8fb3-1d987723edc8",
	0,
	0);
INSERT INTO ACT_SMT
	VALUES ("da769de2-7219-4794-87d7-f80a0e6a6194",
	"00fa99b2-8c83-48db-827c-e1ca4e525cb6",
	"3906a49e-1418-44b2-8126-bf71b93fd8a5",
	64,
	55,
	'do_creates line: 64');
INSERT INTO ACT_AI
	VALUES ("da769de2-7219-4794-87d7-f80a0e6a6194",
	"1306eabf-5d33-471a-9f9c-2b5f94c24548",
	"4dcb74dc-53c5-45f7-b58d-3549ad408321",
	0,
	0);
INSERT INTO ACT_SMT
	VALUES ("3906a49e-1418-44b2-8126-bf71b93fd8a5",
	"00fa99b2-8c83-48db-827c-e1ca4e525cb6",
	"ca99a1bf-be36-4cac-a42c-2d82ec3e02eb",
	65,
	1,
	'do_creates line: 65');
INSERT INTO ACT_CR
	VALUES ("3906a49e-1418-44b2-8126-bf71b93fd8a5",
	"e2bc34c1-0e67-4f75-95da-a625a0f96920",
	1,
	"582d76c4-422e-4d9e-8361-55c5096acbfd",
	65,
	30);
INSERT INTO ACT_SMT
	VALUES ("ca99a1bf-be36-4cac-a42c-2d82ec3e02eb",
	"00fa99b2-8c83-48db-827c-e1ca4e525cb6",
	"6bc20531-66a6-4cd4-9502-45233de86476",
	65,
	42,
	'do_creates line: 65');
INSERT INTO ACT_AI
	VALUES ("ca99a1bf-be36-4cac-a42c-2d82ec3e02eb",
	"d46ece05-ca73-4741-8ff9-84ce8b52039f",
	"bfe0bdb7-c7e0-4e8f-b0dd-6b93cb7a4295",
	0,
	0);
INSERT INTO ACT_SMT
	VALUES ("6bc20531-66a6-4cd4-9502-45233de86476",
	"00fa99b2-8c83-48db-827c-e1ca4e525cb6",
	"af9c99ce-6bc3-467f-9f58-f2e9fe2a4372",
	65,
	55,
	'do_creates line: 65');
INSERT INTO ACT_AI
	VALUES ("6bc20531-66a6-4cd4-9502-45233de86476",
	"7f0c0412-a56e-46cc-ad04-b15dff3cb3ee",
	"ef90a4cf-8456-4b89-a659-cad27ad8664f",
	0,
	0);
INSERT INTO ACT_SMT
	VALUES ("af9c99ce-6bc3-467f-9f58-f2e9fe2a4372",
	"00fa99b2-8c83-48db-827c-e1ca4e525cb6",
	"7a180f91-5c3a-4a60-a4ce-e7c6e5e3a036",
	66,
	1,
	'do_creates line: 66');
INSERT INTO ACT_CR
	VALUES ("af9c99ce-6bc3-467f-9f58-f2e9fe2a4372",
	"ba77324d-21e0-4dda-ba42-af23761c656c",
	1,
	"60baa2a9-55de-4e61-947f-25f39fc3cbf1",
	66,
	30);
INSERT INTO ACT_SMT
	VALUES ("7a180f91-5c3a-4a60-a4ce-e7c6e5e3a036",
	"00fa99b2-8c83-48db-827c-e1ca4e525cb6",
	"de10ec78-6726-4e6b-b352-23a305ef96c1",
	66,
	43,
	'do_creates line: 66');
INSERT INTO ACT_AI
	VALUES ("7a180f91-5c3a-4a60-a4ce-e7c6e5e3a036",
	"56daeed1-a9d1-4bc7-8778-d9fbc577abec",
	"b5701bfd-7875-4bbd-9559-9dbc35768101",
	0,
	0);
INSERT INTO ACT_SMT
	VALUES ("de10ec78-6726-4e6b-b352-23a305ef96c1",
	"00fa99b2-8c83-48db-827c-e1ca4e525cb6",
	"61798669-1773-4366-b0a1-7c3d5265d5f5",
	66,
	57,
	'do_creates line: 66');
INSERT INTO ACT_AI
	VALUES ("de10ec78-6726-4e6b-b352-23a305ef96c1",
	"b05464d6-8c1b-480c-ac42-b0618d80c63c",
	"6f4d9def-4edf-4d0a-a9c5-832f12c2c17f",
	0,
	0);
INSERT INTO ACT_SMT
	VALUES ("61798669-1773-4366-b0a1-7c3d5265d5f5",
	"00fa99b2-8c83-48db-827c-e1ca4e525cb6",
	"86922d76-60ed-4c54-b9c1-5555317984ad",
	67,
	1,
	'do_creates line: 67');
INSERT INTO ACT_CR
	VALUES ("61798669-1773-4366-b0a1-7c3d5265d5f5",
	"16e21ea0-7796-4214-8d26-14cfc7bed566",
	1,
	"60baa2a9-55de-4e61-947f-25f39fc3cbf1",
	67,
	30);
INSERT INTO ACT_SMT
	VALUES ("86922d76-60ed-4c54-b9c1-5555317984ad",
	"00fa99b2-8c83-48db-827c-e1ca4e525cb6",
	"831ec218-3b99-491f-9ab4-28ca82d2e3b1",
	67,
	43,
	'do_creates line: 67');
INSERT INTO ACT_AI
	VALUES ("86922d76-60ed-4c54-b9c1-5555317984ad",
	"7bba6417-ede5-4a56-bc9d-73491af4ef2a",
	"32d1a836-66fa-44a1-97fa-f5521ccff400",
	0,
	0);
INSERT INTO ACT_SMT
	VALUES ("831ec218-3b99-491f-9ab4-28ca82d2e3b1",
	"00fa99b2-8c83-48db-827c-e1ca4e525cb6",
	"440eb8d2-6e31-4831-b8c1-db54d1dce71c",
	67,
	57,
	'do_creates line: 67');
INSERT INTO ACT_AI
	VALUES ("831ec218-3b99-491f-9ab4-28ca82d2e3b1",
	"7c2e6f15-db5b-44a7-9098-05db7e71f8e8",
	"0a3d2de8-3d37-4b2d-969c-c13accecdd27",
	0,
	0);
INSERT INTO ACT_SMT
	VALUES ("440eb8d2-6e31-4831-b8c1-db54d1dce71c",
	"00fa99b2-8c83-48db-827c-e1ca4e525cb6",
	"6553ea15-bd99-4c56-b79a-10b31e1b7ad0",
	68,
	1,
	'do_creates line: 68');
INSERT INTO ACT_CR
	VALUES ("440eb8d2-6e31-4831-b8c1-db54d1dce71c",
	"ef5baf60-6a65-4115-bc41-df7ab5dcdad9",
	1,
	"60baa2a9-55de-4e61-947f-25f39fc3cbf1",
	68,
	30);
INSERT INTO ACT_SMT
	VALUES ("6553ea15-bd99-4c56-b79a-10b31e1b7ad0",
	"00fa99b2-8c83-48db-827c-e1ca4e525cb6",
	"285014d7-b5cf-4e9d-ab4c-dad69d4ad6d5",
	68,
	43,
	'do_creates line: 68');
INSERT INTO ACT_AI
	VALUES ("6553ea15-bd99-4c56-b79a-10b31e1b7ad0",
	"b6c6233a-708c-40cf-aade-b17cc1b1a28f",
	"b0ac9218-354d-4257-9053-bc718666c2da",
	0,
	0);
INSERT INTO ACT_SMT
	VALUES ("285014d7-b5cf-4e9d-ab4c-dad69d4ad6d5",
	"00fa99b2-8c83-48db-827c-e1ca4e525cb6",
	"17faa22c-072f-4ef4-bfef-81c28ff0b239",
	68,
	57,
	'do_creates line: 68');
INSERT INTO ACT_AI
	VALUES ("285014d7-b5cf-4e9d-ab4c-dad69d4ad6d5",
	"73ba02da-5176-42ac-88f6-2cb2678be705",
	"95612e09-9566-4c65-8735-74447eeb392a",
	0,
	0);
INSERT INTO ACT_SMT
	VALUES ("17faa22c-072f-4ef4-bfef-81c28ff0b239",
	"00fa99b2-8c83-48db-827c-e1ca4e525cb6",
	"6ebb9796-457b-4b80-808a-cfa312689d88",
	69,
	1,
	'do_creates line: 69');
INSERT INTO ACT_REL
	VALUES ("17faa22c-072f-4ef4-bfef-81c28ff0b239",
	"b651271a-ae45-455b-9219-50e29c4add17",
	"dc7a0c66-b13a-419c-925d-77c8885e010e",
	'',
	"81de7908-4a0c-4e5d-b8d3-769156891cba",
	69,
	24,
	0,
	0);
INSERT INTO ACT_SMT
	VALUES ("6ebb9796-457b-4b80-808a-cfa312689d88",
	"00fa99b2-8c83-48db-827c-e1ca4e525cb6",
	"561ba4a7-cc87-4a27-8f7a-3787f70019b1",
	70,
	1,
	'do_creates line: 70');
INSERT INTO ACT_REL
	VALUES ("6ebb9796-457b-4b80-808a-cfa312689d88",
	"7a421402-40eb-446b-ae5c-603029cdad62",
	"e2bc34c1-0e67-4f75-95da-a625a0f96920",
	'',
	"81de7908-4a0c-4e5d-b8d3-769156891cba",
	70,
	24,
	0,
	0);
INSERT INTO ACT_SMT
	VALUES ("561ba4a7-cc87-4a27-8f7a-3787f70019b1",
	"00fa99b2-8c83-48db-827c-e1ca4e525cb6",
	"d6b09edb-3839-4edd-a397-009e6668eeb5",
	71,
	1,
	'do_creates line: 71');
INSERT INTO ACT_REL
	VALUES ("561ba4a7-cc87-4a27-8f7a-3787f70019b1",
	"6fce1fd5-779d-43d6-a850-cd36cab6bfb0",
	"af0e33e7-f6d3-457c-ac55-366ee12b69ca",
	'',
	"81de7908-4a0c-4e5d-b8d3-769156891cba",
	71,
	24,
	0,
	0);
INSERT INTO ACT_SMT
	VALUES ("d6b09edb-3839-4edd-a397-009e6668eeb5",
	"00fa99b2-8c83-48db-827c-e1ca4e525cb6",
	"bb65a07b-e5af-4919-8207-9ee73830a1e6",
	72,
	1,
	'do_creates line: 72');
INSERT INTO ACT_REL
	VALUES ("d6b09edb-3839-4edd-a397-009e6668eeb5",
	"1710fc25-5ffc-48cd-9a72-1235cc31eef6",
	"3664c17d-e8c7-4de0-b635-4580cd3657bb",
	'',
	"81de7908-4a0c-4e5d-b8d3-769156891cba",
	72,
	24,
	0,
	0);
INSERT INTO ACT_SMT
	VALUES ("bb65a07b-e5af-4919-8207-9ee73830a1e6",
	"00fa99b2-8c83-48db-827c-e1ca4e525cb6",
	"bc3dfadf-4d35-43f2-92c2-1dca87ea74b8",
	73,
	1,
	'do_creates line: 73');
INSERT INTO ACT_REL
	VALUES ("bb65a07b-e5af-4919-8207-9ee73830a1e6",
	"ef5baf60-6a65-4115-bc41-df7ab5dcdad9",
	"3664c17d-e8c7-4de0-b635-4580cd3657bb",
	'',
	"d186f17b-9ee7-405a-9c47-b7cea0d4674d",
	73,
	24,
	0,
	0);
INSERT INTO ACT_SMT
	VALUES ("bc3dfadf-4d35-43f2-92c2-1dca87ea74b8",
	"00fa99b2-8c83-48db-827c-e1ca4e525cb6",
	"9e39f40c-6ee1-40e6-860d-19a984b621fe",
	74,
	1,
	'do_creates line: 74');
INSERT INTO ACT_REL
	VALUES ("bc3dfadf-4d35-43f2-92c2-1dca87ea74b8",
	"16e21ea0-7796-4214-8d26-14cfc7bed566",
	"6fce1fd5-779d-43d6-a850-cd36cab6bfb0",
	'',
	"d186f17b-9ee7-405a-9c47-b7cea0d4674d",
	74,
	24,
	0,
	0);
INSERT INTO ACT_SMT
	VALUES ("9e39f40c-6ee1-40e6-860d-19a984b621fe",
	"00fa99b2-8c83-48db-827c-e1ca4e525cb6",
	"526fd2d5-e0a5-4997-b4ce-a0d6200ab5a6",
	75,
	1,
	'do_creates line: 75');
INSERT INTO ACT_REL
	VALUES ("9e39f40c-6ee1-40e6-860d-19a984b621fe",
	"e2bc34c1-0e67-4f75-95da-a625a0f96920",
	"ba77324d-21e0-4dda-ba42-af23761c656c",
	'',
	"d186f17b-9ee7-405a-9c47-b7cea0d4674d",
	75,
	24,
	0,
	0);
INSERT INTO ACT_SMT
	VALUES ("526fd2d5-e0a5-4997-b4ce-a0d6200ab5a6",
	"00fa99b2-8c83-48db-827c-e1ca4e525cb6",
	"8ae43cbd-f501-4846-bc3e-2117f0403d27",
	78,
	1,
	'do_creates line: 78');
INSERT INTO ACT_CR
	VALUES ("526fd2d5-e0a5-4997-b4ce-a0d6200ab5a6",
	"d5d54e93-b4de-4c54-acaa-268bbfbdc12d",
	1,
	"2b75ff93-ab57-42e7-8100-af7086b8d12b",
	78,
	30);
INSERT INTO ACT_SMT
	VALUES ("8ae43cbd-f501-4846-bc3e-2117f0403d27",
	"00fa99b2-8c83-48db-827c-e1ca4e525cb6",
	"4a275537-1958-4bae-9dc8-838fd42606d1",
	78,
	44,
	'do_creates line: 78');
INSERT INTO ACT_AI
	VALUES ("8ae43cbd-f501-4846-bc3e-2117f0403d27",
	"c175f3bf-f703-43e6-ac0d-474ad78145d5",
	"5a3d6f0e-9e41-427a-8f7c-679aca6392c9",
	0,
	0);
INSERT INTO ACT_SMT
	VALUES ("4a275537-1958-4bae-9dc8-838fd42606d1",
	"00fa99b2-8c83-48db-827c-e1ca4e525cb6",
	"4bd537ac-366a-49bb-84a1-56b5d133ba74",
	78,
	56,
	'do_creates line: 78');
INSERT INTO ACT_AI
	VALUES ("4a275537-1958-4bae-9dc8-838fd42606d1",
	"97824dfe-2ef6-434a-934a-125640ba6135",
	"2453e5ed-df84-44ab-a949-1537ed5c16d4",
	0,
	0);
INSERT INTO ACT_SMT
	VALUES ("4bd537ac-366a-49bb-84a1-56b5d133ba74",
	"00fa99b2-8c83-48db-827c-e1ca4e525cb6",
	"bb2520cb-5099-4475-9713-8373662ad830",
	79,
	1,
	'do_creates line: 79');
INSERT INTO ACT_CR
	VALUES ("4bd537ac-366a-49bb-84a1-56b5d133ba74",
	"7502d436-b4a3-4d4a-ae21-eb529a877a1c",
	1,
	"2b75ff93-ab57-42e7-8100-af7086b8d12b",
	79,
	30);
INSERT INTO ACT_SMT
	VALUES ("bb2520cb-5099-4475-9713-8373662ad830",
	"00fa99b2-8c83-48db-827c-e1ca4e525cb6",
	"899db447-dcd8-4a6e-991e-4d3c288c0861",
	79,
	44,
	'do_creates line: 79');
INSERT INTO ACT_AI
	VALUES ("bb2520cb-5099-4475-9713-8373662ad830",
	"13ddc499-add7-48d4-9d0a-3b3a34351be5",
	"04445736-006c-488f-a72c-f34759430e2f",
	0,
	0);
INSERT INTO ACT_SMT
	VALUES ("899db447-dcd8-4a6e-991e-4d3c288c0861",
	"00fa99b2-8c83-48db-827c-e1ca4e525cb6",
	"727f45db-6530-4a0b-9cec-5397b8a0ccd5",
	79,
	56,
	'do_creates line: 79');
INSERT INTO ACT_AI
	VALUES ("899db447-dcd8-4a6e-991e-4d3c288c0861",
	"7f9e25a7-f670-44d1-86d7-658c71245b4a",
	"0feec213-103e-4459-b40c-8934143e1f26",
	0,
	0);
INSERT INTO ACT_SMT
	VALUES ("727f45db-6530-4a0b-9cec-5397b8a0ccd5",
	"00fa99b2-8c83-48db-827c-e1ca4e525cb6",
	"239b86e3-547b-4dad-a5a6-a6c869160c61",
	80,
	1,
	'do_creates line: 80');
INSERT INTO ACT_CR
	VALUES ("727f45db-6530-4a0b-9cec-5397b8a0ccd5",
	"eb4888d1-3c7f-4507-a420-abf37510952a",
	1,
	"2b75ff93-ab57-42e7-8100-af7086b8d12b",
	80,
	30);
INSERT INTO ACT_SMT
	VALUES ("239b86e3-547b-4dad-a5a6-a6c869160c61",
	"00fa99b2-8c83-48db-827c-e1ca4e525cb6",
	"0a5eda58-41c2-481c-9f4c-2ec965513fb6",
	80,
	44,
	'do_creates line: 80');
INSERT INTO ACT_AI
	VALUES ("239b86e3-547b-4dad-a5a6-a6c869160c61",
	"15e6a9d1-37d9-4ca7-98c8-99229e69474a",
	"690408a5-f2e0-43ea-b412-c446e5f9cb3c",
	0,
	0);
INSERT INTO ACT_SMT
	VALUES ("0a5eda58-41c2-481c-9f4c-2ec965513fb6",
	"00fa99b2-8c83-48db-827c-e1ca4e525cb6",
	"79be5a0d-472f-45db-aee7-6a9c5ca9f85b",
	80,
	56,
	'do_creates line: 80');
INSERT INTO ACT_AI
	VALUES ("0a5eda58-41c2-481c-9f4c-2ec965513fb6",
	"f13078b0-957b-4e40-9ae5-cae248fbb5c3",
	"d34d1410-0fd6-4377-a35e-abd1dcb143c6",
	0,
	0);
INSERT INTO ACT_SMT
	VALUES ("79be5a0d-472f-45db-aee7-6a9c5ca9f85b",
	"00fa99b2-8c83-48db-827c-e1ca4e525cb6",
	"7b81cba5-b5b9-48cb-ae42-d4fecd7d9844",
	81,
	1,
	'do_creates line: 81');
INSERT INTO ACT_CR
	VALUES ("79be5a0d-472f-45db-aee7-6a9c5ca9f85b",
	"edb9fc30-fc67-4221-9a9e-cb7a4e539176",
	1,
	"2b75ff93-ab57-42e7-8100-af7086b8d12b",
	81,
	30);
INSERT INTO ACT_SMT
	VALUES ("7b81cba5-b5b9-48cb-ae42-d4fecd7d9844",
	"00fa99b2-8c83-48db-827c-e1ca4e525cb6",
	"a5793f1e-dd8f-4f8a-9ab6-a1afa24ee064",
	81,
	44,
	'do_creates line: 81');
INSERT INTO ACT_AI
	VALUES ("7b81cba5-b5b9-48cb-ae42-d4fecd7d9844",
	"9d7b63a6-19ec-4ea0-9ecc-ce427b40ceca",
	"ecaf7f79-cfb0-4314-bbe5-ef169fc1b38d",
	0,
	0);
INSERT INTO ACT_SMT
	VALUES ("a5793f1e-dd8f-4f8a-9ab6-a1afa24ee064",
	"00fa99b2-8c83-48db-827c-e1ca4e525cb6",
	"151c2e4a-bad9-42ea-a374-d32b7f8104bd",
	81,
	56,
	'do_creates line: 81');
INSERT INTO ACT_AI
	VALUES ("a5793f1e-dd8f-4f8a-9ab6-a1afa24ee064",
	"6e26349b-1265-4347-8c39-b53fa3d08cb8",
	"c0589aa2-d20f-46f4-b0a1-5d1a8ac78dd7",
	0,
	0);
INSERT INTO ACT_SMT
	VALUES ("151c2e4a-bad9-42ea-a374-d32b7f8104bd",
	"00fa99b2-8c83-48db-827c-e1ca4e525cb6",
	"d124b268-9794-4e60-ad11-60c1a6ce7263",
	82,
	1,
	'do_creates line: 82');
INSERT INTO ACT_CR
	VALUES ("151c2e4a-bad9-42ea-a374-d32b7f8104bd",
	"83a99922-eeb1-41f9-81b2-5c6e5f04cc3f",
	1,
	"2b75ff93-ab57-42e7-8100-af7086b8d12b",
	82,
	30);
INSERT INTO ACT_SMT
	VALUES ("d124b268-9794-4e60-ad11-60c1a6ce7263",
	"00fa99b2-8c83-48db-827c-e1ca4e525cb6",
	"3b323c50-c4ad-43e4-9aa9-7ac2ae7e9c51",
	82,
	44,
	'do_creates line: 82');
INSERT INTO ACT_AI
	VALUES ("d124b268-9794-4e60-ad11-60c1a6ce7263",
	"617cb4f8-8b0c-4e3d-89d2-6534f1808c37",
	"3c727c8b-5029-45fe-b0ed-9dda4c1b40e5",
	0,
	0);
INSERT INTO ACT_SMT
	VALUES ("3b323c50-c4ad-43e4-9aa9-7ac2ae7e9c51",
	"00fa99b2-8c83-48db-827c-e1ca4e525cb6",
	"a7514d6f-664d-498c-a134-14fdbaed0b65",
	82,
	56,
	'do_creates line: 82');
INSERT INTO ACT_AI
	VALUES ("3b323c50-c4ad-43e4-9aa9-7ac2ae7e9c51",
	"bacb992b-4f3f-42d7-98b1-30437a28cdfa",
	"80a6cba8-3cea-4cba-8934-9d5f5f6c728e",
	0,
	0);
INSERT INTO ACT_SMT
	VALUES ("a7514d6f-664d-498c-a134-14fdbaed0b65",
	"00fa99b2-8c83-48db-827c-e1ca4e525cb6",
	"889e9a5c-4ae6-4f95-9491-2a6f0be65250",
	83,
	1,
	'do_creates line: 83');
INSERT INTO ACT_REL
	VALUES ("a7514d6f-664d-498c-a134-14fdbaed0b65",
	"7502d436-b4a3-4d4a-ae21-eb529a877a1c",
	"d5d54e93-b4de-4c54-acaa-268bbfbdc12d",
	'''teaches''',
	"5c4fbd89-e86f-48d7-9a05-d562e12be703",
	83,
	24,
	83,
	27);
INSERT INTO ACT_SMT
	VALUES ("889e9a5c-4ae6-4f95-9491-2a6f0be65250",
	"00fa99b2-8c83-48db-827c-e1ca4e525cb6",
	"12c66e68-8b53-443c-87a3-28015794eca2",
	84,
	1,
	'do_creates line: 84');
INSERT INTO ACT_REL
	VALUES ("889e9a5c-4ae6-4f95-9491-2a6f0be65250",
	"d5d54e93-b4de-4c54-acaa-268bbfbdc12d",
	"eb4888d1-3c7f-4507-a420-abf37510952a",
	'''teaches''',
	"5c4fbd89-e86f-48d7-9a05-d562e12be703",
	84,
	24,
	84,
	27);
INSERT INTO ACT_SMT
	VALUES ("12c66e68-8b53-443c-87a3-28015794eca2",
	"00fa99b2-8c83-48db-827c-e1ca4e525cb6",
	"0d940632-716e-4314-85f9-feb042de1cc2",
	85,
	1,
	'do_creates line: 85');
INSERT INTO ACT_REL
	VALUES ("12c66e68-8b53-443c-87a3-28015794eca2",
	"edb9fc30-fc67-4221-9a9e-cb7a4e539176",
	"d5d54e93-b4de-4c54-acaa-268bbfbdc12d",
	'''learns_from''',
	"5c4fbd89-e86f-48d7-9a05-d562e12be703",
	85,
	24,
	85,
	27);
INSERT INTO ACT_SMT
	VALUES ("0d940632-716e-4314-85f9-feb042de1cc2",
	"00fa99b2-8c83-48db-827c-e1ca4e525cb6",
	"c196d085-5ba1-48e6-b4af-6a2c57be63b7",
	86,
	1,
	'do_creates line: 86');
INSERT INTO ACT_REL
	VALUES ("0d940632-716e-4314-85f9-feb042de1cc2",
	"83a99922-eeb1-41f9-81b2-5c6e5f04cc3f",
	"d5d54e93-b4de-4c54-acaa-268bbfbdc12d",
	'''learns_from''',
	"5c4fbd89-e86f-48d7-9a05-d562e12be703",
	86,
	24,
	86,
	27);
INSERT INTO ACT_SMT
	VALUES ("c196d085-5ba1-48e6-b4af-6a2c57be63b7",
	"00fa99b2-8c83-48db-827c-e1ca4e525cb6",
	"fecde97b-5915-4ead-bba1-1633792410dc",
	89,
	1,
	'do_creates line: 89');
INSERT INTO ACT_CR
	VALUES ("c196d085-5ba1-48e6-b4af-6a2c57be63b7",
	"9c6b8642-24ff-4c5e-a0ff-392134885cf7",
	1,
	"38f266c8-6c6c-48af-a7ef-9aa0763aa5e5",
	89,
	30);
INSERT INTO ACT_SMT
	VALUES ("fecde97b-5915-4ead-bba1-1633792410dc",
	"00fa99b2-8c83-48db-827c-e1ca4e525cb6",
	"c6fa6558-10a9-4a1b-b5b9-ec395e51c472",
	89,
	40,
	'do_creates line: 89');
INSERT INTO ACT_AI
	VALUES ("fecde97b-5915-4ead-bba1-1633792410dc",
	"7384c5d2-7c5a-46ad-87e4-eb5a6bc2dc33",
	"fb19c5c9-34ca-4ceb-81b7-e0359846b058",
	0,
	0);
INSERT INTO ACT_SMT
	VALUES ("c6fa6558-10a9-4a1b-b5b9-ec395e51c472",
	"00fa99b2-8c83-48db-827c-e1ca4e525cb6",
	"5c278777-491f-437b-8c45-a5f3658f5974",
	89,
	52,
	'do_creates line: 89');
INSERT INTO ACT_AI
	VALUES ("c6fa6558-10a9-4a1b-b5b9-ec395e51c472",
	"e61cced6-555c-4b74-bfa7-60a6ad75a009",
	"b64d10b6-476f-4741-be99-17eabb57111b",
	0,
	0);
INSERT INTO ACT_SMT
	VALUES ("5c278777-491f-437b-8c45-a5f3658f5974",
	"00fa99b2-8c83-48db-827c-e1ca4e525cb6",
	"e4ab57eb-4ac7-4249-b18f-77d1dfd51e29",
	90,
	1,
	'do_creates line: 90');
INSERT INTO ACT_CR
	VALUES ("5c278777-491f-437b-8c45-a5f3658f5974",
	"9e03a6ed-acc5-4b68-a0dd-98946fbebec6",
	1,
	"38f266c8-6c6c-48af-a7ef-9aa0763aa5e5",
	90,
	30);
INSERT INTO ACT_SMT
	VALUES ("e4ab57eb-4ac7-4249-b18f-77d1dfd51e29",
	"00fa99b2-8c83-48db-827c-e1ca4e525cb6",
	"9b8a5011-fd71-49db-b18e-489f952071b2",
	90,
	40,
	'do_creates line: 90');
INSERT INTO ACT_AI
	VALUES ("e4ab57eb-4ac7-4249-b18f-77d1dfd51e29",
	"9a2e28f3-c06c-41ec-9b9d-a71c127fa6ec",
	"17a6e902-b19b-485c-b74c-fee4c4766c1a",
	0,
	0);
INSERT INTO ACT_SMT
	VALUES ("9b8a5011-fd71-49db-b18e-489f952071b2",
	"00fa99b2-8c83-48db-827c-e1ca4e525cb6",
	"a7a43992-54f8-497f-afd6-bca5a75fcac2",
	90,
	52,
	'do_creates line: 90');
INSERT INTO ACT_AI
	VALUES ("9b8a5011-fd71-49db-b18e-489f952071b2",
	"39c25aee-1291-4f64-933e-c4c38328a7dd",
	"820f4871-9803-470d-950c-cd6928ad95d0",
	0,
	0);
INSERT INTO ACT_SMT
	VALUES ("a7a43992-54f8-497f-afd6-bca5a75fcac2",
	"00fa99b2-8c83-48db-827c-e1ca4e525cb6",
	"32cce474-1513-4489-b988-d0af879c58b1",
	91,
	1,
	'do_creates line: 91');
INSERT INTO ACT_CR
	VALUES ("a7a43992-54f8-497f-afd6-bca5a75fcac2",
	"2cc4164e-39ec-4316-8a54-e88b95dab992",
	1,
	"38f266c8-6c6c-48af-a7ef-9aa0763aa5e5",
	91,
	30);
INSERT INTO ACT_SMT
	VALUES ("32cce474-1513-4489-b988-d0af879c58b1",
	"00fa99b2-8c83-48db-827c-e1ca4e525cb6",
	"32fe89df-26c0-4aab-9dd3-509a788eff25",
	91,
	40,
	'do_creates line: 91');
INSERT INTO ACT_AI
	VALUES ("32cce474-1513-4489-b988-d0af879c58b1",
	"b536c529-3503-4a8d-9e1d-70b6c0ae88fd",
	"7a5d7af4-f091-4bac-8ba5-549ef0542c45",
	0,
	0);
INSERT INTO ACT_SMT
	VALUES ("32fe89df-26c0-4aab-9dd3-509a788eff25",
	"00fa99b2-8c83-48db-827c-e1ca4e525cb6",
	"66af5da5-5f5b-44af-a97c-f0111b998d12",
	91,
	52,
	'do_creates line: 91');
INSERT INTO ACT_AI
	VALUES ("32fe89df-26c0-4aab-9dd3-509a788eff25",
	"8f734900-c3ae-4c43-bda5-7abcebed68af",
	"fdb7fd76-2ca1-4e22-a0a8-0ca41838ef60",
	0,
	0);
INSERT INTO ACT_SMT
	VALUES ("66af5da5-5f5b-44af-a97c-f0111b998d12",
	"00fa99b2-8c83-48db-827c-e1ca4e525cb6",
	"c5a61e8e-db15-4442-bc9f-1a216c1621ae",
	92,
	1,
	'do_creates line: 92');
INSERT INTO ACT_CR
	VALUES ("66af5da5-5f5b-44af-a97c-f0111b998d12",
	"a06ed5d9-16de-4e68-aff4-47eeb62c53b2",
	1,
	"38f266c8-6c6c-48af-a7ef-9aa0763aa5e5",
	92,
	30);
INSERT INTO ACT_SMT
	VALUES ("c5a61e8e-db15-4442-bc9f-1a216c1621ae",
	"00fa99b2-8c83-48db-827c-e1ca4e525cb6",
	"ceb70e07-0dfd-464c-bf01-c0390191e749",
	92,
	40,
	'do_creates line: 92');
INSERT INTO ACT_AI
	VALUES ("c5a61e8e-db15-4442-bc9f-1a216c1621ae",
	"bf077eff-7784-415e-a5c2-7671c8ec0b8d",
	"69a6f235-f009-4c3c-a6d0-ff9bf46a7e28",
	0,
	0);
INSERT INTO ACT_SMT
	VALUES ("ceb70e07-0dfd-464c-bf01-c0390191e749",
	"00fa99b2-8c83-48db-827c-e1ca4e525cb6",
	"0bc819c8-38e1-4c4f-9bc7-938e36efad6a",
	92,
	52,
	'do_creates line: 92');
INSERT INTO ACT_AI
	VALUES ("ceb70e07-0dfd-464c-bf01-c0390191e749",
	"0b9071c0-2418-4207-808b-df73d788bcde",
	"7a9a1099-2145-4cf7-87db-5c60a396b8f0",
	0,
	0);
INSERT INTO ACT_SMT
	VALUES ("0bc819c8-38e1-4c4f-9bc7-938e36efad6a",
	"00fa99b2-8c83-48db-827c-e1ca4e525cb6",
	"7227338a-030a-4a86-9056-64e2d1081f61",
	93,
	1,
	'do_creates line: 93');
INSERT INTO ACT_CR
	VALUES ("0bc819c8-38e1-4c4f-9bc7-938e36efad6a",
	"0952c44e-4436-40f0-98ef-6366cb61295b",
	1,
	"38f266c8-6c6c-48af-a7ef-9aa0763aa5e5",
	93,
	30);
INSERT INTO ACT_SMT
	VALUES ("7227338a-030a-4a86-9056-64e2d1081f61",
	"00fa99b2-8c83-48db-827c-e1ca4e525cb6",
	"85337955-9e96-466c-87ce-4c0580bd03d8",
	93,
	40,
	'do_creates line: 93');
INSERT INTO ACT_AI
	VALUES ("7227338a-030a-4a86-9056-64e2d1081f61",
	"0cedb93e-8764-42e7-8439-c213f173bd78",
	"70c94efb-93b2-49ac-8014-fb3de2dd2eaa",
	0,
	0);
INSERT INTO ACT_SMT
	VALUES ("85337955-9e96-466c-87ce-4c0580bd03d8",
	"00fa99b2-8c83-48db-827c-e1ca4e525cb6",
	"42e3c2de-9beb-471e-8391-7a63030dd1b9",
	93,
	52,
	'do_creates line: 93');
INSERT INTO ACT_AI
	VALUES ("85337955-9e96-466c-87ce-4c0580bd03d8",
	"8eadb2f5-c7a7-4205-b492-2476187bc9ec",
	"9d68634b-f042-42a0-8ffe-6d3167d85e17",
	0,
	0);
INSERT INTO ACT_SMT
	VALUES ("42e3c2de-9beb-471e-8391-7a63030dd1b9",
	"00fa99b2-8c83-48db-827c-e1ca4e525cb6",
	"74a7b6e9-c159-4f9f-977c-86722f023b11",
	94,
	1,
	'do_creates line: 94');
INSERT INTO ACT_CR
	VALUES ("42e3c2de-9beb-471e-8391-7a63030dd1b9",
	"8dd68467-5e45-479f-82a9-9906f5755381",
	1,
	"38f266c8-6c6c-48af-a7ef-9aa0763aa5e5",
	94,
	30);
INSERT INTO ACT_SMT
	VALUES ("74a7b6e9-c159-4f9f-977c-86722f023b11",
	"00fa99b2-8c83-48db-827c-e1ca4e525cb6",
	"543b9b9c-0832-40d5-af55-5c8dffe89eb5",
	94,
	40,
	'do_creates line: 94');
INSERT INTO ACT_AI
	VALUES ("74a7b6e9-c159-4f9f-977c-86722f023b11",
	"13fe0d40-2948-4bcd-910d-937aadd77d5f",
	"fdce056c-3e41-4ad6-a72a-6aa7dc21b9c7",
	0,
	0);
INSERT INTO ACT_SMT
	VALUES ("543b9b9c-0832-40d5-af55-5c8dffe89eb5",
	"00fa99b2-8c83-48db-827c-e1ca4e525cb6",
	"c6f042cd-8ca6-4fa1-a12f-763e00cf216c",
	94,
	52,
	'do_creates line: 94');
INSERT INTO ACT_AI
	VALUES ("543b9b9c-0832-40d5-af55-5c8dffe89eb5",
	"66a81c67-9f88-4fc4-89b3-335cff8cbd46",
	"7d3f0a46-eacf-49aa-88d8-411e1db00ea4",
	0,
	0);
INSERT INTO ACT_SMT
	VALUES ("c6f042cd-8ca6-4fa1-a12f-763e00cf216c",
	"00fa99b2-8c83-48db-827c-e1ca4e525cb6",
	"1d523ee1-57a5-4e74-9604-cad41724889b",
	95,
	1,
	'do_creates line: 95');
INSERT INTO ACT_CR
	VALUES ("c6f042cd-8ca6-4fa1-a12f-763e00cf216c",
	"09ec0e3a-2032-4f24-bfe1-2b03717a4c6e",
	1,
	"19e5ff06-3b46-4569-a048-93bb3afac2ba",
	95,
	30);
INSERT INTO ACT_SMT
	VALUES ("1d523ee1-57a5-4e74-9604-cad41724889b",
	"00fa99b2-8c83-48db-827c-e1ca4e525cb6",
	"f4b5a8f1-ebab-4b7f-9a47-77555328f3dc",
	95,
	43,
	'do_creates line: 95');
INSERT INTO ACT_AI
	VALUES ("1d523ee1-57a5-4e74-9604-cad41724889b",
	"c46f25d2-ec7a-4011-9710-42805c14743b",
	"eeeddb87-6206-44da-82c1-4bc69ef97805",
	0,
	0);
INSERT INTO ACT_SMT
	VALUES ("f4b5a8f1-ebab-4b7f-9a47-77555328f3dc",
	"00fa99b2-8c83-48db-827c-e1ca4e525cb6",
	"bf58f266-c2a1-4d62-8436-d24c81e51f8d",
	95,
	55,
	'do_creates line: 95');
INSERT INTO ACT_AI
	VALUES ("f4b5a8f1-ebab-4b7f-9a47-77555328f3dc",
	"20700654-7b48-46e3-a0aa-3e8014063f5e",
	"bc0998ba-ccdc-40ba-8ea0-3efd4bb00b7b",
	0,
	0);
INSERT INTO ACT_SMT
	VALUES ("bf58f266-c2a1-4d62-8436-d24c81e51f8d",
	"00fa99b2-8c83-48db-827c-e1ca4e525cb6",
	"9a65f46c-1f39-4d40-ab86-d480619ad49b",
	96,
	1,
	'do_creates line: 96');
INSERT INTO ACT_CR
	VALUES ("bf58f266-c2a1-4d62-8436-d24c81e51f8d",
	"5a751549-1c12-4bc4-8ae4-69fd8ac216ac",
	1,
	"19e5ff06-3b46-4569-a048-93bb3afac2ba",
	96,
	30);
INSERT INTO ACT_SMT
	VALUES ("9a65f46c-1f39-4d40-ab86-d480619ad49b",
	"00fa99b2-8c83-48db-827c-e1ca4e525cb6",
	"7c32e6f2-bbc4-48fa-bbbf-ac8f34e37f45",
	96,
	43,
	'do_creates line: 96');
INSERT INTO ACT_AI
	VALUES ("9a65f46c-1f39-4d40-ab86-d480619ad49b",
	"13bab688-8d57-45a0-ba2c-f11ea8799f08",
	"55abf149-e91a-49ee-86af-0f86b8873755",
	0,
	0);
INSERT INTO ACT_SMT
	VALUES ("7c32e6f2-bbc4-48fa-bbbf-ac8f34e37f45",
	"00fa99b2-8c83-48db-827c-e1ca4e525cb6",
	"c3293991-56df-40b8-800b-99828ebd78be",
	96,
	55,
	'do_creates line: 96');
INSERT INTO ACT_AI
	VALUES ("7c32e6f2-bbc4-48fa-bbbf-ac8f34e37f45",
	"b15e8e51-b35b-4667-9d4e-344bb79fe9ae",
	"42bc0bd4-e4ef-4e20-b600-f6ebabd303c3",
	0,
	0);
INSERT INTO ACT_SMT
	VALUES ("c3293991-56df-40b8-800b-99828ebd78be",
	"00fa99b2-8c83-48db-827c-e1ca4e525cb6",
	"d523cca3-6263-4129-8c87-7f2069fd3a0f",
	97,
	1,
	'do_creates line: 97');
INSERT INTO ACT_CR
	VALUES ("c3293991-56df-40b8-800b-99828ebd78be",
	"e76f7e68-1868-4c74-a6ba-a815504b31a7",
	1,
	"19e5ff06-3b46-4569-a048-93bb3afac2ba",
	97,
	30);
INSERT INTO ACT_SMT
	VALUES ("d523cca3-6263-4129-8c87-7f2069fd3a0f",
	"00fa99b2-8c83-48db-827c-e1ca4e525cb6",
	"699b5380-5196-4554-8382-d38ca11feb7d",
	97,
	43,
	'do_creates line: 97');
INSERT INTO ACT_AI
	VALUES ("d523cca3-6263-4129-8c87-7f2069fd3a0f",
	"413efc9e-1ae9-48ae-ba8d-0088fd3e689c",
	"fe1ea642-a48b-4426-821d-3b933923a6ce",
	0,
	0);
INSERT INTO ACT_SMT
	VALUES ("699b5380-5196-4554-8382-d38ca11feb7d",
	"00fa99b2-8c83-48db-827c-e1ca4e525cb6",
	"8e8f890f-d60f-4437-bedb-a64edb7d204f",
	97,
	55,
	'do_creates line: 97');
INSERT INTO ACT_AI
	VALUES ("699b5380-5196-4554-8382-d38ca11feb7d",
	"59229de9-3b9e-47ec-8cba-3e1f4fff5f95",
	"949832e4-f7c7-461e-be60-6b9c1e08164e",
	0,
	0);
INSERT INTO ACT_SMT
	VALUES ("8e8f890f-d60f-4437-bedb-a64edb7d204f",
	"00fa99b2-8c83-48db-827c-e1ca4e525cb6",
	"c638fa9c-64ec-4f16-a0ab-8fd28acba36e",
	98,
	1,
	'do_creates line: 98');
INSERT INTO ACT_CR
	VALUES ("8e8f890f-d60f-4437-bedb-a64edb7d204f",
	"6e3c5d61-84df-4e39-9f2b-495bc6a80544",
	1,
	"19e5ff06-3b46-4569-a048-93bb3afac2ba",
	98,
	30);
INSERT INTO ACT_SMT
	VALUES ("c638fa9c-64ec-4f16-a0ab-8fd28acba36e",
	"00fa99b2-8c83-48db-827c-e1ca4e525cb6",
	"1a594c08-6402-4581-ba27-52ed045ec533",
	98,
	43,
	'do_creates line: 98');
INSERT INTO ACT_AI
	VALUES ("c638fa9c-64ec-4f16-a0ab-8fd28acba36e",
	"de8b5823-1e7e-4b9a-a01f-91466651eb89",
	"9097ab9d-bc79-4c55-98e6-1502a9e5de4a",
	0,
	0);
INSERT INTO ACT_SMT
	VALUES ("1a594c08-6402-4581-ba27-52ed045ec533",
	"00fa99b2-8c83-48db-827c-e1ca4e525cb6",
	"e83c7adb-93b7-41cb-8332-83a167a38023",
	98,
	55,
	'do_creates line: 98');
INSERT INTO ACT_AI
	VALUES ("1a594c08-6402-4581-ba27-52ed045ec533",
	"5f3a07f4-ea46-4287-b103-1f9a22bf3de6",
	"d2af3115-fe81-4fc6-8dbb-046f956bde9a",
	0,
	0);
INSERT INTO ACT_SMT
	VALUES ("e83c7adb-93b7-41cb-8332-83a167a38023",
	"00fa99b2-8c83-48db-827c-e1ca4e525cb6",
	"0e4eea2e-2fcd-4cf0-9907-a7e1e9b8af87",
	99,
	1,
	'do_creates line: 99');
INSERT INTO ACT_CR
	VALUES ("e83c7adb-93b7-41cb-8332-83a167a38023",
	"6e3502e6-0950-4d0a-9a0f-d80b2a8b09b8",
	1,
	"19e5ff06-3b46-4569-a048-93bb3afac2ba",
	99,
	30);
INSERT INTO ACT_SMT
	VALUES ("0e4eea2e-2fcd-4cf0-9907-a7e1e9b8af87",
	"00fa99b2-8c83-48db-827c-e1ca4e525cb6",
	"0148ecc1-6ed9-43a9-a6d5-60585124ee88",
	99,
	43,
	'do_creates line: 99');
INSERT INTO ACT_AI
	VALUES ("0e4eea2e-2fcd-4cf0-9907-a7e1e9b8af87",
	"f0333352-0d7a-4f5b-882d-a8d0f856bf76",
	"aa122839-739f-4958-aebe-bb28b5fc0f8a",
	0,
	0);
INSERT INTO ACT_SMT
	VALUES ("0148ecc1-6ed9-43a9-a6d5-60585124ee88",
	"00fa99b2-8c83-48db-827c-e1ca4e525cb6",
	"89899848-53b5-473d-9fb1-89a907694a06",
	99,
	55,
	'do_creates line: 99');
INSERT INTO ACT_AI
	VALUES ("0148ecc1-6ed9-43a9-a6d5-60585124ee88",
	"5bbc656d-3fc8-4ff7-99f8-03a1c4874787",
	"77f6d871-97a7-42fe-8e37-1e3d8ebafad6",
	0,
	0);
INSERT INTO ACT_SMT
	VALUES ("89899848-53b5-473d-9fb1-89a907694a06",
	"00fa99b2-8c83-48db-827c-e1ca4e525cb6",
	"12d6056d-e5e3-4aa6-95e8-3771bb200def",
	100,
	1,
	'do_creates line: 100');
INSERT INTO ACT_RU
	VALUES ("89899848-53b5-473d-9fb1-89a907694a06",
	"9c6b8642-24ff-4c5e-a0ff-392134885cf7",
	"2cc4164e-39ec-4316-8a54-e88b95dab992",
	"09ec0e3a-2032-4f24-bfe1-2b03717a4c6e",
	'''manages''',
	"61977fa6-739c-4021-ad2e-d8d060cc4bf8",
	100,
	24,
	100,
	27);
INSERT INTO ACT_SMT
	VALUES ("12d6056d-e5e3-4aa6-95e8-3771bb200def",
	"00fa99b2-8c83-48db-827c-e1ca4e525cb6",
	"493d1087-0402-40a0-b776-d79a9a4ec68f",
	101,
	1,
	'do_creates line: 101');
INSERT INTO ACT_RU
	VALUES ("12d6056d-e5e3-4aa6-95e8-3771bb200def",
	"9c6b8642-24ff-4c5e-a0ff-392134885cf7",
	"a06ed5d9-16de-4e68-aff4-47eeb62c53b2",
	"5a751549-1c12-4bc4-8ae4-69fd8ac216ac",
	'''manages''',
	"61977fa6-739c-4021-ad2e-d8d060cc4bf8",
	101,
	24,
	101,
	27);
INSERT INTO ACT_SMT
	VALUES ("493d1087-0402-40a0-b776-d79a9a4ec68f",
	"00fa99b2-8c83-48db-827c-e1ca4e525cb6",
	"571e83e0-bc1a-4cfe-8668-bcc30bfcb8d2",
	102,
	1,
	'do_creates line: 102');
INSERT INTO ACT_RU
	VALUES ("493d1087-0402-40a0-b776-d79a9a4ec68f",
	"0952c44e-4436-40f0-98ef-6366cb61295b",
	"9e03a6ed-acc5-4b68-a0dd-98946fbebec6",
	"e76f7e68-1868-4c74-a6ba-a815504b31a7",
	'''works_for''',
	"61977fa6-739c-4021-ad2e-d8d060cc4bf8",
	102,
	24,
	102,
	27);
INSERT INTO ACT_SMT
	VALUES ("571e83e0-bc1a-4cfe-8668-bcc30bfcb8d2",
	"00fa99b2-8c83-48db-827c-e1ca4e525cb6",
	"a3d97bee-b11b-44da-ae81-af11d1a1d0e8",
	103,
	1,
	'do_creates line: 103');
INSERT INTO ACT_RU
	VALUES ("571e83e0-bc1a-4cfe-8668-bcc30bfcb8d2",
	"9c6b8642-24ff-4c5e-a0ff-392134885cf7",
	"8dd68467-5e45-479f-82a9-9906f5755381",
	"6e3c5d61-84df-4e39-9f2b-495bc6a80544",
	'''works_for''',
	"61977fa6-739c-4021-ad2e-d8d060cc4bf8",
	103,
	24,
	103,
	27);
INSERT INTO ACT_SMT
	VALUES ("a3d97bee-b11b-44da-ae81-af11d1a1d0e8",
	"00fa99b2-8c83-48db-827c-e1ca4e525cb6",
	"8ac27a28-5543-40cd-8c1d-6daa6992a4a3",
	104,
	1,
	'do_creates line: 104');
INSERT INTO ACT_RU
	VALUES ("a3d97bee-b11b-44da-ae81-af11d1a1d0e8",
	"8dd68467-5e45-479f-82a9-9906f5755381",
	"9e03a6ed-acc5-4b68-a0dd-98946fbebec6",
	"6e3502e6-0950-4d0a-9a0f-d80b2a8b09b8",
	'''manages''',
	"61977fa6-739c-4021-ad2e-d8d060cc4bf8",
	104,
	24,
	104,
	27);
INSERT INTO ACT_SMT
	VALUES ("8ac27a28-5543-40cd-8c1d-6daa6992a4a3",
	"00fa99b2-8c83-48db-827c-e1ca4e525cb6",
	"7770556a-de44-4970-b07d-0175b9e77378",
	107,
	1,
	'do_creates line: 107');
INSERT INTO ACT_CR
	VALUES ("8ac27a28-5543-40cd-8c1d-6daa6992a4a3",
	"226bf5d6-e73c-4ee0-a215-6e87aa2ff4ed",
	1,
	"51d33202-1bc5-4cb1-87ab-6d049b279014",
	107,
	30);
INSERT INTO ACT_SMT
	VALUES ("7770556a-de44-4970-b07d-0175b9e77378",
	"00fa99b2-8c83-48db-827c-e1ca4e525cb6",
	"3d9a3bec-9760-412e-afd2-a964a555bee3",
	107,
	42,
	'do_creates line: 107');
INSERT INTO ACT_AI
	VALUES ("7770556a-de44-4970-b07d-0175b9e77378",
	"0430bf00-ae99-47de-87b8-cc4c455466e4",
	"14bcdd28-cd19-40db-999e-ad80f0b54f27",
	0,
	0);
INSERT INTO ACT_SMT
	VALUES ("3d9a3bec-9760-412e-afd2-a964a555bee3",
	"00fa99b2-8c83-48db-827c-e1ca4e525cb6",
	"4b1e1622-1690-46c4-b7a5-b3d9beb97883",
	107,
	54,
	'do_creates line: 107');
INSERT INTO ACT_AI
	VALUES ("3d9a3bec-9760-412e-afd2-a964a555bee3",
	"2e27484a-abd7-462a-8bfa-fda3a4d62cba",
	"cd03b8af-e28d-41c9-bb88-ecf3c9386b36",
	0,
	0);
INSERT INTO ACT_SMT
	VALUES ("4b1e1622-1690-46c4-b7a5-b3d9beb97883",
	"00fa99b2-8c83-48db-827c-e1ca4e525cb6",
	"ac91382e-8c60-4bc5-bc6a-761c5d293dfa",
	108,
	1,
	'do_creates line: 108');
INSERT INTO ACT_CR
	VALUES ("4b1e1622-1690-46c4-b7a5-b3d9beb97883",
	"a68fbbc4-601b-4ecd-b2b3-c5bdc86e8d2f",
	1,
	"51d33202-1bc5-4cb1-87ab-6d049b279014",
	108,
	30);
INSERT INTO ACT_SMT
	VALUES ("ac91382e-8c60-4bc5-bc6a-761c5d293dfa",
	"00fa99b2-8c83-48db-827c-e1ca4e525cb6",
	"064596de-ce5a-4fa3-9e0e-132a667d87ac",
	108,
	42,
	'do_creates line: 108');
INSERT INTO ACT_AI
	VALUES ("ac91382e-8c60-4bc5-bc6a-761c5d293dfa",
	"38982919-b978-4d8f-b634-a9dee8f3bba3",
	"378e59bb-433a-42f9-bff2-2b1e75e39a5e",
	0,
	0);
INSERT INTO ACT_SMT
	VALUES ("064596de-ce5a-4fa3-9e0e-132a667d87ac",
	"00fa99b2-8c83-48db-827c-e1ca4e525cb6",
	"b3dcb376-3f81-42ec-8048-b3baf5be9f69",
	108,
	54,
	'do_creates line: 108');
INSERT INTO ACT_AI
	VALUES ("064596de-ce5a-4fa3-9e0e-132a667d87ac",
	"6c6b8c59-2546-4b0f-a593-091cb1a1c591",
	"b91287a9-d27f-44d1-9532-c517fb58b980",
	0,
	0);
INSERT INTO ACT_SMT
	VALUES ("b3dcb376-3f81-42ec-8048-b3baf5be9f69",
	"00fa99b2-8c83-48db-827c-e1ca4e525cb6",
	"de140aa9-3707-4929-896f-3b314c7dfb1e",
	109,
	1,
	'do_creates line: 109');
INSERT INTO ACT_CR
	VALUES ("b3dcb376-3f81-42ec-8048-b3baf5be9f69",
	"f29dedf6-84c4-468e-a1c1-7d3ee8e7192c",
	1,
	"51d33202-1bc5-4cb1-87ab-6d049b279014",
	109,
	30);
INSERT INTO ACT_SMT
	VALUES ("de140aa9-3707-4929-896f-3b314c7dfb1e",
	"00fa99b2-8c83-48db-827c-e1ca4e525cb6",
	"368e3866-545a-46fc-aec1-69f3688b7e1c",
	109,
	42,
	'do_creates line: 109');
INSERT INTO ACT_AI
	VALUES ("de140aa9-3707-4929-896f-3b314c7dfb1e",
	"55438e81-2575-4d83-9f31-2ddc30730a8c",
	"26982047-2cc7-4992-8eaa-2ffb5893db7d",
	0,
	0);
INSERT INTO ACT_SMT
	VALUES ("368e3866-545a-46fc-aec1-69f3688b7e1c",
	"00fa99b2-8c83-48db-827c-e1ca4e525cb6",
	"5b6f4e89-0f83-44d9-a0de-9410da8d04d5",
	109,
	54,
	'do_creates line: 109');
INSERT INTO ACT_AI
	VALUES ("368e3866-545a-46fc-aec1-69f3688b7e1c",
	"c7e73888-42c1-445e-92e9-51446829762d",
	"07d52eb7-8f06-4a02-844e-a2b08ac69f80",
	0,
	0);
INSERT INTO ACT_SMT
	VALUES ("5b6f4e89-0f83-44d9-a0de-9410da8d04d5",
	"00fa99b2-8c83-48db-827c-e1ca4e525cb6",
	"24612b78-5352-4a3a-a2cb-c225d7a0d46b",
	110,
	1,
	'do_creates line: 110');
INSERT INTO ACT_CR
	VALUES ("5b6f4e89-0f83-44d9-a0de-9410da8d04d5",
	"d26ae365-be58-40d3-9ac3-cf1329420e6d",
	1,
	"6804fe30-06ab-4a76-91ef-cf622b4abd28",
	110,
	30);
INSERT INTO ACT_SMT
	VALUES ("24612b78-5352-4a3a-a2cb-c225d7a0d46b",
	"00fa99b2-8c83-48db-827c-e1ca4e525cb6",
	"314c9db5-9335-4a61-b2d5-d6b30dcf3114",
	110,
	44,
	'do_creates line: 110');
INSERT INTO ACT_AI
	VALUES ("24612b78-5352-4a3a-a2cb-c225d7a0d46b",
	"374b5a8e-9bd9-4963-bc93-7d75cf9d747c",
	"4ecdf3cf-bf67-4127-a5a9-a3af1350d3a4",
	0,
	0);
INSERT INTO ACT_SMT
	VALUES ("314c9db5-9335-4a61-b2d5-d6b30dcf3114",
	"00fa99b2-8c83-48db-827c-e1ca4e525cb6",
	"8654afa3-055d-453c-b79c-4cbad3103c4e",
	110,
	56,
	'do_creates line: 110');
INSERT INTO ACT_AI
	VALUES ("314c9db5-9335-4a61-b2d5-d6b30dcf3114",
	"e332e5ab-f9f5-4443-9a09-d0682bbde794",
	"76ce449f-8a56-4fde-916f-71a65efe5efe",
	0,
	0);
INSERT INTO ACT_SMT
	VALUES ("8654afa3-055d-453c-b79c-4cbad3103c4e",
	"00fa99b2-8c83-48db-827c-e1ca4e525cb6",
	"6eaf1614-8933-4a5e-b7a9-84144367eb93",
	111,
	1,
	'do_creates line: 111');
INSERT INTO ACT_CR
	VALUES ("8654afa3-055d-453c-b79c-4cbad3103c4e",
	"927fd21e-3c4f-4b80-bfb5-299d4e401573",
	1,
	"6804fe30-06ab-4a76-91ef-cf622b4abd28",
	111,
	30);
INSERT INTO ACT_SMT
	VALUES ("6eaf1614-8933-4a5e-b7a9-84144367eb93",
	"00fa99b2-8c83-48db-827c-e1ca4e525cb6",
	"38344b41-5c95-466a-8f7d-e94289753762",
	111,
	44,
	'do_creates line: 111');
INSERT INTO ACT_AI
	VALUES ("6eaf1614-8933-4a5e-b7a9-84144367eb93",
	"662b58f6-0325-488d-bdde-9afbd99af523",
	"954b8845-5c12-4c32-9778-72125de70b95",
	0,
	0);
INSERT INTO ACT_SMT
	VALUES ("38344b41-5c95-466a-8f7d-e94289753762",
	"00fa99b2-8c83-48db-827c-e1ca4e525cb6",
	"54a72e89-0b86-4240-8e64-8cd2a0638bc7",
	111,
	56,
	'do_creates line: 111');
INSERT INTO ACT_AI
	VALUES ("38344b41-5c95-466a-8f7d-e94289753762",
	"a9998580-0ff9-4565-859d-45a001ddea12",
	"ead95bba-7e3a-4a64-bb2a-23d8f2ac160c",
	0,
	0);
INSERT INTO ACT_SMT
	VALUES ("54a72e89-0b86-4240-8e64-8cd2a0638bc7",
	"00fa99b2-8c83-48db-827c-e1ca4e525cb6",
	"84f41354-d315-47b4-9754-d1b88a762621",
	112,
	1,
	'do_creates line: 112');
INSERT INTO ACT_CR
	VALUES ("54a72e89-0b86-4240-8e64-8cd2a0638bc7",
	"f89b9356-17fc-44e4-84a3-9c95243137ac",
	1,
	"6804fe30-06ab-4a76-91ef-cf622b4abd28",
	112,
	30);
INSERT INTO ACT_SMT
	VALUES ("84f41354-d315-47b4-9754-d1b88a762621",
	"00fa99b2-8c83-48db-827c-e1ca4e525cb6",
	"b52e5523-95be-4fd6-8433-3a7c31a85440",
	112,
	44,
	'do_creates line: 112');
INSERT INTO ACT_AI
	VALUES ("84f41354-d315-47b4-9754-d1b88a762621",
	"27b0e248-f2bb-4ee4-af59-b43486f9ac98",
	"6df64afb-a130-4014-ab0a-84ef0a8cc5d9",
	0,
	0);
INSERT INTO ACT_SMT
	VALUES ("b52e5523-95be-4fd6-8433-3a7c31a85440",
	"00fa99b2-8c83-48db-827c-e1ca4e525cb6",
	"1582c13d-1ef2-4de0-8a13-55b6307d9a8b",
	112,
	56,
	'do_creates line: 112');
INSERT INTO ACT_AI
	VALUES ("b52e5523-95be-4fd6-8433-3a7c31a85440",
	"04104987-83b9-4359-a869-641bd6752dad",
	"fb4a7a3f-451c-4bca-9751-ed63a8940461",
	0,
	0);
INSERT INTO ACT_SMT
	VALUES ("1582c13d-1ef2-4de0-8a13-55b6307d9a8b",
	"00fa99b2-8c83-48db-827c-e1ca4e525cb6",
	"0fcbaadf-79e5-4e09-874e-bb060c751acf",
	113,
	1,
	'do_creates line: 113');
INSERT INTO ACT_CR
	VALUES ("1582c13d-1ef2-4de0-8a13-55b6307d9a8b",
	"1d783ea6-54d1-4cb3-b663-f3c9a8402579",
	1,
	"e46bd84d-ce9b-4e47-b607-5c2663f180d1",
	113,
	30);
INSERT INTO ACT_SMT
	VALUES ("0fcbaadf-79e5-4e09-874e-bb060c751acf",
	"00fa99b2-8c83-48db-827c-e1ca4e525cb6",
	"813231d9-c759-44f2-b9d3-fbbe73d9f48a",
	113,
	39,
	'do_creates line: 113');
INSERT INTO ACT_AI
	VALUES ("0fcbaadf-79e5-4e09-874e-bb060c751acf",
	"ac4150a5-b81e-44ba-8f87-f53805b64f69",
	"89ebbb21-b154-42bb-ba13-413788ca0d06",
	0,
	0);
INSERT INTO ACT_SMT
	VALUES ("813231d9-c759-44f2-b9d3-fbbe73d9f48a",
	"00fa99b2-8c83-48db-827c-e1ca4e525cb6",
	"af4dfe35-3ab5-49e9-93e4-def8fde3f148",
	114,
	1,
	'do_creates line: 114');
INSERT INTO ACT_CR
	VALUES ("813231d9-c759-44f2-b9d3-fbbe73d9f48a",
	"827bdf0b-d8a1-4ffd-9fc5-2d284dc16852",
	1,
	"e46bd84d-ce9b-4e47-b607-5c2663f180d1",
	114,
	30);
INSERT INTO ACT_SMT
	VALUES ("af4dfe35-3ab5-49e9-93e4-def8fde3f148",
	"00fa99b2-8c83-48db-827c-e1ca4e525cb6",
	"610c2520-35c3-4db9-9898-3d45c3c0d1df",
	114,
	39,
	'do_creates line: 114');
INSERT INTO ACT_AI
	VALUES ("af4dfe35-3ab5-49e9-93e4-def8fde3f148",
	"c3c11bf5-8164-4197-b74a-fe71a47891d2",
	"19a6d978-d34c-4d3c-bfb1-d04771817801",
	0,
	0);
INSERT INTO ACT_SMT
	VALUES ("610c2520-35c3-4db9-9898-3d45c3c0d1df",
	"00fa99b2-8c83-48db-827c-e1ca4e525cb6",
	"a84aadde-b973-45fb-972b-76f5ec1c6c40",
	115,
	1,
	'do_creates line: 115');
INSERT INTO ACT_CR
	VALUES ("610c2520-35c3-4db9-9898-3d45c3c0d1df",
	"2168d76a-c04b-41ec-89de-892e0321a5bc",
	1,
	"e46bd84d-ce9b-4e47-b607-5c2663f180d1",
	115,
	30);
INSERT INTO ACT_SMT
	VALUES ("a84aadde-b973-45fb-972b-76f5ec1c6c40",
	"00fa99b2-8c83-48db-827c-e1ca4e525cb6",
	"be5b2b36-4b6a-41ec-9e7a-6718b0e77f4a",
	115,
	39,
	'do_creates line: 115');
INSERT INTO ACT_AI
	VALUES ("a84aadde-b973-45fb-972b-76f5ec1c6c40",
	"3785019a-d8e3-4087-8d94-1f6e6241693d",
	"8d45cf7f-cdbf-4d4a-a374-c22dd8ec6cbf",
	0,
	0);
INSERT INTO ACT_SMT
	VALUES ("be5b2b36-4b6a-41ec-9e7a-6718b0e77f4a",
	"00fa99b2-8c83-48db-827c-e1ca4e525cb6",
	"1208c655-7868-443e-95fc-d29889a1bc80",
	116,
	1,
	'do_creates line: 116');
INSERT INTO ACT_RU
	VALUES ("be5b2b36-4b6a-41ec-9e7a-6718b0e77f4a",
	"226bf5d6-e73c-4ee0-a215-6e87aa2ff4ed",
	"f89b9356-17fc-44e4-84a3-9c95243137ac",
	"1d783ea6-54d1-4cb3-b663-f3c9a8402579",
	'',
	"0b47783f-a691-4a8b-95d1-90f6cd82c170",
	116,
	24,
	0,
	0);
INSERT INTO ACT_SMT
	VALUES ("1208c655-7868-443e-95fc-d29889a1bc80",
	"00fa99b2-8c83-48db-827c-e1ca4e525cb6",
	"2543e96e-d90a-4eaa-b039-7899fad52f68",
	117,
	1,
	'do_creates line: 117');
INSERT INTO ACT_RU
	VALUES ("1208c655-7868-443e-95fc-d29889a1bc80",
	"927fd21e-3c4f-4b80-bfb5-299d4e401573",
	"a68fbbc4-601b-4ecd-b2b3-c5bdc86e8d2f",
	"2168d76a-c04b-41ec-89de-892e0321a5bc",
	'',
	"0b47783f-a691-4a8b-95d1-90f6cd82c170",
	117,
	24,
	0,
	0);
INSERT INTO ACT_SMT
	VALUES ("2543e96e-d90a-4eaa-b039-7899fad52f68",
	"00fa99b2-8c83-48db-827c-e1ca4e525cb6",
	"5a5608e6-b36f-4158-a0f1-d44756b5f8f1",
	118,
	1,
	'do_creates line: 118');
INSERT INTO ACT_RU
	VALUES ("2543e96e-d90a-4eaa-b039-7899fad52f68",
	"f29dedf6-84c4-468e-a1c1-7d3ee8e7192c",
	"d26ae365-be58-40d3-9ac3-cf1329420e6d",
	"827bdf0b-d8a1-4ffd-9fc5-2d284dc16852",
	'',
	"0b47783f-a691-4a8b-95d1-90f6cd82c170",
	118,
	24,
	0,
	0);
INSERT INTO ACT_SMT
	VALUES ("5a5608e6-b36f-4158-a0f1-d44756b5f8f1",
	"00fa99b2-8c83-48db-827c-e1ca4e525cb6",
	"5332f273-53be-44ee-93b7-2b01793c1cd6",
	121,
	1,
	'do_creates line: 121');
INSERT INTO ACT_CR
	VALUES ("5a5608e6-b36f-4158-a0f1-d44756b5f8f1",
	"31e129bf-640f-46e5-9dea-03fd9e870f78",
	1,
	"7f36c39d-4387-48b0-81be-bd38a72789eb",
	121,
	30);
INSERT INTO ACT_SMT
	VALUES ("5332f273-53be-44ee-93b7-2b01793c1cd6",
	"00fa99b2-8c83-48db-827c-e1ca4e525cb6",
	"52e8ff72-7a30-45af-9f3a-d67cc48c21ab",
	121,
	46,
	'do_creates line: 121');
INSERT INTO ACT_AI
	VALUES ("5332f273-53be-44ee-93b7-2b01793c1cd6",
	"f8981650-b732-45f6-aae4-a1e2d3b4eab8",
	"c6b23fd7-56c9-4eea-9372-1d5820bff155",
	0,
	0);
INSERT INTO ACT_SMT
	VALUES ("52e8ff72-7a30-45af-9f3a-d67cc48c21ab",
	"00fa99b2-8c83-48db-827c-e1ca4e525cb6",
	"cec728b1-f2df-48bf-a436-ab61a64db593",
	121,
	58,
	'do_creates line: 121');
INSERT INTO ACT_AI
	VALUES ("52e8ff72-7a30-45af-9f3a-d67cc48c21ab",
	"a5ec0b47-93cf-4856-b359-f8c72d93e4b6",
	"d5ca8441-7a11-4dc9-9cdb-1c9b4f8f92f2",
	0,
	0);
INSERT INTO ACT_SMT
	VALUES ("cec728b1-f2df-48bf-a436-ab61a64db593",
	"00fa99b2-8c83-48db-827c-e1ca4e525cb6",
	"03bd915a-a77d-4701-bb64-4c0ac90831b8",
	122,
	1,
	'do_creates line: 122');
INSERT INTO ACT_CR
	VALUES ("cec728b1-f2df-48bf-a436-ab61a64db593",
	"d2410029-7ff0-43fa-834c-d93fafe1e320",
	1,
	"7f36c39d-4387-48b0-81be-bd38a72789eb",
	122,
	30);
INSERT INTO ACT_SMT
	VALUES ("03bd915a-a77d-4701-bb64-4c0ac90831b8",
	"00fa99b2-8c83-48db-827c-e1ca4e525cb6",
	"fb6ebef8-8c18-4cf3-a494-a65383fe9f08",
	122,
	46,
	'do_creates line: 122');
INSERT INTO ACT_AI
	VALUES ("03bd915a-a77d-4701-bb64-4c0ac90831b8",
	"4ba8cf89-15e9-4578-8681-1a48de5c1431",
	"bc6fafc9-c0be-4385-8d62-d459391f4620",
	0,
	0);
INSERT INTO ACT_SMT
	VALUES ("fb6ebef8-8c18-4cf3-a494-a65383fe9f08",
	"00fa99b2-8c83-48db-827c-e1ca4e525cb6",
	"51d777d0-6b64-4957-bdf8-40d03838369a",
	122,
	58,
	'do_creates line: 122');
INSERT INTO ACT_AI
	VALUES ("fb6ebef8-8c18-4cf3-a494-a65383fe9f08",
	"3576281c-7b6c-4196-9dce-9ff0ffc07c18",
	"309cbeef-590f-4ee4-9eb3-1e1f9f4def7b",
	0,
	0);
INSERT INTO ACT_SMT
	VALUES ("51d777d0-6b64-4957-bdf8-40d03838369a",
	"00fa99b2-8c83-48db-827c-e1ca4e525cb6",
	"a3f0f5a5-2b53-4631-ac1c-74b69578e84e",
	123,
	1,
	'do_creates line: 123');
INSERT INTO ACT_CR
	VALUES ("51d777d0-6b64-4957-bdf8-40d03838369a",
	"a295adb7-7b93-4441-a55b-8eb6f7ade44d",
	1,
	"9de905e1-46fc-4263-835c-6063781f6921",
	123,
	30);
INSERT INTO ACT_SMT
	VALUES ("a3f0f5a5-2b53-4631-ac1c-74b69578e84e",
	"00fa99b2-8c83-48db-827c-e1ca4e525cb6",
	"215451d8-c78f-4674-bdd1-e58468baee9f",
	123,
	44,
	'do_creates line: 123');
INSERT INTO ACT_AI
	VALUES ("a3f0f5a5-2b53-4631-ac1c-74b69578e84e",
	"f78db624-4e90-4ae1-974f-10894af3fab4",
	"fe9fefd3-e587-4989-abf8-55e69d8e054f",
	0,
	0);
INSERT INTO ACT_SMT
	VALUES ("215451d8-c78f-4674-bdd1-e58468baee9f",
	"00fa99b2-8c83-48db-827c-e1ca4e525cb6",
	"86e2c9c7-db68-4092-8489-0bd9e653f78e",
	123,
	56,
	'do_creates line: 123');
INSERT INTO ACT_AI
	VALUES ("215451d8-c78f-4674-bdd1-e58468baee9f",
	"5ae19a8f-8457-4125-8df9-6c7c0d152475",
	"02df0bf9-ad4f-4686-9726-fe216baadaee",
	0,
	0);
INSERT INTO ACT_SMT
	VALUES ("86e2c9c7-db68-4092-8489-0bd9e653f78e",
	"00fa99b2-8c83-48db-827c-e1ca4e525cb6",
	"e18c8a0f-4c89-4aa1-9843-88496ac75e38",
	124,
	1,
	'do_creates line: 124');
INSERT INTO ACT_CR
	VALUES ("86e2c9c7-db68-4092-8489-0bd9e653f78e",
	"9ca9843f-cc36-493a-8943-8bd049cac78d",
	1,
	"9de905e1-46fc-4263-835c-6063781f6921",
	124,
	30);
INSERT INTO ACT_SMT
	VALUES ("e18c8a0f-4c89-4aa1-9843-88496ac75e38",
	"00fa99b2-8c83-48db-827c-e1ca4e525cb6",
	"98cf562b-2b99-48f4-a016-08d0115217b5",
	124,
	44,
	'do_creates line: 124');
INSERT INTO ACT_AI
	VALUES ("e18c8a0f-4c89-4aa1-9843-88496ac75e38",
	"e9bd0b3b-9da6-494c-8686-18b51e5e90ff",
	"87756726-792b-4621-b6a6-478e415703ac",
	0,
	0);
INSERT INTO ACT_SMT
	VALUES ("98cf562b-2b99-48f4-a016-08d0115217b5",
	"00fa99b2-8c83-48db-827c-e1ca4e525cb6",
	"6c9552cb-d72c-40c9-a13a-dd9dac8d8fe0",
	124,
	56,
	'do_creates line: 124');
INSERT INTO ACT_AI
	VALUES ("98cf562b-2b99-48f4-a016-08d0115217b5",
	"9c93ce5a-04f7-4d24-a720-2051bc9a3150",
	"7d08e7ac-95e0-4624-a67f-8630ba1ee6c4",
	0,
	0);
INSERT INTO ACT_SMT
	VALUES ("6c9552cb-d72c-40c9-a13a-dd9dac8d8fe0",
	"00fa99b2-8c83-48db-827c-e1ca4e525cb6",
	"729c38fb-183f-44ca-9076-89d6cd764cf6",
	125,
	1,
	'do_creates line: 125');
INSERT INTO ACT_CR
	VALUES ("6c9552cb-d72c-40c9-a13a-dd9dac8d8fe0",
	"bef783e4-2c07-44d3-b623-ee25f69aae7e",
	1,
	"9de905e1-46fc-4263-835c-6063781f6921",
	125,
	30);
INSERT INTO ACT_SMT
	VALUES ("729c38fb-183f-44ca-9076-89d6cd764cf6",
	"00fa99b2-8c83-48db-827c-e1ca4e525cb6",
	"d0101de6-13e6-4630-adac-605e1d737680",
	125,
	44,
	'do_creates line: 125');
INSERT INTO ACT_AI
	VALUES ("729c38fb-183f-44ca-9076-89d6cd764cf6",
	"b24347c1-4106-4b50-8b10-1afd49693a3a",
	"8a29341e-5d1a-418c-a0a3-d102ca7a4ef2",
	0,
	0);
INSERT INTO ACT_SMT
	VALUES ("d0101de6-13e6-4630-adac-605e1d737680",
	"00fa99b2-8c83-48db-827c-e1ca4e525cb6",
	"6964905b-acd9-4f8d-b8d5-83f239c9bfcd",
	125,
	56,
	'do_creates line: 125');
INSERT INTO ACT_AI
	VALUES ("d0101de6-13e6-4630-adac-605e1d737680",
	"980cf8bb-03ad-4bc2-9043-042ef15df87d",
	"cbea6666-f579-4bdd-becf-215e0e635005",
	0,
	0);
INSERT INTO ACT_SMT
	VALUES ("6964905b-acd9-4f8d-b8d5-83f239c9bfcd",
	"00fa99b2-8c83-48db-827c-e1ca4e525cb6",
	"c69ff6fa-df25-4d4a-a50d-df6b0f103210",
	126,
	1,
	'do_creates line: 126');
INSERT INTO ACT_CR
	VALUES ("6964905b-acd9-4f8d-b8d5-83f239c9bfcd",
	"ed50561e-b48f-4300-8565-d7f585f054ab",
	1,
	"9de905e1-46fc-4263-835c-6063781f6921",
	126,
	30);
INSERT INTO ACT_SMT
	VALUES ("c69ff6fa-df25-4d4a-a50d-df6b0f103210",
	"00fa99b2-8c83-48db-827c-e1ca4e525cb6",
	"b738f822-3376-403f-9896-7834ad3f625e",
	126,
	44,
	'do_creates line: 126');
INSERT INTO ACT_AI
	VALUES ("c69ff6fa-df25-4d4a-a50d-df6b0f103210",
	"121c6298-1b11-4b0f-ae0b-4d554719c6cd",
	"05f358b2-b053-46db-95ba-4909db750f2d",
	0,
	0);
INSERT INTO ACT_SMT
	VALUES ("b738f822-3376-403f-9896-7834ad3f625e",
	"00fa99b2-8c83-48db-827c-e1ca4e525cb6",
	"2ff7bed7-7511-458f-8e17-8fb70ff05ae8",
	126,
	56,
	'do_creates line: 126');
INSERT INTO ACT_AI
	VALUES ("b738f822-3376-403f-9896-7834ad3f625e",
	"ac27857b-f012-4ced-99f0-86514226704a",
	"dca9b1c1-f790-4939-812a-ea24ab499ca2",
	0,
	0);
INSERT INTO ACT_SMT
	VALUES ("2ff7bed7-7511-458f-8e17-8fb70ff05ae8",
	"00fa99b2-8c83-48db-827c-e1ca4e525cb6",
	"5c11d395-3327-4b86-9e88-334ff9977714",
	127,
	1,
	'do_creates line: 127');
INSERT INTO ACT_CR
	VALUES ("2ff7bed7-7511-458f-8e17-8fb70ff05ae8",
	"c0534748-ea30-45f4-be15-8f58902ab8f7",
	1,
	"9de905e1-46fc-4263-835c-6063781f6921",
	127,
	30);
INSERT INTO ACT_SMT
	VALUES ("5c11d395-3327-4b86-9e88-334ff9977714",
	"00fa99b2-8c83-48db-827c-e1ca4e525cb6",
	"7d95923f-dc5e-4770-a9ee-1fe0bb2a52ce",
	127,
	44,
	'do_creates line: 127');
INSERT INTO ACT_AI
	VALUES ("5c11d395-3327-4b86-9e88-334ff9977714",
	"7fe13bd3-bb4e-47c8-918a-1e24768e6f9c",
	"3176ad16-e1f6-4621-9c89-476207a50c4d",
	0,
	0);
INSERT INTO ACT_SMT
	VALUES ("7d95923f-dc5e-4770-a9ee-1fe0bb2a52ce",
	"00fa99b2-8c83-48db-827c-e1ca4e525cb6",
	"8d708f30-63a6-4896-8322-b40847c87967",
	127,
	56,
	'do_creates line: 127');
INSERT INTO ACT_AI
	VALUES ("7d95923f-dc5e-4770-a9ee-1fe0bb2a52ce",
	"cfb32a3c-3f67-4385-a723-cfe41f676dd3",
	"232ade2c-9650-4e8d-9bdd-29c01ec9f97e",
	0,
	0);
INSERT INTO ACT_SMT
	VALUES ("8d708f30-63a6-4896-8322-b40847c87967",
	"00fa99b2-8c83-48db-827c-e1ca4e525cb6",
	"13513ef6-9396-4634-9377-99cf7dd7a2d7",
	128,
	1,
	'do_creates line: 128');
INSERT INTO ACT_CR
	VALUES ("8d708f30-63a6-4896-8322-b40847c87967",
	"943cfa99-a7dd-486d-bdbf-291aaef2eaa5",
	1,
	"7f6f388d-edba-4bfb-b83c-533ee6906124",
	128,
	30);
INSERT INTO ACT_SMT
	VALUES ("13513ef6-9396-4634-9377-99cf7dd7a2d7",
	"00fa99b2-8c83-48db-827c-e1ca4e525cb6",
	"088ef1c2-e42d-439e-91bc-2040b19b12e4",
	128,
	38,
	'do_creates line: 128');
INSERT INTO ACT_AI
	VALUES ("13513ef6-9396-4634-9377-99cf7dd7a2d7",
	"b186da43-d79e-4c8f-ba27-4e3f1f290dce",
	"741f8a02-236b-4b7e-bc35-103e37f9298a",
	0,
	0);
INSERT INTO ACT_SMT
	VALUES ("088ef1c2-e42d-439e-91bc-2040b19b12e4",
	"00fa99b2-8c83-48db-827c-e1ca4e525cb6",
	"248a37be-8fe6-4910-b22a-d8ea7963b9cb",
	128,
	50,
	'do_creates line: 128');
INSERT INTO ACT_AI
	VALUES ("088ef1c2-e42d-439e-91bc-2040b19b12e4",
	"ef8f0f4b-3768-4b85-bc43-dfd73f0374d5",
	"0d2f2ded-0bc0-4b0f-aeee-f98fbb47d214",
	0,
	0);
INSERT INTO ACT_SMT
	VALUES ("248a37be-8fe6-4910-b22a-d8ea7963b9cb",
	"00fa99b2-8c83-48db-827c-e1ca4e525cb6",
	"744ed29a-2c92-4b91-89cc-e012adb0fba8",
	129,
	1,
	'do_creates line: 129');
INSERT INTO ACT_CR
	VALUES ("248a37be-8fe6-4910-b22a-d8ea7963b9cb",
	"b75bb81d-ee3e-4cf1-a90b-cd51d3e28645",
	1,
	"7f6f388d-edba-4bfb-b83c-533ee6906124",
	129,
	30);
INSERT INTO ACT_SMT
	VALUES ("744ed29a-2c92-4b91-89cc-e012adb0fba8",
	"00fa99b2-8c83-48db-827c-e1ca4e525cb6",
	"ca9a60bd-22ad-4e20-9e39-6e119492b850",
	129,
	38,
	'do_creates line: 129');
INSERT INTO ACT_AI
	VALUES ("744ed29a-2c92-4b91-89cc-e012adb0fba8",
	"d3001fd4-d380-446c-ac38-d323d7a4af91",
	"071e37be-7614-465e-b56c-0e3f8fa22631",
	0,
	0);
INSERT INTO ACT_SMT
	VALUES ("ca9a60bd-22ad-4e20-9e39-6e119492b850",
	"00fa99b2-8c83-48db-827c-e1ca4e525cb6",
	"f2e05d3d-2d66-4278-89d5-846303bc81ea",
	129,
	50,
	'do_creates line: 129');
INSERT INTO ACT_AI
	VALUES ("ca9a60bd-22ad-4e20-9e39-6e119492b850",
	"43b87d2a-271b-465d-86e6-960f624d6b74",
	"eaed51b5-6537-4a8e-8652-292a72122f0e",
	0,
	0);
INSERT INTO ACT_SMT
	VALUES ("f2e05d3d-2d66-4278-89d5-846303bc81ea",
	"00fa99b2-8c83-48db-827c-e1ca4e525cb6",
	"6a76c01a-6476-4eae-82b3-52bc80ffaeb2",
	130,
	1,
	'do_creates line: 130');
INSERT INTO ACT_CR
	VALUES ("f2e05d3d-2d66-4278-89d5-846303bc81ea",
	"83dd10a4-04b6-4155-bfad-b5918ca11a12",
	1,
	"7f6f388d-edba-4bfb-b83c-533ee6906124",
	130,
	30);
INSERT INTO ACT_SMT
	VALUES ("6a76c01a-6476-4eae-82b3-52bc80ffaeb2",
	"00fa99b2-8c83-48db-827c-e1ca4e525cb6",
	"237ada8e-ca99-426c-a71f-7945cbc7afbb",
	130,
	38,
	'do_creates line: 130');
INSERT INTO ACT_AI
	VALUES ("6a76c01a-6476-4eae-82b3-52bc80ffaeb2",
	"313c7cab-7669-475c-9c8a-db3d4de2d2f3",
	"db7ff677-87ae-42a3-84fb-cee181affb4f",
	0,
	0);
INSERT INTO ACT_SMT
	VALUES ("237ada8e-ca99-426c-a71f-7945cbc7afbb",
	"00fa99b2-8c83-48db-827c-e1ca4e525cb6",
	"50091aff-8711-413f-a6ab-32722d7e5b29",
	130,
	50,
	'do_creates line: 130');
INSERT INTO ACT_AI
	VALUES ("237ada8e-ca99-426c-a71f-7945cbc7afbb",
	"4a17896c-c336-4a2b-8055-980a3df31a6d",
	"75955246-82db-4d24-9884-62fed78dd0e5",
	0,
	0);
INSERT INTO ACT_SMT
	VALUES ("50091aff-8711-413f-a6ab-32722d7e5b29",
	"00fa99b2-8c83-48db-827c-e1ca4e525cb6",
	"2af52136-fbcf-4421-9838-ec0acc4ec248",
	131,
	1,
	'do_creates line: 131');
INSERT INTO ACT_CR
	VALUES ("50091aff-8711-413f-a6ab-32722d7e5b29",
	"9582a3f3-1c95-4db8-965d-7e5888ffe3a5",
	1,
	"7f6f388d-edba-4bfb-b83c-533ee6906124",
	131,
	30);
INSERT INTO ACT_SMT
	VALUES ("2af52136-fbcf-4421-9838-ec0acc4ec248",
	"00fa99b2-8c83-48db-827c-e1ca4e525cb6",
	"0025a81e-8f8f-4496-9b32-2507caf59af8",
	131,
	38,
	'do_creates line: 131');
INSERT INTO ACT_AI
	VALUES ("2af52136-fbcf-4421-9838-ec0acc4ec248",
	"866d958e-f1f4-4d22-a8bb-fd9089326e35",
	"b3ad81c6-dc8f-4354-a9a9-86e4185a5f2c",
	0,
	0);
INSERT INTO ACT_SMT
	VALUES ("0025a81e-8f8f-4496-9b32-2507caf59af8",
	"00fa99b2-8c83-48db-827c-e1ca4e525cb6",
	"1708a7f9-28f3-4d75-8334-0111d95d3774",
	131,
	50,
	'do_creates line: 131');
INSERT INTO ACT_AI
	VALUES ("0025a81e-8f8f-4496-9b32-2507caf59af8",
	"f88f264a-0110-462c-b8b9-b55ebcf4f857",
	"1b2bab4c-e497-49a9-b175-e44a86f42ce0",
	0,
	0);
INSERT INTO ACT_SMT
	VALUES ("1708a7f9-28f3-4d75-8334-0111d95d3774",
	"00fa99b2-8c83-48db-827c-e1ca4e525cb6",
	"210cdec5-24ef-4046-aed5-ae4c81e7b60f",
	132,
	1,
	'do_creates line: 132');
INSERT INTO ACT_CR
	VALUES ("1708a7f9-28f3-4d75-8334-0111d95d3774",
	"600dc57d-8b90-484e-921d-bc6dcf1ecf42",
	1,
	"7f6f388d-edba-4bfb-b83c-533ee6906124",
	132,
	30);
INSERT INTO ACT_SMT
	VALUES ("210cdec5-24ef-4046-aed5-ae4c81e7b60f",
	"00fa99b2-8c83-48db-827c-e1ca4e525cb6",
	"5f21effb-a58f-4d7e-a9c3-9b39ce694a82",
	132,
	38,
	'do_creates line: 132');
INSERT INTO ACT_AI
	VALUES ("210cdec5-24ef-4046-aed5-ae4c81e7b60f",
	"069fefb5-2bc5-4e05-a7dd-392bc1dad8ef",
	"eb7e7789-3237-4806-ba0b-b1b06a29d459",
	0,
	0);
INSERT INTO ACT_SMT
	VALUES ("5f21effb-a58f-4d7e-a9c3-9b39ce694a82",
	"00fa99b2-8c83-48db-827c-e1ca4e525cb6",
	"97fd4c53-f145-4679-a1c5-bd44cc7f68f9",
	132,
	50,
	'do_creates line: 132');
INSERT INTO ACT_AI
	VALUES ("5f21effb-a58f-4d7e-a9c3-9b39ce694a82",
	"d8d05ce1-d412-4895-a33f-ad419c669a63",
	"43b99f54-0300-4fa6-902a-8f408781e04d",
	0,
	0);
INSERT INTO ACT_SMT
	VALUES ("97fd4c53-f145-4679-a1c5-bd44cc7f68f9",
	"00fa99b2-8c83-48db-827c-e1ca4e525cb6",
	"4eceefea-91b8-41ba-9983-599917d465a0",
	133,
	1,
	'do_creates line: 133');
INSERT INTO ACT_RU
	VALUES ("97fd4c53-f145-4679-a1c5-bd44cc7f68f9",
	"31e129bf-640f-46e5-9dea-03fd9e870f78",
	"ed50561e-b48f-4300-8565-d7f585f054ab",
	"9582a3f3-1c95-4db8-965d-7e5888ffe3a5",
	'',
	"c07b0f46-6196-4dc6-86cb-6e62653bd340",
	133,
	24,
	0,
	0);
INSERT INTO ACT_SMT
	VALUES ("4eceefea-91b8-41ba-9983-599917d465a0",
	"00fa99b2-8c83-48db-827c-e1ca4e525cb6",
	"d5c3def2-5a26-401c-bc7f-ea176c058449",
	134,
	1,
	'do_creates line: 134');
INSERT INTO ACT_RU
	VALUES ("4eceefea-91b8-41ba-9983-599917d465a0",
	"31e129bf-640f-46e5-9dea-03fd9e870f78",
	"c0534748-ea30-45f4-be15-8f58902ab8f7",
	"600dc57d-8b90-484e-921d-bc6dcf1ecf42",
	'',
	"c07b0f46-6196-4dc6-86cb-6e62653bd340",
	134,
	24,
	0,
	0);
INSERT INTO ACT_SMT
	VALUES ("d5c3def2-5a26-401c-bc7f-ea176c058449",
	"00fa99b2-8c83-48db-827c-e1ca4e525cb6",
	"e991296b-05d6-4e28-9793-a0b62edd2524",
	135,
	1,
	'do_creates line: 135');
INSERT INTO ACT_RU
	VALUES ("d5c3def2-5a26-401c-bc7f-ea176c058449",
	"a295adb7-7b93-4441-a55b-8eb6f7ade44d",
	"d2410029-7ff0-43fa-834c-d93fafe1e320",
	"943cfa99-a7dd-486d-bdbf-291aaef2eaa5",
	'',
	"c07b0f46-6196-4dc6-86cb-6e62653bd340",
	135,
	24,
	0,
	0);
INSERT INTO ACT_SMT
	VALUES ("e991296b-05d6-4e28-9793-a0b62edd2524",
	"00fa99b2-8c83-48db-827c-e1ca4e525cb6",
	"4883dd27-62f7-48ad-adcb-08f682b1bb26",
	136,
	1,
	'do_creates line: 136');
INSERT INTO ACT_RU
	VALUES ("e991296b-05d6-4e28-9793-a0b62edd2524",
	"9ca9843f-cc36-493a-8943-8bd049cac78d",
	"d2410029-7ff0-43fa-834c-d93fafe1e320",
	"b75bb81d-ee3e-4cf1-a90b-cd51d3e28645",
	'',
	"c07b0f46-6196-4dc6-86cb-6e62653bd340",
	136,
	24,
	0,
	0);
INSERT INTO ACT_SMT
	VALUES ("4883dd27-62f7-48ad-adcb-08f682b1bb26",
	"00fa99b2-8c83-48db-827c-e1ca4e525cb6",
	"f4d80c1d-f02f-452b-af2f-13ce1966dc88",
	137,
	1,
	'do_creates line: 137');
INSERT INTO ACT_RU
	VALUES ("4883dd27-62f7-48ad-adcb-08f682b1bb26",
	"d2410029-7ff0-43fa-834c-d93fafe1e320",
	"bef783e4-2c07-44d3-b623-ee25f69aae7e",
	"83dd10a4-04b6-4155-bfad-b5918ca11a12",
	'',
	"c07b0f46-6196-4dc6-86cb-6e62653bd340",
	137,
	24,
	0,
	0);
INSERT INTO ACT_SMT
	VALUES ("f4d80c1d-f02f-452b-af2f-13ce1966dc88",
	"00fa99b2-8c83-48db-827c-e1ca4e525cb6",
	"211e63ea-785e-466e-b338-56dd5ff6f332",
	140,
	1,
	'do_creates line: 140');
INSERT INTO ACT_CR
	VALUES ("f4d80c1d-f02f-452b-af2f-13ce1966dc88",
	"45fd84d7-cec1-4f46-891c-bbb5f56e8b7d",
	1,
	"16f7cfb9-3145-4027-8b3a-13a0b9770ae3",
	140,
	30);
INSERT INTO ACT_SMT
	VALUES ("211e63ea-785e-466e-b338-56dd5ff6f332",
	"00fa99b2-8c83-48db-827c-e1ca4e525cb6",
	"66dc28a1-8912-4e59-b656-68aee6f4399f",
	140,
	38,
	'do_creates line: 140');
INSERT INTO ACT_AI
	VALUES ("211e63ea-785e-466e-b338-56dd5ff6f332",
	"6704f49f-9fde-4196-991c-214515f4c783",
	"cb2b82f4-e74f-4c0e-b5ca-f773e28da8af",
	0,
	0);
INSERT INTO ACT_SMT
	VALUES ("66dc28a1-8912-4e59-b656-68aee6f4399f",
	"00fa99b2-8c83-48db-827c-e1ca4e525cb6",
	"452b29a5-702c-4380-a3aa-dfcf89e1719c",
	141,
	1,
	'do_creates line: 141');
INSERT INTO ACT_CR
	VALUES ("66dc28a1-8912-4e59-b656-68aee6f4399f",
	"a7fef344-3837-45f7-9747-f00a41635d82",
	1,
	"16f7cfb9-3145-4027-8b3a-13a0b9770ae3",
	141,
	30);
INSERT INTO ACT_SMT
	VALUES ("452b29a5-702c-4380-a3aa-dfcf89e1719c",
	"00fa99b2-8c83-48db-827c-e1ca4e525cb6",
	"bf23ad06-1f71-4098-940a-dc999a66477d",
	141,
	38,
	'do_creates line: 141');
INSERT INTO ACT_AI
	VALUES ("452b29a5-702c-4380-a3aa-dfcf89e1719c",
	"1fb4547e-fa2a-4662-a403-e472433f4d8b",
	"02e451f7-716a-418f-a044-79b3201fc385",
	0,
	0);
INSERT INTO ACT_SMT
	VALUES ("bf23ad06-1f71-4098-940a-dc999a66477d",
	"00fa99b2-8c83-48db-827c-e1ca4e525cb6",
	"2402f7af-4878-410f-a34d-bc33421b5775",
	142,
	1,
	'do_creates line: 142');
INSERT INTO ACT_CR
	VALUES ("bf23ad06-1f71-4098-940a-dc999a66477d",
	"99817c3c-9cde-4884-aec2-2c3d42186f17",
	1,
	"16f7cfb9-3145-4027-8b3a-13a0b9770ae3",
	142,
	30);
INSERT INTO ACT_SMT
	VALUES ("2402f7af-4878-410f-a34d-bc33421b5775",
	"00fa99b2-8c83-48db-827c-e1ca4e525cb6",
	"aa852af4-e4b1-4239-a00c-c69812740055",
	142,
	38,
	'do_creates line: 142');
INSERT INTO ACT_AI
	VALUES ("2402f7af-4878-410f-a34d-bc33421b5775",
	"ca9d9755-79fb-4886-8ec8-c71bf7e7dda6",
	"9de79355-28a3-4e25-aedc-1c60a33afd10",
	0,
	0);
INSERT INTO ACT_SMT
	VALUES ("aa852af4-e4b1-4239-a00c-c69812740055",
	"00fa99b2-8c83-48db-827c-e1ca4e525cb6",
	"f3a21a9a-4168-480a-a0e2-57f17bb074f2",
	143,
	1,
	'do_creates line: 143');
INSERT INTO ACT_CR
	VALUES ("aa852af4-e4b1-4239-a00c-c69812740055",
	"89af936d-2819-470d-bec3-232020d37571",
	1,
	"16f7cfb9-3145-4027-8b3a-13a0b9770ae3",
	143,
	30);
INSERT INTO ACT_SMT
	VALUES ("f3a21a9a-4168-480a-a0e2-57f17bb074f2",
	"00fa99b2-8c83-48db-827c-e1ca4e525cb6",
	"910d0745-383d-4434-8b92-b72e8a604269",
	143,
	38,
	'do_creates line: 143');
INSERT INTO ACT_AI
	VALUES ("f3a21a9a-4168-480a-a0e2-57f17bb074f2",
	"dfd141e7-2cde-4a43-9736-603e78dd9ccf",
	"8e7f1db0-6a70-4340-a1bc-7443d39360a8",
	0,
	0);
INSERT INTO ACT_SMT
	VALUES ("910d0745-383d-4434-8b92-b72e8a604269",
	"00fa99b2-8c83-48db-827c-e1ca4e525cb6",
	"c0fcd3a9-9ca6-4a47-9ab5-829fa25d737e",
	144,
	1,
	'do_creates line: 144');
INSERT INTO ACT_CR
	VALUES ("910d0745-383d-4434-8b92-b72e8a604269",
	"ed7792b1-1195-46f1-a618-4cc838b337d3",
	1,
	"1303c58a-6a69-454d-8f4f-63a4c1d6bab1",
	144,
	30);
INSERT INTO ACT_SMT
	VALUES ("c0fcd3a9-9ca6-4a47-9ab5-829fa25d737e",
	"00fa99b2-8c83-48db-827c-e1ca4e525cb6",
	"154c1fb9-1ce4-469e-a183-dcdafccc0536",
	144,
	40,
	'do_creates line: 144');
INSERT INTO ACT_AI
	VALUES ("c0fcd3a9-9ca6-4a47-9ab5-829fa25d737e",
	"4c0988e1-a4a1-4294-aff8-4983a090e999",
	"d115b3c9-1bd0-47ce-a03c-495bd076fa20",
	0,
	0);
INSERT INTO ACT_SMT
	VALUES ("154c1fb9-1ce4-469e-a183-dcdafccc0536",
	"00fa99b2-8c83-48db-827c-e1ca4e525cb6",
	"d323a892-2287-4c6c-99fb-7715a677609d",
	145,
	1,
	'do_creates line: 145');
INSERT INTO ACT_CR
	VALUES ("154c1fb9-1ce4-469e-a183-dcdafccc0536",
	"9bd18ed0-005c-4f13-954d-c6688d033b83",
	1,
	"1303c58a-6a69-454d-8f4f-63a4c1d6bab1",
	145,
	30);
INSERT INTO ACT_SMT
	VALUES ("d323a892-2287-4c6c-99fb-7715a677609d",
	"00fa99b2-8c83-48db-827c-e1ca4e525cb6",
	"644c69e7-9d7b-4041-b61d-a396d1b317b0",
	145,
	40,
	'do_creates line: 145');
INSERT INTO ACT_AI
	VALUES ("d323a892-2287-4c6c-99fb-7715a677609d",
	"af73d278-ffc1-423d-b389-5006f970c55d",
	"98a46dba-f0ae-43b6-b7b8-f5b93fe2cf5e",
	0,
	0);
INSERT INTO ACT_SMT
	VALUES ("644c69e7-9d7b-4041-b61d-a396d1b317b0",
	"00fa99b2-8c83-48db-827c-e1ca4e525cb6",
	"7ecffc25-add5-4a78-bc1b-8902c90a0347",
	146,
	1,
	'do_creates line: 146');
INSERT INTO ACT_RU
	VALUES ("644c69e7-9d7b-4041-b61d-a396d1b317b0",
	"45fd84d7-cec1-4f46-891c-bbb5f56e8b7d",
	"a7fef344-3837-45f7-9747-f00a41635d82",
	"ed7792b1-1195-46f1-a618-4cc838b337d3",
	'''is_husband_of''',
	"9024e829-870c-4da4-8fe9-ca288edc0839",
	146,
	24,
	146,
	28);
INSERT INTO ACT_SMT
	VALUES ("7ecffc25-add5-4a78-bc1b-8902c90a0347",
	"00fa99b2-8c83-48db-827c-e1ca4e525cb6",
	"938bac58-94fa-4170-9c20-6dc29fbcfbc8",
	147,
	1,
	'do_creates line: 147');
INSERT INTO ACT_RU
	VALUES ("7ecffc25-add5-4a78-bc1b-8902c90a0347",
	"89af936d-2819-470d-bec3-232020d37571",
	"99817c3c-9cde-4884-aec2-2c3d42186f17",
	"9bd18ed0-005c-4f13-954d-c6688d033b83",
	'''is_wife_of''',
	"9024e829-870c-4da4-8fe9-ca288edc0839",
	147,
	24,
	147,
	28);
INSERT INTO ACT_SMT
	VALUES ("938bac58-94fa-4170-9c20-6dc29fbcfbc8",
	"00fa99b2-8c83-48db-827c-e1ca4e525cb6",
	"febd3bde-ba02-4a5b-a5dd-9f78974abf38",
	150,
	1,
	'do_creates line: 150');
INSERT INTO ACT_CR
	VALUES ("938bac58-94fa-4170-9c20-6dc29fbcfbc8",
	"5479dbab-71f6-4fa4-ae49-d65dbe3d8d5e",
	1,
	"37232c72-a7ed-4c17-9fbc-5129fd3a4bae",
	150,
	30);
INSERT INTO ACT_SMT
	VALUES ("febd3bde-ba02-4a5b-a5dd-9f78974abf38",
	"00fa99b2-8c83-48db-827c-e1ca4e525cb6",
	"fc35be44-7a9a-40f2-9960-cbfc7fc2138c",
	150,
	38,
	'do_creates line: 150');
INSERT INTO ACT_AI
	VALUES ("febd3bde-ba02-4a5b-a5dd-9f78974abf38",
	"ac75c3ea-fb6e-4589-a5dc-1af1f3c16871",
	"31842e46-3d2d-458d-b3be-5ed95fbb3320",
	0,
	0);
INSERT INTO ACT_SMT
	VALUES ("fc35be44-7a9a-40f2-9960-cbfc7fc2138c",
	"00fa99b2-8c83-48db-827c-e1ca4e525cb6",
	"29dbbfac-c9f0-488a-a7bf-def6ee0ddce3",
	150,
	56,
	'do_creates line: 150');
INSERT INTO ACT_AI
	VALUES ("fc35be44-7a9a-40f2-9960-cbfc7fc2138c",
	"c82a879c-14d9-4410-88ad-1457ac5d7275",
	"0ecbc924-e90e-4b7e-afc8-581b3724b444",
	0,
	0);
INSERT INTO ACT_SMT
	VALUES ("29dbbfac-c9f0-488a-a7bf-def6ee0ddce3",
	"00fa99b2-8c83-48db-827c-e1ca4e525cb6",
	"77e4334e-c1f3-4a7c-b365-dd1d5f4c7fe4",
	151,
	1,
	'do_creates line: 151');
INSERT INTO ACT_CR
	VALUES ("29dbbfac-c9f0-488a-a7bf-def6ee0ddce3",
	"f561a018-a081-4635-8a77-1692636e720b",
	1,
	"37232c72-a7ed-4c17-9fbc-5129fd3a4bae",
	151,
	30);
INSERT INTO ACT_SMT
	VALUES ("77e4334e-c1f3-4a7c-b365-dd1d5f4c7fe4",
	"00fa99b2-8c83-48db-827c-e1ca4e525cb6",
	"a3c28d72-000c-4b74-bc9c-e36ebc489440",
	151,
	38,
	'do_creates line: 151');
INSERT INTO ACT_AI
	VALUES ("77e4334e-c1f3-4a7c-b365-dd1d5f4c7fe4",
	"58e0059a-4bbf-44ab-8277-465e42458394",
	"e2a34db8-5517-4b89-85fd-eb73e7bdeec8",
	0,
	0);
INSERT INTO ACT_SMT
	VALUES ("a3c28d72-000c-4b74-bc9c-e36ebc489440",
	"00fa99b2-8c83-48db-827c-e1ca4e525cb6",
	"2fce8de6-d055-45f8-b279-bba4ab95960f",
	151,
	55,
	'do_creates line: 151');
INSERT INTO ACT_AI
	VALUES ("a3c28d72-000c-4b74-bc9c-e36ebc489440",
	"750743c0-e14a-419d-b8f9-5df0011830a0",
	"ca2987e5-9415-4234-8e32-31344b8091ef",
	0,
	0);
INSERT INTO ACT_SMT
	VALUES ("2fce8de6-d055-45f8-b279-bba4ab95960f",
	"00fa99b2-8c83-48db-827c-e1ca4e525cb6",
	"d80351bb-5343-4a15-ba87-db4cd0a826bb",
	152,
	1,
	'do_creates line: 152');
INSERT INTO ACT_CR
	VALUES ("2fce8de6-d055-45f8-b279-bba4ab95960f",
	"5e070f4a-5eeb-47bb-82e3-61d3d042ccae",
	1,
	"37232c72-a7ed-4c17-9fbc-5129fd3a4bae",
	152,
	30);
INSERT INTO ACT_SMT
	VALUES ("d80351bb-5343-4a15-ba87-db4cd0a826bb",
	"00fa99b2-8c83-48db-827c-e1ca4e525cb6",
	"8ff7ed1f-c9ce-4f89-8b09-49efc9604e24",
	152,
	38,
	'do_creates line: 152');
INSERT INTO ACT_AI
	VALUES ("d80351bb-5343-4a15-ba87-db4cd0a826bb",
	"af99c6d4-5f4a-4918-b74e-388e4f493a02",
	"5081745b-9277-4cfa-b819-8bec013cbba6",
	0,
	0);
INSERT INTO ACT_SMT
	VALUES ("8ff7ed1f-c9ce-4f89-8b09-49efc9604e24",
	"00fa99b2-8c83-48db-827c-e1ca4e525cb6",
	"b4803992-6964-4652-a670-4e5f53ae046b",
	152,
	58,
	'do_creates line: 152');
INSERT INTO ACT_AI
	VALUES ("8ff7ed1f-c9ce-4f89-8b09-49efc9604e24",
	"a1659013-7598-44cd-ada0-2b00ee3de244",
	"3f9ea425-b934-45bb-b1db-369321aafde6",
	0,
	0);
INSERT INTO ACT_SMT
	VALUES ("b4803992-6964-4652-a670-4e5f53ae046b",
	"00fa99b2-8c83-48db-827c-e1ca4e525cb6",
	"2a3071fc-5079-4f44-b56f-aaa5d5166433",
	153,
	1,
	'do_creates line: 153');
INSERT INTO ACT_CR
	VALUES ("b4803992-6964-4652-a670-4e5f53ae046b",
	"52add318-f561-40c1-9a00-f7f55d160e9b",
	1,
	"37232c72-a7ed-4c17-9fbc-5129fd3a4bae",
	153,
	30);
INSERT INTO ACT_SMT
	VALUES ("2a3071fc-5079-4f44-b56f-aaa5d5166433",
	"00fa99b2-8c83-48db-827c-e1ca4e525cb6",
	"9b5780ee-c688-4387-85f0-3c67de8c156d",
	153,
	38,
	'do_creates line: 153');
INSERT INTO ACT_AI
	VALUES ("2a3071fc-5079-4f44-b56f-aaa5d5166433",
	"b3ea3c8f-abb2-41db-a4b9-eddfed49125a",
	"1e4bde77-a712-4e0d-a381-41ff7319f550",
	0,
	0);
INSERT INTO ACT_SMT
	VALUES ("9b5780ee-c688-4387-85f0-3c67de8c156d",
	"00fa99b2-8c83-48db-827c-e1ca4e525cb6",
	"a279cb0e-eda7-454b-9a88-fdedd7e7f39b",
	153,
	55,
	'do_creates line: 153');
INSERT INTO ACT_AI
	VALUES ("9b5780ee-c688-4387-85f0-3c67de8c156d",
	"12ba7ef3-a238-4cd7-9a34-780862403fa3",
	"2dde9160-b9c2-4ddd-95c4-8a008a3abd56",
	0,
	0);
INSERT INTO ACT_SMT
	VALUES ("a279cb0e-eda7-454b-9a88-fdedd7e7f39b",
	"00fa99b2-8c83-48db-827c-e1ca4e525cb6",
	"c1bd0e70-2c65-4c3f-a7e2-f9afa87b6fd3",
	154,
	1,
	'do_creates line: 154');
INSERT INTO ACT_CR
	VALUES ("a279cb0e-eda7-454b-9a88-fdedd7e7f39b",
	"cdc3ea48-b37b-43fc-adb5-54dce9ece6b5",
	1,
	"37232c72-a7ed-4c17-9fbc-5129fd3a4bae",
	154,
	30);
INSERT INTO ACT_SMT
	VALUES ("c1bd0e70-2c65-4c3f-a7e2-f9afa87b6fd3",
	"00fa99b2-8c83-48db-827c-e1ca4e525cb6",
	"b3d4a2b4-816c-4cb3-acc8-fc86c4632850",
	154,
	38,
	'do_creates line: 154');
INSERT INTO ACT_AI
	VALUES ("c1bd0e70-2c65-4c3f-a7e2-f9afa87b6fd3",
	"63783af7-fff7-471c-b88e-0a825d24bcaa",
	"86dacc5a-7693-4302-9a93-0d79e840bbd2",
	0,
	0);
INSERT INTO ACT_SMT
	VALUES ("b3d4a2b4-816c-4cb3-acc8-fc86c4632850",
	"00fa99b2-8c83-48db-827c-e1ca4e525cb6",
	"d8489a6a-c9f0-4732-981e-84e56d4fdaf2",
	154,
	57,
	'do_creates line: 154');
INSERT INTO ACT_AI
	VALUES ("b3d4a2b4-816c-4cb3-acc8-fc86c4632850",
	"a9230006-1118-4ec8-bf6f-5504f30891bc",
	"1c1bfe39-8078-4688-b72a-8524c82c0b10",
	0,
	0);
INSERT INTO ACT_SMT
	VALUES ("d8489a6a-c9f0-4732-981e-84e56d4fdaf2",
	"00fa99b2-8c83-48db-827c-e1ca4e525cb6",
	"3dbeefe4-d3aa-4dab-b39c-0b7705da3c97",
	155,
	1,
	'do_creates line: 155');
INSERT INTO ACT_CR
	VALUES ("d8489a6a-c9f0-4732-981e-84e56d4fdaf2",
	"47f82546-a3ff-49ff-94f7-91f6e7869918",
	1,
	"37232c72-a7ed-4c17-9fbc-5129fd3a4bae",
	155,
	30);
INSERT INTO ACT_SMT
	VALUES ("3dbeefe4-d3aa-4dab-b39c-0b7705da3c97",
	"00fa99b2-8c83-48db-827c-e1ca4e525cb6",
	"e24725e6-e5a7-472c-aa24-bfbf6a589402",
	155,
	38,
	'do_creates line: 155');
INSERT INTO ACT_AI
	VALUES ("3dbeefe4-d3aa-4dab-b39c-0b7705da3c97",
	"c0428145-15c2-4290-9535-836cddaf97f1",
	"b165e490-7472-44c2-bcb4-94902a3a4c6c",
	0,
	0);
INSERT INTO ACT_SMT
	VALUES ("e24725e6-e5a7-472c-aa24-bfbf6a589402",
	"00fa99b2-8c83-48db-827c-e1ca4e525cb6",
	"9107079d-23b0-4450-841a-acec397959b0",
	155,
	57,
	'do_creates line: 155');
INSERT INTO ACT_AI
	VALUES ("e24725e6-e5a7-472c-aa24-bfbf6a589402",
	"52b2f22f-45e1-4af2-a53e-c16393a3a497",
	"25774313-5e37-434e-8e05-0de87048fb9f",
	0,
	0);
INSERT INTO ACT_SMT
	VALUES ("9107079d-23b0-4450-841a-acec397959b0",
	"00fa99b2-8c83-48db-827c-e1ca4e525cb6",
	"1e28d236-5026-4dca-85ba-1ea1002e17b5",
	156,
	1,
	'do_creates line: 156');
INSERT INTO ACT_CR
	VALUES ("9107079d-23b0-4450-841a-acec397959b0",
	"9f98ce0f-d2ab-4cd5-987a-a2ccfa021341",
	1,
	"1a0a7fbf-fcee-426a-a47f-eb1a0de6fbe2",
	156,
	30);
INSERT INTO ACT_SMT
	VALUES ("1e28d236-5026-4dca-85ba-1ea1002e17b5",
	"00fa99b2-8c83-48db-827c-e1ca4e525cb6",
	"49eaf0e2-5bf3-4cde-8e31-db67cdf7303b",
	156,
	42,
	'do_creates line: 156');
INSERT INTO ACT_AI
	VALUES ("1e28d236-5026-4dca-85ba-1ea1002e17b5",
	"a5f0cce0-0798-4af6-b2f1-de21f49d678b",
	"3c6310e7-d7f4-41ab-bd2f-94ec3a2e3bc6",
	0,
	0);
INSERT INTO ACT_SMT
	VALUES ("49eaf0e2-5bf3-4cde-8e31-db67cdf7303b",
	"00fa99b2-8c83-48db-827c-e1ca4e525cb6",
	"84d4ad4a-4a41-4281-8eb1-f20cff5000ae",
	156,
	59,
	'do_creates line: 156');
INSERT INTO ACT_AI
	VALUES ("49eaf0e2-5bf3-4cde-8e31-db67cdf7303b",
	"6a930efa-05c9-47e7-b2f1-45d449980a4c",
	"c42957ae-bd77-4ddd-8308-330f15703297",
	0,
	0);
INSERT INTO ACT_SMT
	VALUES ("84d4ad4a-4a41-4281-8eb1-f20cff5000ae",
	"00fa99b2-8c83-48db-827c-e1ca4e525cb6",
	"b0bdc1cb-ca19-4a5e-b909-3466b5ebe444",
	157,
	1,
	'do_creates line: 157');
INSERT INTO ACT_CR
	VALUES ("84d4ad4a-4a41-4281-8eb1-f20cff5000ae",
	"c09da326-f41f-46b3-aa16-f171fb9b3468",
	1,
	"1a0a7fbf-fcee-426a-a47f-eb1a0de6fbe2",
	157,
	30);
INSERT INTO ACT_SMT
	VALUES ("b0bdc1cb-ca19-4a5e-b909-3466b5ebe444",
	"00fa99b2-8c83-48db-827c-e1ca4e525cb6",
	"299aa4b7-0ea2-4e08-abf7-0911c6522208",
	157,
	42,
	'do_creates line: 157');
INSERT INTO ACT_AI
	VALUES ("b0bdc1cb-ca19-4a5e-b909-3466b5ebe444",
	"d61e2d56-fab2-4454-a600-9518dbb171cf",
	"47fecd1c-b6ef-4f9f-bbbb-3ec406adb663",
	0,
	0);
INSERT INTO ACT_SMT
	VALUES ("299aa4b7-0ea2-4e08-abf7-0911c6522208",
	"00fa99b2-8c83-48db-827c-e1ca4e525cb6",
	"d00a5baf-d391-45c8-b3c2-e0c29522a427",
	157,
	59,
	'do_creates line: 157');
INSERT INTO ACT_AI
	VALUES ("299aa4b7-0ea2-4e08-abf7-0911c6522208",
	"8cf879be-531f-4e83-84f1-4e36fbcc9cc4",
	"a522c812-c719-4d75-8561-a8af8cae50d4",
	0,
	0);
INSERT INTO ACT_SMT
	VALUES ("d00a5baf-d391-45c8-b3c2-e0c29522a427",
	"00fa99b2-8c83-48db-827c-e1ca4e525cb6",
	"d801f802-9014-47c5-b6ad-446e2a89fabd",
	158,
	1,
	'do_creates line: 158');
INSERT INTO ACT_CR
	VALUES ("d00a5baf-d391-45c8-b3c2-e0c29522a427",
	"63f10a85-d8cb-4206-9c9e-5757dc64f491",
	1,
	"1a0a7fbf-fcee-426a-a47f-eb1a0de6fbe2",
	158,
	30);
INSERT INTO ACT_SMT
	VALUES ("d801f802-9014-47c5-b6ad-446e2a89fabd",
	"00fa99b2-8c83-48db-827c-e1ca4e525cb6",
	"b973414c-312a-4268-bb23-d87b9722d26c",
	158,
	42,
	'do_creates line: 158');
INSERT INTO ACT_AI
	VALUES ("d801f802-9014-47c5-b6ad-446e2a89fabd",
	"34f1656e-ac92-4c6a-b005-4ec320cc7074",
	"0c10c395-e9ab-454b-a2e7-127f01676e19",
	0,
	0);
INSERT INTO ACT_SMT
	VALUES ("b973414c-312a-4268-bb23-d87b9722d26c",
	"00fa99b2-8c83-48db-827c-e1ca4e525cb6",
	"b6fc8f66-ca32-4b15-a2fe-4a2bc843bc18",
	158,
	59,
	'do_creates line: 158');
INSERT INTO ACT_AI
	VALUES ("b973414c-312a-4268-bb23-d87b9722d26c",
	"79fcd48e-818e-4d40-aee7-758004e70aff",
	"290c8ebc-1eba-4e05-8843-82c28cf660fd",
	0,
	0);
INSERT INTO ACT_SMT
	VALUES ("b6fc8f66-ca32-4b15-a2fe-4a2bc843bc18",
	"00fa99b2-8c83-48db-827c-e1ca4e525cb6",
	"90a95eff-b5f6-431a-9fb3-3074a98cc2a5",
	159,
	1,
	'do_creates line: 159');
INSERT INTO ACT_CR
	VALUES ("b6fc8f66-ca32-4b15-a2fe-4a2bc843bc18",
	"c7378dcc-b717-46d4-880f-2cb208067b5c",
	1,
	"1a0a7fbf-fcee-426a-a47f-eb1a0de6fbe2",
	159,
	30);
INSERT INTO ACT_SMT
	VALUES ("90a95eff-b5f6-431a-9fb3-3074a98cc2a5",
	"00fa99b2-8c83-48db-827c-e1ca4e525cb6",
	"eb83141d-3a4d-4339-9541-7acd7e821482",
	159,
	42,
	'do_creates line: 159');
INSERT INTO ACT_AI
	VALUES ("90a95eff-b5f6-431a-9fb3-3074a98cc2a5",
	"5d50dc91-b62b-456d-8d95-0cf472b21664",
	"20fd8bf4-5fc1-48b0-9ac7-6ace3f72f5cf",
	0,
	0);
INSERT INTO ACT_SMT
	VALUES ("eb83141d-3a4d-4339-9541-7acd7e821482",
	"00fa99b2-8c83-48db-827c-e1ca4e525cb6",
	"9ebe8716-15ba-40ed-84e1-3e2eed8516c3",
	159,
	59,
	'do_creates line: 159');
INSERT INTO ACT_AI
	VALUES ("eb83141d-3a4d-4339-9541-7acd7e821482",
	"54c5fd09-b5c2-4eb9-956e-ab363076795d",
	"4ff1de08-ba15-48e6-89d8-958c522a7f10",
	0,
	0);
INSERT INTO ACT_SMT
	VALUES ("9ebe8716-15ba-40ed-84e1-3e2eed8516c3",
	"00fa99b2-8c83-48db-827c-e1ca4e525cb6",
	"e97c9bbf-f04a-4935-a740-b89a9584dda4",
	160,
	1,
	'do_creates line: 160');
INSERT INTO ACT_CR
	VALUES ("9ebe8716-15ba-40ed-84e1-3e2eed8516c3",
	"4fce52dc-0d1a-489d-befd-b0750630fdd7",
	1,
	"1a0a7fbf-fcee-426a-a47f-eb1a0de6fbe2",
	160,
	30);
INSERT INTO ACT_SMT
	VALUES ("e97c9bbf-f04a-4935-a740-b89a9584dda4",
	"00fa99b2-8c83-48db-827c-e1ca4e525cb6",
	"53f289a2-1ce1-459d-b4e6-530ed2642573",
	160,
	42,
	'do_creates line: 160');
INSERT INTO ACT_AI
	VALUES ("e97c9bbf-f04a-4935-a740-b89a9584dda4",
	"3ab8dec4-9382-434b-8885-cf75ca14cb51",
	"52049148-4777-4b6f-8ba8-ff89fad0b263",
	0,
	0);
INSERT INTO ACT_SMT
	VALUES ("53f289a2-1ce1-459d-b4e6-530ed2642573",
	"00fa99b2-8c83-48db-827c-e1ca4e525cb6",
	"f20c8122-278b-436a-96aa-9a27b6fd4806",
	160,
	59,
	'do_creates line: 160');
INSERT INTO ACT_AI
	VALUES ("53f289a2-1ce1-459d-b4e6-530ed2642573",
	"fd8a7364-5967-4f12-9c31-1333effc26f9",
	"b8639fb7-c380-4ddc-9546-e9411ba33928",
	0,
	0);
INSERT INTO ACT_SMT
	VALUES ("f20c8122-278b-436a-96aa-9a27b6fd4806",
	"00fa99b2-8c83-48db-827c-e1ca4e525cb6",
	"87c3f9cd-ba3f-445f-b89f-9893a47e457b",
	161,
	1,
	'do_creates line: 161');
INSERT INTO ACT_CR
	VALUES ("f20c8122-278b-436a-96aa-9a27b6fd4806",
	"e0454e2c-e309-4b58-be74-5b5596ced01d",
	1,
	"1a0a7fbf-fcee-426a-a47f-eb1a0de6fbe2",
	161,
	30);
INSERT INTO ACT_SMT
	VALUES ("87c3f9cd-ba3f-445f-b89f-9893a47e457b",
	"00fa99b2-8c83-48db-827c-e1ca4e525cb6",
	"445d053e-eb16-4294-b668-c1f935978dc3",
	161,
	42,
	'do_creates line: 161');
INSERT INTO ACT_AI
	VALUES ("87c3f9cd-ba3f-445f-b89f-9893a47e457b",
	"048b7d0a-5cc0-41f7-8905-7f033f53273b",
	"5926717b-d8c0-44fa-a35d-927bf9443ea6",
	0,
	0);
INSERT INTO ACT_SMT
	VALUES ("445d053e-eb16-4294-b668-c1f935978dc3",
	"00fa99b2-8c83-48db-827c-e1ca4e525cb6",
	"d9e8c9e1-47b7-419f-b621-356c4da0f7d6",
	161,
	59,
	'do_creates line: 161');
INSERT INTO ACT_AI
	VALUES ("445d053e-eb16-4294-b668-c1f935978dc3",
	"9bdc0d72-5aa8-4003-889f-143ad52c8da2",
	"4d4cd631-7911-4b50-b38c-6894ff9392b0",
	0,
	0);
INSERT INTO ACT_SMT
	VALUES ("d9e8c9e1-47b7-419f-b621-356c4da0f7d6",
	"00fa99b2-8c83-48db-827c-e1ca4e525cb6",
	"321cdb52-0f20-4ad8-b982-faa9b13786db",
	162,
	1,
	'do_creates line: 162');
INSERT INTO ACT_CR
	VALUES ("d9e8c9e1-47b7-419f-b621-356c4da0f7d6",
	"5048e7df-5b34-4d49-964e-a804b4efd592",
	1,
	"1a0a7fbf-fcee-426a-a47f-eb1a0de6fbe2",
	162,
	30);
INSERT INTO ACT_SMT
	VALUES ("321cdb52-0f20-4ad8-b982-faa9b13786db",
	"00fa99b2-8c83-48db-827c-e1ca4e525cb6",
	"20aca1ae-a742-4c4e-bff9-de1225bda661",
	162,
	42,
	'do_creates line: 162');
INSERT INTO ACT_AI
	VALUES ("321cdb52-0f20-4ad8-b982-faa9b13786db",
	"ac835932-f4c2-47bc-9579-8a53e9426022",
	"46a3834b-7104-459b-812b-fefa9e79fa5f",
	0,
	0);
INSERT INTO ACT_SMT
	VALUES ("20aca1ae-a742-4c4e-bff9-de1225bda661",
	"00fa99b2-8c83-48db-827c-e1ca4e525cb6",
	"368bc807-4421-4dda-bb17-670c6259aba2",
	162,
	59,
	'do_creates line: 162');
INSERT INTO ACT_AI
	VALUES ("20aca1ae-a742-4c4e-bff9-de1225bda661",
	"5f1d58de-07ad-4741-bf41-01b1e8f8f6d2",
	"5bdbb404-f84e-4ab8-92af-c5c5cec83bad",
	0,
	0);
INSERT INTO ACT_SMT
	VALUES ("368bc807-4421-4dda-bb17-670c6259aba2",
	"00fa99b2-8c83-48db-827c-e1ca4e525cb6",
	"dc3fb99d-99aa-49ae-ac47-2fe42b2f5817",
	163,
	1,
	'do_creates line: 163');
INSERT INTO ACT_CR
	VALUES ("368bc807-4421-4dda-bb17-670c6259aba2",
	"7d08d950-5fcc-4967-ac98-aa42db07fa21",
	1,
	"1a0a7fbf-fcee-426a-a47f-eb1a0de6fbe2",
	163,
	30);
INSERT INTO ACT_SMT
	VALUES ("dc3fb99d-99aa-49ae-ac47-2fe42b2f5817",
	"00fa99b2-8c83-48db-827c-e1ca4e525cb6",
	"14bbbb52-1a46-4c0b-8df2-798421f45d5f",
	163,
	42,
	'do_creates line: 163');
INSERT INTO ACT_AI
	VALUES ("dc3fb99d-99aa-49ae-ac47-2fe42b2f5817",
	"59b7eeaa-7ea5-4bc6-9ff5-d49ba83f579f",
	"c555a155-44f9-4953-b5f6-b8ba72a2dcd9",
	0,
	0);
INSERT INTO ACT_SMT
	VALUES ("14bbbb52-1a46-4c0b-8df2-798421f45d5f",
	"00fa99b2-8c83-48db-827c-e1ca4e525cb6",
	"1aa2ed97-e3a0-4aed-9366-5151732a8c4b",
	163,
	59,
	'do_creates line: 163');
INSERT INTO ACT_AI
	VALUES ("14bbbb52-1a46-4c0b-8df2-798421f45d5f",
	"c782e1dc-224b-4d38-b4e3-b301224c3bcf",
	"252ad9ec-30c1-47c2-8676-b656b897d099",
	0,
	0);
INSERT INTO ACT_SMT
	VALUES ("1aa2ed97-e3a0-4aed-9366-5151732a8c4b",
	"00fa99b2-8c83-48db-827c-e1ca4e525cb6",
	"2a1f1c3d-aeb6-4d10-9f47-5973205571a4",
	164,
	1,
	'do_creates line: 164');
INSERT INTO ACT_CR
	VALUES ("1aa2ed97-e3a0-4aed-9366-5151732a8c4b",
	"d1dfc7bf-e9a2-4c11-a7ec-4da070fedcdd",
	1,
	"1a0a7fbf-fcee-426a-a47f-eb1a0de6fbe2",
	164,
	30);
INSERT INTO ACT_SMT
	VALUES ("2a1f1c3d-aeb6-4d10-9f47-5973205571a4",
	"00fa99b2-8c83-48db-827c-e1ca4e525cb6",
	"24478d7f-caa3-4079-8c91-4d25acd5d0d9",
	164,
	42,
	'do_creates line: 164');
INSERT INTO ACT_AI
	VALUES ("2a1f1c3d-aeb6-4d10-9f47-5973205571a4",
	"30f6935c-5bab-4c07-bdf3-da88fdfc8cde",
	"cb6f86f8-adaf-4895-a33e-634ee8bb2b34",
	0,
	0);
INSERT INTO ACT_SMT
	VALUES ("24478d7f-caa3-4079-8c91-4d25acd5d0d9",
	"00fa99b2-8c83-48db-827c-e1ca4e525cb6",
	"bf2fadc1-555b-40f5-975e-0fc6be28de95",
	164,
	59,
	'do_creates line: 164');
INSERT INTO ACT_AI
	VALUES ("24478d7f-caa3-4079-8c91-4d25acd5d0d9",
	"244f6bb4-b745-4ff6-9be4-8a9b975b6586",
	"548708bc-bf86-4fbd-8f30-1ba4ff7d1504",
	0,
	0);
INSERT INTO ACT_SMT
	VALUES ("bf2fadc1-555b-40f5-975e-0fc6be28de95",
	"00fa99b2-8c83-48db-827c-e1ca4e525cb6",
	"dc65366e-3ba5-43b2-9f90-797996b92cb8",
	166,
	1,
	'do_creates line: 166');
INSERT INTO ACT_RU
	VALUES ("bf2fadc1-555b-40f5-975e-0fc6be28de95",
	"5479dbab-71f6-4fa4-ae49-d65dbe3d8d5e",
	"f561a018-a081-4635-8a77-1692636e720b",
	"9f98ce0f-d2ab-4cd5-987a-a2ccfa021341",
	'''is_buddy_of''',
	"335e690e-68a7-436f-a7c2-a0c9c7dc0fd4",
	166,
	24,
	166,
	28);
INSERT INTO ACT_SMT
	VALUES ("dc65366e-3ba5-43b2-9f90-797996b92cb8",
	"00fa99b2-8c83-48db-827c-e1ca4e525cb6",
	"96210217-7608-4030-9ce9-5f99c0ca13ec",
	167,
	1,
	'do_creates line: 167');
INSERT INTO ACT_RU
	VALUES ("dc65366e-3ba5-43b2-9f90-797996b92cb8",
	"5479dbab-71f6-4fa4-ae49-d65dbe3d8d5e",
	"5e070f4a-5eeb-47bb-82e3-61d3d042ccae",
	"c09da326-f41f-46b3-aa16-f171fb9b3468",
	'''is_pal_of''',
	"335e690e-68a7-436f-a7c2-a0c9c7dc0fd4",
	167,
	24,
	167,
	28);
INSERT INTO ACT_SMT
	VALUES ("96210217-7608-4030-9ce9-5f99c0ca13ec",
	"00fa99b2-8c83-48db-827c-e1ca4e525cb6",
	"7bdd1e53-66e0-40ef-8308-0c60d1f2c932",
	168,
	1,
	'do_creates line: 168');
INSERT INTO ACT_RU
	VALUES ("96210217-7608-4030-9ce9-5f99c0ca13ec",
	"52add318-f561-40c1-9a00-f7f55d160e9b",
	"5479dbab-71f6-4fa4-ae49-d65dbe3d8d5e",
	"63f10a85-d8cb-4206-9c9e-5757dc64f491",
	'''is_buddy_of''',
	"335e690e-68a7-436f-a7c2-a0c9c7dc0fd4",
	168,
	24,
	168,
	28);
INSERT INTO ACT_SMT
	VALUES ("7bdd1e53-66e0-40ef-8308-0c60d1f2c932",
	"00fa99b2-8c83-48db-827c-e1ca4e525cb6",
	"e5abfb9f-8b20-423f-9428-9356899f654a",
	169,
	1,
	'do_creates line: 169');
INSERT INTO ACT_RU
	VALUES ("7bdd1e53-66e0-40ef-8308-0c60d1f2c932",
	"cdc3ea48-b37b-43fc-adb5-54dce9ece6b5",
	"5479dbab-71f6-4fa4-ae49-d65dbe3d8d5e",
	"c7378dcc-b717-46d4-880f-2cb208067b5c",
	'''is_pal_of''',
	"335e690e-68a7-436f-a7c2-a0c9c7dc0fd4",
	169,
	24,
	169,
	28);
INSERT INTO ACT_SMT
	VALUES ("e5abfb9f-8b20-423f-9428-9356899f654a",
	"00fa99b2-8c83-48db-827c-e1ca4e525cb6",
	"32a83331-251c-4f65-b178-211df280c9da",
	170,
	1,
	'do_creates line: 170');
INSERT INTO ACT_RU
	VALUES ("e5abfb9f-8b20-423f-9428-9356899f654a",
	"5479dbab-71f6-4fa4-ae49-d65dbe3d8d5e",
	"47f82546-a3ff-49ff-94f7-91f6e7869918",
	"4fce52dc-0d1a-489d-befd-b0750630fdd7",
	'''is_buddy_of''',
	"335e690e-68a7-436f-a7c2-a0c9c7dc0fd4",
	170,
	24,
	170,
	28);
INSERT INTO ACT_SMT
	VALUES ("32a83331-251c-4f65-b178-211df280c9da",
	"00fa99b2-8c83-48db-827c-e1ca4e525cb6",
	"3b3a5521-bb80-482a-a400-28d6bc177a24",
	172,
	1,
	'do_creates line: 172');
INSERT INTO ACT_RU
	VALUES ("32a83331-251c-4f65-b178-211df280c9da",
	"5e070f4a-5eeb-47bb-82e3-61d3d042ccae",
	"f561a018-a081-4635-8a77-1692636e720b",
	"e0454e2c-e309-4b58-be74-5b5596ced01d",
	'''is_pal_of''',
	"335e690e-68a7-436f-a7c2-a0c9c7dc0fd4",
	172,
	24,
	172,
	28);
INSERT INTO ACT_SMT
	VALUES ("3b3a5521-bb80-482a-a400-28d6bc177a24",
	"00fa99b2-8c83-48db-827c-e1ca4e525cb6",
	"966d0c6f-a0e5-4e8c-8e10-762519058e64",
	174,
	1,
	'do_creates line: 174');
INSERT INTO ACT_RU
	VALUES ("3b3a5521-bb80-482a-a400-28d6bc177a24",
	"52add318-f561-40c1-9a00-f7f55d160e9b",
	"cdc3ea48-b37b-43fc-adb5-54dce9ece6b5",
	"5048e7df-5b34-4d49-964e-a804b4efd592",
	'''is_buddy_of''',
	"335e690e-68a7-436f-a7c2-a0c9c7dc0fd4",
	174,
	24,
	174,
	28);
INSERT INTO ACT_SMT
	VALUES ("966d0c6f-a0e5-4e8c-8e10-762519058e64",
	"00fa99b2-8c83-48db-827c-e1ca4e525cb6",
	"647e26f9-055f-4530-9655-674e4cd53e9f",
	175,
	1,
	'do_creates line: 175');
INSERT INTO ACT_RU
	VALUES ("966d0c6f-a0e5-4e8c-8e10-762519058e64",
	"52add318-f561-40c1-9a00-f7f55d160e9b",
	"47f82546-a3ff-49ff-94f7-91f6e7869918",
	"7d08d950-5fcc-4967-ac98-aa42db07fa21",
	'''is_pal_of''',
	"335e690e-68a7-436f-a7c2-a0c9c7dc0fd4",
	175,
	24,
	175,
	28);
INSERT INTO ACT_SMT
	VALUES ("647e26f9-055f-4530-9655-674e4cd53e9f",
	"00fa99b2-8c83-48db-827c-e1ca4e525cb6",
	"a0b4b0f6-feac-4f4a-a75e-6b2a6b9558f1",
	177,
	1,
	'do_creates line: 177');
INSERT INTO ACT_RU
	VALUES ("647e26f9-055f-4530-9655-674e4cd53e9f",
	"47f82546-a3ff-49ff-94f7-91f6e7869918",
	"cdc3ea48-b37b-43fc-adb5-54dce9ece6b5",
	"d1dfc7bf-e9a2-4c11-a7ec-4da070fedcdd",
	'''is_buddy_of''',
	"335e690e-68a7-436f-a7c2-a0c9c7dc0fd4",
	177,
	24,
	177,
	28);
INSERT INTO ACT_SMT
	VALUES ("a0b4b0f6-feac-4f4a-a75e-6b2a6b9558f1",
	"00fa99b2-8c83-48db-827c-e1ca4e525cb6",
	"67a51849-d483-4e9d-8f66-ceaf1b3c2fd0",
	181,
	1,
	'do_creates line: 181');
INSERT INTO ACT_CR
	VALUES ("a0b4b0f6-feac-4f4a-a75e-6b2a6b9558f1",
	"49f86339-8180-4fe0-a178-110ca713d709",
	1,
	"2d8a3a17-c338-4915-b084-15abec5d8a3d",
	181,
	30);
INSERT INTO ACT_SMT
	VALUES ("67a51849-d483-4e9d-8f66-ceaf1b3c2fd0",
	"00fa99b2-8c83-48db-827c-e1ca4e525cb6",
	"0686ad17-2423-4484-8c4c-146fd2ec6216",
	181,
	38,
	'do_creates line: 181');
INSERT INTO ACT_AI
	VALUES ("67a51849-d483-4e9d-8f66-ceaf1b3c2fd0",
	"363e7fca-93df-4fba-8f5d-f48de5cf6725",
	"cfa911c2-7db9-45ec-b39b-eaca049767f8",
	0,
	0);
INSERT INTO ACT_SMT
	VALUES ("0686ad17-2423-4484-8c4c-146fd2ec6216",
	"00fa99b2-8c83-48db-827c-e1ca4e525cb6",
	"28b54adf-70ed-42b4-8c0b-b449f9245763",
	181,
	55,
	'do_creates line: 181');
INSERT INTO ACT_AI
	VALUES ("0686ad17-2423-4484-8c4c-146fd2ec6216",
	"401c113c-9262-400c-bfad-de7dbeb25a89",
	"21827cc7-340f-487d-b820-fc5079775b33",
	0,
	0);
INSERT INTO ACT_SMT
	VALUES ("28b54adf-70ed-42b4-8c0b-b449f9245763",
	"00fa99b2-8c83-48db-827c-e1ca4e525cb6",
	"58711f60-4b5c-430c-9b9f-c2e8e0e2bb8e",
	182,
	1,
	'do_creates line: 182');
INSERT INTO ACT_CR
	VALUES ("28b54adf-70ed-42b4-8c0b-b449f9245763",
	"f9493369-2180-4bdf-9b6e-8c4275d0d844",
	1,
	"2d8a3a17-c338-4915-b084-15abec5d8a3d",
	182,
	30);
INSERT INTO ACT_SMT
	VALUES ("58711f60-4b5c-430c-9b9f-c2e8e0e2bb8e",
	"00fa99b2-8c83-48db-827c-e1ca4e525cb6",
	"11c31399-24c0-4d4b-93e9-18f2953defa2",
	182,
	38,
	'do_creates line: 182');
INSERT INTO ACT_AI
	VALUES ("58711f60-4b5c-430c-9b9f-c2e8e0e2bb8e",
	"c1379750-1bf9-4ea6-a460-971bf1205e65",
	"e4528266-b105-44a2-acef-c65873cddc0f",
	0,
	0);
INSERT INTO ACT_SMT
	VALUES ("11c31399-24c0-4d4b-93e9-18f2953defa2",
	"00fa99b2-8c83-48db-827c-e1ca4e525cb6",
	"9845e2e4-6e22-44c3-8ea4-a5adf9ae923c",
	182,
	55,
	'do_creates line: 182');
INSERT INTO ACT_AI
	VALUES ("11c31399-24c0-4d4b-93e9-18f2953defa2",
	"4f8d1ed2-e9c0-42bb-afe8-a10a82b9183d",
	"1c592e06-ba52-425b-8364-0a93cd876120",
	0,
	0);
INSERT INTO ACT_SMT
	VALUES ("9845e2e4-6e22-44c3-8ea4-a5adf9ae923c",
	"00fa99b2-8c83-48db-827c-e1ca4e525cb6",
	"fcfc6061-bb4a-423c-895f-ad8443aa779a",
	183,
	1,
	'do_creates line: 183');
INSERT INTO ACT_CR
	VALUES ("9845e2e4-6e22-44c3-8ea4-a5adf9ae923c",
	"62e7667a-3024-4121-aa1f-9aac01121ec4",
	1,
	"2d8a3a17-c338-4915-b084-15abec5d8a3d",
	183,
	30);
INSERT INTO ACT_SMT
	VALUES ("fcfc6061-bb4a-423c-895f-ad8443aa779a",
	"00fa99b2-8c83-48db-827c-e1ca4e525cb6",
	"d2473076-c5cc-4c2e-b4f4-d268635ad46b",
	183,
	38,
	'do_creates line: 183');
INSERT INTO ACT_AI
	VALUES ("fcfc6061-bb4a-423c-895f-ad8443aa779a",
	"b54ed441-7e46-463f-991a-bbd73947f04e",
	"df092bb7-174a-446f-b4ba-a6d9a7ae6195",
	0,
	0);
INSERT INTO ACT_SMT
	VALUES ("d2473076-c5cc-4c2e-b4f4-d268635ad46b",
	"00fa99b2-8c83-48db-827c-e1ca4e525cb6",
	"67663251-15cb-4e53-8632-9d0074bde1e0",
	183,
	57,
	'do_creates line: 183');
INSERT INTO ACT_AI
	VALUES ("d2473076-c5cc-4c2e-b4f4-d268635ad46b",
	"611632f8-0d18-4fdc-9100-a77ead2ad77c",
	"33acdb31-3ea1-4481-85a9-5aab7d97b816",
	0,
	0);
INSERT INTO ACT_SMT
	VALUES ("67663251-15cb-4e53-8632-9d0074bde1e0",
	"00fa99b2-8c83-48db-827c-e1ca4e525cb6",
	"1bfa5517-8e98-4a45-8fe6-e7ce6bcb638a",
	184,
	1,
	'do_creates line: 184');
INSERT INTO ACT_CR
	VALUES ("67663251-15cb-4e53-8632-9d0074bde1e0",
	"c818b834-949d-4e85-9342-1fa0e538e3c1",
	1,
	"8bdb72ca-c37d-49f6-bc98-b97b5539f176",
	184,
	31);
INSERT INTO ACT_SMT
	VALUES ("1bfa5517-8e98-4a45-8fe6-e7ce6bcb638a",
	"00fa99b2-8c83-48db-827c-e1ca4e525cb6",
	"97bf1cdd-eecb-448e-96d1-b3452105bde4",
	184,
	37,
	'do_creates line: 184');
INSERT INTO ACT_AI
	VALUES ("1bfa5517-8e98-4a45-8fe6-e7ce6bcb638a",
	"57ef03b8-3c37-4e37-b0d9-9ca7da81fd77",
	"c186bc21-bbb0-4b0c-980c-0f8c28a05ed7",
	0,
	0);
INSERT INTO ACT_SMT
	VALUES ("97bf1cdd-eecb-448e-96d1-b3452105bde4",
	"00fa99b2-8c83-48db-827c-e1ca4e525cb6",
	"4f91d947-298f-4a9c-a56f-d95cb3c36666",
	184,
	54,
	'do_creates line: 184');
INSERT INTO ACT_AI
	VALUES ("97bf1cdd-eecb-448e-96d1-b3452105bde4",
	"4ccf890d-e8c9-45e3-95f6-28151df23341",
	"a3a2fbc1-8808-4bcc-80e8-a6c178044876",
	0,
	0);
INSERT INTO ACT_SMT
	VALUES ("4f91d947-298f-4a9c-a56f-d95cb3c36666",
	"00fa99b2-8c83-48db-827c-e1ca4e525cb6",
	"0dc68d77-fe6a-438f-a94f-d21c003cec60",
	185,
	1,
	'do_creates line: 185');
INSERT INTO ACT_CR
	VALUES ("4f91d947-298f-4a9c-a56f-d95cb3c36666",
	"74e7f292-14c2-4a0d-8902-13efba0c4809",
	1,
	"8bdb72ca-c37d-49f6-bc98-b97b5539f176",
	185,
	31);
INSERT INTO ACT_SMT
	VALUES ("0dc68d77-fe6a-438f-a94f-d21c003cec60",
	"00fa99b2-8c83-48db-827c-e1ca4e525cb6",
	"aa5c09ad-ec70-473e-a196-c36feab4eb64",
	185,
	37,
	'do_creates line: 185');
INSERT INTO ACT_AI
	VALUES ("0dc68d77-fe6a-438f-a94f-d21c003cec60",
	"446dcd34-ef61-4de2-8aba-e2be3e1677d4",
	"2ea8912e-3be6-4b43-a2ab-7947fb07b620",
	0,
	0);
INSERT INTO ACT_SMT
	VALUES ("aa5c09ad-ec70-473e-a196-c36feab4eb64",
	"00fa99b2-8c83-48db-827c-e1ca4e525cb6",
	"41bd73e3-d562-488f-8fcd-eaf25ff4d67a",
	185,
	54,
	'do_creates line: 185');
INSERT INTO ACT_AI
	VALUES ("aa5c09ad-ec70-473e-a196-c36feab4eb64",
	"1bda0fca-8190-4739-877f-88175f8a5799",
	"0baf138a-3822-42e0-84be-bc976685b8cf",
	0,
	0);
INSERT INTO ACT_SMT
	VALUES ("41bd73e3-d562-488f-8fcd-eaf25ff4d67a",
	"00fa99b2-8c83-48db-827c-e1ca4e525cb6",
	"d44fb758-0bc1-4e16-8f3d-2cc68d1214df",
	186,
	1,
	'do_creates line: 186');
INSERT INTO ACT_CR
	VALUES ("41bd73e3-d562-488f-8fcd-eaf25ff4d67a",
	"829ed669-3a69-4d0c-a5c5-e80110da3af0",
	1,
	"8bdb72ca-c37d-49f6-bc98-b97b5539f176",
	186,
	31);
INSERT INTO ACT_SMT
	VALUES ("d44fb758-0bc1-4e16-8f3d-2cc68d1214df",
	"00fa99b2-8c83-48db-827c-e1ca4e525cb6",
	"4fbcd098-a86a-4577-a232-dcef5a98c11b",
	186,
	37,
	'do_creates line: 186');
INSERT INTO ACT_AI
	VALUES ("d44fb758-0bc1-4e16-8f3d-2cc68d1214df",
	"c367bf9e-ba7b-46b3-842e-cec260ab0f58",
	"18784686-0ef4-4613-b11c-c21ccdf80024",
	0,
	0);
INSERT INTO ACT_SMT
	VALUES ("4fbcd098-a86a-4577-a232-dcef5a98c11b",
	"00fa99b2-8c83-48db-827c-e1ca4e525cb6",
	"9b235d00-9693-4c1f-9e85-45fe08c9ad9b",
	186,
	54,
	'do_creates line: 186');
INSERT INTO ACT_AI
	VALUES ("4fbcd098-a86a-4577-a232-dcef5a98c11b",
	"4fe1b8db-bfee-46fb-925c-3e6f10f016f6",
	"627d344f-e36f-400c-b2fc-cca8db3952f9",
	0,
	0);
INSERT INTO ACT_SMT
	VALUES ("9b235d00-9693-4c1f-9e85-45fe08c9ad9b",
	"00fa99b2-8c83-48db-827c-e1ca4e525cb6",
	"682fea32-189b-448c-bdcf-dff5ea8f911e",
	187,
	1,
	'do_creates line: 187');
INSERT INTO ACT_CR
	VALUES ("9b235d00-9693-4c1f-9e85-45fe08c9ad9b",
	"d934f272-dd4b-4ae3-90b7-77295c328939",
	1,
	"8bdb72ca-c37d-49f6-bc98-b97b5539f176",
	187,
	31);
INSERT INTO ACT_SMT
	VALUES ("682fea32-189b-448c-bdcf-dff5ea8f911e",
	"00fa99b2-8c83-48db-827c-e1ca4e525cb6",
	"9623a599-b9cd-4186-9795-f2ff9c530642",
	187,
	37,
	'do_creates line: 187');
INSERT INTO ACT_AI
	VALUES ("682fea32-189b-448c-bdcf-dff5ea8f911e",
	"7e8f14cb-8ad4-453d-9a6e-3fe9b2d19d84",
	"3aeeb9af-49f2-4a94-8f4e-6cd686dc99a0",
	0,
	0);
INSERT INTO ACT_SMT
	VALUES ("9623a599-b9cd-4186-9795-f2ff9c530642",
	"00fa99b2-8c83-48db-827c-e1ca4e525cb6",
	"58881b5c-107d-4cc0-84a9-36903d13d384",
	187,
	54,
	'do_creates line: 187');
INSERT INTO ACT_AI
	VALUES ("9623a599-b9cd-4186-9795-f2ff9c530642",
	"9d59b1b7-448d-4f26-b215-32167cad8ffc",
	"3f3721d3-8524-44a4-a338-e825ece5bd88",
	0,
	0);
INSERT INTO ACT_SMT
	VALUES ("58881b5c-107d-4cc0-84a9-36903d13d384",
	"00fa99b2-8c83-48db-827c-e1ca4e525cb6",
	"85305d8a-2a80-4f0f-bca6-febcd3267eef",
	188,
	1,
	'do_creates line: 188');
INSERT INTO ACT_CR
	VALUES ("58881b5c-107d-4cc0-84a9-36903d13d384",
	"81e44c37-f8a2-4800-b618-07cac271bf7b",
	1,
	"8bdb72ca-c37d-49f6-bc98-b97b5539f176",
	188,
	31);
INSERT INTO ACT_SMT
	VALUES ("85305d8a-2a80-4f0f-bca6-febcd3267eef",
	"00fa99b2-8c83-48db-827c-e1ca4e525cb6",
	"065524d5-d797-4b63-9e5a-c6642c5ccedb",
	188,
	37,
	'do_creates line: 188');
INSERT INTO ACT_AI
	VALUES ("85305d8a-2a80-4f0f-bca6-febcd3267eef",
	"1028ab29-321b-4569-95ee-ed9e6520d621",
	"3b7c1cfe-c077-4c54-9f36-ecce71380538",
	0,
	0);
INSERT INTO ACT_SMT
	VALUES ("065524d5-d797-4b63-9e5a-c6642c5ccedb",
	"00fa99b2-8c83-48db-827c-e1ca4e525cb6",
	"5a91faa9-2012-4aee-8b2b-a5ba1a66fbe1",
	188,
	54,
	'do_creates line: 188');
INSERT INTO ACT_AI
	VALUES ("065524d5-d797-4b63-9e5a-c6642c5ccedb",
	"4fccdcf9-650e-453d-8320-2b0500dfaf23",
	"eeff3ef8-8a52-4874-b0ea-3295e5a79dd3",
	0,
	0);
INSERT INTO ACT_SMT
	VALUES ("5a91faa9-2012-4aee-8b2b-a5ba1a66fbe1",
	"00fa99b2-8c83-48db-827c-e1ca4e525cb6",
	"e6fc87c8-ab81-4cf3-9c4d-543e0f684153",
	189,
	1,
	'do_creates line: 189');
INSERT INTO ACT_CR
	VALUES ("5a91faa9-2012-4aee-8b2b-a5ba1a66fbe1",
	"ec1710f3-bc84-42db-95fc-ae55925ced4c",
	1,
	"8bdb72ca-c37d-49f6-bc98-b97b5539f176",
	189,
	31);
INSERT INTO ACT_SMT
	VALUES ("e6fc87c8-ab81-4cf3-9c4d-543e0f684153",
	"00fa99b2-8c83-48db-827c-e1ca4e525cb6",
	"c2afaacb-613e-48fc-b3e3-3c86cb520a4c",
	189,
	37,
	'do_creates line: 189');
INSERT INTO ACT_AI
	VALUES ("e6fc87c8-ab81-4cf3-9c4d-543e0f684153",
	"998811c0-6f58-434f-81da-a2ed061875d5",
	"e4f8baa0-6628-437e-856f-2ef394544ca9",
	0,
	0);
INSERT INTO ACT_SMT
	VALUES ("c2afaacb-613e-48fc-b3e3-3c86cb520a4c",
	"00fa99b2-8c83-48db-827c-e1ca4e525cb6",
	"18de051a-48de-45d6-8f5d-4dff1cd74fb5",
	189,
	54,
	'do_creates line: 189');
INSERT INTO ACT_AI
	VALUES ("c2afaacb-613e-48fc-b3e3-3c86cb520a4c",
	"ef5a9f7d-d3a9-4942-946b-41ee9cc0143a",
	"e6da444b-0a4c-46db-b9dd-ae755985f12d",
	0,
	0);
INSERT INTO ACT_SMT
	VALUES ("18de051a-48de-45d6-8f5d-4dff1cd74fb5",
	"00fa99b2-8c83-48db-827c-e1ca4e525cb6",
	"c66c4d8a-9994-4e6e-b61d-0d5bdcea2b25",
	190,
	1,
	'do_creates line: 190');
INSERT INTO ACT_CR
	VALUES ("18de051a-48de-45d6-8f5d-4dff1cd74fb5",
	"0baeaa3d-6163-43c2-94a6-3271e0f98126",
	1,
	"8bdb72ca-c37d-49f6-bc98-b97b5539f176",
	190,
	31);
INSERT INTO ACT_SMT
	VALUES ("c66c4d8a-9994-4e6e-b61d-0d5bdcea2b25",
	"00fa99b2-8c83-48db-827c-e1ca4e525cb6",
	"87d11184-c278-47c1-8cf8-b0f28aa15df3",
	190,
	37,
	'do_creates line: 190');
INSERT INTO ACT_AI
	VALUES ("c66c4d8a-9994-4e6e-b61d-0d5bdcea2b25",
	"025ff54c-907d-4bf3-9cfc-83981d686baf",
	"8ececc47-ce99-4bcc-9b76-e00a640b0ad7",
	0,
	0);
INSERT INTO ACT_SMT
	VALUES ("87d11184-c278-47c1-8cf8-b0f28aa15df3",
	"00fa99b2-8c83-48db-827c-e1ca4e525cb6",
	"438238ae-9696-4b83-8aff-9d8df9ad9a0e",
	190,
	54,
	'do_creates line: 190');
INSERT INTO ACT_AI
	VALUES ("87d11184-c278-47c1-8cf8-b0f28aa15df3",
	"bdbcf4b1-8e73-47db-92c8-57b717ec6505",
	"c0c2cc25-85d4-48ac-8545-1ea66c6985f8",
	0,
	0);
INSERT INTO ACT_SMT
	VALUES ("438238ae-9696-4b83-8aff-9d8df9ad9a0e",
	"00fa99b2-8c83-48db-827c-e1ca4e525cb6",
	"3a68d942-0429-4b46-b588-2a61fcfb365b",
	191,
	1,
	'do_creates line: 191');
INSERT INTO ACT_RU
	VALUES ("438238ae-9696-4b83-8aff-9d8df9ad9a0e",
	"49f86339-8180-4fe0-a178-110ca713d709",
	"f9493369-2180-4bdf-9b6e-8c4275d0d844",
	"c818b834-949d-4e85-9342-1fa0e538e3c1",
	'''sells_to''',
	"01676442-9b26-4184-9daf-6739c481e1e0",
	191,
	24,
	191,
	28);
INSERT INTO ACT_SMT
	VALUES ("3a68d942-0429-4b46-b588-2a61fcfb365b",
	"00fa99b2-8c83-48db-827c-e1ca4e525cb6",
	"36612d5b-1d4a-49a9-bf6a-cf8b5d675aa6",
	192,
	1,
	'do_creates line: 192');
INSERT INTO ACT_RU
	VALUES ("3a68d942-0429-4b46-b588-2a61fcfb365b",
	"49f86339-8180-4fe0-a178-110ca713d709",
	"62e7667a-3024-4121-aa1f-9aac01121ec4",
	"74e7f292-14c2-4a0d-8902-13efba0c4809",
	'''buys_from''',
	"01676442-9b26-4184-9daf-6739c481e1e0",
	192,
	24,
	192,
	28);
INSERT INTO ACT_SMT
	VALUES ("36612d5b-1d4a-49a9-bf6a-cf8b5d675aa6",
	"00fa99b2-8c83-48db-827c-e1ca4e525cb6",
	"779e6669-ffa6-47f3-9b25-cd37383bf363",
	193,
	1,
	'do_creates line: 193');
INSERT INTO ACT_RU
	VALUES ("36612d5b-1d4a-49a9-bf6a-cf8b5d675aa6",
	"f9493369-2180-4bdf-9b6e-8c4275d0d844",
	"62e7667a-3024-4121-aa1f-9aac01121ec4",
	"829ed669-3a69-4d0c-a5c5-e80110da3af0",
	'''sells_to''',
	"01676442-9b26-4184-9daf-6739c481e1e0",
	193,
	24,
	193,
	28);
INSERT INTO ACT_SMT
	VALUES ("779e6669-ffa6-47f3-9b25-cd37383bf363",
	"00fa99b2-8c83-48db-827c-e1ca4e525cb6",
	"aa694489-78c0-4af5-9f6d-090d1d27231e",
	194,
	1,
	'do_creates line: 194');
INSERT INTO ACT_RU
	VALUES ("779e6669-ffa6-47f3-9b25-cd37383bf363",
	"62e7667a-3024-4121-aa1f-9aac01121ec4",
	"49f86339-8180-4fe0-a178-110ca713d709",
	"d934f272-dd4b-4ae3-90b7-77295c328939",
	'''buys_from''',
	"01676442-9b26-4184-9daf-6739c481e1e0",
	194,
	24,
	194,
	28);
INSERT INTO ACT_SMT
	VALUES ("aa694489-78c0-4af5-9f6d-090d1d27231e",
	"00fa99b2-8c83-48db-827c-e1ca4e525cb6",
	"2b07bbbd-b2b5-4441-9ba6-7f92f4ec7e3e",
	195,
	1,
	'do_creates line: 195');
INSERT INTO ACT_RU
	VALUES ("aa694489-78c0-4af5-9f6d-090d1d27231e",
	"f9493369-2180-4bdf-9b6e-8c4275d0d844",
	"49f86339-8180-4fe0-a178-110ca713d709",
	"81e44c37-f8a2-4800-b618-07cac271bf7b",
	'''sells_to''',
	"01676442-9b26-4184-9daf-6739c481e1e0",
	195,
	24,
	195,
	28);
INSERT INTO ACT_SMT
	VALUES ("2b07bbbd-b2b5-4441-9ba6-7f92f4ec7e3e",
	"00fa99b2-8c83-48db-827c-e1ca4e525cb6",
	"bc3d1222-f8ca-4a49-83b9-6ceeb724facc",
	196,
	1,
	'do_creates line: 196');
INSERT INTO ACT_RU
	VALUES ("2b07bbbd-b2b5-4441-9ba6-7f92f4ec7e3e",
	"f9493369-2180-4bdf-9b6e-8c4275d0d844",
	"62e7667a-3024-4121-aa1f-9aac01121ec4",
	"ec1710f3-bc84-42db-95fc-ae55925ced4c",
	'''buys_from''',
	"01676442-9b26-4184-9daf-6739c481e1e0",
	196,
	24,
	196,
	28);
INSERT INTO ACT_SMT
	VALUES ("bc3d1222-f8ca-4a49-83b9-6ceeb724facc",
	"00fa99b2-8c83-48db-827c-e1ca4e525cb6",
	"00000000-0000-0000-0000-000000000000",
	197,
	1,
	'do_creates line: 197');
INSERT INTO ACT_RU
	VALUES ("bc3d1222-f8ca-4a49-83b9-6ceeb724facc",
	"49f86339-8180-4fe0-a178-110ca713d709",
	"f9493369-2180-4bdf-9b6e-8c4275d0d844",
	"0baeaa3d-6163-43c2-94a6-3271e0f98126",
	'''sells_to''',
	"01676442-9b26-4184-9daf-6739c481e1e0",
	197,
	24,
	197,
	28);
INSERT INTO V_VAL
	VALUES ("191a2357-da4e-4b0b-992c-80144c1afd3c",
	1,
	0,
	5,
	35,
	35,
	0,
	0,
	0,
	0,
	"ba5eda7a-def5-0000-0000-000000000008",
	"00fa99b2-8c83-48db-827c-e1ca4e525cb6");
INSERT INTO V_IRF
	VALUES ("191a2357-da4e-4b0b-992c-80144c1afd3c",
	"6ef89ba5-b18a-4d68-8b44-8e8c21a53676");
INSERT INTO V_VAL
	VALUES ("f1082bf2-0337-4637-a63c-bd4d237f6051",
	1,
	0,
	5,
	37,
	39,
	0,
	0,
	0,
	0,
	"ba5eda7a-def5-0000-0000-000000000002",
	"00fa99b2-8c83-48db-827c-e1ca4e525cb6");
INSERT INTO V_AVL
	VALUES ("f1082bf2-0337-4637-a63c-bd4d237f6051",
	"191a2357-da4e-4b0b-992c-80144c1afd3c",
	"9e07c28d-77a6-489a-85f6-d1ae2b7a22b4",
	"5e520841-63e4-41d1-9032-f82e71da4d3b");
INSERT INTO V_VAL
	VALUES ("b4fc6f0c-e8d3-4a33-a467-bc025ddba18f",
	0,
	0,
	5,
	43,
	44,
	0,
	0,
	0,
	0,
	"ba5eda7a-def5-0000-0000-000000000002",
	"00fa99b2-8c83-48db-827c-e1ca4e525cb6");
INSERT INTO V_LIN
	VALUES ("b4fc6f0c-e8d3-4a33-a467-bc025ddba18f",
	'99');
INSERT INTO V_VAL
	VALUES ("4193d9d1-d1fd-4640-8400-b5ceb8a8cf26",
	1,
	0,
	6,
	35,
	35,
	0,
	0,
	0,
	0,
	"ba5eda7a-def5-0000-0000-000000000008",
	"00fa99b2-8c83-48db-827c-e1ca4e525cb6");
INSERT INTO V_IRF
	VALUES ("4193d9d1-d1fd-4640-8400-b5ceb8a8cf26",
	"6ef89ba5-b18a-4d68-8b44-8e8c21a53676");
INSERT INTO V_VAL
	VALUES ("d463a4fd-092b-4f4c-95c0-27caddbb01a6",
	1,
	0,
	6,
	37,
	39,
	0,
	0,
	0,
	0,
	"ba5eda7a-def5-0000-0000-000000000002",
	"00fa99b2-8c83-48db-827c-e1ca4e525cb6");
INSERT INTO V_AVL
	VALUES ("d463a4fd-092b-4f4c-95c0-27caddbb01a6",
	"4193d9d1-d1fd-4640-8400-b5ceb8a8cf26",
	"9e07c28d-77a6-489a-85f6-d1ae2b7a22b4",
	"5e520841-63e4-41d1-9032-f82e71da4d3b");
INSERT INTO V_VAL
	VALUES ("5eb9f07c-c2d2-4f19-a424-3ae5a3021822",
	0,
	0,
	6,
	43,
	44,
	0,
	0,
	0,
	0,
	"ba5eda7a-def5-0000-0000-000000000002",
	"00fa99b2-8c83-48db-827c-e1ca4e525cb6");
INSERT INTO V_LIN
	VALUES ("5eb9f07c-c2d2-4f19-a424-3ae5a3021822",
	'98');
INSERT INTO V_VAL
	VALUES ("53f72679-f917-40e2-be57-65907070f68f",
	1,
	0,
	7,
	35,
	35,
	0,
	0,
	0,
	0,
	"ba5eda7a-def5-0000-0000-000000000008",
	"00fa99b2-8c83-48db-827c-e1ca4e525cb6");
INSERT INTO V_IRF
	VALUES ("53f72679-f917-40e2-be57-65907070f68f",
	"6ef89ba5-b18a-4d68-8b44-8e8c21a53676");
INSERT INTO V_VAL
	VALUES ("fb037c1c-6ecc-4383-9eb1-465214c18bb8",
	1,
	0,
	7,
	37,
	39,
	0,
	0,
	0,
	0,
	"ba5eda7a-def5-0000-0000-000000000002",
	"00fa99b2-8c83-48db-827c-e1ca4e525cb6");
INSERT INTO V_AVL
	VALUES ("fb037c1c-6ecc-4383-9eb1-465214c18bb8",
	"53f72679-f917-40e2-be57-65907070f68f",
	"9e07c28d-77a6-489a-85f6-d1ae2b7a22b4",
	"5e520841-63e4-41d1-9032-f82e71da4d3b");
INSERT INTO V_VAL
	VALUES ("21188a3d-62f6-48a4-9746-6a1c97a84947",
	0,
	0,
	7,
	43,
	43,
	0,
	0,
	0,
	0,
	"ba5eda7a-def5-0000-0000-000000000002",
	"00fa99b2-8c83-48db-827c-e1ca4e525cb6");
INSERT INTO V_LIN
	VALUES ("21188a3d-62f6-48a4-9746-6a1c97a84947",
	'1');
INSERT INTO V_VAL
	VALUES ("9f4388bd-7ea7-482b-a833-ff09d4a89654",
	1,
	0,
	7,
	46,
	46,
	0,
	0,
	0,
	0,
	"ba5eda7a-def5-0000-0000-000000000008",
	"00fa99b2-8c83-48db-827c-e1ca4e525cb6");
INSERT INTO V_IRF
	VALUES ("9f4388bd-7ea7-482b-a833-ff09d4a89654",
	"6ef89ba5-b18a-4d68-8b44-8e8c21a53676");
INSERT INTO V_VAL
	VALUES ("809e3786-db17-4297-84d5-4e8b1668204c",
	1,
	0,
	7,
	48,
	48,
	0,
	0,
	0,
	0,
	"ba5eda7a-def5-0000-0000-000000000002",
	"00fa99b2-8c83-48db-827c-e1ca4e525cb6");
INSERT INTO V_AVL
	VALUES ("809e3786-db17-4297-84d5-4e8b1668204c",
	"9f4388bd-7ea7-482b-a833-ff09d4a89654",
	"9e07c28d-77a6-489a-85f6-d1ae2b7a22b4",
	"f60ba351-2e9d-4bee-8563-1c89949c07f9");
INSERT INTO V_VAL
	VALUES ("8c11b61a-9c8e-4bf1-a7e0-22a978563f21",
	0,
	0,
	7,
	52,
	52,
	0,
	0,
	0,
	0,
	"ba5eda7a-def5-0000-0000-000000000002",
	"00fa99b2-8c83-48db-827c-e1ca4e525cb6");
INSERT INTO V_LIN
	VALUES ("8c11b61a-9c8e-4bf1-a7e0-22a978563f21",
	'1');
INSERT INTO V_VAL
	VALUES ("85d6e4ff-fabd-45be-b545-44597efc724a",
	1,
	0,
	8,
	37,
	37,
	0,
	0,
	0,
	0,
	"ba5eda7a-def5-0000-0000-000000000008",
	"00fa99b2-8c83-48db-827c-e1ca4e525cb6");
INSERT INTO V_IRF
	VALUES ("85d6e4ff-fabd-45be-b545-44597efc724a",
	"3e56d669-c8e7-4b79-9750-09cb0400fafd");
INSERT INTO V_VAL
	VALUES ("a6e35ce6-290c-4eb3-954c-26e6a407beef",
	1,
	0,
	8,
	39,
	41,
	0,
	0,
	0,
	0,
	"ba5eda7a-def5-0000-0000-000000000002",
	"00fa99b2-8c83-48db-827c-e1ca4e525cb6");
INSERT INTO V_AVL
	VALUES ("a6e35ce6-290c-4eb3-954c-26e6a407beef",
	"85d6e4ff-fabd-45be-b545-44597efc724a",
	"4fe7dec5-7125-46ae-99c5-0fbe0635efc5",
	"2b82901e-e972-452c-a5d0-a0071b9de93e");
INSERT INTO V_VAL
	VALUES ("c202a54e-07a7-4756-98f0-afb797938c30",
	0,
	0,
	8,
	45,
	45,
	0,
	0,
	0,
	0,
	"ba5eda7a-def5-0000-0000-000000000002",
	"00fa99b2-8c83-48db-827c-e1ca4e525cb6");
INSERT INTO V_LIN
	VALUES ("c202a54e-07a7-4756-98f0-afb797938c30",
	'2');
INSERT INTO V_VAL
	VALUES ("1015d0e6-06b4-4b55-89b6-037e8b78272b",
	1,
	0,
	8,
	48,
	48,
	0,
	0,
	0,
	0,
	"ba5eda7a-def5-0000-0000-000000000008",
	"00fa99b2-8c83-48db-827c-e1ca4e525cb6");
INSERT INTO V_IRF
	VALUES ("1015d0e6-06b4-4b55-89b6-037e8b78272b",
	"3e56d669-c8e7-4b79-9750-09cb0400fafd");
INSERT INTO V_VAL
	VALUES ("b3287aff-4ecc-41b3-a07e-714f09b8397c",
	1,
	0,
	8,
	50,
	50,
	0,
	0,
	0,
	0,
	"ba5eda7a-def5-0000-0000-000000000002",
	"00fa99b2-8c83-48db-827c-e1ca4e525cb6");
INSERT INTO V_AVL
	VALUES ("b3287aff-4ecc-41b3-a07e-714f09b8397c",
	"1015d0e6-06b4-4b55-89b6-037e8b78272b",
	"4fe7dec5-7125-46ae-99c5-0fbe0635efc5",
	"b11a68ca-2126-49a6-aae6-5cfb689249ee");
INSERT INTO V_VAL
	VALUES ("71b568d1-8c00-4389-bd67-4cba5bdb449b",
	0,
	0,
	8,
	54,
	54,
	0,
	0,
	0,
	0,
	"ba5eda7a-def5-0000-0000-000000000002",
	"00fa99b2-8c83-48db-827c-e1ca4e525cb6");
INSERT INTO V_LIN
	VALUES ("71b568d1-8c00-4389-bd67-4cba5bdb449b",
	'2');
INSERT INTO V_VAL
	VALUES ("e79d3f86-efee-4e2d-a7f1-d494a517f90b",
	1,
	0,
	10,
	35,
	35,
	0,
	0,
	0,
	0,
	"ba5eda7a-def5-0000-0000-000000000008",
	"00fa99b2-8c83-48db-827c-e1ca4e525cb6");
INSERT INTO V_IRF
	VALUES ("e79d3f86-efee-4e2d-a7f1-d494a517f90b",
	"6ef89ba5-b18a-4d68-8b44-8e8c21a53676");
INSERT INTO V_VAL
	VALUES ("23ed4174-8366-4e67-a871-0c029e5efb3c",
	1,
	0,
	10,
	37,
	39,
	0,
	0,
	0,
	0,
	"ba5eda7a-def5-0000-0000-000000000002",
	"00fa99b2-8c83-48db-827c-e1ca4e525cb6");
INSERT INTO V_AVL
	VALUES ("23ed4174-8366-4e67-a871-0c029e5efb3c",
	"e79d3f86-efee-4e2d-a7f1-d494a517f90b",
	"9e07c28d-77a6-489a-85f6-d1ae2b7a22b4",
	"5e520841-63e4-41d1-9032-f82e71da4d3b");
INSERT INTO V_VAL
	VALUES ("52dede22-64a2-460d-b860-c588bebe96d3",
	0,
	0,
	10,
	43,
	43,
	0,
	0,
	0,
	0,
	"ba5eda7a-def5-0000-0000-000000000002",
	"00fa99b2-8c83-48db-827c-e1ca4e525cb6");
INSERT INTO V_LIN
	VALUES ("52dede22-64a2-460d-b860-c588bebe96d3",
	'3');
INSERT INTO V_VAL
	VALUES ("9d4af6f2-3cc4-4355-9ac9-0faa5351fc41",
	1,
	0,
	10,
	46,
	46,
	0,
	0,
	0,
	0,
	"ba5eda7a-def5-0000-0000-000000000008",
	"00fa99b2-8c83-48db-827c-e1ca4e525cb6");
INSERT INTO V_IRF
	VALUES ("9d4af6f2-3cc4-4355-9ac9-0faa5351fc41",
	"6ef89ba5-b18a-4d68-8b44-8e8c21a53676");
INSERT INTO V_VAL
	VALUES ("37cdd224-d988-4568-8c3c-e7f7841143fb",
	1,
	0,
	10,
	48,
	48,
	0,
	0,
	0,
	0,
	"ba5eda7a-def5-0000-0000-000000000002",
	"00fa99b2-8c83-48db-827c-e1ca4e525cb6");
INSERT INTO V_AVL
	VALUES ("37cdd224-d988-4568-8c3c-e7f7841143fb",
	"9d4af6f2-3cc4-4355-9ac9-0faa5351fc41",
	"9e07c28d-77a6-489a-85f6-d1ae2b7a22b4",
	"f60ba351-2e9d-4bee-8563-1c89949c07f9");
INSERT INTO V_VAL
	VALUES ("2f18dbc7-a025-4418-8de9-0891955b6c0c",
	0,
	0,
	10,
	52,
	52,
	0,
	0,
	0,
	0,
	"ba5eda7a-def5-0000-0000-000000000002",
	"00fa99b2-8c83-48db-827c-e1ca4e525cb6");
INSERT INTO V_LIN
	VALUES ("2f18dbc7-a025-4418-8de9-0891955b6c0c",
	'3');
INSERT INTO V_VAL
	VALUES ("30bbcc1d-0b25-48ae-aae5-fe0a72dd4313",
	1,
	0,
	11,
	37,
	37,
	0,
	0,
	0,
	0,
	"ba5eda7a-def5-0000-0000-000000000008",
	"00fa99b2-8c83-48db-827c-e1ca4e525cb6");
INSERT INTO V_IRF
	VALUES ("30bbcc1d-0b25-48ae-aae5-fe0a72dd4313",
	"3e56d669-c8e7-4b79-9750-09cb0400fafd");
INSERT INTO V_VAL
	VALUES ("55f24260-4b94-4116-892f-fb5050f66d31",
	1,
	0,
	11,
	39,
	41,
	0,
	0,
	0,
	0,
	"ba5eda7a-def5-0000-0000-000000000002",
	"00fa99b2-8c83-48db-827c-e1ca4e525cb6");
INSERT INTO V_AVL
	VALUES ("55f24260-4b94-4116-892f-fb5050f66d31",
	"30bbcc1d-0b25-48ae-aae5-fe0a72dd4313",
	"4fe7dec5-7125-46ae-99c5-0fbe0635efc5",
	"2b82901e-e972-452c-a5d0-a0071b9de93e");
INSERT INTO V_VAL
	VALUES ("3e6e594f-1523-476b-90c2-0f362b8c177e",
	0,
	0,
	11,
	45,
	45,
	0,
	0,
	0,
	0,
	"ba5eda7a-def5-0000-0000-000000000002",
	"00fa99b2-8c83-48db-827c-e1ca4e525cb6");
INSERT INTO V_LIN
	VALUES ("3e6e594f-1523-476b-90c2-0f362b8c177e",
	'4');
INSERT INTO V_VAL
	VALUES ("693a5e23-ff1f-49bd-b60e-a4752df3cad6",
	1,
	0,
	11,
	48,
	48,
	0,
	0,
	0,
	0,
	"ba5eda7a-def5-0000-0000-000000000008",
	"00fa99b2-8c83-48db-827c-e1ca4e525cb6");
INSERT INTO V_IRF
	VALUES ("693a5e23-ff1f-49bd-b60e-a4752df3cad6",
	"3e56d669-c8e7-4b79-9750-09cb0400fafd");
INSERT INTO V_VAL
	VALUES ("ad87e931-759f-4932-933d-7f9634f1f56c",
	1,
	0,
	11,
	50,
	50,
	0,
	0,
	0,
	0,
	"ba5eda7a-def5-0000-0000-000000000002",
	"00fa99b2-8c83-48db-827c-e1ca4e525cb6");
INSERT INTO V_AVL
	VALUES ("ad87e931-759f-4932-933d-7f9634f1f56c",
	"693a5e23-ff1f-49bd-b60e-a4752df3cad6",
	"4fe7dec5-7125-46ae-99c5-0fbe0635efc5",
	"b11a68ca-2126-49a6-aae6-5cfb689249ee");
INSERT INTO V_VAL
	VALUES ("0273363e-75a4-4b2f-9fc0-40a4e327b3d1",
	0,
	0,
	11,
	54,
	54,
	0,
	0,
	0,
	0,
	"ba5eda7a-def5-0000-0000-000000000002",
	"00fa99b2-8c83-48db-827c-e1ca4e525cb6");
INSERT INTO V_LIN
	VALUES ("0273363e-75a4-4b2f-9fc0-40a4e327b3d1",
	'4');
INSERT INTO V_VAL
	VALUES ("0fd9146b-9564-4562-b1f0-b58095a976ac",
	1,
	0,
	13,
	35,
	35,
	0,
	0,
	0,
	0,
	"ba5eda7a-def5-0000-0000-000000000008",
	"00fa99b2-8c83-48db-827c-e1ca4e525cb6");
INSERT INTO V_IRF
	VALUES ("0fd9146b-9564-4562-b1f0-b58095a976ac",
	"6ef89ba5-b18a-4d68-8b44-8e8c21a53676");
INSERT INTO V_VAL
	VALUES ("a259c572-139e-4c03-b771-fade7e1e84da",
	1,
	0,
	13,
	37,
	39,
	0,
	0,
	0,
	0,
	"ba5eda7a-def5-0000-0000-000000000002",
	"00fa99b2-8c83-48db-827c-e1ca4e525cb6");
INSERT INTO V_AVL
	VALUES ("a259c572-139e-4c03-b771-fade7e1e84da",
	"0fd9146b-9564-4562-b1f0-b58095a976ac",
	"9e07c28d-77a6-489a-85f6-d1ae2b7a22b4",
	"5e520841-63e4-41d1-9032-f82e71da4d3b");
INSERT INTO V_VAL
	VALUES ("4c26fc68-d957-44ba-987b-d587b137ce50",
	0,
	0,
	13,
	43,
	43,
	0,
	0,
	0,
	0,
	"ba5eda7a-def5-0000-0000-000000000002",
	"00fa99b2-8c83-48db-827c-e1ca4e525cb6");
INSERT INTO V_LIN
	VALUES ("4c26fc68-d957-44ba-987b-d587b137ce50",
	'5');
INSERT INTO V_VAL
	VALUES ("cd2ace85-61d9-4425-a658-cf2a0c595bb5",
	1,
	0,
	13,
	46,
	46,
	0,
	0,
	0,
	0,
	"ba5eda7a-def5-0000-0000-000000000008",
	"00fa99b2-8c83-48db-827c-e1ca4e525cb6");
INSERT INTO V_IRF
	VALUES ("cd2ace85-61d9-4425-a658-cf2a0c595bb5",
	"6ef89ba5-b18a-4d68-8b44-8e8c21a53676");
INSERT INTO V_VAL
	VALUES ("f456064d-96f7-448f-b104-737003b1f930",
	1,
	0,
	13,
	48,
	48,
	0,
	0,
	0,
	0,
	"ba5eda7a-def5-0000-0000-000000000002",
	"00fa99b2-8c83-48db-827c-e1ca4e525cb6");
INSERT INTO V_AVL
	VALUES ("f456064d-96f7-448f-b104-737003b1f930",
	"cd2ace85-61d9-4425-a658-cf2a0c595bb5",
	"9e07c28d-77a6-489a-85f6-d1ae2b7a22b4",
	"f60ba351-2e9d-4bee-8563-1c89949c07f9");
INSERT INTO V_VAL
	VALUES ("2c84bc4f-e955-4b3d-80b5-65a3c1dfa7de",
	0,
	0,
	13,
	52,
	52,
	0,
	0,
	0,
	0,
	"ba5eda7a-def5-0000-0000-000000000002",
	"00fa99b2-8c83-48db-827c-e1ca4e525cb6");
INSERT INTO V_LIN
	VALUES ("2c84bc4f-e955-4b3d-80b5-65a3c1dfa7de",
	'5');
INSERT INTO V_VAL
	VALUES ("843b6c66-33d0-459b-ba2c-b1c0545736e7",
	1,
	0,
	14,
	37,
	37,
	0,
	0,
	0,
	0,
	"ba5eda7a-def5-0000-0000-000000000008",
	"00fa99b2-8c83-48db-827c-e1ca4e525cb6");
INSERT INTO V_IRF
	VALUES ("843b6c66-33d0-459b-ba2c-b1c0545736e7",
	"3e56d669-c8e7-4b79-9750-09cb0400fafd");
INSERT INTO V_VAL
	VALUES ("e5d14c9b-8356-4397-8545-7d13c660c34e",
	1,
	0,
	14,
	39,
	41,
	0,
	0,
	0,
	0,
	"ba5eda7a-def5-0000-0000-000000000002",
	"00fa99b2-8c83-48db-827c-e1ca4e525cb6");
INSERT INTO V_AVL
	VALUES ("e5d14c9b-8356-4397-8545-7d13c660c34e",
	"843b6c66-33d0-459b-ba2c-b1c0545736e7",
	"4fe7dec5-7125-46ae-99c5-0fbe0635efc5",
	"2b82901e-e972-452c-a5d0-a0071b9de93e");
INSERT INTO V_VAL
	VALUES ("9e57cadc-bedc-4db1-83f8-12f58941e449",
	0,
	0,
	14,
	45,
	45,
	0,
	0,
	0,
	0,
	"ba5eda7a-def5-0000-0000-000000000002",
	"00fa99b2-8c83-48db-827c-e1ca4e525cb6");
INSERT INTO V_LIN
	VALUES ("9e57cadc-bedc-4db1-83f8-12f58941e449",
	'6');
INSERT INTO V_VAL
	VALUES ("aa45dc76-80ae-4733-a133-896b5dcb9d43",
	1,
	0,
	14,
	48,
	48,
	0,
	0,
	0,
	0,
	"ba5eda7a-def5-0000-0000-000000000008",
	"00fa99b2-8c83-48db-827c-e1ca4e525cb6");
INSERT INTO V_IRF
	VALUES ("aa45dc76-80ae-4733-a133-896b5dcb9d43",
	"3e56d669-c8e7-4b79-9750-09cb0400fafd");
INSERT INTO V_VAL
	VALUES ("2892d665-09d5-4f95-9599-38d9a758505b",
	1,
	0,
	14,
	50,
	50,
	0,
	0,
	0,
	0,
	"ba5eda7a-def5-0000-0000-000000000002",
	"00fa99b2-8c83-48db-827c-e1ca4e525cb6");
INSERT INTO V_AVL
	VALUES ("2892d665-09d5-4f95-9599-38d9a758505b",
	"aa45dc76-80ae-4733-a133-896b5dcb9d43",
	"4fe7dec5-7125-46ae-99c5-0fbe0635efc5",
	"b11a68ca-2126-49a6-aae6-5cfb689249ee");
INSERT INTO V_VAL
	VALUES ("a57cbe19-aadd-4679-8822-32773fc137c1",
	0,
	0,
	14,
	54,
	54,
	0,
	0,
	0,
	0,
	"ba5eda7a-def5-0000-0000-000000000002",
	"00fa99b2-8c83-48db-827c-e1ca4e525cb6");
INSERT INTO V_LIN
	VALUES ("a57cbe19-aadd-4679-8822-32773fc137c1",
	'6');
INSERT INTO V_VAL
	VALUES ("102e1886-94d3-4ba0-bdde-e0433f6a8c04",
	1,
	0,
	19,
	35,
	36,
	0,
	0,
	0,
	0,
	"ba5eda7a-def5-0000-0000-000000000008",
	"00fa99b2-8c83-48db-827c-e1ca4e525cb6");
INSERT INTO V_IRF
	VALUES ("102e1886-94d3-4ba0-bdde-e0433f6a8c04",
	"d97dc7a1-30da-4452-828a-7673784829c0");
INSERT INTO V_VAL
	VALUES ("bb658078-ba9b-45d2-910d-11a950951ff1",
	1,
	0,
	19,
	38,
	40,
	0,
	0,
	0,
	0,
	"ba5eda7a-def5-0000-0000-000000000002",
	"00fa99b2-8c83-48db-827c-e1ca4e525cb6");
INSERT INTO V_AVL
	VALUES ("bb658078-ba9b-45d2-910d-11a950951ff1",
	"102e1886-94d3-4ba0-bdde-e0433f6a8c04",
	"9940ccae-6e81-400f-b2d8-0b0a0a36c067",
	"6c3867a2-0826-429d-a280-3f7b3eb2efe5");
INSERT INTO V_VAL
	VALUES ("868dcb0c-0fce-4bee-a1b7-94b1ea2e4017",
	0,
	0,
	19,
	44,
	44,
	0,
	0,
	0,
	0,
	"ba5eda7a-def5-0000-0000-000000000002",
	"00fa99b2-8c83-48db-827c-e1ca4e525cb6");
INSERT INTO V_LIN
	VALUES ("868dcb0c-0fce-4bee-a1b7-94b1ea2e4017",
	'1');
INSERT INTO V_VAL
	VALUES ("198674b5-259a-4953-9230-20480e3946ce",
	1,
	0,
	20,
	35,
	36,
	0,
	0,
	0,
	0,
	"ba5eda7a-def5-0000-0000-000000000008",
	"00fa99b2-8c83-48db-827c-e1ca4e525cb6");
INSERT INTO V_IRF
	VALUES ("198674b5-259a-4953-9230-20480e3946ce",
	"2864798c-822c-4163-bd9a-e72ad7b683be");
INSERT INTO V_VAL
	VALUES ("98694b9f-404f-4c08-9595-804fcc702b7e",
	1,
	0,
	20,
	38,
	40,
	0,
	0,
	0,
	0,
	"ba5eda7a-def5-0000-0000-000000000002",
	"00fa99b2-8c83-48db-827c-e1ca4e525cb6");
INSERT INTO V_AVL
	VALUES ("98694b9f-404f-4c08-9595-804fcc702b7e",
	"198674b5-259a-4953-9230-20480e3946ce",
	"9940ccae-6e81-400f-b2d8-0b0a0a36c067",
	"6c3867a2-0826-429d-a280-3f7b3eb2efe5");
INSERT INTO V_VAL
	VALUES ("8821dce5-4117-4400-ba3f-6c65c4dabb1a",
	0,
	0,
	20,
	44,
	44,
	0,
	0,
	0,
	0,
	"ba5eda7a-def5-0000-0000-000000000002",
	"00fa99b2-8c83-48db-827c-e1ca4e525cb6");
INSERT INTO V_LIN
	VALUES ("8821dce5-4117-4400-ba3f-6c65c4dabb1a",
	'2');
INSERT INTO V_VAL
	VALUES ("c04b3cd1-7de9-4d51-b241-18aaea522b81",
	1,
	0,
	21,
	35,
	36,
	0,
	0,
	0,
	0,
	"ba5eda7a-def5-0000-0000-000000000008",
	"00fa99b2-8c83-48db-827c-e1ca4e525cb6");
INSERT INTO V_IRF
	VALUES ("c04b3cd1-7de9-4d51-b241-18aaea522b81",
	"a7e81266-8784-4621-8f41-6a89ba8fcf96");
INSERT INTO V_VAL
	VALUES ("fb2adc74-c19a-45e0-82d8-8944e71f76b3",
	1,
	0,
	21,
	38,
	40,
	0,
	0,
	0,
	0,
	"ba5eda7a-def5-0000-0000-000000000002",
	"00fa99b2-8c83-48db-827c-e1ca4e525cb6");
INSERT INTO V_AVL
	VALUES ("fb2adc74-c19a-45e0-82d8-8944e71f76b3",
	"c04b3cd1-7de9-4d51-b241-18aaea522b81",
	"9940ccae-6e81-400f-b2d8-0b0a0a36c067",
	"6c3867a2-0826-429d-a280-3f7b3eb2efe5");
INSERT INTO V_VAL
	VALUES ("4b59bc2d-e431-45f3-8740-9c730d94f6a1",
	0,
	0,
	21,
	44,
	44,
	0,
	0,
	0,
	0,
	"ba5eda7a-def5-0000-0000-000000000002",
	"00fa99b2-8c83-48db-827c-e1ca4e525cb6");
INSERT INTO V_LIN
	VALUES ("4b59bc2d-e431-45f3-8740-9c730d94f6a1",
	'3');
INSERT INTO V_VAL
	VALUES ("8d1ef31f-00ef-41e7-85d5-cc9788025799",
	1,
	0,
	22,
	35,
	36,
	0,
	0,
	0,
	0,
	"ba5eda7a-def5-0000-0000-000000000008",
	"00fa99b2-8c83-48db-827c-e1ca4e525cb6");
INSERT INTO V_IRF
	VALUES ("8d1ef31f-00ef-41e7-85d5-cc9788025799",
	"a0169a6c-2de1-43b7-b30a-2e0ace87132a");
INSERT INTO V_VAL
	VALUES ("5c9d0e68-1435-4832-89d9-e76c00ba7f62",
	1,
	0,
	22,
	38,
	40,
	0,
	0,
	0,
	0,
	"ba5eda7a-def5-0000-0000-000000000002",
	"00fa99b2-8c83-48db-827c-e1ca4e525cb6");
INSERT INTO V_AVL
	VALUES ("5c9d0e68-1435-4832-89d9-e76c00ba7f62",
	"8d1ef31f-00ef-41e7-85d5-cc9788025799",
	"9940ccae-6e81-400f-b2d8-0b0a0a36c067",
	"6c3867a2-0826-429d-a280-3f7b3eb2efe5");
INSERT INTO V_VAL
	VALUES ("1ffa6bce-ad36-4f7b-a354-6641b4f48e4f",
	0,
	0,
	22,
	44,
	44,
	0,
	0,
	0,
	0,
	"ba5eda7a-def5-0000-0000-000000000002",
	"00fa99b2-8c83-48db-827c-e1ca4e525cb6");
INSERT INTO V_LIN
	VALUES ("1ffa6bce-ad36-4f7b-a354-6641b4f48e4f",
	'4');
INSERT INTO V_VAL
	VALUES ("131fed99-43c3-451a-8aa2-d0df15f0aa67",
	1,
	0,
	25,
	41,
	42,
	0,
	0,
	0,
	0,
	"ba5eda7a-def5-0000-0000-000000000008",
	"00fa99b2-8c83-48db-827c-e1ca4e525cb6");
INSERT INTO V_IRF
	VALUES ("131fed99-43c3-451a-8aa2-d0df15f0aa67",
	"db394bc4-1097-4ee7-b290-8a73a5d9c21f");
INSERT INTO V_VAL
	VALUES ("4aac88f9-b246-404c-a684-1ca76d2e2b87",
	1,
	0,
	25,
	44,
	46,
	0,
	0,
	0,
	0,
	"ba5eda7a-def5-0000-0000-000000000002",
	"00fa99b2-8c83-48db-827c-e1ca4e525cb6");
INSERT INTO V_AVL
	VALUES ("4aac88f9-b246-404c-a684-1ca76d2e2b87",
	"131fed99-43c3-451a-8aa2-d0df15f0aa67",
	"8e6ffc50-e410-47a1-8bcf-8229c2ca4642",
	"da4af3fb-69aa-4ece-b5cd-fbaae0d5a8cb");
INSERT INTO V_VAL
	VALUES ("df1200b8-c7be-4fd2-9c07-453c2406ad7a",
	0,
	0,
	25,
	50,
	50,
	0,
	0,
	0,
	0,
	"ba5eda7a-def5-0000-0000-000000000002",
	"00fa99b2-8c83-48db-827c-e1ca4e525cb6");
INSERT INTO V_LIN
	VALUES ("df1200b8-c7be-4fd2-9c07-453c2406ad7a",
	'1');
INSERT INTO V_VAL
	VALUES ("738ab9a7-4eec-4aa1-94ee-c676fda144d6",
	1,
	0,
	25,
	53,
	54,
	0,
	0,
	0,
	0,
	"ba5eda7a-def5-0000-0000-000000000008",
	"00fa99b2-8c83-48db-827c-e1ca4e525cb6");
INSERT INTO V_IRF
	VALUES ("738ab9a7-4eec-4aa1-94ee-c676fda144d6",
	"db394bc4-1097-4ee7-b290-8a73a5d9c21f");
INSERT INTO V_VAL
	VALUES ("d0b8a710-da7b-43a0-b5cc-a53c53db4638",
	1,
	0,
	25,
	56,
	59,
	0,
	0,
	0,
	0,
	"ba5eda7a-def5-0000-0000-000000000004",
	"00fa99b2-8c83-48db-827c-e1ca4e525cb6");
INSERT INTO V_AVL
	VALUES ("d0b8a710-da7b-43a0-b5cc-a53c53db4638",
	"738ab9a7-4eec-4aa1-94ee-c676fda144d6",
	"8e6ffc50-e410-47a1-8bcf-8229c2ca4642",
	"b59b6082-04aa-4b90-93d5-fa0f4cbdf717");
INSERT INTO V_VAL
	VALUES ("633ca828-7f71-41ea-95ac-b6c7b0e2bb2b",
	0,
	0,
	25,
	63,
	69,
	0,
	0,
	0,
	0,
	"ba5eda7a-def5-0000-0000-000000000004",
	"00fa99b2-8c83-48db-827c-e1ca4e525cb6");
INSERT INTO V_LST
	VALUES ("633ca828-7f71-41ea-95ac-b6c7b0e2bb2b",
	'DeeTwo');
INSERT INTO V_VAL
	VALUES ("7eb4ab32-c683-4224-b0a5-26d4d12ad96c",
	1,
	0,
	32,
	36,
	37,
	0,
	0,
	0,
	0,
	"ba5eda7a-def5-0000-0000-000000000008",
	"00fa99b2-8c83-48db-827c-e1ca4e525cb6");
INSERT INTO V_IRF
	VALUES ("7eb4ab32-c683-4224-b0a5-26d4d12ad96c",
	"6d5e1f16-385b-4d76-a7da-c92f965a4b3e");
INSERT INTO V_VAL
	VALUES ("1a5b7900-ac3a-4618-bf3f-97d69cf5840d",
	1,
	0,
	32,
	39,
	41,
	0,
	0,
	0,
	0,
	"ba5eda7a-def5-0000-0000-000000000002",
	"00fa99b2-8c83-48db-827c-e1ca4e525cb6");
INSERT INTO V_AVL
	VALUES ("1a5b7900-ac3a-4618-bf3f-97d69cf5840d",
	"7eb4ab32-c683-4224-b0a5-26d4d12ad96c",
	"6ee088c1-7097-4fe8-96fc-815a18b47c81",
	"5438df3e-19d1-4d42-97ac-96ff3e4817ba");
INSERT INTO V_VAL
	VALUES ("b2a6e906-160a-4cea-ac7b-bbbf6711c4ff",
	0,
	0,
	32,
	45,
	47,
	0,
	0,
	0,
	0,
	"ba5eda7a-def5-0000-0000-000000000002",
	"00fa99b2-8c83-48db-827c-e1ca4e525cb6");
INSERT INTO V_LIN
	VALUES ("b2a6e906-160a-4cea-ac7b-bbbf6711c4ff",
	'100');
INSERT INTO V_VAL
	VALUES ("6d447647-a199-4e5f-b491-062f3e4ae7bf",
	1,
	0,
	32,
	50,
	51,
	0,
	0,
	0,
	0,
	"ba5eda7a-def5-0000-0000-000000000008",
	"00fa99b2-8c83-48db-827c-e1ca4e525cb6");
INSERT INTO V_IRF
	VALUES ("6d447647-a199-4e5f-b491-062f3e4ae7bf",
	"6d5e1f16-385b-4d76-a7da-c92f965a4b3e");
INSERT INTO V_VAL
	VALUES ("72419f08-441d-46ff-9fc0-e7f49e08ef64",
	1,
	0,
	32,
	53,
	57,
	0,
	0,
	0,
	0,
	"ba5eda7a-def5-0000-0000-000000000003",
	"00fa99b2-8c83-48db-827c-e1ca4e525cb6");
INSERT INTO V_AVL
	VALUES ("72419f08-441d-46ff-9fc0-e7f49e08ef64",
	"6d447647-a199-4e5f-b491-062f3e4ae7bf",
	"6ee088c1-7097-4fe8-96fc-815a18b47c81",
	"145b43cf-9c87-4054-9f18-19d6db29a694");
INSERT INTO V_VAL
	VALUES ("2970c409-b8cc-4cd1-a8da-a58c1e67951f",
	0,
	0,
	32,
	61,
	63,
	0,
	0,
	0,
	0,
	"ba5eda7a-def5-0000-0000-000000000003",
	"00fa99b2-8c83-48db-827c-e1ca4e525cb6");
INSERT INTO V_LRL
	VALUES ("2970c409-b8cc-4cd1-a8da-a58c1e67951f",
	'0.1');
INSERT INTO V_VAL
	VALUES ("3387b465-7928-4540-a39a-563fa6d811d8",
	1,
	0,
	33,
	36,
	37,
	0,
	0,
	0,
	0,
	"ba5eda7a-def5-0000-0000-000000000008",
	"00fa99b2-8c83-48db-827c-e1ca4e525cb6");
INSERT INTO V_IRF
	VALUES ("3387b465-7928-4540-a39a-563fa6d811d8",
	"8eb0f48a-4f61-4b9e-adba-6cefc03259fb");
INSERT INTO V_VAL
	VALUES ("d41e7bb7-4552-45e0-b101-e192b4285f88",
	1,
	0,
	33,
	39,
	41,
	0,
	0,
	0,
	0,
	"ba5eda7a-def5-0000-0000-000000000002",
	"00fa99b2-8c83-48db-827c-e1ca4e525cb6");
INSERT INTO V_AVL
	VALUES ("d41e7bb7-4552-45e0-b101-e192b4285f88",
	"3387b465-7928-4540-a39a-563fa6d811d8",
	"6ee088c1-7097-4fe8-96fc-815a18b47c81",
	"5438df3e-19d1-4d42-97ac-96ff3e4817ba");
INSERT INTO V_VAL
	VALUES ("43bc0e89-b164-4fa3-bdd0-da15c3553575",
	0,
	0,
	33,
	45,
	45,
	0,
	0,
	0,
	0,
	"ba5eda7a-def5-0000-0000-000000000002",
	"00fa99b2-8c83-48db-827c-e1ca4e525cb6");
INSERT INTO V_LIN
	VALUES ("43bc0e89-b164-4fa3-bdd0-da15c3553575",
	'1');
INSERT INTO V_VAL
	VALUES ("510ddac4-1397-4dd2-a598-731d84e459dd",
	1,
	0,
	33,
	48,
	49,
	0,
	0,
	0,
	0,
	"ba5eda7a-def5-0000-0000-000000000008",
	"00fa99b2-8c83-48db-827c-e1ca4e525cb6");
INSERT INTO V_IRF
	VALUES ("510ddac4-1397-4dd2-a598-731d84e459dd",
	"8eb0f48a-4f61-4b9e-adba-6cefc03259fb");
INSERT INTO V_VAL
	VALUES ("9d30883e-230f-4a11-a2dd-fcd25257afff",
	1,
	0,
	33,
	51,
	55,
	0,
	0,
	0,
	0,
	"ba5eda7a-def5-0000-0000-000000000003",
	"00fa99b2-8c83-48db-827c-e1ca4e525cb6");
INSERT INTO V_AVL
	VALUES ("9d30883e-230f-4a11-a2dd-fcd25257afff",
	"510ddac4-1397-4dd2-a598-731d84e459dd",
	"6ee088c1-7097-4fe8-96fc-815a18b47c81",
	"145b43cf-9c87-4054-9f18-19d6db29a694");
INSERT INTO V_VAL
	VALUES ("5b494218-dcce-47ce-9f0f-266e09eed0e3",
	0,
	0,
	33,
	59,
	63,
	0,
	0,
	0,
	0,
	"ba5eda7a-def5-0000-0000-000000000003",
	"00fa99b2-8c83-48db-827c-e1ca4e525cb6");
INSERT INTO V_LRL
	VALUES ("5b494218-dcce-47ce-9f0f-266e09eed0e3",
	'0.314');
INSERT INTO V_VAL
	VALUES ("69574f05-d901-45da-9180-24f962a4e1d6",
	1,
	0,
	34,
	36,
	37,
	0,
	0,
	0,
	0,
	"ba5eda7a-def5-0000-0000-000000000008",
	"00fa99b2-8c83-48db-827c-e1ca4e525cb6");
INSERT INTO V_IRF
	VALUES ("69574f05-d901-45da-9180-24f962a4e1d6",
	"65b827ad-886e-4fdd-9f26-f0877a9b17db");
INSERT INTO V_VAL
	VALUES ("aa605dc2-1395-4a8e-8797-4d0c5c6d9c14",
	1,
	0,
	34,
	39,
	41,
	0,
	0,
	0,
	0,
	"ba5eda7a-def5-0000-0000-000000000002",
	"00fa99b2-8c83-48db-827c-e1ca4e525cb6");
INSERT INTO V_AVL
	VALUES ("aa605dc2-1395-4a8e-8797-4d0c5c6d9c14",
	"69574f05-d901-45da-9180-24f962a4e1d6",
	"6ee088c1-7097-4fe8-96fc-815a18b47c81",
	"5438df3e-19d1-4d42-97ac-96ff3e4817ba");
INSERT INTO V_VAL
	VALUES ("606640f7-ca53-49f8-b495-f4f593920754",
	0,
	0,
	34,
	45,
	45,
	0,
	0,
	0,
	0,
	"ba5eda7a-def5-0000-0000-000000000002",
	"00fa99b2-8c83-48db-827c-e1ca4e525cb6");
INSERT INTO V_LIN
	VALUES ("606640f7-ca53-49f8-b495-f4f593920754",
	'2');
INSERT INTO V_VAL
	VALUES ("b71be416-63a1-4645-ada3-2a5e2db19d60",
	1,
	0,
	34,
	48,
	49,
	0,
	0,
	0,
	0,
	"ba5eda7a-def5-0000-0000-000000000008",
	"00fa99b2-8c83-48db-827c-e1ca4e525cb6");
INSERT INTO V_IRF
	VALUES ("b71be416-63a1-4645-ada3-2a5e2db19d60",
	"65b827ad-886e-4fdd-9f26-f0877a9b17db");
INSERT INTO V_VAL
	VALUES ("1420c36b-588b-4efa-a0ce-5ec13b3f224c",
	1,
	0,
	34,
	51,
	55,
	0,
	0,
	0,
	0,
	"ba5eda7a-def5-0000-0000-000000000003",
	"00fa99b2-8c83-48db-827c-e1ca4e525cb6");
INSERT INTO V_AVL
	VALUES ("1420c36b-588b-4efa-a0ce-5ec13b3f224c",
	"b71be416-63a1-4645-ada3-2a5e2db19d60",
	"6ee088c1-7097-4fe8-96fc-815a18b47c81",
	"145b43cf-9c87-4054-9f18-19d6db29a694");
INSERT INTO V_VAL
	VALUES ("dad8f96d-93d3-4f87-9aaf-074269a756c2",
	0,
	0,
	34,
	59,
	63,
	0,
	0,
	0,
	0,
	"ba5eda7a-def5-0000-0000-000000000003",
	"00fa99b2-8c83-48db-827c-e1ca4e525cb6");
INSERT INTO V_LRL
	VALUES ("dad8f96d-93d3-4f87-9aaf-074269a756c2",
	'2.718');
INSERT INTO V_VAL
	VALUES ("352c398b-5f55-4172-99a9-15b1948979d3",
	1,
	0,
	35,
	38,
	39,
	0,
	0,
	0,
	0,
	"ba5eda7a-def5-0000-0000-000000000008",
	"00fa99b2-8c83-48db-827c-e1ca4e525cb6");
INSERT INTO V_IRF
	VALUES ("352c398b-5f55-4172-99a9-15b1948979d3",
	"7d0ecae7-8eb0-4e8f-a02d-ac3e6c0aabfc");
INSERT INTO V_VAL
	VALUES ("ebe07443-a03b-48aa-8976-a1dae040985a",
	1,
	0,
	35,
	41,
	43,
	0,
	0,
	0,
	0,
	"ba5eda7a-def5-0000-0000-000000000002",
	"00fa99b2-8c83-48db-827c-e1ca4e525cb6");
INSERT INTO V_AVL
	VALUES ("ebe07443-a03b-48aa-8976-a1dae040985a",
	"352c398b-5f55-4172-99a9-15b1948979d3",
	"c21a9ecf-e844-47a4-910a-7d8c7aa3d553",
	"1dafc789-1342-4d0e-beff-7eabf04d8b9f");
INSERT INTO V_VAL
	VALUES ("52482fa5-185e-47e2-ac81-0c4b56669d56",
	0,
	0,
	35,
	47,
	47,
	0,
	0,
	0,
	0,
	"ba5eda7a-def5-0000-0000-000000000002",
	"00fa99b2-8c83-48db-827c-e1ca4e525cb6");
INSERT INTO V_LIN
	VALUES ("52482fa5-185e-47e2-ac81-0c4b56669d56",
	'3');
INSERT INTO V_VAL
	VALUES ("9d3e7360-9a3c-4ed5-ba11-eb2077d47dcc",
	1,
	0,
	35,
	50,
	51,
	0,
	0,
	0,
	0,
	"ba5eda7a-def5-0000-0000-000000000008",
	"00fa99b2-8c83-48db-827c-e1ca4e525cb6");
INSERT INTO V_IRF
	VALUES ("9d3e7360-9a3c-4ed5-ba11-eb2077d47dcc",
	"7d0ecae7-8eb0-4e8f-a02d-ac3e6c0aabfc");
INSERT INTO V_VAL
	VALUES ("54714b4d-bfc4-46bd-86df-6deb5cbf1e5c",
	1,
	0,
	35,
	53,
	59,
	0,
	0,
	0,
	0,
	"ba5eda7a-def5-0000-0000-000000000001",
	"00fa99b2-8c83-48db-827c-e1ca4e525cb6");
INSERT INTO V_AVL
	VALUES ("54714b4d-bfc4-46bd-86df-6deb5cbf1e5c",
	"9d3e7360-9a3c-4ed5-ba11-eb2077d47dcc",
	"c21a9ecf-e844-47a4-910a-7d8c7aa3d553",
	"20525d61-5696-4d97-8ee1-32371f03d1ee");
INSERT INTO V_VAL
	VALUES ("1f4e94a7-29c4-470c-b201-e443db5ec8c5",
	0,
	0,
	-1,
	-1,
	-1,
	0,
	0,
	0,
	0,
	"ba5eda7a-def5-0000-0000-000000000001",
	"00fa99b2-8c83-48db-827c-e1ca4e525cb6");
INSERT INTO V_LBO
	VALUES ("1f4e94a7-29c4-470c-b201-e443db5ec8c5",
	'TRUE');
INSERT INTO V_VAL
	VALUES ("1a4e7bba-99be-408f-8647-85b64827b458",
	1,
	0,
	36,
	38,
	39,
	0,
	0,
	0,
	0,
	"ba5eda7a-def5-0000-0000-000000000008",
	"00fa99b2-8c83-48db-827c-e1ca4e525cb6");
INSERT INTO V_IRF
	VALUES ("1a4e7bba-99be-408f-8647-85b64827b458",
	"b2276482-747e-40bf-9167-ed557130e57b");
INSERT INTO V_VAL
	VALUES ("0c1a00d1-9d17-4d5a-9894-625c35df0e7b",
	1,
	0,
	36,
	41,
	43,
	0,
	0,
	0,
	0,
	"ba5eda7a-def5-0000-0000-000000000002",
	"00fa99b2-8c83-48db-827c-e1ca4e525cb6");
INSERT INTO V_AVL
	VALUES ("0c1a00d1-9d17-4d5a-9894-625c35df0e7b",
	"1a4e7bba-99be-408f-8647-85b64827b458",
	"c21a9ecf-e844-47a4-910a-7d8c7aa3d553",
	"1dafc789-1342-4d0e-beff-7eabf04d8b9f");
INSERT INTO V_VAL
	VALUES ("f053302f-be1f-4f37-b675-47c6e160608f",
	0,
	0,
	36,
	47,
	47,
	0,
	0,
	0,
	0,
	"ba5eda7a-def5-0000-0000-000000000002",
	"00fa99b2-8c83-48db-827c-e1ca4e525cb6");
INSERT INTO V_LIN
	VALUES ("f053302f-be1f-4f37-b675-47c6e160608f",
	'2');
INSERT INTO V_VAL
	VALUES ("434018a4-77e3-4cc9-a9d8-7be3a43ac9a7",
	1,
	0,
	36,
	50,
	51,
	0,
	0,
	0,
	0,
	"ba5eda7a-def5-0000-0000-000000000008",
	"00fa99b2-8c83-48db-827c-e1ca4e525cb6");
INSERT INTO V_IRF
	VALUES ("434018a4-77e3-4cc9-a9d8-7be3a43ac9a7",
	"b2276482-747e-40bf-9167-ed557130e57b");
INSERT INTO V_VAL
	VALUES ("d0de0c95-d9ac-4875-a2c3-208a1db51ef8",
	1,
	0,
	36,
	53,
	59,
	0,
	0,
	0,
	0,
	"ba5eda7a-def5-0000-0000-000000000001",
	"00fa99b2-8c83-48db-827c-e1ca4e525cb6");
INSERT INTO V_AVL
	VALUES ("d0de0c95-d9ac-4875-a2c3-208a1db51ef8",
	"434018a4-77e3-4cc9-a9d8-7be3a43ac9a7",
	"c21a9ecf-e844-47a4-910a-7d8c7aa3d553",
	"20525d61-5696-4d97-8ee1-32371f03d1ee");
INSERT INTO V_VAL
	VALUES ("f6e77317-44cb-4c6b-b41d-87080983c533",
	0,
	0,
	-1,
	-1,
	-1,
	0,
	0,
	0,
	0,
	"ba5eda7a-def5-0000-0000-000000000001",
	"00fa99b2-8c83-48db-827c-e1ca4e525cb6");
INSERT INTO V_LBO
	VALUES ("f6e77317-44cb-4c6b-b41d-87080983c533",
	'FALSE');
INSERT INTO V_VAL
	VALUES ("40d0fef3-ca9b-4c3f-b793-5de0281d9452",
	1,
	0,
	37,
	38,
	39,
	0,
	0,
	0,
	0,
	"ba5eda7a-def5-0000-0000-000000000008",
	"00fa99b2-8c83-48db-827c-e1ca4e525cb6");
INSERT INTO V_IRF
	VALUES ("40d0fef3-ca9b-4c3f-b793-5de0281d9452",
	"82f31b2d-7199-4358-be1f-0af5e29128f6");
INSERT INTO V_VAL
	VALUES ("ded7ef90-ec9a-4ac7-a7c6-22892521efcf",
	1,
	0,
	37,
	41,
	43,
	0,
	0,
	0,
	0,
	"ba5eda7a-def5-0000-0000-000000000002",
	"00fa99b2-8c83-48db-827c-e1ca4e525cb6");
INSERT INTO V_AVL
	VALUES ("ded7ef90-ec9a-4ac7-a7c6-22892521efcf",
	"40d0fef3-ca9b-4c3f-b793-5de0281d9452",
	"c21a9ecf-e844-47a4-910a-7d8c7aa3d553",
	"1dafc789-1342-4d0e-beff-7eabf04d8b9f");
INSERT INTO V_VAL
	VALUES ("2af99fcd-4776-4073-ae18-b9c20a738106",
	0,
	0,
	37,
	47,
	47,
	0,
	0,
	0,
	0,
	"ba5eda7a-def5-0000-0000-000000000002",
	"00fa99b2-8c83-48db-827c-e1ca4e525cb6");
INSERT INTO V_LIN
	VALUES ("2af99fcd-4776-4073-ae18-b9c20a738106",
	'1');
INSERT INTO V_VAL
	VALUES ("3b436452-5b85-4afc-96de-e419d501b4da",
	1,
	0,
	37,
	50,
	51,
	0,
	0,
	0,
	0,
	"ba5eda7a-def5-0000-0000-000000000008",
	"00fa99b2-8c83-48db-827c-e1ca4e525cb6");
INSERT INTO V_IRF
	VALUES ("3b436452-5b85-4afc-96de-e419d501b4da",
	"82f31b2d-7199-4358-be1f-0af5e29128f6");
INSERT INTO V_VAL
	VALUES ("2828d64d-ef75-4763-bde1-a28b970c07a9",
	1,
	0,
	37,
	53,
	59,
	0,
	0,
	0,
	0,
	"ba5eda7a-def5-0000-0000-000000000001",
	"00fa99b2-8c83-48db-827c-e1ca4e525cb6");
INSERT INTO V_AVL
	VALUES ("2828d64d-ef75-4763-bde1-a28b970c07a9",
	"3b436452-5b85-4afc-96de-e419d501b4da",
	"c21a9ecf-e844-47a4-910a-7d8c7aa3d553",
	"20525d61-5696-4d97-8ee1-32371f03d1ee");
INSERT INTO V_VAL
	VALUES ("b28ce9f0-036d-4f6e-b57d-a5e36d8e83f3",
	0,
	0,
	-1,
	-1,
	-1,
	0,
	0,
	0,
	0,
	"ba5eda7a-def5-0000-0000-000000000001",
	"00fa99b2-8c83-48db-827c-e1ca4e525cb6");
INSERT INTO V_LBO
	VALUES ("b28ce9f0-036d-4f6e-b57d-a5e36d8e83f3",
	'TRUE');
INSERT INTO V_VAL
	VALUES ("030cace3-b5bc-40db-b88b-6e11b02e6d0a",
	1,
	0,
	38,
	42,
	43,
	0,
	0,
	0,
	0,
	"ba5eda7a-def5-0000-0000-000000000008",
	"00fa99b2-8c83-48db-827c-e1ca4e525cb6");
INSERT INTO V_IRF
	VALUES ("030cace3-b5bc-40db-b88b-6e11b02e6d0a",
	"297b0ab4-3dbb-4e62-9737-43abbfa64d7f");
INSERT INTO V_VAL
	VALUES ("2cbdfa3a-99e0-4c4b-b6ef-c68af86ca552",
	1,
	0,
	38,
	45,
	47,
	0,
	0,
	0,
	0,
	"ba5eda7a-def5-0000-0000-000000000002",
	"00fa99b2-8c83-48db-827c-e1ca4e525cb6");
INSERT INTO V_AVL
	VALUES ("2cbdfa3a-99e0-4c4b-b6ef-c68af86ca552",
	"030cace3-b5bc-40db-b88b-6e11b02e6d0a",
	"39297b1a-c5e8-4464-b85c-7f1c6dadf459",
	"3fa84fe0-3207-4e04-bfe4-723563890514");
INSERT INTO V_VAL
	VALUES ("ff6a3fef-5510-49c4-9897-74744c38e0bb",
	0,
	0,
	38,
	51,
	51,
	0,
	0,
	0,
	0,
	"ba5eda7a-def5-0000-0000-000000000002",
	"00fa99b2-8c83-48db-827c-e1ca4e525cb6");
INSERT INTO V_LIN
	VALUES ("ff6a3fef-5510-49c4-9897-74744c38e0bb",
	'1');
INSERT INTO V_VAL
	VALUES ("805e219f-4454-4018-a1df-efdd6974dd5e",
	1,
	0,
	39,
	42,
	43,
	0,
	0,
	0,
	0,
	"ba5eda7a-def5-0000-0000-000000000008",
	"00fa99b2-8c83-48db-827c-e1ca4e525cb6");
INSERT INTO V_IRF
	VALUES ("805e219f-4454-4018-a1df-efdd6974dd5e",
	"058dab9a-955c-4522-8d57-e4a0d91cd13e");
INSERT INTO V_VAL
	VALUES ("e7c79209-903b-492d-9ec0-99a8d14d6319",
	1,
	0,
	39,
	45,
	47,
	0,
	0,
	0,
	0,
	"ba5eda7a-def5-0000-0000-000000000002",
	"00fa99b2-8c83-48db-827c-e1ca4e525cb6");
INSERT INTO V_AVL
	VALUES ("e7c79209-903b-492d-9ec0-99a8d14d6319",
	"805e219f-4454-4018-a1df-efdd6974dd5e",
	"39297b1a-c5e8-4464-b85c-7f1c6dadf459",
	"3fa84fe0-3207-4e04-bfe4-723563890514");
INSERT INTO V_VAL
	VALUES ("62e87e0e-01b8-4a81-80b8-24c65aedd6fb",
	0,
	0,
	39,
	51,
	51,
	0,
	0,
	0,
	0,
	"ba5eda7a-def5-0000-0000-000000000002",
	"00fa99b2-8c83-48db-827c-e1ca4e525cb6");
INSERT INTO V_LIN
	VALUES ("62e87e0e-01b8-4a81-80b8-24c65aedd6fb",
	'2');
INSERT INTO V_VAL
	VALUES ("6adadc9f-86f4-4463-9662-11c45f8126b6",
	1,
	0,
	40,
	42,
	43,
	0,
	0,
	0,
	0,
	"ba5eda7a-def5-0000-0000-000000000008",
	"00fa99b2-8c83-48db-827c-e1ca4e525cb6");
INSERT INTO V_IRF
	VALUES ("6adadc9f-86f4-4463-9662-11c45f8126b6",
	"27452379-3873-4486-8b2b-00ad8bd8547d");
INSERT INTO V_VAL
	VALUES ("c224d3bb-2ce8-4830-97ae-7ac879aad861",
	1,
	0,
	40,
	45,
	47,
	0,
	0,
	0,
	0,
	"ba5eda7a-def5-0000-0000-000000000002",
	"00fa99b2-8c83-48db-827c-e1ca4e525cb6");
INSERT INTO V_AVL
	VALUES ("c224d3bb-2ce8-4830-97ae-7ac879aad861",
	"6adadc9f-86f4-4463-9662-11c45f8126b6",
	"39297b1a-c5e8-4464-b85c-7f1c6dadf459",
	"3fa84fe0-3207-4e04-bfe4-723563890514");
INSERT INTO V_VAL
	VALUES ("edb594bd-c08e-4fe0-80fc-faa9b8a4bd19",
	0,
	0,
	40,
	51,
	51,
	0,
	0,
	0,
	0,
	"ba5eda7a-def5-0000-0000-000000000002",
	"00fa99b2-8c83-48db-827c-e1ca4e525cb6");
INSERT INTO V_LIN
	VALUES ("edb594bd-c08e-4fe0-80fc-faa9b8a4bd19",
	'3');
INSERT INTO V_VAL
	VALUES ("842b7674-11a3-4620-bbed-725d21e31c15",
	1,
	0,
	41,
	42,
	43,
	0,
	0,
	0,
	0,
	"ba5eda7a-def5-0000-0000-000000000008",
	"00fa99b2-8c83-48db-827c-e1ca4e525cb6");
INSERT INTO V_IRF
	VALUES ("842b7674-11a3-4620-bbed-725d21e31c15",
	"9ef08fa6-4e5f-4852-b283-bc23acea008a");
INSERT INTO V_VAL
	VALUES ("6b5f8b9f-8c39-44eb-b0a9-562caea5bd1e",
	1,
	0,
	41,
	45,
	47,
	0,
	0,
	0,
	0,
	"ba5eda7a-def5-0000-0000-000000000002",
	"00fa99b2-8c83-48db-827c-e1ca4e525cb6");
INSERT INTO V_AVL
	VALUES ("6b5f8b9f-8c39-44eb-b0a9-562caea5bd1e",
	"842b7674-11a3-4620-bbed-725d21e31c15",
	"39297b1a-c5e8-4464-b85c-7f1c6dadf459",
	"3fa84fe0-3207-4e04-bfe4-723563890514");
INSERT INTO V_VAL
	VALUES ("6d476025-bb79-4b37-86ed-448ffc050c41",
	0,
	0,
	41,
	51,
	51,
	0,
	0,
	0,
	0,
	"ba5eda7a-def5-0000-0000-000000000002",
	"00fa99b2-8c83-48db-827c-e1ca4e525cb6");
INSERT INTO V_LIN
	VALUES ("6d476025-bb79-4b37-86ed-448ffc050c41",
	'4');
INSERT INTO V_VAL
	VALUES ("c61a9069-b7e3-4439-809a-8ccd277a9961",
	1,
	0,
	48,
	44,
	45,
	0,
	0,
	0,
	0,
	"ba5eda7a-def5-0000-0000-000000000008",
	"00fa99b2-8c83-48db-827c-e1ca4e525cb6");
INSERT INTO V_IRF
	VALUES ("c61a9069-b7e3-4439-809a-8ccd277a9961",
	"80f749e1-53ed-4e79-a2a1-75e4015a2260");
INSERT INTO V_VAL
	VALUES ("abac9f51-eab4-4ada-b652-b5a56db02490",
	1,
	0,
	48,
	47,
	49,
	0,
	0,
	0,
	0,
	"ba5eda7a-def5-0000-0000-000000000002",
	"00fa99b2-8c83-48db-827c-e1ca4e525cb6");
INSERT INTO V_AVL
	VALUES ("abac9f51-eab4-4ada-b652-b5a56db02490",
	"c61a9069-b7e3-4439-809a-8ccd277a9961",
	"2620e093-f578-450b-aabf-d9a801df6972",
	"bd139488-e872-42b8-b2d5-548fdcb6ce53");
INSERT INTO V_VAL
	VALUES ("0699aa4a-7959-499d-9e53-a537a93a6e04",
	0,
	0,
	48,
	53,
	53,
	0,
	0,
	0,
	0,
	"ba5eda7a-def5-0000-0000-000000000002",
	"00fa99b2-8c83-48db-827c-e1ca4e525cb6");
INSERT INTO V_LIN
	VALUES ("0699aa4a-7959-499d-9e53-a537a93a6e04",
	'1');
INSERT INTO V_VAL
	VALUES ("0fcb2b0e-55a7-4661-9046-27ce1ebe0f22",
	1,
	0,
	49,
	44,
	45,
	0,
	0,
	0,
	0,
	"ba5eda7a-def5-0000-0000-000000000008",
	"00fa99b2-8c83-48db-827c-e1ca4e525cb6");
INSERT INTO V_IRF
	VALUES ("0fcb2b0e-55a7-4661-9046-27ce1ebe0f22",
	"c34f68c3-0879-4692-9d8d-17a16187e0ce");
INSERT INTO V_VAL
	VALUES ("102aca2e-2585-4290-b7a5-ca63b564985f",
	1,
	0,
	49,
	47,
	49,
	0,
	0,
	0,
	0,
	"ba5eda7a-def5-0000-0000-000000000002",
	"00fa99b2-8c83-48db-827c-e1ca4e525cb6");
INSERT INTO V_AVL
	VALUES ("102aca2e-2585-4290-b7a5-ca63b564985f",
	"0fcb2b0e-55a7-4661-9046-27ce1ebe0f22",
	"2620e093-f578-450b-aabf-d9a801df6972",
	"bd139488-e872-42b8-b2d5-548fdcb6ce53");
INSERT INTO V_VAL
	VALUES ("5ebe1b89-3b0a-4441-82c6-96b590c2b7c8",
	0,
	0,
	49,
	53,
	53,
	0,
	0,
	0,
	0,
	"ba5eda7a-def5-0000-0000-000000000002",
	"00fa99b2-8c83-48db-827c-e1ca4e525cb6");
INSERT INTO V_LIN
	VALUES ("5ebe1b89-3b0a-4441-82c6-96b590c2b7c8",
	'2');
INSERT INTO V_VAL
	VALUES ("f708ff3f-a37e-461a-a17f-3d0e7dbbd1bc",
	1,
	0,
	50,
	43,
	43,
	0,
	0,
	0,
	0,
	"ba5eda7a-def5-0000-0000-000000000008",
	"00fa99b2-8c83-48db-827c-e1ca4e525cb6");
INSERT INTO V_IRF
	VALUES ("f708ff3f-a37e-461a-a17f-3d0e7dbbd1bc",
	"dcc6c79c-2dfc-4df1-8aea-04eaf869a920");
INSERT INTO V_VAL
	VALUES ("3b72b558-6fde-4b90-81d2-eea97fd0ba65",
	1,
	0,
	50,
	45,
	47,
	0,
	0,
	0,
	0,
	"ba5eda7a-def5-0000-0000-000000000002",
	"00fa99b2-8c83-48db-827c-e1ca4e525cb6");
INSERT INTO V_AVL
	VALUES ("3b72b558-6fde-4b90-81d2-eea97fd0ba65",
	"f708ff3f-a37e-461a-a17f-3d0e7dbbd1bc",
	"2620e093-f578-450b-aabf-d9a801df6972",
	"bd139488-e872-42b8-b2d5-548fdcb6ce53");
INSERT INTO V_VAL
	VALUES ("66e08c3b-54ca-4715-b134-2268fe80404a",
	0,
	0,
	50,
	51,
	52,
	0,
	0,
	0,
	0,
	"ba5eda7a-def5-0000-0000-000000000002",
	"00fa99b2-8c83-48db-827c-e1ca4e525cb6");
INSERT INTO V_LIN
	VALUES ("66e08c3b-54ca-4715-b134-2268fe80404a",
	'99');
INSERT INTO V_VAL
	VALUES ("1b892c24-fcb8-48ad-b8e8-35a192cef5b6",
	1,
	0,
	51,
	44,
	45,
	0,
	0,
	0,
	0,
	"ba5eda7a-def5-0000-0000-000000000008",
	"00fa99b2-8c83-48db-827c-e1ca4e525cb6");
INSERT INTO V_IRF
	VALUES ("1b892c24-fcb8-48ad-b8e8-35a192cef5b6",
	"8fd43393-ac97-4a73-ba60-1f88e2add15d");
INSERT INTO V_VAL
	VALUES ("1273ad1b-66e2-4a94-9d65-461edb40ce4a",
	1,
	0,
	51,
	47,
	49,
	0,
	0,
	0,
	0,
	"ba5eda7a-def5-0000-0000-000000000002",
	"00fa99b2-8c83-48db-827c-e1ca4e525cb6");
INSERT INTO V_AVL
	VALUES ("1273ad1b-66e2-4a94-9d65-461edb40ce4a",
	"1b892c24-fcb8-48ad-b8e8-35a192cef5b6",
	"2620e093-f578-450b-aabf-d9a801df6972",
	"bd139488-e872-42b8-b2d5-548fdcb6ce53");
INSERT INTO V_VAL
	VALUES ("ce6e4bbe-61a7-4222-9e0e-2b153e2b40a2",
	0,
	0,
	51,
	53,
	53,
	0,
	0,
	0,
	0,
	"ba5eda7a-def5-0000-0000-000000000002",
	"00fa99b2-8c83-48db-827c-e1ca4e525cb6");
INSERT INTO V_LIN
	VALUES ("ce6e4bbe-61a7-4222-9e0e-2b153e2b40a2",
	'3');
INSERT INTO V_VAL
	VALUES ("f13eae03-6ce6-42d4-9c50-6784b03f6ae1",
	1,
	0,
	52,
	44,
	45,
	0,
	0,
	0,
	0,
	"ba5eda7a-def5-0000-0000-000000000008",
	"00fa99b2-8c83-48db-827c-e1ca4e525cb6");
INSERT INTO V_IRF
	VALUES ("f13eae03-6ce6-42d4-9c50-6784b03f6ae1",
	"96714537-52a2-49ed-bd87-b17b52c73eaf");
INSERT INTO V_VAL
	VALUES ("afcf4915-3e28-4d6a-865b-5ffa998fdc3f",
	1,
	0,
	52,
	47,
	49,
	0,
	0,
	0,
	0,
	"ba5eda7a-def5-0000-0000-000000000002",
	"00fa99b2-8c83-48db-827c-e1ca4e525cb6");
INSERT INTO V_AVL
	VALUES ("afcf4915-3e28-4d6a-865b-5ffa998fdc3f",
	"f13eae03-6ce6-42d4-9c50-6784b03f6ae1",
	"2620e093-f578-450b-aabf-d9a801df6972",
	"bd139488-e872-42b8-b2d5-548fdcb6ce53");
INSERT INTO V_VAL
	VALUES ("c30ebe47-91d1-42ed-9efc-3e5fd093c721",
	0,
	0,
	52,
	53,
	53,
	0,
	0,
	0,
	0,
	"ba5eda7a-def5-0000-0000-000000000002",
	"00fa99b2-8c83-48db-827c-e1ca4e525cb6");
INSERT INTO V_LIN
	VALUES ("c30ebe47-91d1-42ed-9efc-3e5fd093c721",
	'4');
INSERT INTO V_VAL
	VALUES ("26f7936e-e0a5-4754-a405-4234a012c010",
	1,
	0,
	58,
	35,
	36,
	0,
	0,
	0,
	0,
	"ba5eda7a-def5-0000-0000-000000000008",
	"00fa99b2-8c83-48db-827c-e1ca4e525cb6");
INSERT INTO V_IRF
	VALUES ("26f7936e-e0a5-4754-a405-4234a012c010",
	"1710fc25-5ffc-48cd-9a72-1235cc31eef6");
INSERT INTO V_VAL
	VALUES ("9702ad7e-fd26-4fb7-a905-9296ca108229",
	1,
	0,
	58,
	38,
	40,
	0,
	0,
	0,
	0,
	"ba5eda7a-def5-0000-0000-000000000002",
	"00fa99b2-8c83-48db-827c-e1ca4e525cb6");
INSERT INTO V_AVL
	VALUES ("9702ad7e-fd26-4fb7-a905-9296ca108229",
	"26f7936e-e0a5-4754-a405-4234a012c010",
	"9dbd3ae1-6411-42eb-972d-0740a28a8c2c",
	"9572284e-1a83-497e-83db-f2402474ea3f");
INSERT INTO V_VAL
	VALUES ("386618f2-fb63-412d-a571-db11595027f3",
	0,
	0,
	58,
	44,
	46,
	0,
	0,
	0,
	0,
	"ba5eda7a-def5-0000-0000-000000000002",
	"00fa99b2-8c83-48db-827c-e1ca4e525cb6");
INSERT INTO V_LIN
	VALUES ("386618f2-fb63-412d-a571-db11595027f3",
	'400');
INSERT INTO V_VAL
	VALUES ("86a88160-8bcc-473b-bd74-c1799194dc55",
	1,
	0,
	58,
	49,
	50,
	0,
	0,
	0,
	0,
	"ba5eda7a-def5-0000-0000-000000000008",
	"00fa99b2-8c83-48db-827c-e1ca4e525cb6");
INSERT INTO V_IRF
	VALUES ("86a88160-8bcc-473b-bd74-c1799194dc55",
	"1710fc25-5ffc-48cd-9a72-1235cc31eef6");
INSERT INTO V_VAL
	VALUES ("3f1c37d8-6e50-4eeb-944f-e9d179ba7ee1",
	1,
	0,
	58,
	52,
	57,
	0,
	0,
	0,
	0,
	"ba5eda7a-def5-0000-0000-000000000002",
	"00fa99b2-8c83-48db-827c-e1ca4e525cb6");
INSERT INTO V_AVL
	VALUES ("3f1c37d8-6e50-4eeb-944f-e9d179ba7ee1",
	"86a88160-8bcc-473b-bd74-c1799194dc55",
	"9dbd3ae1-6411-42eb-972d-0740a28a8c2c",
	"31c8c901-f00d-48f3-ab8d-5976483ba920");
INSERT INTO V_VAL
	VALUES ("2e682b23-9b5d-4165-bf15-0fab39d91414",
	0,
	0,
	58,
	61,
	63,
	0,
	0,
	0,
	0,
	"ba5eda7a-def5-0000-0000-000000000002",
	"00fa99b2-8c83-48db-827c-e1ca4e525cb6");
INSERT INTO V_LIN
	VALUES ("2e682b23-9b5d-4165-bf15-0fab39d91414",
	'400');
INSERT INTO V_VAL
	VALUES ("5502307d-24a6-477d-ab11-599518317f3c",
	1,
	0,
	59,
	35,
	36,
	0,
	0,
	0,
	0,
	"ba5eda7a-def5-0000-0000-000000000008",
	"00fa99b2-8c83-48db-827c-e1ca4e525cb6");
INSERT INTO V_IRF
	VALUES ("5502307d-24a6-477d-ab11-599518317f3c",
	"af0e33e7-f6d3-457c-ac55-366ee12b69ca");
INSERT INTO V_VAL
	VALUES ("5be5e74d-e8e0-4d33-8904-aaed4bbffa73",
	1,
	0,
	59,
	38,
	40,
	0,
	0,
	0,
	0,
	"ba5eda7a-def5-0000-0000-000000000002",
	"00fa99b2-8c83-48db-827c-e1ca4e525cb6");
INSERT INTO V_AVL
	VALUES ("5be5e74d-e8e0-4d33-8904-aaed4bbffa73",
	"5502307d-24a6-477d-ab11-599518317f3c",
	"9dbd3ae1-6411-42eb-972d-0740a28a8c2c",
	"9572284e-1a83-497e-83db-f2402474ea3f");
INSERT INTO V_VAL
	VALUES ("67d1d5eb-9ee9-44d0-849e-4c84fbc07d2c",
	0,
	0,
	59,
	44,
	46,
	0,
	0,
	0,
	0,
	"ba5eda7a-def5-0000-0000-000000000002",
	"00fa99b2-8c83-48db-827c-e1ca4e525cb6");
INSERT INTO V_LIN
	VALUES ("67d1d5eb-9ee9-44d0-849e-4c84fbc07d2c",
	'300');
INSERT INTO V_VAL
	VALUES ("41670cbf-d463-4f67-9817-cd138cef2b57",
	1,
	0,
	59,
	49,
	50,
	0,
	0,
	0,
	0,
	"ba5eda7a-def5-0000-0000-000000000008",
	"00fa99b2-8c83-48db-827c-e1ca4e525cb6");
INSERT INTO V_IRF
	VALUES ("41670cbf-d463-4f67-9817-cd138cef2b57",
	"af0e33e7-f6d3-457c-ac55-366ee12b69ca");
INSERT INTO V_VAL
	VALUES ("ec17ea2c-104d-472e-889d-6624495fed26",
	1,
	0,
	59,
	52,
	57,
	0,
	0,
	0,
	0,
	"ba5eda7a-def5-0000-0000-000000000002",
	"00fa99b2-8c83-48db-827c-e1ca4e525cb6");
INSERT INTO V_AVL
	VALUES ("ec17ea2c-104d-472e-889d-6624495fed26",
	"41670cbf-d463-4f67-9817-cd138cef2b57",
	"9dbd3ae1-6411-42eb-972d-0740a28a8c2c",
	"31c8c901-f00d-48f3-ab8d-5976483ba920");
INSERT INTO V_VAL
	VALUES ("0874114b-d072-4f18-ad7b-d7e0b6d39373",
	0,
	0,
	59,
	61,
	63,
	0,
	0,
	0,
	0,
	"ba5eda7a-def5-0000-0000-000000000002",
	"00fa99b2-8c83-48db-827c-e1ca4e525cb6");
INSERT INTO V_LIN
	VALUES ("0874114b-d072-4f18-ad7b-d7e0b6d39373",
	'300');
INSERT INTO V_VAL
	VALUES ("e69ea05a-4619-42f4-a7d4-7c34b1655ad0",
	1,
	0,
	60,
	35,
	36,
	0,
	0,
	0,
	0,
	"ba5eda7a-def5-0000-0000-000000000008",
	"00fa99b2-8c83-48db-827c-e1ca4e525cb6");
INSERT INTO V_IRF
	VALUES ("e69ea05a-4619-42f4-a7d4-7c34b1655ad0",
	"7a421402-40eb-446b-ae5c-603029cdad62");
INSERT INTO V_VAL
	VALUES ("1b1bdd07-da11-4087-afc5-a95036e880cd",
	1,
	0,
	60,
	38,
	40,
	0,
	0,
	0,
	0,
	"ba5eda7a-def5-0000-0000-000000000002",
	"00fa99b2-8c83-48db-827c-e1ca4e525cb6");
INSERT INTO V_AVL
	VALUES ("1b1bdd07-da11-4087-afc5-a95036e880cd",
	"e69ea05a-4619-42f4-a7d4-7c34b1655ad0",
	"9dbd3ae1-6411-42eb-972d-0740a28a8c2c",
	"9572284e-1a83-497e-83db-f2402474ea3f");
INSERT INTO V_VAL
	VALUES ("49a65f10-880c-4992-b6c6-a41fa4f02893",
	0,
	0,
	60,
	44,
	46,
	0,
	0,
	0,
	0,
	"ba5eda7a-def5-0000-0000-000000000002",
	"00fa99b2-8c83-48db-827c-e1ca4e525cb6");
INSERT INTO V_LIN
	VALUES ("49a65f10-880c-4992-b6c6-a41fa4f02893",
	'200');
INSERT INTO V_VAL
	VALUES ("e21b4d64-7f50-4e61-b150-e595fc55c513",
	1,
	0,
	60,
	49,
	50,
	0,
	0,
	0,
	0,
	"ba5eda7a-def5-0000-0000-000000000008",
	"00fa99b2-8c83-48db-827c-e1ca4e525cb6");
INSERT INTO V_IRF
	VALUES ("e21b4d64-7f50-4e61-b150-e595fc55c513",
	"7a421402-40eb-446b-ae5c-603029cdad62");
INSERT INTO V_VAL
	VALUES ("b9ad3a09-be62-46a3-8c9b-b70c5105bdc9",
	1,
	0,
	60,
	52,
	57,
	0,
	0,
	0,
	0,
	"ba5eda7a-def5-0000-0000-000000000002",
	"00fa99b2-8c83-48db-827c-e1ca4e525cb6");
INSERT INTO V_AVL
	VALUES ("b9ad3a09-be62-46a3-8c9b-b70c5105bdc9",
	"e21b4d64-7f50-4e61-b150-e595fc55c513",
	"9dbd3ae1-6411-42eb-972d-0740a28a8c2c",
	"31c8c901-f00d-48f3-ab8d-5976483ba920");
INSERT INTO V_VAL
	VALUES ("61e237eb-4137-43b0-a926-f3003b6bb9af",
	0,
	0,
	60,
	61,
	63,
	0,
	0,
	0,
	0,
	"ba5eda7a-def5-0000-0000-000000000002",
	"00fa99b2-8c83-48db-827c-e1ca4e525cb6");
INSERT INTO V_LIN
	VALUES ("61e237eb-4137-43b0-a926-f3003b6bb9af",
	'200');
INSERT INTO V_VAL
	VALUES ("08ee1f76-dca4-4436-ac56-9c610189ffef",
	1,
	0,
	61,
	35,
	36,
	0,
	0,
	0,
	0,
	"ba5eda7a-def5-0000-0000-000000000008",
	"00fa99b2-8c83-48db-827c-e1ca4e525cb6");
INSERT INTO V_IRF
	VALUES ("08ee1f76-dca4-4436-ac56-9c610189ffef",
	"b651271a-ae45-455b-9219-50e29c4add17");
INSERT INTO V_VAL
	VALUES ("9ee994ad-8414-4b89-8c1e-4be12979b991",
	1,
	0,
	61,
	38,
	40,
	0,
	0,
	0,
	0,
	"ba5eda7a-def5-0000-0000-000000000002",
	"00fa99b2-8c83-48db-827c-e1ca4e525cb6");
INSERT INTO V_AVL
	VALUES ("9ee994ad-8414-4b89-8c1e-4be12979b991",
	"08ee1f76-dca4-4436-ac56-9c610189ffef",
	"9dbd3ae1-6411-42eb-972d-0740a28a8c2c",
	"9572284e-1a83-497e-83db-f2402474ea3f");
INSERT INTO V_VAL
	VALUES ("06f6bcd4-0913-4b3c-b93c-bd634b0a50fd",
	0,
	0,
	61,
	44,
	46,
	0,
	0,
	0,
	0,
	"ba5eda7a-def5-0000-0000-000000000002",
	"00fa99b2-8c83-48db-827c-e1ca4e525cb6");
INSERT INTO V_LIN
	VALUES ("06f6bcd4-0913-4b3c-b93c-bd634b0a50fd",
	'100');
INSERT INTO V_VAL
	VALUES ("066a8d69-61ef-429d-b034-cb059517dc29",
	1,
	0,
	61,
	49,
	50,
	0,
	0,
	0,
	0,
	"ba5eda7a-def5-0000-0000-000000000008",
	"00fa99b2-8c83-48db-827c-e1ca4e525cb6");
INSERT INTO V_IRF
	VALUES ("066a8d69-61ef-429d-b034-cb059517dc29",
	"b651271a-ae45-455b-9219-50e29c4add17");
INSERT INTO V_VAL
	VALUES ("b5fc413b-7612-4201-8f28-8d31f2ab04f7",
	1,
	0,
	61,
	52,
	57,
	0,
	0,
	0,
	0,
	"ba5eda7a-def5-0000-0000-000000000002",
	"00fa99b2-8c83-48db-827c-e1ca4e525cb6");
INSERT INTO V_AVL
	VALUES ("b5fc413b-7612-4201-8f28-8d31f2ab04f7",
	"066a8d69-61ef-429d-b034-cb059517dc29",
	"9dbd3ae1-6411-42eb-972d-0740a28a8c2c",
	"31c8c901-f00d-48f3-ab8d-5976483ba920");
INSERT INTO V_VAL
	VALUES ("c0f768d4-aa8e-4f15-9abc-6c9f3626aecc",
	0,
	0,
	61,
	61,
	63,
	0,
	0,
	0,
	0,
	"ba5eda7a-def5-0000-0000-000000000002",
	"00fa99b2-8c83-48db-827c-e1ca4e525cb6");
INSERT INTO V_LIN
	VALUES ("c0f768d4-aa8e-4f15-9abc-6c9f3626aecc",
	'100');
INSERT INTO V_VAL
	VALUES ("3cfaca6e-d388-4a4e-aed3-f9f45c162625",
	1,
	0,
	62,
	37,
	38,
	0,
	0,
	0,
	0,
	"ba5eda7a-def5-0000-0000-000000000008",
	"00fa99b2-8c83-48db-827c-e1ca4e525cb6");
INSERT INTO V_IRF
	VALUES ("3cfaca6e-d388-4a4e-aed3-f9f45c162625",
	"dc7a0c66-b13a-419c-925d-77c8885e010e");
INSERT INTO V_VAL
	VALUES ("676941f5-3c18-44e1-b2c5-f01ce74f5d80",
	1,
	0,
	62,
	40,
	42,
	0,
	0,
	0,
	0,
	"ba5eda7a-def5-0000-0000-000000000002",
	"00fa99b2-8c83-48db-827c-e1ca4e525cb6");
INSERT INTO V_AVL
	VALUES ("676941f5-3c18-44e1-b2c5-f01ce74f5d80",
	"3cfaca6e-d388-4a4e-aed3-f9f45c162625",
	"1bc2ff43-9ec6-4784-ba62-216cf22e5419",
	"a89cad1d-7c64-40d3-a1f6-46aeff8eecc4");
INSERT INTO V_VAL
	VALUES ("6b4e1fa3-41ad-416a-bb4b-89a09aeab4ae",
	0,
	0,
	62,
	46,
	46,
	0,
	0,
	0,
	0,
	"ba5eda7a-def5-0000-0000-000000000002",
	"00fa99b2-8c83-48db-827c-e1ca4e525cb6");
INSERT INTO V_LIN
	VALUES ("6b4e1fa3-41ad-416a-bb4b-89a09aeab4ae",
	'2');
INSERT INTO V_VAL
	VALUES ("9912d5bd-e0c0-4bba-84fb-0962cb185660",
	1,
	0,
	62,
	49,
	50,
	0,
	0,
	0,
	0,
	"ba5eda7a-def5-0000-0000-000000000008",
	"00fa99b2-8c83-48db-827c-e1ca4e525cb6");
INSERT INTO V_IRF
	VALUES ("9912d5bd-e0c0-4bba-84fb-0962cb185660",
	"dc7a0c66-b13a-419c-925d-77c8885e010e");
INSERT INTO V_VAL
	VALUES ("175fb444-4a61-41a4-b589-d40696d05b2b",
	1,
	0,
	62,
	52,
	59,
	0,
	0,
	0,
	0,
	"ba5eda7a-def5-0000-0000-000000000002",
	"00fa99b2-8c83-48db-827c-e1ca4e525cb6");
INSERT INTO V_AVL
	VALUES ("175fb444-4a61-41a4-b589-d40696d05b2b",
	"9912d5bd-e0c0-4bba-84fb-0962cb185660",
	"1bc2ff43-9ec6-4784-ba62-216cf22e5419",
	"6ebfe7cd-36bb-4962-ac8b-8c98f040aeaf");
INSERT INTO V_VAL
	VALUES ("9b6657f6-57d7-4230-aed7-b573b45cd3cc",
	0,
	0,
	62,
	63,
	63,
	0,
	0,
	0,
	0,
	"ba5eda7a-def5-0000-0000-000000000002",
	"00fa99b2-8c83-48db-827c-e1ca4e525cb6");
INSERT INTO V_LIN
	VALUES ("9b6657f6-57d7-4230-aed7-b573b45cd3cc",
	'2');
INSERT INTO V_VAL
	VALUES ("cc290153-f5b8-4913-a85a-500ef57c178c",
	1,
	0,
	63,
	42,
	43,
	0,
	0,
	0,
	0,
	"ba5eda7a-def5-0000-0000-000000000008",
	"00fa99b2-8c83-48db-827c-e1ca4e525cb6");
INSERT INTO V_IRF
	VALUES ("cc290153-f5b8-4913-a85a-500ef57c178c",
	"3664c17d-e8c7-4de0-b635-4580cd3657bb");
INSERT INTO V_VAL
	VALUES ("a5da3fa3-e51f-4e81-956b-4b003cd764c7",
	1,
	0,
	63,
	45,
	47,
	0,
	0,
	0,
	0,
	"ba5eda7a-def5-0000-0000-000000000002",
	"00fa99b2-8c83-48db-827c-e1ca4e525cb6");
INSERT INTO V_AVL
	VALUES ("a5da3fa3-e51f-4e81-956b-4b003cd764c7",
	"cc290153-f5b8-4913-a85a-500ef57c178c",
	"582d76c4-422e-4d9e-8361-55c5096acbfd",
	"ca96d5f1-9391-436b-ae90-deb24937c72f");
INSERT INTO V_VAL
	VALUES ("a4f08bd5-b05f-4649-b214-0d27e22868d3",
	0,
	0,
	63,
	51,
	52,
	0,
	0,
	0,
	0,
	"ba5eda7a-def5-0000-0000-000000000002",
	"00fa99b2-8c83-48db-827c-e1ca4e525cb6");
INSERT INTO V_LIN
	VALUES ("a4f08bd5-b05f-4649-b214-0d27e22868d3",
	'11');
INSERT INTO V_VAL
	VALUES ("0d523881-3422-4d13-8495-9cfda4f43826",
	1,
	0,
	63,
	55,
	56,
	0,
	0,
	0,
	0,
	"ba5eda7a-def5-0000-0000-000000000008",
	"00fa99b2-8c83-48db-827c-e1ca4e525cb6");
INSERT INTO V_IRF
	VALUES ("0d523881-3422-4d13-8495-9cfda4f43826",
	"3664c17d-e8c7-4de0-b635-4580cd3657bb");
INSERT INTO V_VAL
	VALUES ("75b299e3-d47c-4008-8096-963e9d4265c0",
	1,
	0,
	63,
	58,
	70,
	0,
	0,
	0,
	0,
	"ba5eda7a-def5-0000-0000-000000000002",
	"00fa99b2-8c83-48db-827c-e1ca4e525cb6");
INSERT INTO V_AVL
	VALUES ("75b299e3-d47c-4008-8096-963e9d4265c0",
	"0d523881-3422-4d13-8495-9cfda4f43826",
	"582d76c4-422e-4d9e-8361-55c5096acbfd",
	"c9b6f2fa-fdaf-4113-b031-e1fc255c100f");
INSERT INTO V_VAL
	VALUES ("6343ce69-5633-46c3-9efb-2d5a8d979cae",
	0,
	0,
	63,
	74,
	75,
	0,
	0,
	0,
	0,
	"ba5eda7a-def5-0000-0000-000000000002",
	"00fa99b2-8c83-48db-827c-e1ca4e525cb6");
INSERT INTO V_LIN
	VALUES ("6343ce69-5633-46c3-9efb-2d5a8d979cae",
	'11');
INSERT INTO V_VAL
	VALUES ("ba98e305-5670-4667-99c0-339672d5655e",
	1,
	0,
	64,
	42,
	43,
	0,
	0,
	0,
	0,
	"ba5eda7a-def5-0000-0000-000000000008",
	"00fa99b2-8c83-48db-827c-e1ca4e525cb6");
INSERT INTO V_IRF
	VALUES ("ba98e305-5670-4667-99c0-339672d5655e",
	"6fce1fd5-779d-43d6-a850-cd36cab6bfb0");
INSERT INTO V_VAL
	VALUES ("63df5d07-66f2-4b8d-8fb3-1d987723edc8",
	1,
	0,
	64,
	45,
	47,
	0,
	0,
	0,
	0,
	"ba5eda7a-def5-0000-0000-000000000002",
	"00fa99b2-8c83-48db-827c-e1ca4e525cb6");
INSERT INTO V_AVL
	VALUES ("63df5d07-66f2-4b8d-8fb3-1d987723edc8",
	"ba98e305-5670-4667-99c0-339672d5655e",
	"582d76c4-422e-4d9e-8361-55c5096acbfd",
	"ca96d5f1-9391-436b-ae90-deb24937c72f");
INSERT INTO V_VAL
	VALUES ("067ad195-f143-486e-9f0f-f239e16c103f",
	0,
	0,
	64,
	51,
	52,
	0,
	0,
	0,
	0,
	"ba5eda7a-def5-0000-0000-000000000002",
	"00fa99b2-8c83-48db-827c-e1ca4e525cb6");
INSERT INTO V_LIN
	VALUES ("067ad195-f143-486e-9f0f-f239e16c103f",
	'22');
INSERT INTO V_VAL
	VALUES ("11fc96a6-9698-43c7-943f-7021fb5b35d6",
	1,
	0,
	64,
	55,
	56,
	0,
	0,
	0,
	0,
	"ba5eda7a-def5-0000-0000-000000000008",
	"00fa99b2-8c83-48db-827c-e1ca4e525cb6");
INSERT INTO V_IRF
	VALUES ("11fc96a6-9698-43c7-943f-7021fb5b35d6",
	"6fce1fd5-779d-43d6-a850-cd36cab6bfb0");
INSERT INTO V_VAL
	VALUES ("4dcb74dc-53c5-45f7-b58d-3549ad408321",
	1,
	0,
	64,
	58,
	70,
	0,
	0,
	0,
	0,
	"ba5eda7a-def5-0000-0000-000000000002",
	"00fa99b2-8c83-48db-827c-e1ca4e525cb6");
INSERT INTO V_AVL
	VALUES ("4dcb74dc-53c5-45f7-b58d-3549ad408321",
	"11fc96a6-9698-43c7-943f-7021fb5b35d6",
	"582d76c4-422e-4d9e-8361-55c5096acbfd",
	"c9b6f2fa-fdaf-4113-b031-e1fc255c100f");
INSERT INTO V_VAL
	VALUES ("1306eabf-5d33-471a-9f9c-2b5f94c24548",
	0,
	0,
	64,
	74,
	75,
	0,
	0,
	0,
	0,
	"ba5eda7a-def5-0000-0000-000000000002",
	"00fa99b2-8c83-48db-827c-e1ca4e525cb6");
INSERT INTO V_LIN
	VALUES ("1306eabf-5d33-471a-9f9c-2b5f94c24548",
	'22');
INSERT INTO V_VAL
	VALUES ("b180999a-ad89-4310-a49f-b876c9909daf",
	1,
	0,
	65,
	42,
	43,
	0,
	0,
	0,
	0,
	"ba5eda7a-def5-0000-0000-000000000008",
	"00fa99b2-8c83-48db-827c-e1ca4e525cb6");
INSERT INTO V_IRF
	VALUES ("b180999a-ad89-4310-a49f-b876c9909daf",
	"e2bc34c1-0e67-4f75-95da-a625a0f96920");
INSERT INTO V_VAL
	VALUES ("bfe0bdb7-c7e0-4e8f-b0dd-6b93cb7a4295",
	1,
	0,
	65,
	45,
	47,
	0,
	0,
	0,
	0,
	"ba5eda7a-def5-0000-0000-000000000002",
	"00fa99b2-8c83-48db-827c-e1ca4e525cb6");
INSERT INTO V_AVL
	VALUES ("bfe0bdb7-c7e0-4e8f-b0dd-6b93cb7a4295",
	"b180999a-ad89-4310-a49f-b876c9909daf",
	"582d76c4-422e-4d9e-8361-55c5096acbfd",
	"ca96d5f1-9391-436b-ae90-deb24937c72f");
INSERT INTO V_VAL
	VALUES ("d46ece05-ca73-4741-8ff9-84ce8b52039f",
	0,
	0,
	65,
	51,
	52,
	0,
	0,
	0,
	0,
	"ba5eda7a-def5-0000-0000-000000000002",
	"00fa99b2-8c83-48db-827c-e1ca4e525cb6");
INSERT INTO V_LIN
	VALUES ("d46ece05-ca73-4741-8ff9-84ce8b52039f",
	'33');
INSERT INTO V_VAL
	VALUES ("2b3a555c-04b5-4cf6-8799-86939139aa3a",
	1,
	0,
	65,
	55,
	56,
	0,
	0,
	0,
	0,
	"ba5eda7a-def5-0000-0000-000000000008",
	"00fa99b2-8c83-48db-827c-e1ca4e525cb6");
INSERT INTO V_IRF
	VALUES ("2b3a555c-04b5-4cf6-8799-86939139aa3a",
	"e2bc34c1-0e67-4f75-95da-a625a0f96920");
INSERT INTO V_VAL
	VALUES ("ef90a4cf-8456-4b89-a659-cad27ad8664f",
	1,
	0,
	65,
	58,
	70,
	0,
	0,
	0,
	0,
	"ba5eda7a-def5-0000-0000-000000000002",
	"00fa99b2-8c83-48db-827c-e1ca4e525cb6");
INSERT INTO V_AVL
	VALUES ("ef90a4cf-8456-4b89-a659-cad27ad8664f",
	"2b3a555c-04b5-4cf6-8799-86939139aa3a",
	"582d76c4-422e-4d9e-8361-55c5096acbfd",
	"c9b6f2fa-fdaf-4113-b031-e1fc255c100f");
INSERT INTO V_VAL
	VALUES ("7f0c0412-a56e-46cc-ad04-b15dff3cb3ee",
	0,
	0,
	65,
	74,
	75,
	0,
	0,
	0,
	0,
	"ba5eda7a-def5-0000-0000-000000000002",
	"00fa99b2-8c83-48db-827c-e1ca4e525cb6");
INSERT INTO V_LIN
	VALUES ("7f0c0412-a56e-46cc-ad04-b15dff3cb3ee",
	'33');
INSERT INTO V_VAL
	VALUES ("564e2238-78d1-4fff-9b17-932e31179a88",
	1,
	0,
	66,
	43,
	44,
	0,
	0,
	0,
	0,
	"ba5eda7a-def5-0000-0000-000000000008",
	"00fa99b2-8c83-48db-827c-e1ca4e525cb6");
INSERT INTO V_IRF
	VALUES ("564e2238-78d1-4fff-9b17-932e31179a88",
	"ba77324d-21e0-4dda-ba42-af23761c656c");
INSERT INTO V_VAL
	VALUES ("b5701bfd-7875-4bbd-9559-9dbc35768101",
	1,
	0,
	66,
	46,
	48,
	0,
	0,
	0,
	0,
	"ba5eda7a-def5-0000-0000-000000000002",
	"00fa99b2-8c83-48db-827c-e1ca4e525cb6");
INSERT INTO V_AVL
	VALUES ("b5701bfd-7875-4bbd-9559-9dbc35768101",
	"564e2238-78d1-4fff-9b17-932e31179a88",
	"60baa2a9-55de-4e61-947f-25f39fc3cbf1",
	"2700a7ce-e935-4f10-b320-11300a315bd6");
INSERT INTO V_VAL
	VALUES ("56daeed1-a9d1-4bc7-8778-d9fbc577abec",
	0,
	0,
	66,
	52,
	54,
	0,
	0,
	0,
	0,
	"ba5eda7a-def5-0000-0000-000000000002",
	"00fa99b2-8c83-48db-827c-e1ca4e525cb6");
INSERT INTO V_LIN
	VALUES ("56daeed1-a9d1-4bc7-8778-d9fbc577abec",
	'222');
INSERT INTO V_VAL
	VALUES ("09bd4752-3169-476c-b2bc-4637ce473ec0",
	1,
	0,
	66,
	57,
	58,
	0,
	0,
	0,
	0,
	"ba5eda7a-def5-0000-0000-000000000008",
	"00fa99b2-8c83-48db-827c-e1ca4e525cb6");
INSERT INTO V_IRF
	VALUES ("09bd4752-3169-476c-b2bc-4637ce473ec0",
	"ba77324d-21e0-4dda-ba42-af23761c656c");
INSERT INTO V_VAL
	VALUES ("6f4d9def-4edf-4d0a-a9c5-832f12c2c17f",
	1,
	0,
	66,
	60,
	67,
	0,
	0,
	0,
	0,
	"ba5eda7a-def5-0000-0000-000000000002",
	"00fa99b2-8c83-48db-827c-e1ca4e525cb6");
INSERT INTO V_AVL
	VALUES ("6f4d9def-4edf-4d0a-a9c5-832f12c2c17f",
	"09bd4752-3169-476c-b2bc-4637ce473ec0",
	"60baa2a9-55de-4e61-947f-25f39fc3cbf1",
	"ea0dc72e-c3ca-401d-8468-c0fa27ed8d95");
INSERT INTO V_VAL
	VALUES ("b05464d6-8c1b-480c-ac42-b0618d80c63c",
	0,
	0,
	66,
	71,
	73,
	0,
	0,
	0,
	0,
	"ba5eda7a-def5-0000-0000-000000000002",
	"00fa99b2-8c83-48db-827c-e1ca4e525cb6");
INSERT INTO V_LIN
	VALUES ("b05464d6-8c1b-480c-ac42-b0618d80c63c",
	'222');
INSERT INTO V_VAL
	VALUES ("8d76a954-6960-435d-9cd7-15a75b09938a",
	1,
	0,
	67,
	43,
	44,
	0,
	0,
	0,
	0,
	"ba5eda7a-def5-0000-0000-000000000008",
	"00fa99b2-8c83-48db-827c-e1ca4e525cb6");
INSERT INTO V_IRF
	VALUES ("8d76a954-6960-435d-9cd7-15a75b09938a",
	"16e21ea0-7796-4214-8d26-14cfc7bed566");
INSERT INTO V_VAL
	VALUES ("32d1a836-66fa-44a1-97fa-f5521ccff400",
	1,
	0,
	67,
	46,
	48,
	0,
	0,
	0,
	0,
	"ba5eda7a-def5-0000-0000-000000000002",
	"00fa99b2-8c83-48db-827c-e1ca4e525cb6");
INSERT INTO V_AVL
	VALUES ("32d1a836-66fa-44a1-97fa-f5521ccff400",
	"8d76a954-6960-435d-9cd7-15a75b09938a",
	"60baa2a9-55de-4e61-947f-25f39fc3cbf1",
	"2700a7ce-e935-4f10-b320-11300a315bd6");
INSERT INTO V_VAL
	VALUES ("7bba6417-ede5-4a56-bc9d-73491af4ef2a",
	0,
	0,
	67,
	52,
	54,
	0,
	0,
	0,
	0,
	"ba5eda7a-def5-0000-0000-000000000002",
	"00fa99b2-8c83-48db-827c-e1ca4e525cb6");
INSERT INTO V_LIN
	VALUES ("7bba6417-ede5-4a56-bc9d-73491af4ef2a",
	'333');
INSERT INTO V_VAL
	VALUES ("8d48af82-586b-4da8-9636-c6b5fe519e47",
	1,
	0,
	67,
	57,
	58,
	0,
	0,
	0,
	0,
	"ba5eda7a-def5-0000-0000-000000000008",
	"00fa99b2-8c83-48db-827c-e1ca4e525cb6");
INSERT INTO V_IRF
	VALUES ("8d48af82-586b-4da8-9636-c6b5fe519e47",
	"16e21ea0-7796-4214-8d26-14cfc7bed566");
INSERT INTO V_VAL
	VALUES ("0a3d2de8-3d37-4b2d-969c-c13accecdd27",
	1,
	0,
	67,
	60,
	67,
	0,
	0,
	0,
	0,
	"ba5eda7a-def5-0000-0000-000000000002",
	"00fa99b2-8c83-48db-827c-e1ca4e525cb6");
INSERT INTO V_AVL
	VALUES ("0a3d2de8-3d37-4b2d-969c-c13accecdd27",
	"8d48af82-586b-4da8-9636-c6b5fe519e47",
	"60baa2a9-55de-4e61-947f-25f39fc3cbf1",
	"ea0dc72e-c3ca-401d-8468-c0fa27ed8d95");
INSERT INTO V_VAL
	VALUES ("7c2e6f15-db5b-44a7-9098-05db7e71f8e8",
	0,
	0,
	67,
	71,
	73,
	0,
	0,
	0,
	0,
	"ba5eda7a-def5-0000-0000-000000000002",
	"00fa99b2-8c83-48db-827c-e1ca4e525cb6");
INSERT INTO V_LIN
	VALUES ("7c2e6f15-db5b-44a7-9098-05db7e71f8e8",
	'333');
INSERT INTO V_VAL
	VALUES ("83bc4537-131d-42ea-88cc-d7a22bdbc15c",
	1,
	0,
	68,
	43,
	44,
	0,
	0,
	0,
	0,
	"ba5eda7a-def5-0000-0000-000000000008",
	"00fa99b2-8c83-48db-827c-e1ca4e525cb6");
INSERT INTO V_IRF
	VALUES ("83bc4537-131d-42ea-88cc-d7a22bdbc15c",
	"ef5baf60-6a65-4115-bc41-df7ab5dcdad9");
INSERT INTO V_VAL
	VALUES ("b0ac9218-354d-4257-9053-bc718666c2da",
	1,
	0,
	68,
	46,
	48,
	0,
	0,
	0,
	0,
	"ba5eda7a-def5-0000-0000-000000000002",
	"00fa99b2-8c83-48db-827c-e1ca4e525cb6");
INSERT INTO V_AVL
	VALUES ("b0ac9218-354d-4257-9053-bc718666c2da",
	"83bc4537-131d-42ea-88cc-d7a22bdbc15c",
	"60baa2a9-55de-4e61-947f-25f39fc3cbf1",
	"2700a7ce-e935-4f10-b320-11300a315bd6");
INSERT INTO V_VAL
	VALUES ("b6c6233a-708c-40cf-aade-b17cc1b1a28f",
	0,
	0,
	68,
	52,
	54,
	0,
	0,
	0,
	0,
	"ba5eda7a-def5-0000-0000-000000000002",
	"00fa99b2-8c83-48db-827c-e1ca4e525cb6");
INSERT INTO V_LIN
	VALUES ("b6c6233a-708c-40cf-aade-b17cc1b1a28f",
	'111');
INSERT INTO V_VAL
	VALUES ("667eb0ae-3d0b-415b-8a15-eefe4697e7b2",
	1,
	0,
	68,
	57,
	58,
	0,
	0,
	0,
	0,
	"ba5eda7a-def5-0000-0000-000000000008",
	"00fa99b2-8c83-48db-827c-e1ca4e525cb6");
INSERT INTO V_IRF
	VALUES ("667eb0ae-3d0b-415b-8a15-eefe4697e7b2",
	"ef5baf60-6a65-4115-bc41-df7ab5dcdad9");
INSERT INTO V_VAL
	VALUES ("95612e09-9566-4c65-8735-74447eeb392a",
	1,
	0,
	68,
	60,
	67,
	0,
	0,
	0,
	0,
	"ba5eda7a-def5-0000-0000-000000000002",
	"00fa99b2-8c83-48db-827c-e1ca4e525cb6");
INSERT INTO V_AVL
	VALUES ("95612e09-9566-4c65-8735-74447eeb392a",
	"667eb0ae-3d0b-415b-8a15-eefe4697e7b2",
	"60baa2a9-55de-4e61-947f-25f39fc3cbf1",
	"ea0dc72e-c3ca-401d-8468-c0fa27ed8d95");
INSERT INTO V_VAL
	VALUES ("73ba02da-5176-42ac-88f6-2cb2678be705",
	0,
	0,
	68,
	71,
	73,
	0,
	0,
	0,
	0,
	"ba5eda7a-def5-0000-0000-000000000002",
	"00fa99b2-8c83-48db-827c-e1ca4e525cb6");
INSERT INTO V_LIN
	VALUES ("73ba02da-5176-42ac-88f6-2cb2678be705",
	'111');
INSERT INTO V_VAL
	VALUES ("5e8912b7-88c1-40f4-bea6-c30a81255f41",
	1,
	0,
	78,
	44,
	45,
	0,
	0,
	0,
	0,
	"ba5eda7a-def5-0000-0000-000000000008",
	"00fa99b2-8c83-48db-827c-e1ca4e525cb6");
INSERT INTO V_IRF
	VALUES ("5e8912b7-88c1-40f4-bea6-c30a81255f41",
	"d5d54e93-b4de-4c54-acaa-268bbfbdc12d");
INSERT INTO V_VAL
	VALUES ("5a3d6f0e-9e41-427a-8f7c-679aca6392c9",
	1,
	0,
	78,
	47,
	49,
	0,
	0,
	0,
	0,
	"ba5eda7a-def5-0000-0000-000000000002",
	"00fa99b2-8c83-48db-827c-e1ca4e525cb6");
INSERT INTO V_AVL
	VALUES ("5a3d6f0e-9e41-427a-8f7c-679aca6392c9",
	"5e8912b7-88c1-40f4-bea6-c30a81255f41",
	"2b75ff93-ab57-42e7-8100-af7086b8d12b",
	"924da7aa-e46a-4994-8f4e-a0eb1af35023");
INSERT INTO V_VAL
	VALUES ("c175f3bf-f703-43e6-ac0d-474ad78145d5",
	0,
	0,
	78,
	53,
	53,
	0,
	0,
	0,
	0,
	"ba5eda7a-def5-0000-0000-000000000002",
	"00fa99b2-8c83-48db-827c-e1ca4e525cb6");
INSERT INTO V_LIN
	VALUES ("c175f3bf-f703-43e6-ac0d-474ad78145d5",
	'2');
INSERT INTO V_VAL
	VALUES ("5289c791-c8d7-4f07-9131-7c1fc84963df",
	1,
	0,
	78,
	56,
	57,
	0,
	0,
	0,
	0,
	"ba5eda7a-def5-0000-0000-000000000008",
	"00fa99b2-8c83-48db-827c-e1ca4e525cb6");
INSERT INTO V_IRF
	VALUES ("5289c791-c8d7-4f07-9131-7c1fc84963df",
	"d5d54e93-b4de-4c54-acaa-268bbfbdc12d");
INSERT INTO V_VAL
	VALUES ("2453e5ed-df84-44ab-a949-1537ed5c16d4",
	1,
	0,
	78,
	59,
	61,
	0,
	0,
	0,
	0,
	"ba5eda7a-def5-0000-0000-000000000004",
	"00fa99b2-8c83-48db-827c-e1ca4e525cb6");
INSERT INTO V_AVL
	VALUES ("2453e5ed-df84-44ab-a949-1537ed5c16d4",
	"5289c791-c8d7-4f07-9131-7c1fc84963df",
	"2b75ff93-ab57-42e7-8100-af7086b8d12b",
	"33dd7d3f-48dc-4dc4-8751-531348695b48");
INSERT INTO V_VAL
	VALUES ("97824dfe-2ef6-434a-934a-125640ba6135",
	0,
	0,
	78,
	65,
	69,
	0,
	0,
	0,
	0,
	"ba5eda7a-def5-0000-0000-000000000004",
	"00fa99b2-8c83-48db-827c-e1ca4e525cb6");
INSERT INTO V_LST
	VALUES ("97824dfe-2ef6-434a-934a-125640ba6135",
	'Cort');
INSERT INTO V_VAL
	VALUES ("2d49e56b-32f0-4b9a-b7d3-5eb2df3f05cc",
	1,
	0,
	79,
	44,
	45,
	0,
	0,
	0,
	0,
	"ba5eda7a-def5-0000-0000-000000000008",
	"00fa99b2-8c83-48db-827c-e1ca4e525cb6");
INSERT INTO V_IRF
	VALUES ("2d49e56b-32f0-4b9a-b7d3-5eb2df3f05cc",
	"7502d436-b4a3-4d4a-ae21-eb529a877a1c");
INSERT INTO V_VAL
	VALUES ("04445736-006c-488f-a72c-f34759430e2f",
	1,
	0,
	79,
	47,
	49,
	0,
	0,
	0,
	0,
	"ba5eda7a-def5-0000-0000-000000000002",
	"00fa99b2-8c83-48db-827c-e1ca4e525cb6");
INSERT INTO V_AVL
	VALUES ("04445736-006c-488f-a72c-f34759430e2f",
	"2d49e56b-32f0-4b9a-b7d3-5eb2df3f05cc",
	"2b75ff93-ab57-42e7-8100-af7086b8d12b",
	"924da7aa-e46a-4994-8f4e-a0eb1af35023");
INSERT INTO V_VAL
	VALUES ("13ddc499-add7-48d4-9d0a-3b3a34351be5",
	0,
	0,
	79,
	53,
	53,
	0,
	0,
	0,
	0,
	"ba5eda7a-def5-0000-0000-000000000002",
	"00fa99b2-8c83-48db-827c-e1ca4e525cb6");
INSERT INTO V_LIN
	VALUES ("13ddc499-add7-48d4-9d0a-3b3a34351be5",
	'1');
INSERT INTO V_VAL
	VALUES ("80997de3-2bf3-4ccb-886e-2c41943bc429",
	1,
	0,
	79,
	56,
	57,
	0,
	0,
	0,
	0,
	"ba5eda7a-def5-0000-0000-000000000008",
	"00fa99b2-8c83-48db-827c-e1ca4e525cb6");
INSERT INTO V_IRF
	VALUES ("80997de3-2bf3-4ccb-886e-2c41943bc429",
	"7502d436-b4a3-4d4a-ae21-eb529a877a1c");
INSERT INTO V_VAL
	VALUES ("0feec213-103e-4459-b40c-8934143e1f26",
	1,
	0,
	79,
	59,
	61,
	0,
	0,
	0,
	0,
	"ba5eda7a-def5-0000-0000-000000000004",
	"00fa99b2-8c83-48db-827c-e1ca4e525cb6");
INSERT INTO V_AVL
	VALUES ("0feec213-103e-4459-b40c-8934143e1f26",
	"80997de3-2bf3-4ccb-886e-2c41943bc429",
	"2b75ff93-ab57-42e7-8100-af7086b8d12b",
	"33dd7d3f-48dc-4dc4-8751-531348695b48");
INSERT INTO V_VAL
	VALUES ("7f9e25a7-f670-44d1-86d7-658c71245b4a",
	0,
	0,
	79,
	65,
	70,
	0,
	0,
	0,
	0,
	"ba5eda7a-def5-0000-0000-000000000004",
	"00fa99b2-8c83-48db-827c-e1ca4e525cb6");
INSERT INTO V_LST
	VALUES ("7f9e25a7-f670-44d1-86d7-658c71245b4a",
	'Kenny');
INSERT INTO V_VAL
	VALUES ("3f26cd5b-7323-4c3f-a016-5cef2901ad91",
	1,
	0,
	80,
	44,
	45,
	0,
	0,
	0,
	0,
	"ba5eda7a-def5-0000-0000-000000000008",
	"00fa99b2-8c83-48db-827c-e1ca4e525cb6");
INSERT INTO V_IRF
	VALUES ("3f26cd5b-7323-4c3f-a016-5cef2901ad91",
	"eb4888d1-3c7f-4507-a420-abf37510952a");
INSERT INTO V_VAL
	VALUES ("690408a5-f2e0-43ea-b412-c446e5f9cb3c",
	1,
	0,
	80,
	47,
	49,
	0,
	0,
	0,
	0,
	"ba5eda7a-def5-0000-0000-000000000002",
	"00fa99b2-8c83-48db-827c-e1ca4e525cb6");
INSERT INTO V_AVL
	VALUES ("690408a5-f2e0-43ea-b412-c446e5f9cb3c",
	"3f26cd5b-7323-4c3f-a016-5cef2901ad91",
	"2b75ff93-ab57-42e7-8100-af7086b8d12b",
	"924da7aa-e46a-4994-8f4e-a0eb1af35023");
INSERT INTO V_VAL
	VALUES ("15e6a9d1-37d9-4ca7-98c8-99229e69474a",
	0,
	0,
	80,
	53,
	53,
	0,
	0,
	0,
	0,
	"ba5eda7a-def5-0000-0000-000000000002",
	"00fa99b2-8c83-48db-827c-e1ca4e525cb6");
INSERT INTO V_LIN
	VALUES ("15e6a9d1-37d9-4ca7-98c8-99229e69474a",
	'3');
INSERT INTO V_VAL
	VALUES ("a9247304-9d90-4167-82ce-b80b19f7f717",
	1,
	0,
	80,
	56,
	57,
	0,
	0,
	0,
	0,
	"ba5eda7a-def5-0000-0000-000000000008",
	"00fa99b2-8c83-48db-827c-e1ca4e525cb6");
INSERT INTO V_IRF
	VALUES ("a9247304-9d90-4167-82ce-b80b19f7f717",
	"eb4888d1-3c7f-4507-a420-abf37510952a");
INSERT INTO V_VAL
	VALUES ("d34d1410-0fd6-4377-a35e-abd1dcb143c6",
	1,
	0,
	80,
	59,
	61,
	0,
	0,
	0,
	0,
	"ba5eda7a-def5-0000-0000-000000000004",
	"00fa99b2-8c83-48db-827c-e1ca4e525cb6");
INSERT INTO V_AVL
	VALUES ("d34d1410-0fd6-4377-a35e-abd1dcb143c6",
	"a9247304-9d90-4167-82ce-b80b19f7f717",
	"2b75ff93-ab57-42e7-8100-af7086b8d12b",
	"33dd7d3f-48dc-4dc4-8751-531348695b48");
INSERT INTO V_VAL
	VALUES ("f13078b0-957b-4e40-9ae5-cae248fbb5c3",
	0,
	0,
	80,
	65,
	68,
	0,
	0,
	0,
	0,
	"ba5eda7a-def5-0000-0000-000000000004",
	"00fa99b2-8c83-48db-827c-e1ca4e525cb6");
INSERT INTO V_LST
	VALUES ("f13078b0-957b-4e40-9ae5-cae248fbb5c3",
	'Amy');
INSERT INTO V_VAL
	VALUES ("ea339387-d0a9-4ea9-ad17-486b2b06b5ba",
	1,
	0,
	81,
	44,
	45,
	0,
	0,
	0,
	0,
	"ba5eda7a-def5-0000-0000-000000000008",
	"00fa99b2-8c83-48db-827c-e1ca4e525cb6");
INSERT INTO V_IRF
	VALUES ("ea339387-d0a9-4ea9-ad17-486b2b06b5ba",
	"edb9fc30-fc67-4221-9a9e-cb7a4e539176");
INSERT INTO V_VAL
	VALUES ("ecaf7f79-cfb0-4314-bbe5-ef169fc1b38d",
	1,
	0,
	81,
	47,
	49,
	0,
	0,
	0,
	0,
	"ba5eda7a-def5-0000-0000-000000000002",
	"00fa99b2-8c83-48db-827c-e1ca4e525cb6");
INSERT INTO V_AVL
	VALUES ("ecaf7f79-cfb0-4314-bbe5-ef169fc1b38d",
	"ea339387-d0a9-4ea9-ad17-486b2b06b5ba",
	"2b75ff93-ab57-42e7-8100-af7086b8d12b",
	"924da7aa-e46a-4994-8f4e-a0eb1af35023");
INSERT INTO V_VAL
	VALUES ("9d7b63a6-19ec-4ea0-9ecc-ce427b40ceca",
	0,
	0,
	81,
	53,
	53,
	0,
	0,
	0,
	0,
	"ba5eda7a-def5-0000-0000-000000000002",
	"00fa99b2-8c83-48db-827c-e1ca4e525cb6");
INSERT INTO V_LIN
	VALUES ("9d7b63a6-19ec-4ea0-9ecc-ce427b40ceca",
	'4');
INSERT INTO V_VAL
	VALUES ("aa36cc19-fc3b-40d9-80ec-2b1e2096a2bb",
	1,
	0,
	81,
	56,
	57,
	0,
	0,
	0,
	0,
	"ba5eda7a-def5-0000-0000-000000000008",
	"00fa99b2-8c83-48db-827c-e1ca4e525cb6");
INSERT INTO V_IRF
	VALUES ("aa36cc19-fc3b-40d9-80ec-2b1e2096a2bb",
	"edb9fc30-fc67-4221-9a9e-cb7a4e539176");
INSERT INTO V_VAL
	VALUES ("c0589aa2-d20f-46f4-b0a1-5d1a8ac78dd7",
	1,
	0,
	81,
	59,
	61,
	0,
	0,
	0,
	0,
	"ba5eda7a-def5-0000-0000-000000000004",
	"00fa99b2-8c83-48db-827c-e1ca4e525cb6");
INSERT INTO V_AVL
	VALUES ("c0589aa2-d20f-46f4-b0a1-5d1a8ac78dd7",
	"aa36cc19-fc3b-40d9-80ec-2b1e2096a2bb",
	"2b75ff93-ab57-42e7-8100-af7086b8d12b",
	"33dd7d3f-48dc-4dc4-8751-531348695b48");
INSERT INTO V_VAL
	VALUES ("6e26349b-1265-4347-8c39-b53fa3d08cb8",
	0,
	0,
	81,
	65,
	70,
	0,
	0,
	0,
	0,
	"ba5eda7a-def5-0000-0000-000000000004",
	"00fa99b2-8c83-48db-827c-e1ca4e525cb6");
INSERT INTO V_LST
	VALUES ("6e26349b-1265-4347-8c39-b53fa3d08cb8",
	'Ellen');
INSERT INTO V_VAL
	VALUES ("28edac12-670e-47c5-95b8-328e563f44de",
	1,
	0,
	82,
	44,
	45,
	0,
	0,
	0,
	0,
	"ba5eda7a-def5-0000-0000-000000000008",
	"00fa99b2-8c83-48db-827c-e1ca4e525cb6");
INSERT INTO V_IRF
	VALUES ("28edac12-670e-47c5-95b8-328e563f44de",
	"83a99922-eeb1-41f9-81b2-5c6e5f04cc3f");
INSERT INTO V_VAL
	VALUES ("3c727c8b-5029-45fe-b0ed-9dda4c1b40e5",
	1,
	0,
	82,
	47,
	49,
	0,
	0,
	0,
	0,
	"ba5eda7a-def5-0000-0000-000000000002",
	"00fa99b2-8c83-48db-827c-e1ca4e525cb6");
INSERT INTO V_AVL
	VALUES ("3c727c8b-5029-45fe-b0ed-9dda4c1b40e5",
	"28edac12-670e-47c5-95b8-328e563f44de",
	"2b75ff93-ab57-42e7-8100-af7086b8d12b",
	"924da7aa-e46a-4994-8f4e-a0eb1af35023");
INSERT INTO V_VAL
	VALUES ("617cb4f8-8b0c-4e3d-89d2-6534f1808c37",
	0,
	0,
	82,
	53,
	53,
	0,
	0,
	0,
	0,
	"ba5eda7a-def5-0000-0000-000000000002",
	"00fa99b2-8c83-48db-827c-e1ca4e525cb6");
INSERT INTO V_LIN
	VALUES ("617cb4f8-8b0c-4e3d-89d2-6534f1808c37",
	'5');
INSERT INTO V_VAL
	VALUES ("cb9512c8-69b3-4bc1-8ed7-e5007fd6c9dd",
	1,
	0,
	82,
	56,
	57,
	0,
	0,
	0,
	0,
	"ba5eda7a-def5-0000-0000-000000000008",
	"00fa99b2-8c83-48db-827c-e1ca4e525cb6");
INSERT INTO V_IRF
	VALUES ("cb9512c8-69b3-4bc1-8ed7-e5007fd6c9dd",
	"83a99922-eeb1-41f9-81b2-5c6e5f04cc3f");
INSERT INTO V_VAL
	VALUES ("80a6cba8-3cea-4cba-8934-9d5f5f6c728e",
	1,
	0,
	82,
	59,
	61,
	0,
	0,
	0,
	0,
	"ba5eda7a-def5-0000-0000-000000000004",
	"00fa99b2-8c83-48db-827c-e1ca4e525cb6");
INSERT INTO V_AVL
	VALUES ("80a6cba8-3cea-4cba-8934-9d5f5f6c728e",
	"cb9512c8-69b3-4bc1-8ed7-e5007fd6c9dd",
	"2b75ff93-ab57-42e7-8100-af7086b8d12b",
	"33dd7d3f-48dc-4dc4-8751-531348695b48");
INSERT INTO V_VAL
	VALUES ("bacb992b-4f3f-42d7-98b1-30437a28cdfa",
	0,
	0,
	82,
	65,
	69,
	0,
	0,
	0,
	0,
	"ba5eda7a-def5-0000-0000-000000000004",
	"00fa99b2-8c83-48db-827c-e1ca4e525cb6");
INSERT INTO V_LST
	VALUES ("bacb992b-4f3f-42d7-98b1-30437a28cdfa",
	'Brad');
INSERT INTO V_VAL
	VALUES ("96ef386c-b4d5-469a-a854-5473d11830e0",
	1,
	0,
	89,
	40,
	41,
	0,
	0,
	0,
	0,
	"ba5eda7a-def5-0000-0000-000000000008",
	"00fa99b2-8c83-48db-827c-e1ca4e525cb6");
INSERT INTO V_IRF
	VALUES ("96ef386c-b4d5-469a-a854-5473d11830e0",
	"9c6b8642-24ff-4c5e-a0ff-392134885cf7");
INSERT INTO V_VAL
	VALUES ("fb19c5c9-34ca-4ceb-81b7-e0359846b058",
	1,
	0,
	89,
	43,
	45,
	0,
	0,
	0,
	0,
	"ba5eda7a-def5-0000-0000-000000000002",
	"00fa99b2-8c83-48db-827c-e1ca4e525cb6");
INSERT INTO V_AVL
	VALUES ("fb19c5c9-34ca-4ceb-81b7-e0359846b058",
	"96ef386c-b4d5-469a-a854-5473d11830e0",
	"38f266c8-6c6c-48af-a7ef-9aa0763aa5e5",
	"6a5c3a7b-1189-44e1-9c39-f4fa98e7d31d");
INSERT INTO V_VAL
	VALUES ("7384c5d2-7c5a-46ad-87e4-eb5a6bc2dc33",
	0,
	0,
	89,
	49,
	49,
	0,
	0,
	0,
	0,
	"ba5eda7a-def5-0000-0000-000000000002",
	"00fa99b2-8c83-48db-827c-e1ca4e525cb6");
INSERT INTO V_LIN
	VALUES ("7384c5d2-7c5a-46ad-87e4-eb5a6bc2dc33",
	'1');
INSERT INTO V_VAL
	VALUES ("dbec9bc5-a5d6-4a0d-962c-ea6f4d3c6741",
	1,
	0,
	89,
	52,
	53,
	0,
	0,
	0,
	0,
	"ba5eda7a-def5-0000-0000-000000000008",
	"00fa99b2-8c83-48db-827c-e1ca4e525cb6");
INSERT INTO V_IRF
	VALUES ("dbec9bc5-a5d6-4a0d-962c-ea6f4d3c6741",
	"9c6b8642-24ff-4c5e-a0ff-392134885cf7");
INSERT INTO V_VAL
	VALUES ("b64d10b6-476f-4741-be99-17eabb57111b",
	1,
	0,
	89,
	55,
	58,
	0,
	0,
	0,
	0,
	"ba5eda7a-def5-0000-0000-000000000004",
	"00fa99b2-8c83-48db-827c-e1ca4e525cb6");
INSERT INTO V_AVL
	VALUES ("b64d10b6-476f-4741-be99-17eabb57111b",
	"dbec9bc5-a5d6-4a0d-962c-ea6f4d3c6741",
	"38f266c8-6c6c-48af-a7ef-9aa0763aa5e5",
	"93a909b8-1bcc-471f-bc08-91a52102bf38");
INSERT INTO V_VAL
	VALUES ("e61cced6-555c-4b74-bfa7-60a6ad75a009",
	0,
	0,
	89,
	62,
	66,
	0,
	0,
	0,
	0,
	"ba5eda7a-def5-0000-0000-000000000004",
	"00fa99b2-8c83-48db-827c-e1ca4e525cb6");
INSERT INTO V_LST
	VALUES ("e61cced6-555c-4b74-bfa7-60a6ad75a009",
	'Pete');
INSERT INTO V_VAL
	VALUES ("cf790e51-9d0f-475f-868c-11dcd8926321",
	1,
	0,
	90,
	40,
	41,
	0,
	0,
	0,
	0,
	"ba5eda7a-def5-0000-0000-000000000008",
	"00fa99b2-8c83-48db-827c-e1ca4e525cb6");
INSERT INTO V_IRF
	VALUES ("cf790e51-9d0f-475f-868c-11dcd8926321",
	"9e03a6ed-acc5-4b68-a0dd-98946fbebec6");
INSERT INTO V_VAL
	VALUES ("17a6e902-b19b-485c-b74c-fee4c4766c1a",
	1,
	0,
	90,
	43,
	45,
	0,
	0,
	0,
	0,
	"ba5eda7a-def5-0000-0000-000000000002",
	"00fa99b2-8c83-48db-827c-e1ca4e525cb6");
INSERT INTO V_AVL
	VALUES ("17a6e902-b19b-485c-b74c-fee4c4766c1a",
	"cf790e51-9d0f-475f-868c-11dcd8926321",
	"38f266c8-6c6c-48af-a7ef-9aa0763aa5e5",
	"6a5c3a7b-1189-44e1-9c39-f4fa98e7d31d");
INSERT INTO V_VAL
	VALUES ("9a2e28f3-c06c-41ec-9b9d-a71c127fa6ec",
	0,
	0,
	90,
	49,
	49,
	0,
	0,
	0,
	0,
	"ba5eda7a-def5-0000-0000-000000000002",
	"00fa99b2-8c83-48db-827c-e1ca4e525cb6");
INSERT INTO V_LIN
	VALUES ("9a2e28f3-c06c-41ec-9b9d-a71c127fa6ec",
	'2');
INSERT INTO V_VAL
	VALUES ("0b028eca-4929-45e7-81f3-b997c19673b4",
	1,
	0,
	90,
	52,
	53,
	0,
	0,
	0,
	0,
	"ba5eda7a-def5-0000-0000-000000000008",
	"00fa99b2-8c83-48db-827c-e1ca4e525cb6");
INSERT INTO V_IRF
	VALUES ("0b028eca-4929-45e7-81f3-b997c19673b4",
	"9e03a6ed-acc5-4b68-a0dd-98946fbebec6");
INSERT INTO V_VAL
	VALUES ("820f4871-9803-470d-950c-cd6928ad95d0",
	1,
	0,
	90,
	55,
	58,
	0,
	0,
	0,
	0,
	"ba5eda7a-def5-0000-0000-000000000004",
	"00fa99b2-8c83-48db-827c-e1ca4e525cb6");
INSERT INTO V_AVL
	VALUES ("820f4871-9803-470d-950c-cd6928ad95d0",
	"0b028eca-4929-45e7-81f3-b997c19673b4",
	"38f266c8-6c6c-48af-a7ef-9aa0763aa5e5",
	"93a909b8-1bcc-471f-bc08-91a52102bf38");
INSERT INTO V_VAL
	VALUES ("39c25aee-1291-4f64-933e-c4c38328a7dd",
	0,
	0,
	90,
	62,
	66,
	0,
	0,
	0,
	0,
	"ba5eda7a-def5-0000-0000-000000000004",
	"00fa99b2-8c83-48db-827c-e1ca4e525cb6");
INSERT INTO V_LST
	VALUES ("39c25aee-1291-4f64-933e-c4c38328a7dd",
	'Dave');
INSERT INTO V_VAL
	VALUES ("66fb3ac5-ba30-4ff8-ba37-31297cf3a8f1",
	1,
	0,
	91,
	40,
	41,
	0,
	0,
	0,
	0,
	"ba5eda7a-def5-0000-0000-000000000008",
	"00fa99b2-8c83-48db-827c-e1ca4e525cb6");
INSERT INTO V_IRF
	VALUES ("66fb3ac5-ba30-4ff8-ba37-31297cf3a8f1",
	"2cc4164e-39ec-4316-8a54-e88b95dab992");
INSERT INTO V_VAL
	VALUES ("7a5d7af4-f091-4bac-8ba5-549ef0542c45",
	1,
	0,
	91,
	43,
	45,
	0,
	0,
	0,
	0,
	"ba5eda7a-def5-0000-0000-000000000002",
	"00fa99b2-8c83-48db-827c-e1ca4e525cb6");
INSERT INTO V_AVL
	VALUES ("7a5d7af4-f091-4bac-8ba5-549ef0542c45",
	"66fb3ac5-ba30-4ff8-ba37-31297cf3a8f1",
	"38f266c8-6c6c-48af-a7ef-9aa0763aa5e5",
	"6a5c3a7b-1189-44e1-9c39-f4fa98e7d31d");
INSERT INTO V_VAL
	VALUES ("b536c529-3503-4a8d-9e1d-70b6c0ae88fd",
	0,
	0,
	91,
	49,
	49,
	0,
	0,
	0,
	0,
	"ba5eda7a-def5-0000-0000-000000000002",
	"00fa99b2-8c83-48db-827c-e1ca4e525cb6");
INSERT INTO V_LIN
	VALUES ("b536c529-3503-4a8d-9e1d-70b6c0ae88fd",
	'3');
INSERT INTO V_VAL
	VALUES ("bb8ab6da-3ed7-4a35-9de9-e9f4d3644d7b",
	1,
	0,
	91,
	52,
	53,
	0,
	0,
	0,
	0,
	"ba5eda7a-def5-0000-0000-000000000008",
	"00fa99b2-8c83-48db-827c-e1ca4e525cb6");
INSERT INTO V_IRF
	VALUES ("bb8ab6da-3ed7-4a35-9de9-e9f4d3644d7b",
	"2cc4164e-39ec-4316-8a54-e88b95dab992");
INSERT INTO V_VAL
	VALUES ("fdb7fd76-2ca1-4e22-a0a8-0ca41838ef60",
	1,
	0,
	91,
	55,
	58,
	0,
	0,
	0,
	0,
	"ba5eda7a-def5-0000-0000-000000000004",
	"00fa99b2-8c83-48db-827c-e1ca4e525cb6");
INSERT INTO V_AVL
	VALUES ("fdb7fd76-2ca1-4e22-a0a8-0ca41838ef60",
	"bb8ab6da-3ed7-4a35-9de9-e9f4d3644d7b",
	"38f266c8-6c6c-48af-a7ef-9aa0763aa5e5",
	"93a909b8-1bcc-471f-bc08-91a52102bf38");
INSERT INTO V_VAL
	VALUES ("8f734900-c3ae-4c43-bda5-7abcebed68af",
	0,
	0,
	91,
	62,
	66,
	0,
	0,
	0,
	0,
	"ba5eda7a-def5-0000-0000-000000000004",
	"00fa99b2-8c83-48db-827c-e1ca4e525cb6");
INSERT INTO V_LST
	VALUES ("8f734900-c3ae-4c43-bda5-7abcebed68af",
	'Alex');
INSERT INTO V_VAL
	VALUES ("a888af0e-d602-4815-bb8f-4e8f2e2cf91c",
	1,
	0,
	92,
	40,
	41,
	0,
	0,
	0,
	0,
	"ba5eda7a-def5-0000-0000-000000000008",
	"00fa99b2-8c83-48db-827c-e1ca4e525cb6");
INSERT INTO V_IRF
	VALUES ("a888af0e-d602-4815-bb8f-4e8f2e2cf91c",
	"a06ed5d9-16de-4e68-aff4-47eeb62c53b2");
INSERT INTO V_VAL
	VALUES ("69a6f235-f009-4c3c-a6d0-ff9bf46a7e28",
	1,
	0,
	92,
	43,
	45,
	0,
	0,
	0,
	0,
	"ba5eda7a-def5-0000-0000-000000000002",
	"00fa99b2-8c83-48db-827c-e1ca4e525cb6");
INSERT INTO V_AVL
	VALUES ("69a6f235-f009-4c3c-a6d0-ff9bf46a7e28",
	"a888af0e-d602-4815-bb8f-4e8f2e2cf91c",
	"38f266c8-6c6c-48af-a7ef-9aa0763aa5e5",
	"6a5c3a7b-1189-44e1-9c39-f4fa98e7d31d");
INSERT INTO V_VAL
	VALUES ("bf077eff-7784-415e-a5c2-7671c8ec0b8d",
	0,
	0,
	92,
	49,
	49,
	0,
	0,
	0,
	0,
	"ba5eda7a-def5-0000-0000-000000000002",
	"00fa99b2-8c83-48db-827c-e1ca4e525cb6");
INSERT INTO V_LIN
	VALUES ("bf077eff-7784-415e-a5c2-7671c8ec0b8d",
	'4');
INSERT INTO V_VAL
	VALUES ("c77f9efd-4d6b-4de6-b5fd-3c3bd8173c57",
	1,
	0,
	92,
	52,
	53,
	0,
	0,
	0,
	0,
	"ba5eda7a-def5-0000-0000-000000000008",
	"00fa99b2-8c83-48db-827c-e1ca4e525cb6");
INSERT INTO V_IRF
	VALUES ("c77f9efd-4d6b-4de6-b5fd-3c3bd8173c57",
	"a06ed5d9-16de-4e68-aff4-47eeb62c53b2");
INSERT INTO V_VAL
	VALUES ("7a9a1099-2145-4cf7-87db-5c60a396b8f0",
	1,
	0,
	92,
	55,
	58,
	0,
	0,
	0,
	0,
	"ba5eda7a-def5-0000-0000-000000000004",
	"00fa99b2-8c83-48db-827c-e1ca4e525cb6");
INSERT INTO V_AVL
	VALUES ("7a9a1099-2145-4cf7-87db-5c60a396b8f0",
	"c77f9efd-4d6b-4de6-b5fd-3c3bd8173c57",
	"38f266c8-6c6c-48af-a7ef-9aa0763aa5e5",
	"93a909b8-1bcc-471f-bc08-91a52102bf38");
INSERT INTO V_VAL
	VALUES ("0b9071c0-2418-4207-808b-df73d788bcde",
	0,
	0,
	92,
	62,
	66,
	0,
	0,
	0,
	0,
	"ba5eda7a-def5-0000-0000-000000000004",
	"00fa99b2-8c83-48db-827c-e1ca4e525cb6");
INSERT INTO V_LST
	VALUES ("0b9071c0-2418-4207-808b-df73d788bcde",
	'Jenn');
INSERT INTO V_VAL
	VALUES ("e76f0f6a-7ca7-44ff-b382-1cefc8f91a78",
	1,
	0,
	93,
	40,
	41,
	0,
	0,
	0,
	0,
	"ba5eda7a-def5-0000-0000-000000000008",
	"00fa99b2-8c83-48db-827c-e1ca4e525cb6");
INSERT INTO V_IRF
	VALUES ("e76f0f6a-7ca7-44ff-b382-1cefc8f91a78",
	"0952c44e-4436-40f0-98ef-6366cb61295b");
INSERT INTO V_VAL
	VALUES ("70c94efb-93b2-49ac-8014-fb3de2dd2eaa",
	1,
	0,
	93,
	43,
	45,
	0,
	0,
	0,
	0,
	"ba5eda7a-def5-0000-0000-000000000002",
	"00fa99b2-8c83-48db-827c-e1ca4e525cb6");
INSERT INTO V_AVL
	VALUES ("70c94efb-93b2-49ac-8014-fb3de2dd2eaa",
	"e76f0f6a-7ca7-44ff-b382-1cefc8f91a78",
	"38f266c8-6c6c-48af-a7ef-9aa0763aa5e5",
	"6a5c3a7b-1189-44e1-9c39-f4fa98e7d31d");
INSERT INTO V_VAL
	VALUES ("0cedb93e-8764-42e7-8439-c213f173bd78",
	0,
	0,
	93,
	49,
	49,
	0,
	0,
	0,
	0,
	"ba5eda7a-def5-0000-0000-000000000002",
	"00fa99b2-8c83-48db-827c-e1ca4e525cb6");
INSERT INTO V_LIN
	VALUES ("0cedb93e-8764-42e7-8439-c213f173bd78",
	'5');
INSERT INTO V_VAL
	VALUES ("d77a86b4-3c4f-4440-81c5-c28ab68fbbf7",
	1,
	0,
	93,
	52,
	53,
	0,
	0,
	0,
	0,
	"ba5eda7a-def5-0000-0000-000000000008",
	"00fa99b2-8c83-48db-827c-e1ca4e525cb6");
INSERT INTO V_IRF
	VALUES ("d77a86b4-3c4f-4440-81c5-c28ab68fbbf7",
	"0952c44e-4436-40f0-98ef-6366cb61295b");
INSERT INTO V_VAL
	VALUES ("9d68634b-f042-42a0-8ffe-6d3167d85e17",
	1,
	0,
	93,
	55,
	58,
	0,
	0,
	0,
	0,
	"ba5eda7a-def5-0000-0000-000000000004",
	"00fa99b2-8c83-48db-827c-e1ca4e525cb6");
INSERT INTO V_AVL
	VALUES ("9d68634b-f042-42a0-8ffe-6d3167d85e17",
	"d77a86b4-3c4f-4440-81c5-c28ab68fbbf7",
	"38f266c8-6c6c-48af-a7ef-9aa0763aa5e5",
	"93a909b8-1bcc-471f-bc08-91a52102bf38");
INSERT INTO V_VAL
	VALUES ("8eadb2f5-c7a7-4205-b492-2476187bc9ec",
	0,
	0,
	93,
	62,
	66,
	0,
	0,
	0,
	0,
	"ba5eda7a-def5-0000-0000-000000000004",
	"00fa99b2-8c83-48db-827c-e1ca4e525cb6");
INSERT INTO V_LST
	VALUES ("8eadb2f5-c7a7-4205-b492-2476187bc9ec",
	'Cale');
INSERT INTO V_VAL
	VALUES ("f91bab3b-021e-4653-bff0-e841373d9d48",
	1,
	0,
	94,
	40,
	41,
	0,
	0,
	0,
	0,
	"ba5eda7a-def5-0000-0000-000000000008",
	"00fa99b2-8c83-48db-827c-e1ca4e525cb6");
INSERT INTO V_IRF
	VALUES ("f91bab3b-021e-4653-bff0-e841373d9d48",
	"8dd68467-5e45-479f-82a9-9906f5755381");
INSERT INTO V_VAL
	VALUES ("fdce056c-3e41-4ad6-a72a-6aa7dc21b9c7",
	1,
	0,
	94,
	43,
	45,
	0,
	0,
	0,
	0,
	"ba5eda7a-def5-0000-0000-000000000002",
	"00fa99b2-8c83-48db-827c-e1ca4e525cb6");
INSERT INTO V_AVL
	VALUES ("fdce056c-3e41-4ad6-a72a-6aa7dc21b9c7",
	"f91bab3b-021e-4653-bff0-e841373d9d48",
	"38f266c8-6c6c-48af-a7ef-9aa0763aa5e5",
	"6a5c3a7b-1189-44e1-9c39-f4fa98e7d31d");
INSERT INTO V_VAL
	VALUES ("13fe0d40-2948-4bcd-910d-937aadd77d5f",
	0,
	0,
	94,
	49,
	49,
	0,
	0,
	0,
	0,
	"ba5eda7a-def5-0000-0000-000000000002",
	"00fa99b2-8c83-48db-827c-e1ca4e525cb6");
INSERT INTO V_LIN
	VALUES ("13fe0d40-2948-4bcd-910d-937aadd77d5f",
	'6');
INSERT INTO V_VAL
	VALUES ("0562b300-1041-48b2-ab73-9cc77f1ace42",
	1,
	0,
	94,
	52,
	53,
	0,
	0,
	0,
	0,
	"ba5eda7a-def5-0000-0000-000000000008",
	"00fa99b2-8c83-48db-827c-e1ca4e525cb6");
INSERT INTO V_IRF
	VALUES ("0562b300-1041-48b2-ab73-9cc77f1ace42",
	"8dd68467-5e45-479f-82a9-9906f5755381");
INSERT INTO V_VAL
	VALUES ("7d3f0a46-eacf-49aa-88d8-411e1db00ea4",
	1,
	0,
	94,
	55,
	58,
	0,
	0,
	0,
	0,
	"ba5eda7a-def5-0000-0000-000000000004",
	"00fa99b2-8c83-48db-827c-e1ca4e525cb6");
INSERT INTO V_AVL
	VALUES ("7d3f0a46-eacf-49aa-88d8-411e1db00ea4",
	"0562b300-1041-48b2-ab73-9cc77f1ace42",
	"38f266c8-6c6c-48af-a7ef-9aa0763aa5e5",
	"93a909b8-1bcc-471f-bc08-91a52102bf38");
INSERT INTO V_VAL
	VALUES ("66a81c67-9f88-4fc4-89b3-335cff8cbd46",
	0,
	0,
	94,
	62,
	67,
	0,
	0,
	0,
	0,
	"ba5eda7a-def5-0000-0000-000000000004",
	"00fa99b2-8c83-48db-827c-e1ca4e525cb6");
INSERT INTO V_LST
	VALUES ("66a81c67-9f88-4fc4-89b3-335cff8cbd46",
	'Chris');
INSERT INTO V_VAL
	VALUES ("b75fdb99-0afc-4fb7-8818-2d0d50a7c009",
	1,
	0,
	95,
	43,
	44,
	0,
	0,
	0,
	0,
	"ba5eda7a-def5-0000-0000-000000000008",
	"00fa99b2-8c83-48db-827c-e1ca4e525cb6");
INSERT INTO V_IRF
	VALUES ("b75fdb99-0afc-4fb7-8818-2d0d50a7c009",
	"09ec0e3a-2032-4f24-bfe1-2b03717a4c6e");
INSERT INTO V_VAL
	VALUES ("eeeddb87-6206-44da-82c1-4bc69ef97805",
	1,
	0,
	95,
	46,
	48,
	0,
	0,
	0,
	0,
	"ba5eda7a-def5-0000-0000-000000000002",
	"00fa99b2-8c83-48db-827c-e1ca4e525cb6");
INSERT INTO V_AVL
	VALUES ("eeeddb87-6206-44da-82c1-4bc69ef97805",
	"b75fdb99-0afc-4fb7-8818-2d0d50a7c009",
	"19e5ff06-3b46-4569-a048-93bb3afac2ba",
	"06f2703e-9582-4713-810a-34cfa79097c8");
INSERT INTO V_VAL
	VALUES ("c46f25d2-ec7a-4011-9710-42805c14743b",
	0,
	0,
	95,
	52,
	52,
	0,
	0,
	0,
	0,
	"ba5eda7a-def5-0000-0000-000000000002",
	"00fa99b2-8c83-48db-827c-e1ca4e525cb6");
INSERT INTO V_LIN
	VALUES ("c46f25d2-ec7a-4011-9710-42805c14743b",
	'1');
INSERT INTO V_VAL
	VALUES ("07b65c68-6c32-438d-b99b-81720b898d09",
	1,
	0,
	95,
	55,
	56,
	0,
	0,
	0,
	0,
	"ba5eda7a-def5-0000-0000-000000000008",
	"00fa99b2-8c83-48db-827c-e1ca4e525cb6");
INSERT INTO V_IRF
	VALUES ("07b65c68-6c32-438d-b99b-81720b898d09",
	"09ec0e3a-2032-4f24-bfe1-2b03717a4c6e");
INSERT INTO V_VAL
	VALUES ("bc0998ba-ccdc-40ba-8ea0-3efd4bb00b7b",
	1,
	0,
	95,
	58,
	67,
	0,
	0,
	0,
	0,
	"ba5eda7a-def5-0000-0000-000000000004",
	"00fa99b2-8c83-48db-827c-e1ca4e525cb6");
INSERT INTO V_AVL
	VALUES ("bc0998ba-ccdc-40ba-8ea0-3efd4bb00b7b",
	"07b65c68-6c32-438d-b99b-81720b898d09",
	"19e5ff06-3b46-4569-a048-93bb3afac2ba",
	"7b387117-603b-4f26-b11f-6012e5d1c709");
INSERT INTO V_VAL
	VALUES ("20700654-7b48-46e3-a0aa-3e8014063f5e",
	0,
	0,
	95,
	71,
	73,
	0,
	0,
	0,
	0,
	"ba5eda7a-def5-0000-0000-000000000004",
	"00fa99b2-8c83-48db-827c-e1ca4e525cb6");
INSERT INTO V_LST
	VALUES ("20700654-7b48-46e3-a0aa-3e8014063f5e",
	'SW');
INSERT INTO V_VAL
	VALUES ("7ec112d5-ed41-4dca-9482-a023ac225aeb",
	1,
	0,
	96,
	43,
	44,
	0,
	0,
	0,
	0,
	"ba5eda7a-def5-0000-0000-000000000008",
	"00fa99b2-8c83-48db-827c-e1ca4e525cb6");
INSERT INTO V_IRF
	VALUES ("7ec112d5-ed41-4dca-9482-a023ac225aeb",
	"5a751549-1c12-4bc4-8ae4-69fd8ac216ac");
INSERT INTO V_VAL
	VALUES ("55abf149-e91a-49ee-86af-0f86b8873755",
	1,
	0,
	96,
	46,
	48,
	0,
	0,
	0,
	0,
	"ba5eda7a-def5-0000-0000-000000000002",
	"00fa99b2-8c83-48db-827c-e1ca4e525cb6");
INSERT INTO V_AVL
	VALUES ("55abf149-e91a-49ee-86af-0f86b8873755",
	"7ec112d5-ed41-4dca-9482-a023ac225aeb",
	"19e5ff06-3b46-4569-a048-93bb3afac2ba",
	"06f2703e-9582-4713-810a-34cfa79097c8");
INSERT INTO V_VAL
	VALUES ("13bab688-8d57-45a0-ba2c-f11ea8799f08",
	0,
	0,
	96,
	52,
	52,
	0,
	0,
	0,
	0,
	"ba5eda7a-def5-0000-0000-000000000002",
	"00fa99b2-8c83-48db-827c-e1ca4e525cb6");
INSERT INTO V_LIN
	VALUES ("13bab688-8d57-45a0-ba2c-f11ea8799f08",
	'2');
INSERT INTO V_VAL
	VALUES ("188d2aa3-2697-43ff-af7e-646c70c25e07",
	1,
	0,
	96,
	55,
	56,
	0,
	0,
	0,
	0,
	"ba5eda7a-def5-0000-0000-000000000008",
	"00fa99b2-8c83-48db-827c-e1ca4e525cb6");
INSERT INTO V_IRF
	VALUES ("188d2aa3-2697-43ff-af7e-646c70c25e07",
	"5a751549-1c12-4bc4-8ae4-69fd8ac216ac");
INSERT INTO V_VAL
	VALUES ("42bc0bd4-e4ef-4e20-b600-f6ebabd303c3",
	1,
	0,
	96,
	58,
	67,
	0,
	0,
	0,
	0,
	"ba5eda7a-def5-0000-0000-000000000004",
	"00fa99b2-8c83-48db-827c-e1ca4e525cb6");
INSERT INTO V_AVL
	VALUES ("42bc0bd4-e4ef-4e20-b600-f6ebabd303c3",
	"188d2aa3-2697-43ff-af7e-646c70c25e07",
	"19e5ff06-3b46-4569-a048-93bb3afac2ba",
	"7b387117-603b-4f26-b11f-6012e5d1c709");
INSERT INTO V_VAL
	VALUES ("b15e8e51-b35b-4667-9d4e-344bb79fe9ae",
	0,
	0,
	96,
	71,
	73,
	0,
	0,
	0,
	0,
	"ba5eda7a-def5-0000-0000-000000000004",
	"00fa99b2-8c83-48db-827c-e1ca4e525cb6");
INSERT INTO V_LST
	VALUES ("b15e8e51-b35b-4667-9d4e-344bb79fe9ae",
	'SW');
INSERT INTO V_VAL
	VALUES ("5c3d8884-6645-490a-81fd-265850786c8b",
	1,
	0,
	97,
	43,
	44,
	0,
	0,
	0,
	0,
	"ba5eda7a-def5-0000-0000-000000000008",
	"00fa99b2-8c83-48db-827c-e1ca4e525cb6");
INSERT INTO V_IRF
	VALUES ("5c3d8884-6645-490a-81fd-265850786c8b",
	"e76f7e68-1868-4c74-a6ba-a815504b31a7");
INSERT INTO V_VAL
	VALUES ("fe1ea642-a48b-4426-821d-3b933923a6ce",
	1,
	0,
	97,
	46,
	48,
	0,
	0,
	0,
	0,
	"ba5eda7a-def5-0000-0000-000000000002",
	"00fa99b2-8c83-48db-827c-e1ca4e525cb6");
INSERT INTO V_AVL
	VALUES ("fe1ea642-a48b-4426-821d-3b933923a6ce",
	"5c3d8884-6645-490a-81fd-265850786c8b",
	"19e5ff06-3b46-4569-a048-93bb3afac2ba",
	"06f2703e-9582-4713-810a-34cfa79097c8");
INSERT INTO V_VAL
	VALUES ("413efc9e-1ae9-48ae-ba8d-0088fd3e689c",
	0,
	0,
	97,
	52,
	52,
	0,
	0,
	0,
	0,
	"ba5eda7a-def5-0000-0000-000000000002",
	"00fa99b2-8c83-48db-827c-e1ca4e525cb6");
INSERT INTO V_LIN
	VALUES ("413efc9e-1ae9-48ae-ba8d-0088fd3e689c",
	'3');
INSERT INTO V_VAL
	VALUES ("dbc23c4e-fd92-498b-9748-4c3c72c97c56",
	1,
	0,
	97,
	55,
	56,
	0,
	0,
	0,
	0,
	"ba5eda7a-def5-0000-0000-000000000008",
	"00fa99b2-8c83-48db-827c-e1ca4e525cb6");
INSERT INTO V_IRF
	VALUES ("dbc23c4e-fd92-498b-9748-4c3c72c97c56",
	"e76f7e68-1868-4c74-a6ba-a815504b31a7");
INSERT INTO V_VAL
	VALUES ("949832e4-f7c7-461e-be60-6b9c1e08164e",
	1,
	0,
	97,
	58,
	67,
	0,
	0,
	0,
	0,
	"ba5eda7a-def5-0000-0000-000000000004",
	"00fa99b2-8c83-48db-827c-e1ca4e525cb6");
INSERT INTO V_AVL
	VALUES ("949832e4-f7c7-461e-be60-6b9c1e08164e",
	"dbc23c4e-fd92-498b-9748-4c3c72c97c56",
	"19e5ff06-3b46-4569-a048-93bb3afac2ba",
	"7b387117-603b-4f26-b11f-6012e5d1c709");
INSERT INTO V_VAL
	VALUES ("59229de9-3b9e-47ec-8cba-3e1f4fff5f95",
	0,
	0,
	97,
	71,
	73,
	0,
	0,
	0,
	0,
	"ba5eda7a-def5-0000-0000-000000000004",
	"00fa99b2-8c83-48db-827c-e1ca4e525cb6");
INSERT INTO V_LST
	VALUES ("59229de9-3b9e-47ec-8cba-3e1f4fff5f95",
	'HW');
INSERT INTO V_VAL
	VALUES ("c232177a-4e90-4902-a5ae-7e2a9865b307",
	1,
	0,
	98,
	43,
	44,
	0,
	0,
	0,
	0,
	"ba5eda7a-def5-0000-0000-000000000008",
	"00fa99b2-8c83-48db-827c-e1ca4e525cb6");
INSERT INTO V_IRF
	VALUES ("c232177a-4e90-4902-a5ae-7e2a9865b307",
	"6e3c5d61-84df-4e39-9f2b-495bc6a80544");
INSERT INTO V_VAL
	VALUES ("9097ab9d-bc79-4c55-98e6-1502a9e5de4a",
	1,
	0,
	98,
	46,
	48,
	0,
	0,
	0,
	0,
	"ba5eda7a-def5-0000-0000-000000000002",
	"00fa99b2-8c83-48db-827c-e1ca4e525cb6");
INSERT INTO V_AVL
	VALUES ("9097ab9d-bc79-4c55-98e6-1502a9e5de4a",
	"c232177a-4e90-4902-a5ae-7e2a9865b307",
	"19e5ff06-3b46-4569-a048-93bb3afac2ba",
	"06f2703e-9582-4713-810a-34cfa79097c8");
INSERT INTO V_VAL
	VALUES ("de8b5823-1e7e-4b9a-a01f-91466651eb89",
	0,
	0,
	98,
	52,
	52,
	0,
	0,
	0,
	0,
	"ba5eda7a-def5-0000-0000-000000000002",
	"00fa99b2-8c83-48db-827c-e1ca4e525cb6");
INSERT INTO V_LIN
	VALUES ("de8b5823-1e7e-4b9a-a01f-91466651eb89",
	'4');
INSERT INTO V_VAL
	VALUES ("191a1f5b-7298-4f20-b71c-27e65f4fc257",
	1,
	0,
	98,
	55,
	56,
	0,
	0,
	0,
	0,
	"ba5eda7a-def5-0000-0000-000000000008",
	"00fa99b2-8c83-48db-827c-e1ca4e525cb6");
INSERT INTO V_IRF
	VALUES ("191a1f5b-7298-4f20-b71c-27e65f4fc257",
	"6e3c5d61-84df-4e39-9f2b-495bc6a80544");
INSERT INTO V_VAL
	VALUES ("d2af3115-fe81-4fc6-8dbb-046f956bde9a",
	1,
	0,
	98,
	58,
	67,
	0,
	0,
	0,
	0,
	"ba5eda7a-def5-0000-0000-000000000004",
	"00fa99b2-8c83-48db-827c-e1ca4e525cb6");
INSERT INTO V_AVL
	VALUES ("d2af3115-fe81-4fc6-8dbb-046f956bde9a",
	"191a1f5b-7298-4f20-b71c-27e65f4fc257",
	"19e5ff06-3b46-4569-a048-93bb3afac2ba",
	"7b387117-603b-4f26-b11f-6012e5d1c709");
INSERT INTO V_VAL
	VALUES ("5f3a07f4-ea46-4287-b103-1f9a22bf3de6",
	0,
	0,
	98,
	71,
	74,
	0,
	0,
	0,
	0,
	"ba5eda7a-def5-0000-0000-000000000004",
	"00fa99b2-8c83-48db-827c-e1ca4e525cb6");
INSERT INTO V_LST
	VALUES ("5f3a07f4-ea46-4287-b103-1f9a22bf3de6",
	'MEC');
INSERT INTO V_VAL
	VALUES ("2bca136d-a719-4a56-9a48-3c2859e47d5c",
	1,
	0,
	99,
	43,
	44,
	0,
	0,
	0,
	0,
	"ba5eda7a-def5-0000-0000-000000000008",
	"00fa99b2-8c83-48db-827c-e1ca4e525cb6");
INSERT INTO V_IRF
	VALUES ("2bca136d-a719-4a56-9a48-3c2859e47d5c",
	"6e3502e6-0950-4d0a-9a0f-d80b2a8b09b8");
INSERT INTO V_VAL
	VALUES ("aa122839-739f-4958-aebe-bb28b5fc0f8a",
	1,
	0,
	99,
	46,
	48,
	0,
	0,
	0,
	0,
	"ba5eda7a-def5-0000-0000-000000000002",
	"00fa99b2-8c83-48db-827c-e1ca4e525cb6");
INSERT INTO V_AVL
	VALUES ("aa122839-739f-4958-aebe-bb28b5fc0f8a",
	"2bca136d-a719-4a56-9a48-3c2859e47d5c",
	"19e5ff06-3b46-4569-a048-93bb3afac2ba",
	"06f2703e-9582-4713-810a-34cfa79097c8");
INSERT INTO V_VAL
	VALUES ("f0333352-0d7a-4f5b-882d-a8d0f856bf76",
	0,
	0,
	99,
	52,
	52,
	0,
	0,
	0,
	0,
	"ba5eda7a-def5-0000-0000-000000000002",
	"00fa99b2-8c83-48db-827c-e1ca4e525cb6");
INSERT INTO V_LIN
	VALUES ("f0333352-0d7a-4f5b-882d-a8d0f856bf76",
	'5');
INSERT INTO V_VAL
	VALUES ("25e1faf3-a6bc-4c36-abce-fb5ce2c50c8d",
	1,
	0,
	99,
	55,
	56,
	0,
	0,
	0,
	0,
	"ba5eda7a-def5-0000-0000-000000000008",
	"00fa99b2-8c83-48db-827c-e1ca4e525cb6");
INSERT INTO V_IRF
	VALUES ("25e1faf3-a6bc-4c36-abce-fb5ce2c50c8d",
	"6e3502e6-0950-4d0a-9a0f-d80b2a8b09b8");
INSERT INTO V_VAL
	VALUES ("77f6d871-97a7-42fe-8e37-1e3d8ebafad6",
	1,
	0,
	99,
	58,
	67,
	0,
	0,
	0,
	0,
	"ba5eda7a-def5-0000-0000-000000000004",
	"00fa99b2-8c83-48db-827c-e1ca4e525cb6");
INSERT INTO V_AVL
	VALUES ("77f6d871-97a7-42fe-8e37-1e3d8ebafad6",
	"25e1faf3-a6bc-4c36-abce-fb5ce2c50c8d",
	"19e5ff06-3b46-4569-a048-93bb3afac2ba",
	"7b387117-603b-4f26-b11f-6012e5d1c709");
INSERT INTO V_VAL
	VALUES ("5bbc656d-3fc8-4ff7-99f8-03a1c4874787",
	0,
	0,
	99,
	71,
	74,
	0,
	0,
	0,
	0,
	"ba5eda7a-def5-0000-0000-000000000004",
	"00fa99b2-8c83-48db-827c-e1ca4e525cb6");
INSERT INTO V_LST
	VALUES ("5bbc656d-3fc8-4ff7-99f8-03a1c4874787",
	'MEC');
INSERT INTO V_VAL
	VALUES ("194465cb-820a-4927-aa22-8756b5fc8a9e",
	1,
	0,
	107,
	42,
	43,
	0,
	0,
	0,
	0,
	"ba5eda7a-def5-0000-0000-000000000008",
	"00fa99b2-8c83-48db-827c-e1ca4e525cb6");
INSERT INTO V_IRF
	VALUES ("194465cb-820a-4927-aa22-8756b5fc8a9e",
	"226bf5d6-e73c-4ee0-a215-6e87aa2ff4ed");
INSERT INTO V_VAL
	VALUES ("14bcdd28-cd19-40db-999e-ad80f0b54f27",
	1,
	0,
	107,
	45,
	47,
	0,
	0,
	0,
	0,
	"ba5eda7a-def5-0000-0000-000000000002",
	"00fa99b2-8c83-48db-827c-e1ca4e525cb6");
INSERT INTO V_AVL
	VALUES ("14bcdd28-cd19-40db-999e-ad80f0b54f27",
	"194465cb-820a-4927-aa22-8756b5fc8a9e",
	"51d33202-1bc5-4cb1-87ab-6d049b279014",
	"b827ec15-e42a-4709-883d-5ad8aafff754");
INSERT INTO V_VAL
	VALUES ("0430bf00-ae99-47de-87b8-cc4c455466e4",
	0,
	0,
	107,
	51,
	51,
	0,
	0,
	0,
	0,
	"ba5eda7a-def5-0000-0000-000000000002",
	"00fa99b2-8c83-48db-827c-e1ca4e525cb6");
INSERT INTO V_LIN
	VALUES ("0430bf00-ae99-47de-87b8-cc4c455466e4",
	'1');
INSERT INTO V_VAL
	VALUES ("9381108b-bcd7-4e0e-b5e8-ee965ead0ffa",
	1,
	0,
	107,
	54,
	55,
	0,
	0,
	0,
	0,
	"ba5eda7a-def5-0000-0000-000000000008",
	"00fa99b2-8c83-48db-827c-e1ca4e525cb6");
INSERT INTO V_IRF
	VALUES ("9381108b-bcd7-4e0e-b5e8-ee965ead0ffa",
	"226bf5d6-e73c-4ee0-a215-6e87aa2ff4ed");
INSERT INTO V_VAL
	VALUES ("cd03b8af-e28d-41c9-bb88-ecf3c9386b36",
	1,
	0,
	107,
	57,
	62,
	0,
	0,
	0,
	0,
	"ba5eda7a-def5-0000-0000-000000000004",
	"00fa99b2-8c83-48db-827c-e1ca4e525cb6");
INSERT INTO V_AVL
	VALUES ("cd03b8af-e28d-41c9-bb88-ecf3c9386b36",
	"9381108b-bcd7-4e0e-b5e8-ee965ead0ffa",
	"51d33202-1bc5-4cb1-87ab-6d049b279014",
	"e9cb204c-0341-401e-9324-0d516433f033");
INSERT INTO V_VAL
	VALUES ("2e27484a-abd7-462a-8bfa-fda3a4d62cba",
	0,
	0,
	107,
	66,
	69,
	0,
	0,
	0,
	0,
	"ba5eda7a-def5-0000-0000-000000000004",
	"00fa99b2-8c83-48db-827c-e1ca4e525cb6");
INSERT INTO V_LST
	VALUES ("2e27484a-abd7-462a-8bfa-fda3a4d62cba",
	'Rox');
INSERT INTO V_VAL
	VALUES ("2ad83ca2-3f45-4419-8921-8e19558f744f",
	1,
	0,
	108,
	42,
	43,
	0,
	0,
	0,
	0,
	"ba5eda7a-def5-0000-0000-000000000008",
	"00fa99b2-8c83-48db-827c-e1ca4e525cb6");
INSERT INTO V_IRF
	VALUES ("2ad83ca2-3f45-4419-8921-8e19558f744f",
	"a68fbbc4-601b-4ecd-b2b3-c5bdc86e8d2f");
INSERT INTO V_VAL
	VALUES ("378e59bb-433a-42f9-bff2-2b1e75e39a5e",
	1,
	0,
	108,
	45,
	47,
	0,
	0,
	0,
	0,
	"ba5eda7a-def5-0000-0000-000000000002",
	"00fa99b2-8c83-48db-827c-e1ca4e525cb6");
INSERT INTO V_AVL
	VALUES ("378e59bb-433a-42f9-bff2-2b1e75e39a5e",
	"2ad83ca2-3f45-4419-8921-8e19558f744f",
	"51d33202-1bc5-4cb1-87ab-6d049b279014",
	"b827ec15-e42a-4709-883d-5ad8aafff754");
INSERT INTO V_VAL
	VALUES ("38982919-b978-4d8f-b634-a9dee8f3bba3",
	0,
	0,
	108,
	51,
	51,
	0,
	0,
	0,
	0,
	"ba5eda7a-def5-0000-0000-000000000002",
	"00fa99b2-8c83-48db-827c-e1ca4e525cb6");
INSERT INTO V_LIN
	VALUES ("38982919-b978-4d8f-b634-a9dee8f3bba3",
	'2');
INSERT INTO V_VAL
	VALUES ("592a83f3-2c58-42a9-a583-ac0267cb50de",
	1,
	0,
	108,
	54,
	55,
	0,
	0,
	0,
	0,
	"ba5eda7a-def5-0000-0000-000000000008",
	"00fa99b2-8c83-48db-827c-e1ca4e525cb6");
INSERT INTO V_IRF
	VALUES ("592a83f3-2c58-42a9-a583-ac0267cb50de",
	"a68fbbc4-601b-4ecd-b2b3-c5bdc86e8d2f");
INSERT INTO V_VAL
	VALUES ("b91287a9-d27f-44d1-9532-c517fb58b980",
	1,
	0,
	108,
	57,
	62,
	0,
	0,
	0,
	0,
	"ba5eda7a-def5-0000-0000-000000000004",
	"00fa99b2-8c83-48db-827c-e1ca4e525cb6");
INSERT INTO V_AVL
	VALUES ("b91287a9-d27f-44d1-9532-c517fb58b980",
	"592a83f3-2c58-42a9-a583-ac0267cb50de",
	"51d33202-1bc5-4cb1-87ab-6d049b279014",
	"e9cb204c-0341-401e-9324-0d516433f033");
INSERT INTO V_VAL
	VALUES ("6c6b8c59-2546-4b0f-a593-091cb1a1c591",
	0,
	0,
	108,
	66,
	70,
	0,
	0,
	0,
	0,
	"ba5eda7a-def5-0000-0000-000000000004",
	"00fa99b2-8c83-48db-827c-e1ca4e525cb6");
INSERT INTO V_LST
	VALUES ("6c6b8c59-2546-4b0f-a593-091cb1a1c591",
	'Bita');
INSERT INTO V_VAL
	VALUES ("8a88847d-1e4b-4c11-b464-887bde1a45d7",
	1,
	0,
	109,
	42,
	43,
	0,
	0,
	0,
	0,
	"ba5eda7a-def5-0000-0000-000000000008",
	"00fa99b2-8c83-48db-827c-e1ca4e525cb6");
INSERT INTO V_IRF
	VALUES ("8a88847d-1e4b-4c11-b464-887bde1a45d7",
	"f29dedf6-84c4-468e-a1c1-7d3ee8e7192c");
INSERT INTO V_VAL
	VALUES ("26982047-2cc7-4992-8eaa-2ffb5893db7d",
	1,
	0,
	109,
	45,
	47,
	0,
	0,
	0,
	0,
	"ba5eda7a-def5-0000-0000-000000000002",
	"00fa99b2-8c83-48db-827c-e1ca4e525cb6");
INSERT INTO V_AVL
	VALUES ("26982047-2cc7-4992-8eaa-2ffb5893db7d",
	"8a88847d-1e4b-4c11-b464-887bde1a45d7",
	"51d33202-1bc5-4cb1-87ab-6d049b279014",
	"b827ec15-e42a-4709-883d-5ad8aafff754");
INSERT INTO V_VAL
	VALUES ("55438e81-2575-4d83-9f31-2ddc30730a8c",
	0,
	0,
	109,
	51,
	51,
	0,
	0,
	0,
	0,
	"ba5eda7a-def5-0000-0000-000000000002",
	"00fa99b2-8c83-48db-827c-e1ca4e525cb6");
INSERT INTO V_LIN
	VALUES ("55438e81-2575-4d83-9f31-2ddc30730a8c",
	'3');
INSERT INTO V_VAL
	VALUES ("b50d9d6e-6193-4256-abb0-972748e5dbdc",
	1,
	0,
	109,
	54,
	55,
	0,
	0,
	0,
	0,
	"ba5eda7a-def5-0000-0000-000000000008",
	"00fa99b2-8c83-48db-827c-e1ca4e525cb6");
INSERT INTO V_IRF
	VALUES ("b50d9d6e-6193-4256-abb0-972748e5dbdc",
	"f29dedf6-84c4-468e-a1c1-7d3ee8e7192c");
INSERT INTO V_VAL
	VALUES ("07d52eb7-8f06-4a02-844e-a2b08ac69f80",
	1,
	0,
	109,
	57,
	62,
	0,
	0,
	0,
	0,
	"ba5eda7a-def5-0000-0000-000000000004",
	"00fa99b2-8c83-48db-827c-e1ca4e525cb6");
INSERT INTO V_AVL
	VALUES ("07d52eb7-8f06-4a02-844e-a2b08ac69f80",
	"b50d9d6e-6193-4256-abb0-972748e5dbdc",
	"51d33202-1bc5-4cb1-87ab-6d049b279014",
	"e9cb204c-0341-401e-9324-0d516433f033");
INSERT INTO V_VAL
	VALUES ("c7e73888-42c1-445e-92e9-51446829762d",
	0,
	0,
	109,
	66,
	70,
	0,
	0,
	0,
	0,
	"ba5eda7a-def5-0000-0000-000000000004",
	"00fa99b2-8c83-48db-827c-e1ca4e525cb6");
INSERT INTO V_LST
	VALUES ("c7e73888-42c1-445e-92e9-51446829762d",
	'Tina');
INSERT INTO V_VAL
	VALUES ("c3aa7858-d592-4aa1-bb30-402b182a7cc0",
	1,
	0,
	110,
	44,
	45,
	0,
	0,
	0,
	0,
	"ba5eda7a-def5-0000-0000-000000000008",
	"00fa99b2-8c83-48db-827c-e1ca4e525cb6");
INSERT INTO V_IRF
	VALUES ("c3aa7858-d592-4aa1-bb30-402b182a7cc0",
	"d26ae365-be58-40d3-9ac3-cf1329420e6d");
INSERT INTO V_VAL
	VALUES ("4ecdf3cf-bf67-4127-a5a9-a3af1350d3a4",
	1,
	0,
	110,
	47,
	49,
	0,
	0,
	0,
	0,
	"ba5eda7a-def5-0000-0000-000000000002",
	"00fa99b2-8c83-48db-827c-e1ca4e525cb6");
INSERT INTO V_AVL
	VALUES ("4ecdf3cf-bf67-4127-a5a9-a3af1350d3a4",
	"c3aa7858-d592-4aa1-bb30-402b182a7cc0",
	"6804fe30-06ab-4a76-91ef-cf622b4abd28",
	"4c104e27-16ae-471e-a357-690eebee223e");
INSERT INTO V_VAL
	VALUES ("374b5a8e-9bd9-4963-bc93-7d75cf9d747c",
	0,
	0,
	110,
	53,
	53,
	0,
	0,
	0,
	0,
	"ba5eda7a-def5-0000-0000-000000000002",
	"00fa99b2-8c83-48db-827c-e1ca4e525cb6");
INSERT INTO V_LIN
	VALUES ("374b5a8e-9bd9-4963-bc93-7d75cf9d747c",
	'1');
INSERT INTO V_VAL
	VALUES ("98293baf-4f39-4451-9c13-3f5cd6b0012e",
	1,
	0,
	110,
	56,
	57,
	0,
	0,
	0,
	0,
	"ba5eda7a-def5-0000-0000-000000000008",
	"00fa99b2-8c83-48db-827c-e1ca4e525cb6");
INSERT INTO V_IRF
	VALUES ("98293baf-4f39-4451-9c13-3f5cd6b0012e",
	"d26ae365-be58-40d3-9ac3-cf1329420e6d");
INSERT INTO V_VAL
	VALUES ("76ce449f-8a56-4fde-916f-71a65efe5efe",
	1,
	0,
	110,
	59,
	64,
	0,
	0,
	0,
	0,
	"ba5eda7a-def5-0000-0000-000000000004",
	"00fa99b2-8c83-48db-827c-e1ca4e525cb6");
INSERT INTO V_AVL
	VALUES ("76ce449f-8a56-4fde-916f-71a65efe5efe",
	"98293baf-4f39-4451-9c13-3f5cd6b0012e",
	"6804fe30-06ab-4a76-91ef-cf622b4abd28",
	"135877d5-2a8a-4419-9877-a691e9cf76f1");
INSERT INTO V_VAL
	VALUES ("e332e5ab-f9f5-4443-9a09-d0682bbde794",
	0,
	0,
	110,
	68,
	73,
	0,
	0,
	0,
	0,
	"ba5eda7a-def5-0000-0000-000000000004",
	"00fa99b2-8c83-48db-827c-e1ca4e525cb6");
INSERT INTO V_LST
	VALUES ("e332e5ab-f9f5-4443-9a09-d0682bbde794",
	'Shane');
INSERT INTO V_VAL
	VALUES ("c4c83569-c091-4de4-9756-89ed839a9541",
	1,
	0,
	111,
	44,
	45,
	0,
	0,
	0,
	0,
	"ba5eda7a-def5-0000-0000-000000000008",
	"00fa99b2-8c83-48db-827c-e1ca4e525cb6");
INSERT INTO V_IRF
	VALUES ("c4c83569-c091-4de4-9756-89ed839a9541",
	"927fd21e-3c4f-4b80-bfb5-299d4e401573");
INSERT INTO V_VAL
	VALUES ("954b8845-5c12-4c32-9778-72125de70b95",
	1,
	0,
	111,
	47,
	49,
	0,
	0,
	0,
	0,
	"ba5eda7a-def5-0000-0000-000000000002",
	"00fa99b2-8c83-48db-827c-e1ca4e525cb6");
INSERT INTO V_AVL
	VALUES ("954b8845-5c12-4c32-9778-72125de70b95",
	"c4c83569-c091-4de4-9756-89ed839a9541",
	"6804fe30-06ab-4a76-91ef-cf622b4abd28",
	"4c104e27-16ae-471e-a357-690eebee223e");
INSERT INTO V_VAL
	VALUES ("662b58f6-0325-488d-bdde-9afbd99af523",
	0,
	0,
	111,
	53,
	53,
	0,
	0,
	0,
	0,
	"ba5eda7a-def5-0000-0000-000000000002",
	"00fa99b2-8c83-48db-827c-e1ca4e525cb6");
INSERT INTO V_LIN
	VALUES ("662b58f6-0325-488d-bdde-9afbd99af523",
	'2');
INSERT INTO V_VAL
	VALUES ("976405e9-8013-4133-ba66-811022ccf13c",
	1,
	0,
	111,
	56,
	57,
	0,
	0,
	0,
	0,
	"ba5eda7a-def5-0000-0000-000000000008",
	"00fa99b2-8c83-48db-827c-e1ca4e525cb6");
INSERT INTO V_IRF
	VALUES ("976405e9-8013-4133-ba66-811022ccf13c",
	"927fd21e-3c4f-4b80-bfb5-299d4e401573");
INSERT INTO V_VAL
	VALUES ("ead95bba-7e3a-4a64-bb2a-23d8f2ac160c",
	1,
	0,
	111,
	59,
	64,
	0,
	0,
	0,
	0,
	"ba5eda7a-def5-0000-0000-000000000004",
	"00fa99b2-8c83-48db-827c-e1ca4e525cb6");
INSERT INTO V_AVL
	VALUES ("ead95bba-7e3a-4a64-bb2a-23d8f2ac160c",
	"976405e9-8013-4133-ba66-811022ccf13c",
	"6804fe30-06ab-4a76-91ef-cf622b4abd28",
	"135877d5-2a8a-4419-9877-a691e9cf76f1");
INSERT INTO V_VAL
	VALUES ("a9998580-0ff9-4565-859d-45a001ddea12",
	0,
	0,
	111,
	68,
	73,
	0,
	0,
	0,
	0,
	"ba5eda7a-def5-0000-0000-000000000004",
	"00fa99b2-8c83-48db-827c-e1ca4e525cb6");
INSERT INTO V_LST
	VALUES ("a9998580-0ff9-4565-859d-45a001ddea12",
	'Rusty');
INSERT INTO V_VAL
	VALUES ("406cc3b5-d560-4311-9b63-4ebeb074a725",
	1,
	0,
	112,
	44,
	45,
	0,
	0,
	0,
	0,
	"ba5eda7a-def5-0000-0000-000000000008",
	"00fa99b2-8c83-48db-827c-e1ca4e525cb6");
INSERT INTO V_IRF
	VALUES ("406cc3b5-d560-4311-9b63-4ebeb074a725",
	"f89b9356-17fc-44e4-84a3-9c95243137ac");
INSERT INTO V_VAL
	VALUES ("6df64afb-a130-4014-ab0a-84ef0a8cc5d9",
	1,
	0,
	112,
	47,
	49,
	0,
	0,
	0,
	0,
	"ba5eda7a-def5-0000-0000-000000000002",
	"00fa99b2-8c83-48db-827c-e1ca4e525cb6");
INSERT INTO V_AVL
	VALUES ("6df64afb-a130-4014-ab0a-84ef0a8cc5d9",
	"406cc3b5-d560-4311-9b63-4ebeb074a725",
	"6804fe30-06ab-4a76-91ef-cf622b4abd28",
	"4c104e27-16ae-471e-a357-690eebee223e");
INSERT INTO V_VAL
	VALUES ("27b0e248-f2bb-4ee4-af59-b43486f9ac98",
	0,
	0,
	112,
	53,
	53,
	0,
	0,
	0,
	0,
	"ba5eda7a-def5-0000-0000-000000000002",
	"00fa99b2-8c83-48db-827c-e1ca4e525cb6");
INSERT INTO V_LIN
	VALUES ("27b0e248-f2bb-4ee4-af59-b43486f9ac98",
	'3');
INSERT INTO V_VAL
	VALUES ("2cc28c8a-e9e8-414f-ac8a-ef3e9aa0e2e8",
	1,
	0,
	112,
	56,
	57,
	0,
	0,
	0,
	0,
	"ba5eda7a-def5-0000-0000-000000000008",
	"00fa99b2-8c83-48db-827c-e1ca4e525cb6");
INSERT INTO V_IRF
	VALUES ("2cc28c8a-e9e8-414f-ac8a-ef3e9aa0e2e8",
	"f89b9356-17fc-44e4-84a3-9c95243137ac");
INSERT INTO V_VAL
	VALUES ("fb4a7a3f-451c-4bca-9751-ed63a8940461",
	1,
	0,
	112,
	59,
	64,
	0,
	0,
	0,
	0,
	"ba5eda7a-def5-0000-0000-000000000004",
	"00fa99b2-8c83-48db-827c-e1ca4e525cb6");
INSERT INTO V_AVL
	VALUES ("fb4a7a3f-451c-4bca-9751-ed63a8940461",
	"2cc28c8a-e9e8-414f-ac8a-ef3e9aa0e2e8",
	"6804fe30-06ab-4a76-91ef-cf622b4abd28",
	"135877d5-2a8a-4419-9877-a691e9cf76f1");
INSERT INTO V_VAL
	VALUES ("04104987-83b9-4359-a869-641bd6752dad",
	0,
	0,
	112,
	68,
	72,
	0,
	0,
	0,
	0,
	"ba5eda7a-def5-0000-0000-000000000004",
	"00fa99b2-8c83-48db-827c-e1ca4e525cb6");
INSERT INTO V_LST
	VALUES ("04104987-83b9-4359-a869-641bd6752dad",
	'Cort');
INSERT INTO V_VAL
	VALUES ("3f414b75-7dce-4e2e-8b81-ed6504788961",
	1,
	0,
	113,
	39,
	40,
	0,
	0,
	0,
	0,
	"ba5eda7a-def5-0000-0000-000000000008",
	"00fa99b2-8c83-48db-827c-e1ca4e525cb6");
INSERT INTO V_IRF
	VALUES ("3f414b75-7dce-4e2e-8b81-ed6504788961",
	"1d783ea6-54d1-4cb3-b663-f3c9a8402579");
INSERT INTO V_VAL
	VALUES ("89ebbb21-b154-42bb-ba13-413788ca0d06",
	1,
	0,
	113,
	42,
	45,
	0,
	0,
	0,
	0,
	"ba5eda7a-def5-0000-0000-000000000004",
	"00fa99b2-8c83-48db-827c-e1ca4e525cb6");
INSERT INTO V_AVL
	VALUES ("89ebbb21-b154-42bb-ba13-413788ca0d06",
	"3f414b75-7dce-4e2e-8b81-ed6504788961",
	"e46bd84d-ce9b-4e47-b607-5c2663f180d1",
	"b4cf0fec-f4ee-429e-8b09-d8742eee8381");
INSERT INTO V_VAL
	VALUES ("ac4150a5-b81e-44ba-8f87-f53805b64f69",
	0,
	0,
	113,
	49,
	61,
	0,
	0,
	0,
	0,
	"ba5eda7a-def5-0000-0000-000000000004",
	"00fa99b2-8c83-48db-827c-e1ca4e525cb6");
INSERT INTO V_LST
	VALUES ("ac4150a5-b81e-44ba-8f87-f53805b64f69",
	'Indianapolis');
INSERT INTO V_VAL
	VALUES ("f72db242-040b-4ba2-8fe4-fe3c569fe101",
	1,
	0,
	114,
	39,
	40,
	0,
	0,
	0,
	0,
	"ba5eda7a-def5-0000-0000-000000000008",
	"00fa99b2-8c83-48db-827c-e1ca4e525cb6");
INSERT INTO V_IRF
	VALUES ("f72db242-040b-4ba2-8fe4-fe3c569fe101",
	"827bdf0b-d8a1-4ffd-9fc5-2d284dc16852");
INSERT INTO V_VAL
	VALUES ("19a6d978-d34c-4d3c-bfb1-d04771817801",
	1,
	0,
	114,
	42,
	45,
	0,
	0,
	0,
	0,
	"ba5eda7a-def5-0000-0000-000000000004",
	"00fa99b2-8c83-48db-827c-e1ca4e525cb6");
INSERT INTO V_AVL
	VALUES ("19a6d978-d34c-4d3c-bfb1-d04771817801",
	"f72db242-040b-4ba2-8fe4-fe3c569fe101",
	"e46bd84d-ce9b-4e47-b607-5c2663f180d1",
	"b4cf0fec-f4ee-429e-8b09-d8742eee8381");
INSERT INTO V_VAL
	VALUES ("c3c11bf5-8164-4197-b74a-fe71a47891d2",
	0,
	0,
	114,
	49,
	57,
	0,
	0,
	0,
	0,
	"ba5eda7a-def5-0000-0000-000000000004",
	"00fa99b2-8c83-48db-827c-e1ca4e525cb6");
INSERT INTO V_LST
	VALUES ("c3c11bf5-8164-4197-b74a-fe71a47891d2",
	'Lockport');
INSERT INTO V_VAL
	VALUES ("93c14311-9e4a-49dd-8598-6aecd61576dc",
	1,
	0,
	115,
	39,
	40,
	0,
	0,
	0,
	0,
	"ba5eda7a-def5-0000-0000-000000000008",
	"00fa99b2-8c83-48db-827c-e1ca4e525cb6");
INSERT INTO V_IRF
	VALUES ("93c14311-9e4a-49dd-8598-6aecd61576dc",
	"2168d76a-c04b-41ec-89de-892e0321a5bc");
INSERT INTO V_VAL
	VALUES ("8d45cf7f-cdbf-4d4a-a374-c22dd8ec6cbf",
	1,
	0,
	115,
	42,
	45,
	0,
	0,
	0,
	0,
	"ba5eda7a-def5-0000-0000-000000000004",
	"00fa99b2-8c83-48db-827c-e1ca4e525cb6");
INSERT INTO V_AVL
	VALUES ("8d45cf7f-cdbf-4d4a-a374-c22dd8ec6cbf",
	"93c14311-9e4a-49dd-8598-6aecd61576dc",
	"e46bd84d-ce9b-4e47-b607-5c2663f180d1",
	"b4cf0fec-f4ee-429e-8b09-d8742eee8381");
INSERT INTO V_VAL
	VALUES ("3785019a-d8e3-4087-8d94-1f6e6241693d",
	0,
	0,
	115,
	49,
	61,
	0,
	0,
	0,
	0,
	"ba5eda7a-def5-0000-0000-000000000004",
	"00fa99b2-8c83-48db-827c-e1ca4e525cb6");
INSERT INTO V_LST
	VALUES ("3785019a-d8e3-4087-8d94-1f6e6241693d",
	'Battleground');
INSERT INTO V_VAL
	VALUES ("8ad04e66-52c4-48d1-812c-c0785ce49a64",
	1,
	0,
	121,
	46,
	47,
	0,
	0,
	0,
	0,
	"ba5eda7a-def5-0000-0000-000000000008",
	"00fa99b2-8c83-48db-827c-e1ca4e525cb6");
INSERT INTO V_IRF
	VALUES ("8ad04e66-52c4-48d1-812c-c0785ce49a64",
	"31e129bf-640f-46e5-9dea-03fd9e870f78");
INSERT INTO V_VAL
	VALUES ("c6b23fd7-56c9-4eea-9372-1d5820bff155",
	1,
	0,
	121,
	49,
	51,
	0,
	0,
	0,
	0,
	"ba5eda7a-def5-0000-0000-000000000002",
	"00fa99b2-8c83-48db-827c-e1ca4e525cb6");
INSERT INTO V_AVL
	VALUES ("c6b23fd7-56c9-4eea-9372-1d5820bff155",
	"8ad04e66-52c4-48d1-812c-c0785ce49a64",
	"7f36c39d-4387-48b0-81be-bd38a72789eb",
	"98ce2c12-c88c-4b29-a050-efe104351580");
INSERT INTO V_VAL
	VALUES ("f8981650-b732-45f6-aae4-a1e2d3b4eab8",
	0,
	0,
	121,
	55,
	55,
	0,
	0,
	0,
	0,
	"ba5eda7a-def5-0000-0000-000000000002",
	"00fa99b2-8c83-48db-827c-e1ca4e525cb6");
INSERT INTO V_LIN
	VALUES ("f8981650-b732-45f6-aae4-a1e2d3b4eab8",
	'1');
INSERT INTO V_VAL
	VALUES ("966db589-3eb2-46e5-9014-6b6e46dbb46c",
	1,
	0,
	121,
	58,
	59,
	0,
	0,
	0,
	0,
	"ba5eda7a-def5-0000-0000-000000000008",
	"00fa99b2-8c83-48db-827c-e1ca4e525cb6");
INSERT INTO V_IRF
	VALUES ("966db589-3eb2-46e5-9014-6b6e46dbb46c",
	"31e129bf-640f-46e5-9dea-03fd9e870f78");
INSERT INTO V_VAL
	VALUES ("d5ca8441-7a11-4dc9-9cdb-1c9b4f8f92f2",
	1,
	0,
	121,
	61,
	61,
	0,
	0,
	0,
	0,
	"ba5eda7a-def5-0000-0000-000000000004",
	"00fa99b2-8c83-48db-827c-e1ca4e525cb6");
INSERT INTO V_AVL
	VALUES ("d5ca8441-7a11-4dc9-9cdb-1c9b4f8f92f2",
	"966db589-3eb2-46e5-9014-6b6e46dbb46c",
	"7f36c39d-4387-48b0-81be-bd38a72789eb",
	"663f234e-99d6-4998-904f-0b1e9203d030");
INSERT INTO V_VAL
	VALUES ("a5ec0b47-93cf-4856-b359-f8c72d93e4b6",
	0,
	0,
	121,
	65,
	68,
	0,
	0,
	0,
	0,
	"ba5eda7a-def5-0000-0000-000000000004",
	"00fa99b2-8c83-48db-827c-e1ca4e525cb6");
INSERT INTO V_LST
	VALUES ("a5ec0b47-93cf-4856-b359-f8c72d93e4b6",
	'Rox');
INSERT INTO V_VAL
	VALUES ("079eac95-3f80-46f4-9c81-fcb09aba9de2",
	1,
	0,
	122,
	46,
	47,
	0,
	0,
	0,
	0,
	"ba5eda7a-def5-0000-0000-000000000008",
	"00fa99b2-8c83-48db-827c-e1ca4e525cb6");
INSERT INTO V_IRF
	VALUES ("079eac95-3f80-46f4-9c81-fcb09aba9de2",
	"d2410029-7ff0-43fa-834c-d93fafe1e320");
INSERT INTO V_VAL
	VALUES ("bc6fafc9-c0be-4385-8d62-d459391f4620",
	1,
	0,
	122,
	49,
	51,
	0,
	0,
	0,
	0,
	"ba5eda7a-def5-0000-0000-000000000002",
	"00fa99b2-8c83-48db-827c-e1ca4e525cb6");
INSERT INTO V_AVL
	VALUES ("bc6fafc9-c0be-4385-8d62-d459391f4620",
	"079eac95-3f80-46f4-9c81-fcb09aba9de2",
	"7f36c39d-4387-48b0-81be-bd38a72789eb",
	"98ce2c12-c88c-4b29-a050-efe104351580");
INSERT INTO V_VAL
	VALUES ("4ba8cf89-15e9-4578-8681-1a48de5c1431",
	0,
	0,
	122,
	55,
	55,
	0,
	0,
	0,
	0,
	"ba5eda7a-def5-0000-0000-000000000002",
	"00fa99b2-8c83-48db-827c-e1ca4e525cb6");
INSERT INTO V_LIN
	VALUES ("4ba8cf89-15e9-4578-8681-1a48de5c1431",
	'2');
INSERT INTO V_VAL
	VALUES ("712b4add-c5c3-4175-99d8-45e4b5c19c2e",
	1,
	0,
	122,
	58,
	59,
	0,
	0,
	0,
	0,
	"ba5eda7a-def5-0000-0000-000000000008",
	"00fa99b2-8c83-48db-827c-e1ca4e525cb6");
INSERT INTO V_IRF
	VALUES ("712b4add-c5c3-4175-99d8-45e4b5c19c2e",
	"d2410029-7ff0-43fa-834c-d93fafe1e320");
INSERT INTO V_VAL
	VALUES ("309cbeef-590f-4ee4-9eb3-1e1f9f4def7b",
	1,
	0,
	122,
	61,
	61,
	0,
	0,
	0,
	0,
	"ba5eda7a-def5-0000-0000-000000000004",
	"00fa99b2-8c83-48db-827c-e1ca4e525cb6");
INSERT INTO V_AVL
	VALUES ("309cbeef-590f-4ee4-9eb3-1e1f9f4def7b",
	"712b4add-c5c3-4175-99d8-45e4b5c19c2e",
	"7f36c39d-4387-48b0-81be-bd38a72789eb",
	"663f234e-99d6-4998-904f-0b1e9203d030");
INSERT INTO V_VAL
	VALUES ("3576281c-7b6c-4196-9dce-9ff0ffc07c18",
	0,
	0,
	122,
	65,
	71,
	0,
	0,
	0,
	0,
	"ba5eda7a-def5-0000-0000-000000000004",
	"00fa99b2-8c83-48db-827c-e1ca4e525cb6");
INSERT INTO V_LST
	VALUES ("3576281c-7b6c-4196-9dce-9ff0ffc07c18",
	'Jacqui');
INSERT INTO V_VAL
	VALUES ("a677d34a-8689-45e2-a4d1-d5777621f792",
	1,
	0,
	123,
	44,
	45,
	0,
	0,
	0,
	0,
	"ba5eda7a-def5-0000-0000-000000000008",
	"00fa99b2-8c83-48db-827c-e1ca4e525cb6");
INSERT INTO V_IRF
	VALUES ("a677d34a-8689-45e2-a4d1-d5777621f792",
	"a295adb7-7b93-4441-a55b-8eb6f7ade44d");
INSERT INTO V_VAL
	VALUES ("fe9fefd3-e587-4989-abf8-55e69d8e054f",
	1,
	0,
	123,
	47,
	49,
	0,
	0,
	0,
	0,
	"ba5eda7a-def5-0000-0000-000000000002",
	"00fa99b2-8c83-48db-827c-e1ca4e525cb6");
INSERT INTO V_AVL
	VALUES ("fe9fefd3-e587-4989-abf8-55e69d8e054f",
	"a677d34a-8689-45e2-a4d1-d5777621f792",
	"9de905e1-46fc-4263-835c-6063781f6921",
	"ac32b640-ce20-4882-aaf9-9990f3510e5c");
INSERT INTO V_VAL
	VALUES ("f78db624-4e90-4ae1-974f-10894af3fab4",
	0,
	0,
	123,
	53,
	53,
	0,
	0,
	0,
	0,
	"ba5eda7a-def5-0000-0000-000000000002",
	"00fa99b2-8c83-48db-827c-e1ca4e525cb6");
INSERT INTO V_LIN
	VALUES ("f78db624-4e90-4ae1-974f-10894af3fab4",
	'1');
INSERT INTO V_VAL
	VALUES ("f0078f47-d1a1-4191-9b99-a33a920fdc69",
	1,
	0,
	123,
	56,
	57,
	0,
	0,
	0,
	0,
	"ba5eda7a-def5-0000-0000-000000000008",
	"00fa99b2-8c83-48db-827c-e1ca4e525cb6");
INSERT INTO V_IRF
	VALUES ("f0078f47-d1a1-4191-9b99-a33a920fdc69",
	"a295adb7-7b93-4441-a55b-8eb6f7ade44d");
INSERT INTO V_VAL
	VALUES ("02df0bf9-ad4f-4686-9726-fe216baadaee",
	1,
	0,
	123,
	59,
	59,
	0,
	0,
	0,
	0,
	"ba5eda7a-def5-0000-0000-000000000004",
	"00fa99b2-8c83-48db-827c-e1ca4e525cb6");
INSERT INTO V_AVL
	VALUES ("02df0bf9-ad4f-4686-9726-fe216baadaee",
	"f0078f47-d1a1-4191-9b99-a33a920fdc69",
	"9de905e1-46fc-4263-835c-6063781f6921",
	"57ba0a08-966b-4f77-a94b-28311596fe9b");
INSERT INTO V_VAL
	VALUES ("5ae19a8f-8457-4125-8df9-6c7c0d152475",
	0,
	0,
	123,
	63,
	68,
	0,
	0,
	0,
	0,
	"ba5eda7a-def5-0000-0000-000000000004",
	"00fa99b2-8c83-48db-827c-e1ca4e525cb6");
INSERT INTO V_LST
	VALUES ("5ae19a8f-8457-4125-8df9-6c7c0d152475",
	'Clare');
INSERT INTO V_VAL
	VALUES ("e74fc2b7-88ea-4d31-9542-8bdcc7a50cf9",
	1,
	0,
	124,
	44,
	45,
	0,
	0,
	0,
	0,
	"ba5eda7a-def5-0000-0000-000000000008",
	"00fa99b2-8c83-48db-827c-e1ca4e525cb6");
INSERT INTO V_IRF
	VALUES ("e74fc2b7-88ea-4d31-9542-8bdcc7a50cf9",
	"9ca9843f-cc36-493a-8943-8bd049cac78d");
INSERT INTO V_VAL
	VALUES ("87756726-792b-4621-b6a6-478e415703ac",
	1,
	0,
	124,
	47,
	49,
	0,
	0,
	0,
	0,
	"ba5eda7a-def5-0000-0000-000000000002",
	"00fa99b2-8c83-48db-827c-e1ca4e525cb6");
INSERT INTO V_AVL
	VALUES ("87756726-792b-4621-b6a6-478e415703ac",
	"e74fc2b7-88ea-4d31-9542-8bdcc7a50cf9",
	"9de905e1-46fc-4263-835c-6063781f6921",
	"ac32b640-ce20-4882-aaf9-9990f3510e5c");
INSERT INTO V_VAL
	VALUES ("e9bd0b3b-9da6-494c-8686-18b51e5e90ff",
	0,
	0,
	124,
	53,
	53,
	0,
	0,
	0,
	0,
	"ba5eda7a-def5-0000-0000-000000000002",
	"00fa99b2-8c83-48db-827c-e1ca4e525cb6");
INSERT INTO V_LIN
	VALUES ("e9bd0b3b-9da6-494c-8686-18b51e5e90ff",
	'2');
INSERT INTO V_VAL
	VALUES ("5ffd8a12-e2af-4c87-8336-66ed6a21f205",
	1,
	0,
	124,
	56,
	57,
	0,
	0,
	0,
	0,
	"ba5eda7a-def5-0000-0000-000000000008",
	"00fa99b2-8c83-48db-827c-e1ca4e525cb6");
INSERT INTO V_IRF
	VALUES ("5ffd8a12-e2af-4c87-8336-66ed6a21f205",
	"9ca9843f-cc36-493a-8943-8bd049cac78d");
INSERT INTO V_VAL
	VALUES ("7d08e7ac-95e0-4624-a67f-8630ba1ee6c4",
	1,
	0,
	124,
	59,
	59,
	0,
	0,
	0,
	0,
	"ba5eda7a-def5-0000-0000-000000000004",
	"00fa99b2-8c83-48db-827c-e1ca4e525cb6");
INSERT INTO V_AVL
	VALUES ("7d08e7ac-95e0-4624-a67f-8630ba1ee6c4",
	"5ffd8a12-e2af-4c87-8336-66ed6a21f205",
	"9de905e1-46fc-4263-835c-6063781f6921",
	"57ba0a08-966b-4f77-a94b-28311596fe9b");
INSERT INTO V_VAL
	VALUES ("9c93ce5a-04f7-4d24-a720-2051bc9a3150",
	0,
	0,
	124,
	63,
	70,
	0,
	0,
	0,
	0,
	"ba5eda7a-def5-0000-0000-000000000004",
	"00fa99b2-8c83-48db-827c-e1ca4e525cb6");
INSERT INTO V_LST
	VALUES ("9c93ce5a-04f7-4d24-a720-2051bc9a3150",
	'Katrina');
INSERT INTO V_VAL
	VALUES ("3b03d755-0900-451a-a41d-a34e1c730593",
	1,
	0,
	125,
	44,
	45,
	0,
	0,
	0,
	0,
	"ba5eda7a-def5-0000-0000-000000000008",
	"00fa99b2-8c83-48db-827c-e1ca4e525cb6");
INSERT INTO V_IRF
	VALUES ("3b03d755-0900-451a-a41d-a34e1c730593",
	"bef783e4-2c07-44d3-b623-ee25f69aae7e");
INSERT INTO V_VAL
	VALUES ("8a29341e-5d1a-418c-a0a3-d102ca7a4ef2",
	1,
	0,
	125,
	47,
	49,
	0,
	0,
	0,
	0,
	"ba5eda7a-def5-0000-0000-000000000002",
	"00fa99b2-8c83-48db-827c-e1ca4e525cb6");
INSERT INTO V_AVL
	VALUES ("8a29341e-5d1a-418c-a0a3-d102ca7a4ef2",
	"3b03d755-0900-451a-a41d-a34e1c730593",
	"9de905e1-46fc-4263-835c-6063781f6921",
	"ac32b640-ce20-4882-aaf9-9990f3510e5c");
INSERT INTO V_VAL
	VALUES ("b24347c1-4106-4b50-8b10-1afd49693a3a",
	0,
	0,
	125,
	53,
	53,
	0,
	0,
	0,
	0,
	"ba5eda7a-def5-0000-0000-000000000002",
	"00fa99b2-8c83-48db-827c-e1ca4e525cb6");
INSERT INTO V_LIN
	VALUES ("b24347c1-4106-4b50-8b10-1afd49693a3a",
	'3');
INSERT INTO V_VAL
	VALUES ("0472c634-d67f-4f38-831b-0291dae02ea0",
	1,
	0,
	125,
	56,
	57,
	0,
	0,
	0,
	0,
	"ba5eda7a-def5-0000-0000-000000000008",
	"00fa99b2-8c83-48db-827c-e1ca4e525cb6");
INSERT INTO V_IRF
	VALUES ("0472c634-d67f-4f38-831b-0291dae02ea0",
	"bef783e4-2c07-44d3-b623-ee25f69aae7e");
INSERT INTO V_VAL
	VALUES ("cbea6666-f579-4bdd-becf-215e0e635005",
	1,
	0,
	125,
	59,
	59,
	0,
	0,
	0,
	0,
	"ba5eda7a-def5-0000-0000-000000000004",
	"00fa99b2-8c83-48db-827c-e1ca4e525cb6");
INSERT INTO V_AVL
	VALUES ("cbea6666-f579-4bdd-becf-215e0e635005",
	"0472c634-d67f-4f38-831b-0291dae02ea0",
	"9de905e1-46fc-4263-835c-6063781f6921",
	"57ba0a08-966b-4f77-a94b-28311596fe9b");
INSERT INTO V_VAL
	VALUES ("980cf8bb-03ad-4bc2-9043-042ef15df87d",
	0,
	0,
	125,
	63,
	70,
	0,
	0,
	0,
	0,
	"ba5eda7a-def5-0000-0000-000000000004",
	"00fa99b2-8c83-48db-827c-e1ca4e525cb6");
INSERT INTO V_LST
	VALUES ("980cf8bb-03ad-4bc2-9043-042ef15df87d",
	'Colleen');
INSERT INTO V_VAL
	VALUES ("0893e987-05ee-4383-b8c6-0833ac7d3341",
	1,
	0,
	126,
	44,
	45,
	0,
	0,
	0,
	0,
	"ba5eda7a-def5-0000-0000-000000000008",
	"00fa99b2-8c83-48db-827c-e1ca4e525cb6");
INSERT INTO V_IRF
	VALUES ("0893e987-05ee-4383-b8c6-0833ac7d3341",
	"ed50561e-b48f-4300-8565-d7f585f054ab");
INSERT INTO V_VAL
	VALUES ("05f358b2-b053-46db-95ba-4909db750f2d",
	1,
	0,
	126,
	47,
	49,
	0,
	0,
	0,
	0,
	"ba5eda7a-def5-0000-0000-000000000002",
	"00fa99b2-8c83-48db-827c-e1ca4e525cb6");
INSERT INTO V_AVL
	VALUES ("05f358b2-b053-46db-95ba-4909db750f2d",
	"0893e987-05ee-4383-b8c6-0833ac7d3341",
	"9de905e1-46fc-4263-835c-6063781f6921",
	"ac32b640-ce20-4882-aaf9-9990f3510e5c");
INSERT INTO V_VAL
	VALUES ("121c6298-1b11-4b0f-ae0b-4d554719c6cd",
	0,
	0,
	126,
	53,
	53,
	0,
	0,
	0,
	0,
	"ba5eda7a-def5-0000-0000-000000000002",
	"00fa99b2-8c83-48db-827c-e1ca4e525cb6");
INSERT INTO V_LIN
	VALUES ("121c6298-1b11-4b0f-ae0b-4d554719c6cd",
	'4');
INSERT INTO V_VAL
	VALUES ("032ba604-8d26-4e3e-9d31-c02d1c2cd290",
	1,
	0,
	126,
	56,
	57,
	0,
	0,
	0,
	0,
	"ba5eda7a-def5-0000-0000-000000000008",
	"00fa99b2-8c83-48db-827c-e1ca4e525cb6");
INSERT INTO V_IRF
	VALUES ("032ba604-8d26-4e3e-9d31-c02d1c2cd290",
	"ed50561e-b48f-4300-8565-d7f585f054ab");
INSERT INTO V_VAL
	VALUES ("dca9b1c1-f790-4939-812a-ea24ab499ca2",
	1,
	0,
	126,
	59,
	59,
	0,
	0,
	0,
	0,
	"ba5eda7a-def5-0000-0000-000000000004",
	"00fa99b2-8c83-48db-827c-e1ca4e525cb6");
INSERT INTO V_AVL
	VALUES ("dca9b1c1-f790-4939-812a-ea24ab499ca2",
	"032ba604-8d26-4e3e-9d31-c02d1c2cd290",
	"9de905e1-46fc-4263-835c-6063781f6921",
	"57ba0a08-966b-4f77-a94b-28311596fe9b");
INSERT INTO V_VAL
	VALUES ("ac27857b-f012-4ced-99f0-86514226704a",
	0,
	0,
	126,
	63,
	69,
	0,
	0,
	0,
	0,
	"ba5eda7a-def5-0000-0000-000000000004",
	"00fa99b2-8c83-48db-827c-e1ca4e525cb6");
INSERT INTO V_LST
	VALUES ("ac27857b-f012-4ced-99f0-86514226704a",
	'Hannah');
INSERT INTO V_VAL
	VALUES ("615a08d1-48eb-432a-8177-dfa7e09a6273",
	1,
	0,
	127,
	44,
	45,
	0,
	0,
	0,
	0,
	"ba5eda7a-def5-0000-0000-000000000008",
	"00fa99b2-8c83-48db-827c-e1ca4e525cb6");
INSERT INTO V_IRF
	VALUES ("615a08d1-48eb-432a-8177-dfa7e09a6273",
	"c0534748-ea30-45f4-be15-8f58902ab8f7");
INSERT INTO V_VAL
	VALUES ("3176ad16-e1f6-4621-9c89-476207a50c4d",
	1,
	0,
	127,
	47,
	49,
	0,
	0,
	0,
	0,
	"ba5eda7a-def5-0000-0000-000000000002",
	"00fa99b2-8c83-48db-827c-e1ca4e525cb6");
INSERT INTO V_AVL
	VALUES ("3176ad16-e1f6-4621-9c89-476207a50c4d",
	"615a08d1-48eb-432a-8177-dfa7e09a6273",
	"9de905e1-46fc-4263-835c-6063781f6921",
	"ac32b640-ce20-4882-aaf9-9990f3510e5c");
INSERT INTO V_VAL
	VALUES ("7fe13bd3-bb4e-47c8-918a-1e24768e6f9c",
	0,
	0,
	127,
	53,
	53,
	0,
	0,
	0,
	0,
	"ba5eda7a-def5-0000-0000-000000000002",
	"00fa99b2-8c83-48db-827c-e1ca4e525cb6");
INSERT INTO V_LIN
	VALUES ("7fe13bd3-bb4e-47c8-918a-1e24768e6f9c",
	'5');
INSERT INTO V_VAL
	VALUES ("8a84449c-3c87-4dbe-8c43-042d049892ae",
	1,
	0,
	127,
	56,
	57,
	0,
	0,
	0,
	0,
	"ba5eda7a-def5-0000-0000-000000000008",
	"00fa99b2-8c83-48db-827c-e1ca4e525cb6");
INSERT INTO V_IRF
	VALUES ("8a84449c-3c87-4dbe-8c43-042d049892ae",
	"c0534748-ea30-45f4-be15-8f58902ab8f7");
INSERT INTO V_VAL
	VALUES ("232ade2c-9650-4e8d-9bdd-29c01ec9f97e",
	1,
	0,
	127,
	59,
	59,
	0,
	0,
	0,
	0,
	"ba5eda7a-def5-0000-0000-000000000004",
	"00fa99b2-8c83-48db-827c-e1ca4e525cb6");
INSERT INTO V_AVL
	VALUES ("232ade2c-9650-4e8d-9bdd-29c01ec9f97e",
	"8a84449c-3c87-4dbe-8c43-042d049892ae",
	"9de905e1-46fc-4263-835c-6063781f6921",
	"57ba0a08-966b-4f77-a94b-28311596fe9b");
INSERT INTO V_VAL
	VALUES ("cfb32a3c-3f67-4385-a723-cfe41f676dd3",
	0,
	0,
	127,
	63,
	67,
	0,
	0,
	0,
	0,
	"ba5eda7a-def5-0000-0000-000000000004",
	"00fa99b2-8c83-48db-827c-e1ca4e525cb6");
INSERT INTO V_LST
	VALUES ("cfb32a3c-3f67-4385-a723-cfe41f676dd3",
	'Ruby');
INSERT INTO V_VAL
	VALUES ("06a2bfd7-07f2-4936-9fea-709f23be59fa",
	1,
	0,
	128,
	38,
	39,
	0,
	0,
	0,
	0,
	"ba5eda7a-def5-0000-0000-000000000008",
	"00fa99b2-8c83-48db-827c-e1ca4e525cb6");
INSERT INTO V_IRF
	VALUES ("06a2bfd7-07f2-4936-9fea-709f23be59fa",
	"943cfa99-a7dd-486d-bdbf-291aaef2eaa5");
INSERT INTO V_VAL
	VALUES ("741f8a02-236b-4b7e-bc35-103e37f9298a",
	1,
	0,
	128,
	41,
	43,
	0,
	0,
	0,
	0,
	"ba5eda7a-def5-0000-0000-000000000002",
	"00fa99b2-8c83-48db-827c-e1ca4e525cb6");
INSERT INTO V_AVL
	VALUES ("741f8a02-236b-4b7e-bc35-103e37f9298a",
	"06a2bfd7-07f2-4936-9fea-709f23be59fa",
	"7f6f388d-edba-4bfb-b83c-533ee6906124",
	"d8239b0c-3bf7-4803-85ce-207d1253ef82");
INSERT INTO V_VAL
	VALUES ("b186da43-d79e-4c8f-ba27-4e3f1f290dce",
	0,
	0,
	128,
	47,
	47,
	0,
	0,
	0,
	0,
	"ba5eda7a-def5-0000-0000-000000000002",
	"00fa99b2-8c83-48db-827c-e1ca4e525cb6");
INSERT INTO V_LIN
	VALUES ("b186da43-d79e-4c8f-ba27-4e3f1f290dce",
	'5');
INSERT INTO V_VAL
	VALUES ("aa495702-02a8-42bb-97b4-4f414bbde7bd",
	1,
	0,
	128,
	50,
	51,
	0,
	0,
	0,
	0,
	"ba5eda7a-def5-0000-0000-000000000008",
	"00fa99b2-8c83-48db-827c-e1ca4e525cb6");
INSERT INTO V_IRF
	VALUES ("aa495702-02a8-42bb-97b4-4f414bbde7bd",
	"943cfa99-a7dd-486d-bdbf-291aaef2eaa5");
INSERT INTO V_VAL
	VALUES ("0d2f2ded-0bc0-4b0f-aeee-f98fbb47d214",
	1,
	0,
	128,
	53,
	53,
	0,
	0,
	0,
	0,
	"ba5eda7a-def5-0000-0000-000000000004",
	"00fa99b2-8c83-48db-827c-e1ca4e525cb6");
INSERT INTO V_AVL
	VALUES ("0d2f2ded-0bc0-4b0f-aeee-f98fbb47d214",
	"aa495702-02a8-42bb-97b4-4f414bbde7bd",
	"7f6f388d-edba-4bfb-b83c-533ee6906124",
	"aafed48c-0ed9-4817-81b8-fbd9965ebb09");
INSERT INTO V_VAL
	VALUES ("ef8f0f4b-3768-4b85-bc43-dfd73f0374d5",
	0,
	0,
	128,
	57,
	60,
	0,
	0,
	0,
	0,
	"ba5eda7a-def5-0000-0000-000000000004",
	"00fa99b2-8c83-48db-827c-e1ca4e525cb6");
INSERT INTO V_LST
	VALUES ("ef8f0f4b-3768-4b85-bc43-dfd73f0374d5",
	'Oct');
INSERT INTO V_VAL
	VALUES ("34c2c48e-0c1a-4b74-9507-3562c2cee17e",
	1,
	0,
	129,
	38,
	39,
	0,
	0,
	0,
	0,
	"ba5eda7a-def5-0000-0000-000000000008",
	"00fa99b2-8c83-48db-827c-e1ca4e525cb6");
INSERT INTO V_IRF
	VALUES ("34c2c48e-0c1a-4b74-9507-3562c2cee17e",
	"b75bb81d-ee3e-4cf1-a90b-cd51d3e28645");
INSERT INTO V_VAL
	VALUES ("071e37be-7614-465e-b56c-0e3f8fa22631",
	1,
	0,
	129,
	41,
	43,
	0,
	0,
	0,
	0,
	"ba5eda7a-def5-0000-0000-000000000002",
	"00fa99b2-8c83-48db-827c-e1ca4e525cb6");
INSERT INTO V_AVL
	VALUES ("071e37be-7614-465e-b56c-0e3f8fa22631",
	"34c2c48e-0c1a-4b74-9507-3562c2cee17e",
	"7f6f388d-edba-4bfb-b83c-533ee6906124",
	"d8239b0c-3bf7-4803-85ce-207d1253ef82");
INSERT INTO V_VAL
	VALUES ("d3001fd4-d380-446c-ac38-d323d7a4af91",
	0,
	0,
	129,
	47,
	47,
	0,
	0,
	0,
	0,
	"ba5eda7a-def5-0000-0000-000000000002",
	"00fa99b2-8c83-48db-827c-e1ca4e525cb6");
INSERT INTO V_LIN
	VALUES ("d3001fd4-d380-446c-ac38-d323d7a4af91",
	'4');
INSERT INTO V_VAL
	VALUES ("28cd79c7-86ee-46c1-b191-d52ed317d748",
	1,
	0,
	129,
	50,
	51,
	0,
	0,
	0,
	0,
	"ba5eda7a-def5-0000-0000-000000000008",
	"00fa99b2-8c83-48db-827c-e1ca4e525cb6");
INSERT INTO V_IRF
	VALUES ("28cd79c7-86ee-46c1-b191-d52ed317d748",
	"b75bb81d-ee3e-4cf1-a90b-cd51d3e28645");
INSERT INTO V_VAL
	VALUES ("eaed51b5-6537-4a8e-8652-292a72122f0e",
	1,
	0,
	129,
	53,
	53,
	0,
	0,
	0,
	0,
	"ba5eda7a-def5-0000-0000-000000000004",
	"00fa99b2-8c83-48db-827c-e1ca4e525cb6");
INSERT INTO V_AVL
	VALUES ("eaed51b5-6537-4a8e-8652-292a72122f0e",
	"28cd79c7-86ee-46c1-b191-d52ed317d748",
	"7f6f388d-edba-4bfb-b83c-533ee6906124",
	"aafed48c-0ed9-4817-81b8-fbd9965ebb09");
INSERT INTO V_VAL
	VALUES ("43b87d2a-271b-465d-86e6-960f624d6b74",
	0,
	0,
	129,
	57,
	60,
	0,
	0,
	0,
	0,
	"ba5eda7a-def5-0000-0000-000000000004",
	"00fa99b2-8c83-48db-827c-e1ca4e525cb6");
INSERT INTO V_LST
	VALUES ("43b87d2a-271b-465d-86e6-960f624d6b74",
	'Aug');
INSERT INTO V_VAL
	VALUES ("cf454cf6-ee69-49c3-a1f7-df5bc73bc3a0",
	1,
	0,
	130,
	38,
	39,
	0,
	0,
	0,
	0,
	"ba5eda7a-def5-0000-0000-000000000008",
	"00fa99b2-8c83-48db-827c-e1ca4e525cb6");
INSERT INTO V_IRF
	VALUES ("cf454cf6-ee69-49c3-a1f7-df5bc73bc3a0",
	"83dd10a4-04b6-4155-bfad-b5918ca11a12");
INSERT INTO V_VAL
	VALUES ("db7ff677-87ae-42a3-84fb-cee181affb4f",
	1,
	0,
	130,
	41,
	43,
	0,
	0,
	0,
	0,
	"ba5eda7a-def5-0000-0000-000000000002",
	"00fa99b2-8c83-48db-827c-e1ca4e525cb6");
INSERT INTO V_AVL
	VALUES ("db7ff677-87ae-42a3-84fb-cee181affb4f",
	"cf454cf6-ee69-49c3-a1f7-df5bc73bc3a0",
	"7f6f388d-edba-4bfb-b83c-533ee6906124",
	"d8239b0c-3bf7-4803-85ce-207d1253ef82");
INSERT INTO V_VAL
	VALUES ("313c7cab-7669-475c-9c8a-db3d4de2d2f3",
	0,
	0,
	130,
	47,
	47,
	0,
	0,
	0,
	0,
	"ba5eda7a-def5-0000-0000-000000000002",
	"00fa99b2-8c83-48db-827c-e1ca4e525cb6");
INSERT INTO V_LIN
	VALUES ("313c7cab-7669-475c-9c8a-db3d4de2d2f3",
	'3');
INSERT INTO V_VAL
	VALUES ("8ed41bd8-2a56-49e4-9526-8948daf16350",
	1,
	0,
	130,
	50,
	51,
	0,
	0,
	0,
	0,
	"ba5eda7a-def5-0000-0000-000000000008",
	"00fa99b2-8c83-48db-827c-e1ca4e525cb6");
INSERT INTO V_IRF
	VALUES ("8ed41bd8-2a56-49e4-9526-8948daf16350",
	"83dd10a4-04b6-4155-bfad-b5918ca11a12");
INSERT INTO V_VAL
	VALUES ("75955246-82db-4d24-9884-62fed78dd0e5",
	1,
	0,
	130,
	53,
	53,
	0,
	0,
	0,
	0,
	"ba5eda7a-def5-0000-0000-000000000004",
	"00fa99b2-8c83-48db-827c-e1ca4e525cb6");
INSERT INTO V_AVL
	VALUES ("75955246-82db-4d24-9884-62fed78dd0e5",
	"8ed41bd8-2a56-49e4-9526-8948daf16350",
	"7f6f388d-edba-4bfb-b83c-533ee6906124",
	"aafed48c-0ed9-4817-81b8-fbd9965ebb09");
INSERT INTO V_VAL
	VALUES ("4a17896c-c336-4a2b-8055-980a3df31a6d",
	0,
	0,
	130,
	57,
	60,
	0,
	0,
	0,
	0,
	"ba5eda7a-def5-0000-0000-000000000004",
	"00fa99b2-8c83-48db-827c-e1ca4e525cb6");
INSERT INTO V_LST
	VALUES ("4a17896c-c336-4a2b-8055-980a3df31a6d",
	'Apr');
INSERT INTO V_VAL
	VALUES ("54366ed3-3c0e-4d59-a3f6-e12b9b8d4a3e",
	1,
	0,
	131,
	38,
	39,
	0,
	0,
	0,
	0,
	"ba5eda7a-def5-0000-0000-000000000008",
	"00fa99b2-8c83-48db-827c-e1ca4e525cb6");
INSERT INTO V_IRF
	VALUES ("54366ed3-3c0e-4d59-a3f6-e12b9b8d4a3e",
	"9582a3f3-1c95-4db8-965d-7e5888ffe3a5");
INSERT INTO V_VAL
	VALUES ("b3ad81c6-dc8f-4354-a9a9-86e4185a5f2c",
	1,
	0,
	131,
	41,
	43,
	0,
	0,
	0,
	0,
	"ba5eda7a-def5-0000-0000-000000000002",
	"00fa99b2-8c83-48db-827c-e1ca4e525cb6");
INSERT INTO V_AVL
	VALUES ("b3ad81c6-dc8f-4354-a9a9-86e4185a5f2c",
	"54366ed3-3c0e-4d59-a3f6-e12b9b8d4a3e",
	"7f6f388d-edba-4bfb-b83c-533ee6906124",
	"d8239b0c-3bf7-4803-85ce-207d1253ef82");
INSERT INTO V_VAL
	VALUES ("866d958e-f1f4-4d22-a8bb-fd9089326e35",
	0,
	0,
	131,
	47,
	47,
	0,
	0,
	0,
	0,
	"ba5eda7a-def5-0000-0000-000000000002",
	"00fa99b2-8c83-48db-827c-e1ca4e525cb6");
INSERT INTO V_LIN
	VALUES ("866d958e-f1f4-4d22-a8bb-fd9089326e35",
	'2');
INSERT INTO V_VAL
	VALUES ("85625cf5-688c-4d92-8978-1948d31c40e9",
	1,
	0,
	131,
	50,
	51,
	0,
	0,
	0,
	0,
	"ba5eda7a-def5-0000-0000-000000000008",
	"00fa99b2-8c83-48db-827c-e1ca4e525cb6");
INSERT INTO V_IRF
	VALUES ("85625cf5-688c-4d92-8978-1948d31c40e9",
	"9582a3f3-1c95-4db8-965d-7e5888ffe3a5");
INSERT INTO V_VAL
	VALUES ("1b2bab4c-e497-49a9-b175-e44a86f42ce0",
	1,
	0,
	131,
	53,
	53,
	0,
	0,
	0,
	0,
	"ba5eda7a-def5-0000-0000-000000000004",
	"00fa99b2-8c83-48db-827c-e1ca4e525cb6");
INSERT INTO V_AVL
	VALUES ("1b2bab4c-e497-49a9-b175-e44a86f42ce0",
	"85625cf5-688c-4d92-8978-1948d31c40e9",
	"7f6f388d-edba-4bfb-b83c-533ee6906124",
	"aafed48c-0ed9-4817-81b8-fbd9965ebb09");
INSERT INTO V_VAL
	VALUES ("f88f264a-0110-462c-b8b9-b55ebcf4f857",
	0,
	0,
	131,
	57,
	60,
	0,
	0,
	0,
	0,
	"ba5eda7a-def5-0000-0000-000000000004",
	"00fa99b2-8c83-48db-827c-e1ca4e525cb6");
INSERT INTO V_LST
	VALUES ("f88f264a-0110-462c-b8b9-b55ebcf4f857",
	'Dec');
INSERT INTO V_VAL
	VALUES ("7248f6b7-39ba-4178-b374-d6c31bd14ed7",
	1,
	0,
	132,
	38,
	39,
	0,
	0,
	0,
	0,
	"ba5eda7a-def5-0000-0000-000000000008",
	"00fa99b2-8c83-48db-827c-e1ca4e525cb6");
INSERT INTO V_IRF
	VALUES ("7248f6b7-39ba-4178-b374-d6c31bd14ed7",
	"600dc57d-8b90-484e-921d-bc6dcf1ecf42");
INSERT INTO V_VAL
	VALUES ("eb7e7789-3237-4806-ba0b-b1b06a29d459",
	1,
	0,
	132,
	41,
	43,
	0,
	0,
	0,
	0,
	"ba5eda7a-def5-0000-0000-000000000002",
	"00fa99b2-8c83-48db-827c-e1ca4e525cb6");
INSERT INTO V_AVL
	VALUES ("eb7e7789-3237-4806-ba0b-b1b06a29d459",
	"7248f6b7-39ba-4178-b374-d6c31bd14ed7",
	"7f6f388d-edba-4bfb-b83c-533ee6906124",
	"d8239b0c-3bf7-4803-85ce-207d1253ef82");
INSERT INTO V_VAL
	VALUES ("069fefb5-2bc5-4e05-a7dd-392bc1dad8ef",
	0,
	0,
	132,
	47,
	47,
	0,
	0,
	0,
	0,
	"ba5eda7a-def5-0000-0000-000000000002",
	"00fa99b2-8c83-48db-827c-e1ca4e525cb6");
INSERT INTO V_LIN
	VALUES ("069fefb5-2bc5-4e05-a7dd-392bc1dad8ef",
	'1');
INSERT INTO V_VAL
	VALUES ("f32f50fd-a7b4-4f3b-92d8-581d248d74ce",
	1,
	0,
	132,
	50,
	51,
	0,
	0,
	0,
	0,
	"ba5eda7a-def5-0000-0000-000000000008",
	"00fa99b2-8c83-48db-827c-e1ca4e525cb6");
INSERT INTO V_IRF
	VALUES ("f32f50fd-a7b4-4f3b-92d8-581d248d74ce",
	"600dc57d-8b90-484e-921d-bc6dcf1ecf42");
INSERT INTO V_VAL
	VALUES ("43b99f54-0300-4fa6-902a-8f408781e04d",
	1,
	0,
	132,
	53,
	53,
	0,
	0,
	0,
	0,
	"ba5eda7a-def5-0000-0000-000000000004",
	"00fa99b2-8c83-48db-827c-e1ca4e525cb6");
INSERT INTO V_AVL
	VALUES ("43b99f54-0300-4fa6-902a-8f408781e04d",
	"f32f50fd-a7b4-4f3b-92d8-581d248d74ce",
	"7f6f388d-edba-4bfb-b83c-533ee6906124",
	"aafed48c-0ed9-4817-81b8-fbd9965ebb09");
INSERT INTO V_VAL
	VALUES ("d8d05ce1-d412-4895-a33f-ad419c669a63",
	0,
	0,
	132,
	57,
	60,
	0,
	0,
	0,
	0,
	"ba5eda7a-def5-0000-0000-000000000004",
	"00fa99b2-8c83-48db-827c-e1ca4e525cb6");
INSERT INTO V_LST
	VALUES ("d8d05ce1-d412-4895-a33f-ad419c669a63",
	'Nov');
INSERT INTO V_VAL
	VALUES ("b7ab9a57-e362-4108-8d12-2de25b49b5fe",
	1,
	0,
	140,
	38,
	39,
	0,
	0,
	0,
	0,
	"ba5eda7a-def5-0000-0000-000000000008",
	"00fa99b2-8c83-48db-827c-e1ca4e525cb6");
INSERT INTO V_IRF
	VALUES ("b7ab9a57-e362-4108-8d12-2de25b49b5fe",
	"45fd84d7-cec1-4f46-891c-bbb5f56e8b7d");
INSERT INTO V_VAL
	VALUES ("cb2b82f4-e74f-4c0e-b5ca-f773e28da8af",
	1,
	0,
	140,
	41,
	44,
	0,
	0,
	0,
	0,
	"ba5eda7a-def5-0000-0000-000000000004",
	"00fa99b2-8c83-48db-827c-e1ca4e525cb6");
INSERT INTO V_AVL
	VALUES ("cb2b82f4-e74f-4c0e-b5ca-f773e28da8af",
	"b7ab9a57-e362-4108-8d12-2de25b49b5fe",
	"16f7cfb9-3145-4027-8b3a-13a0b9770ae3",
	"511a2f25-ac39-40ca-8751-6d3e31a61852");
INSERT INTO V_VAL
	VALUES ("6704f49f-9fde-4196-991c-214515f4c783",
	0,
	0,
	140,
	48,
	52,
	0,
	0,
	0,
	0,
	"ba5eda7a-def5-0000-0000-000000000004",
	"00fa99b2-8c83-48db-827c-e1ca4e525cb6");
INSERT INTO V_LST
	VALUES ("6704f49f-9fde-4196-991c-214515f4c783",
	'Cort');
INSERT INTO V_VAL
	VALUES ("01b2c5f0-8ea5-452c-bae7-0c887f55600c",
	1,
	0,
	141,
	38,
	39,
	0,
	0,
	0,
	0,
	"ba5eda7a-def5-0000-0000-000000000008",
	"00fa99b2-8c83-48db-827c-e1ca4e525cb6");
INSERT INTO V_IRF
	VALUES ("01b2c5f0-8ea5-452c-bae7-0c887f55600c",
	"a7fef344-3837-45f7-9747-f00a41635d82");
INSERT INTO V_VAL
	VALUES ("02e451f7-716a-418f-a044-79b3201fc385",
	1,
	0,
	141,
	41,
	44,
	0,
	0,
	0,
	0,
	"ba5eda7a-def5-0000-0000-000000000004",
	"00fa99b2-8c83-48db-827c-e1ca4e525cb6");
INSERT INTO V_AVL
	VALUES ("02e451f7-716a-418f-a044-79b3201fc385",
	"01b2c5f0-8ea5-452c-bae7-0c887f55600c",
	"16f7cfb9-3145-4027-8b3a-13a0b9770ae3",
	"511a2f25-ac39-40ca-8751-6d3e31a61852");
INSERT INTO V_VAL
	VALUES ("1fb4547e-fa2a-4662-a403-e472433f4d8b",
	0,
	0,
	141,
	48,
	51,
	0,
	0,
	0,
	0,
	"ba5eda7a-def5-0000-0000-000000000004",
	"00fa99b2-8c83-48db-827c-e1ca4e525cb6");
INSERT INTO V_LST
	VALUES ("1fb4547e-fa2a-4662-a403-e472433f4d8b",
	'Rox');
INSERT INTO V_VAL
	VALUES ("f0529dbe-3d5b-462a-8083-28969c1ceaca",
	1,
	0,
	142,
	38,
	39,
	0,
	0,
	0,
	0,
	"ba5eda7a-def5-0000-0000-000000000008",
	"00fa99b2-8c83-48db-827c-e1ca4e525cb6");
INSERT INTO V_IRF
	VALUES ("f0529dbe-3d5b-462a-8083-28969c1ceaca",
	"99817c3c-9cde-4884-aec2-2c3d42186f17");
INSERT INTO V_VAL
	VALUES ("9de79355-28a3-4e25-aedc-1c60a33afd10",
	1,
	0,
	142,
	41,
	44,
	0,
	0,
	0,
	0,
	"ba5eda7a-def5-0000-0000-000000000004",
	"00fa99b2-8c83-48db-827c-e1ca4e525cb6");
INSERT INTO V_AVL
	VALUES ("9de79355-28a3-4e25-aedc-1c60a33afd10",
	"f0529dbe-3d5b-462a-8083-28969c1ceaca",
	"16f7cfb9-3145-4027-8b3a-13a0b9770ae3",
	"511a2f25-ac39-40ca-8751-6d3e31a61852");
INSERT INTO V_VAL
	VALUES ("ca9d9755-79fb-4886-8ec8-c71bf7e7dda6",
	0,
	0,
	142,
	48,
	52,
	0,
	0,
	0,
	0,
	"ba5eda7a-def5-0000-0000-000000000004",
	"00fa99b2-8c83-48db-827c-e1ca4e525cb6");
INSERT INTO V_LST
	VALUES ("ca9d9755-79fb-4886-8ec8-c71bf7e7dda6",
	'Sean');
INSERT INTO V_VAL
	VALUES ("8ee44d7e-9490-42ea-9b9d-0a9f8927e422",
	1,
	0,
	143,
	38,
	39,
	0,
	0,
	0,
	0,
	"ba5eda7a-def5-0000-0000-000000000008",
	"00fa99b2-8c83-48db-827c-e1ca4e525cb6");
INSERT INTO V_IRF
	VALUES ("8ee44d7e-9490-42ea-9b9d-0a9f8927e422",
	"89af936d-2819-470d-bec3-232020d37571");
INSERT INTO V_VAL
	VALUES ("8e7f1db0-6a70-4340-a1bc-7443d39360a8",
	1,
	0,
	143,
	41,
	44,
	0,
	0,
	0,
	0,
	"ba5eda7a-def5-0000-0000-000000000004",
	"00fa99b2-8c83-48db-827c-e1ca4e525cb6");
INSERT INTO V_AVL
	VALUES ("8e7f1db0-6a70-4340-a1bc-7443d39360a8",
	"8ee44d7e-9490-42ea-9b9d-0a9f8927e422",
	"16f7cfb9-3145-4027-8b3a-13a0b9770ae3",
	"511a2f25-ac39-40ca-8751-6d3e31a61852");
INSERT INTO V_VAL
	VALUES ("dfd141e7-2cde-4a43-9736-603e78dd9ccf",
	0,
	0,
	143,
	48,
	54,
	0,
	0,
	0,
	0,
	"ba5eda7a-def5-0000-0000-000000000004",
	"00fa99b2-8c83-48db-827c-e1ca4e525cb6");
INSERT INTO V_LST
	VALUES ("dfd141e7-2cde-4a43-9736-603e78dd9ccf",
	'Jacqui');
INSERT INTO V_VAL
	VALUES ("578cacdb-f5b6-47a5-bdab-477204b322cb",
	1,
	0,
	144,
	40,
	41,
	0,
	0,
	0,
	0,
	"ba5eda7a-def5-0000-0000-000000000008",
	"00fa99b2-8c83-48db-827c-e1ca4e525cb6");
INSERT INTO V_IRF
	VALUES ("578cacdb-f5b6-47a5-bdab-477204b322cb",
	"ed7792b1-1195-46f1-a618-4cc838b337d3");
INSERT INTO V_VAL
	VALUES ("d115b3c9-1bd0-47ce-a03c-495bd076fa20",
	1,
	0,
	144,
	43,
	46,
	0,
	0,
	0,
	0,
	"ba5eda7a-def5-0000-0000-000000000002",
	"00fa99b2-8c83-48db-827c-e1ca4e525cb6");
INSERT INTO V_AVL
	VALUES ("d115b3c9-1bd0-47ce-a03c-495bd076fa20",
	"578cacdb-f5b6-47a5-bdab-477204b322cb",
	"1303c58a-6a69-454d-8f4f-63a4c1d6bab1",
	"d82a0411-ea07-4bdb-a865-d30a24d46f09");
INSERT INTO V_VAL
	VALUES ("4c0988e1-a4a1-4294-aff8-4983a090e999",
	0,
	0,
	144,
	50,
	53,
	0,
	0,
	0,
	0,
	"ba5eda7a-def5-0000-0000-000000000002",
	"00fa99b2-8c83-48db-827c-e1ca4e525cb6");
INSERT INTO V_LIN
	VALUES ("4c0988e1-a4a1-4294-aff8-4983a090e999",
	'1988');
INSERT INTO V_VAL
	VALUES ("2d0c8c47-25fa-4218-acac-ebba2a419431",
	1,
	0,
	145,
	40,
	41,
	0,
	0,
	0,
	0,
	"ba5eda7a-def5-0000-0000-000000000008",
	"00fa99b2-8c83-48db-827c-e1ca4e525cb6");
INSERT INTO V_IRF
	VALUES ("2d0c8c47-25fa-4218-acac-ebba2a419431",
	"9bd18ed0-005c-4f13-954d-c6688d033b83");
INSERT INTO V_VAL
	VALUES ("98a46dba-f0ae-43b6-b7b8-f5b93fe2cf5e",
	1,
	0,
	145,
	43,
	46,
	0,
	0,
	0,
	0,
	"ba5eda7a-def5-0000-0000-000000000002",
	"00fa99b2-8c83-48db-827c-e1ca4e525cb6");
INSERT INTO V_AVL
	VALUES ("98a46dba-f0ae-43b6-b7b8-f5b93fe2cf5e",
	"2d0c8c47-25fa-4218-acac-ebba2a419431",
	"1303c58a-6a69-454d-8f4f-63a4c1d6bab1",
	"d82a0411-ea07-4bdb-a865-d30a24d46f09");
INSERT INTO V_VAL
	VALUES ("af73d278-ffc1-423d-b389-5006f970c55d",
	0,
	0,
	145,
	50,
	53,
	0,
	0,
	0,
	0,
	"ba5eda7a-def5-0000-0000-000000000002",
	"00fa99b2-8c83-48db-827c-e1ca4e525cb6");
INSERT INTO V_LIN
	VALUES ("af73d278-ffc1-423d-b389-5006f970c55d",
	'1990');
INSERT INTO V_VAL
	VALUES ("0038aeb3-9766-42c2-8a88-641c8344796d",
	1,
	0,
	150,
	38,
	39,
	0,
	0,
	0,
	0,
	"ba5eda7a-def5-0000-0000-000000000008",
	"00fa99b2-8c83-48db-827c-e1ca4e525cb6");
INSERT INTO V_IRF
	VALUES ("0038aeb3-9766-42c2-8a88-641c8344796d",
	"5479dbab-71f6-4fa4-ae49-d65dbe3d8d5e");
INSERT INTO V_VAL
	VALUES ("31842e46-3d2d-458d-b3be-5ed95fbb3320",
	1,
	0,
	150,
	41,
	44,
	0,
	0,
	0,
	0,
	"ba5eda7a-def5-0000-0000-000000000004",
	"00fa99b2-8c83-48db-827c-e1ca4e525cb6");
INSERT INTO V_AVL
	VALUES ("31842e46-3d2d-458d-b3be-5ed95fbb3320",
	"0038aeb3-9766-42c2-8a88-641c8344796d",
	"37232c72-a7ed-4c17-9fbc-5129fd3a4bae",
	"64e19701-0996-441a-b9ba-2eb09f2e9101");
INSERT INTO V_VAL
	VALUES ("ac75c3ea-fb6e-4589-a5dc-1af1f3c16871",
	0,
	0,
	150,
	48,
	52,
	0,
	0,
	0,
	0,
	"ba5eda7a-def5-0000-0000-000000000004",
	"00fa99b2-8c83-48db-827c-e1ca4e525cb6");
INSERT INTO V_LST
	VALUES ("ac75c3ea-fb6e-4589-a5dc-1af1f3c16871",
	'Cort');
INSERT INTO V_VAL
	VALUES ("3a0f1dd7-7848-4d4f-a344-b1e0649b7330",
	1,
	0,
	150,
	56,
	57,
	0,
	0,
	0,
	0,
	"ba5eda7a-def5-0000-0000-000000000008",
	"00fa99b2-8c83-48db-827c-e1ca4e525cb6");
INSERT INTO V_IRF
	VALUES ("3a0f1dd7-7848-4d4f-a344-b1e0649b7330",
	"5479dbab-71f6-4fa4-ae49-d65dbe3d8d5e");
INSERT INTO V_VAL
	VALUES ("0ecbc924-e90e-4b7e-afc8-581b3724b444",
	1,
	0,
	150,
	59,
	61,
	0,
	0,
	0,
	0,
	"ba5eda7a-def5-0000-0000-000000000002",
	"00fa99b2-8c83-48db-827c-e1ca4e525cb6");
INSERT INTO V_AVL
	VALUES ("0ecbc924-e90e-4b7e-afc8-581b3724b444",
	"3a0f1dd7-7848-4d4f-a344-b1e0649b7330",
	"37232c72-a7ed-4c17-9fbc-5129fd3a4bae",
	"37498bef-3676-4e9a-a074-be96b472c9c6");
INSERT INTO V_VAL
	VALUES ("c82a879c-14d9-4410-88ad-1457ac5d7275",
	0,
	0,
	150,
	65,
	66,
	0,
	0,
	0,
	0,
	"ba5eda7a-def5-0000-0000-000000000002",
	"00fa99b2-8c83-48db-827c-e1ca4e525cb6");
INSERT INTO V_LIN
	VALUES ("c82a879c-14d9-4410-88ad-1457ac5d7275",
	'39');
INSERT INTO V_VAL
	VALUES ("844bb896-a121-4b28-b746-4f3fb8a5a704",
	1,
	0,
	151,
	38,
	39,
	0,
	0,
	0,
	0,
	"ba5eda7a-def5-0000-0000-000000000008",
	"00fa99b2-8c83-48db-827c-e1ca4e525cb6");
INSERT INTO V_IRF
	VALUES ("844bb896-a121-4b28-b746-4f3fb8a5a704",
	"f561a018-a081-4635-8a77-1692636e720b");
INSERT INTO V_VAL
	VALUES ("e2a34db8-5517-4b89-85fd-eb73e7bdeec8",
	1,
	0,
	151,
	41,
	44,
	0,
	0,
	0,
	0,
	"ba5eda7a-def5-0000-0000-000000000004",
	"00fa99b2-8c83-48db-827c-e1ca4e525cb6");
INSERT INTO V_AVL
	VALUES ("e2a34db8-5517-4b89-85fd-eb73e7bdeec8",
	"844bb896-a121-4b28-b746-4f3fb8a5a704",
	"37232c72-a7ed-4c17-9fbc-5129fd3a4bae",
	"64e19701-0996-441a-b9ba-2eb09f2e9101");
INSERT INTO V_VAL
	VALUES ("58e0059a-4bbf-44ab-8277-465e42458394",
	0,
	0,
	151,
	48,
	51,
	0,
	0,
	0,
	0,
	"ba5eda7a-def5-0000-0000-000000000004",
	"00fa99b2-8c83-48db-827c-e1ca4e525cb6");
INSERT INTO V_LST
	VALUES ("58e0059a-4bbf-44ab-8277-465e42458394",
	'Rox');
INSERT INTO V_VAL
	VALUES ("ab48ea04-cbdd-4978-962d-511a1ab14180",
	1,
	0,
	151,
	55,
	56,
	0,
	0,
	0,
	0,
	"ba5eda7a-def5-0000-0000-000000000008",
	"00fa99b2-8c83-48db-827c-e1ca4e525cb6");
INSERT INTO V_IRF
	VALUES ("ab48ea04-cbdd-4978-962d-511a1ab14180",
	"f561a018-a081-4635-8a77-1692636e720b");
INSERT INTO V_VAL
	VALUES ("ca2987e5-9415-4234-8e32-31344b8091ef",
	1,
	0,
	151,
	58,
	60,
	0,
	0,
	0,
	0,
	"ba5eda7a-def5-0000-0000-000000000002",
	"00fa99b2-8c83-48db-827c-e1ca4e525cb6");
INSERT INTO V_AVL
	VALUES ("ca2987e5-9415-4234-8e32-31344b8091ef",
	"ab48ea04-cbdd-4978-962d-511a1ab14180",
	"37232c72-a7ed-4c17-9fbc-5129fd3a4bae",
	"37498bef-3676-4e9a-a074-be96b472c9c6");
INSERT INTO V_VAL
	VALUES ("750743c0-e14a-419d-b8f9-5df0011830a0",
	0,
	0,
	151,
	64,
	65,
	0,
	0,
	0,
	0,
	"ba5eda7a-def5-0000-0000-000000000002",
	"00fa99b2-8c83-48db-827c-e1ca4e525cb6");
INSERT INTO V_LIN
	VALUES ("750743c0-e14a-419d-b8f9-5df0011830a0",
	'38');
INSERT INTO V_VAL
	VALUES ("46017e26-ebe4-49f8-b0a8-c888f5d70f4d",
	1,
	0,
	152,
	38,
	39,
	0,
	0,
	0,
	0,
	"ba5eda7a-def5-0000-0000-000000000008",
	"00fa99b2-8c83-48db-827c-e1ca4e525cb6");
INSERT INTO V_IRF
	VALUES ("46017e26-ebe4-49f8-b0a8-c888f5d70f4d",
	"5e070f4a-5eeb-47bb-82e3-61d3d042ccae");
INSERT INTO V_VAL
	VALUES ("5081745b-9277-4cfa-b819-8bec013cbba6",
	1,
	0,
	152,
	41,
	44,
	0,
	0,
	0,
	0,
	"ba5eda7a-def5-0000-0000-000000000004",
	"00fa99b2-8c83-48db-827c-e1ca4e525cb6");
INSERT INTO V_AVL
	VALUES ("5081745b-9277-4cfa-b819-8bec013cbba6",
	"46017e26-ebe4-49f8-b0a8-c888f5d70f4d",
	"37232c72-a7ed-4c17-9fbc-5129fd3a4bae",
	"64e19701-0996-441a-b9ba-2eb09f2e9101");
INSERT INTO V_VAL
	VALUES ("af99c6d4-5f4a-4918-b74e-388e4f493a02",
	0,
	0,
	152,
	48,
	54,
	0,
	0,
	0,
	0,
	"ba5eda7a-def5-0000-0000-000000000004",
	"00fa99b2-8c83-48db-827c-e1ca4e525cb6");
INSERT INTO V_LST
	VALUES ("af99c6d4-5f4a-4918-b74e-388e4f493a02",
	'Sevina');
INSERT INTO V_VAL
	VALUES ("ec5d27b9-fc67-4bc5-a906-3793292f39ce",
	1,
	0,
	152,
	58,
	59,
	0,
	0,
	0,
	0,
	"ba5eda7a-def5-0000-0000-000000000008",
	"00fa99b2-8c83-48db-827c-e1ca4e525cb6");
INSERT INTO V_IRF
	VALUES ("ec5d27b9-fc67-4bc5-a906-3793292f39ce",
	"5e070f4a-5eeb-47bb-82e3-61d3d042ccae");
INSERT INTO V_VAL
	VALUES ("3f9ea425-b934-45bb-b1db-369321aafde6",
	1,
	0,
	152,
	61,
	63,
	0,
	0,
	0,
	0,
	"ba5eda7a-def5-0000-0000-000000000002",
	"00fa99b2-8c83-48db-827c-e1ca4e525cb6");
INSERT INTO V_AVL
	VALUES ("3f9ea425-b934-45bb-b1db-369321aafde6",
	"ec5d27b9-fc67-4bc5-a906-3793292f39ce",
	"37232c72-a7ed-4c17-9fbc-5129fd3a4bae",
	"37498bef-3676-4e9a-a074-be96b472c9c6");
INSERT INTO V_VAL
	VALUES ("a1659013-7598-44cd-ada0-2b00ee3de244",
	0,
	0,
	152,
	67,
	68,
	0,
	0,
	0,
	0,
	"ba5eda7a-def5-0000-0000-000000000002",
	"00fa99b2-8c83-48db-827c-e1ca4e525cb6");
INSERT INTO V_LIN
	VALUES ("a1659013-7598-44cd-ada0-2b00ee3de244",
	'35');
INSERT INTO V_VAL
	VALUES ("4b316aee-6697-4328-8bfb-b481500685fb",
	1,
	0,
	153,
	38,
	39,
	0,
	0,
	0,
	0,
	"ba5eda7a-def5-0000-0000-000000000008",
	"00fa99b2-8c83-48db-827c-e1ca4e525cb6");
INSERT INTO V_IRF
	VALUES ("4b316aee-6697-4328-8bfb-b481500685fb",
	"52add318-f561-40c1-9a00-f7f55d160e9b");
INSERT INTO V_VAL
	VALUES ("1e4bde77-a712-4e0d-a381-41ff7319f550",
	1,
	0,
	153,
	41,
	44,
	0,
	0,
	0,
	0,
	"ba5eda7a-def5-0000-0000-000000000004",
	"00fa99b2-8c83-48db-827c-e1ca4e525cb6");
INSERT INTO V_AVL
	VALUES ("1e4bde77-a712-4e0d-a381-41ff7319f550",
	"4b316aee-6697-4328-8bfb-b481500685fb",
	"37232c72-a7ed-4c17-9fbc-5129fd3a4bae",
	"64e19701-0996-441a-b9ba-2eb09f2e9101");
INSERT INTO V_VAL
	VALUES ("b3ea3c8f-abb2-41db-a4b9-eddfed49125a",
	0,
	0,
	153,
	48,
	51,
	0,
	0,
	0,
	0,
	"ba5eda7a-def5-0000-0000-000000000004",
	"00fa99b2-8c83-48db-827c-e1ca4e525cb6");
INSERT INTO V_LST
	VALUES ("b3ea3c8f-abb2-41db-a4b9-eddfed49125a",
	'Joe');
INSERT INTO V_VAL
	VALUES ("7d57c6e9-f4a7-4b8b-8c3b-445f707387cb",
	1,
	0,
	153,
	55,
	56,
	0,
	0,
	0,
	0,
	"ba5eda7a-def5-0000-0000-000000000008",
	"00fa99b2-8c83-48db-827c-e1ca4e525cb6");
INSERT INTO V_IRF
	VALUES ("7d57c6e9-f4a7-4b8b-8c3b-445f707387cb",
	"52add318-f561-40c1-9a00-f7f55d160e9b");
INSERT INTO V_VAL
	VALUES ("2dde9160-b9c2-4ddd-95c4-8a008a3abd56",
	1,
	0,
	153,
	58,
	60,
	0,
	0,
	0,
	0,
	"ba5eda7a-def5-0000-0000-000000000002",
	"00fa99b2-8c83-48db-827c-e1ca4e525cb6");
INSERT INTO V_AVL
	VALUES ("2dde9160-b9c2-4ddd-95c4-8a008a3abd56",
	"7d57c6e9-f4a7-4b8b-8c3b-445f707387cb",
	"37232c72-a7ed-4c17-9fbc-5129fd3a4bae",
	"37498bef-3676-4e9a-a074-be96b472c9c6");
INSERT INTO V_VAL
	VALUES ("12ba7ef3-a238-4cd7-9a34-780862403fa3",
	0,
	0,
	153,
	64,
	65,
	0,
	0,
	0,
	0,
	"ba5eda7a-def5-0000-0000-000000000002",
	"00fa99b2-8c83-48db-827c-e1ca4e525cb6");
INSERT INTO V_LIN
	VALUES ("12ba7ef3-a238-4cd7-9a34-780862403fa3",
	'43');
INSERT INTO V_VAL
	VALUES ("1994a1d3-b45b-4ea6-b281-98fab7a3e721",
	1,
	0,
	154,
	38,
	39,
	0,
	0,
	0,
	0,
	"ba5eda7a-def5-0000-0000-000000000008",
	"00fa99b2-8c83-48db-827c-e1ca4e525cb6");
INSERT INTO V_IRF
	VALUES ("1994a1d3-b45b-4ea6-b281-98fab7a3e721",
	"cdc3ea48-b37b-43fc-adb5-54dce9ece6b5");
INSERT INTO V_VAL
	VALUES ("86dacc5a-7693-4302-9a93-0d79e840bbd2",
	1,
	0,
	154,
	41,
	44,
	0,
	0,
	0,
	0,
	"ba5eda7a-def5-0000-0000-000000000004",
	"00fa99b2-8c83-48db-827c-e1ca4e525cb6");
INSERT INTO V_AVL
	VALUES ("86dacc5a-7693-4302-9a93-0d79e840bbd2",
	"1994a1d3-b45b-4ea6-b281-98fab7a3e721",
	"37232c72-a7ed-4c17-9fbc-5129fd3a4bae",
	"64e19701-0996-441a-b9ba-2eb09f2e9101");
INSERT INTO V_VAL
	VALUES ("63783af7-fff7-471c-b88e-0a825d24bcaa",
	0,
	0,
	154,
	48,
	53,
	0,
	0,
	0,
	0,
	"ba5eda7a-def5-0000-0000-000000000004",
	"00fa99b2-8c83-48db-827c-e1ca4e525cb6");
INSERT INTO V_LST
	VALUES ("63783af7-fff7-471c-b88e-0a825d24bcaa",
	'Scott');
INSERT INTO V_VAL
	VALUES ("c38ec3a0-db7b-4d2a-9dbc-91fd54faa685",
	1,
	0,
	154,
	57,
	58,
	0,
	0,
	0,
	0,
	"ba5eda7a-def5-0000-0000-000000000008",
	"00fa99b2-8c83-48db-827c-e1ca4e525cb6");
INSERT INTO V_IRF
	VALUES ("c38ec3a0-db7b-4d2a-9dbc-91fd54faa685",
	"cdc3ea48-b37b-43fc-adb5-54dce9ece6b5");
INSERT INTO V_VAL
	VALUES ("1c1bfe39-8078-4688-b72a-8524c82c0b10",
	1,
	0,
	154,
	60,
	62,
	0,
	0,
	0,
	0,
	"ba5eda7a-def5-0000-0000-000000000002",
	"00fa99b2-8c83-48db-827c-e1ca4e525cb6");
INSERT INTO V_AVL
	VALUES ("1c1bfe39-8078-4688-b72a-8524c82c0b10",
	"c38ec3a0-db7b-4d2a-9dbc-91fd54faa685",
	"37232c72-a7ed-4c17-9fbc-5129fd3a4bae",
	"37498bef-3676-4e9a-a074-be96b472c9c6");
INSERT INTO V_VAL
	VALUES ("a9230006-1118-4ec8-bf6f-5504f30891bc",
	0,
	0,
	154,
	66,
	67,
	0,
	0,
	0,
	0,
	"ba5eda7a-def5-0000-0000-000000000002",
	"00fa99b2-8c83-48db-827c-e1ca4e525cb6");
INSERT INTO V_LIN
	VALUES ("a9230006-1118-4ec8-bf6f-5504f30891bc",
	'42');
INSERT INTO V_VAL
	VALUES ("65b7ad00-807d-484b-83e2-a9cbcc2c5d0f",
	1,
	0,
	155,
	38,
	39,
	0,
	0,
	0,
	0,
	"ba5eda7a-def5-0000-0000-000000000008",
	"00fa99b2-8c83-48db-827c-e1ca4e525cb6");
INSERT INTO V_IRF
	VALUES ("65b7ad00-807d-484b-83e2-a9cbcc2c5d0f",
	"47f82546-a3ff-49ff-94f7-91f6e7869918");
INSERT INTO V_VAL
	VALUES ("b165e490-7472-44c2-bcb4-94902a3a4c6c",
	1,
	0,
	155,
	41,
	44,
	0,
	0,
	0,
	0,
	"ba5eda7a-def5-0000-0000-000000000004",
	"00fa99b2-8c83-48db-827c-e1ca4e525cb6");
INSERT INTO V_AVL
	VALUES ("b165e490-7472-44c2-bcb4-94902a3a4c6c",
	"65b7ad00-807d-484b-83e2-a9cbcc2c5d0f",
	"37232c72-a7ed-4c17-9fbc-5129fd3a4bae",
	"64e19701-0996-441a-b9ba-2eb09f2e9101");
INSERT INTO V_VAL
	VALUES ("c0428145-15c2-4290-9535-836cddaf97f1",
	0,
	0,
	155,
	48,
	53,
	0,
	0,
	0,
	0,
	"ba5eda7a-def5-0000-0000-000000000004",
	"00fa99b2-8c83-48db-827c-e1ca4e525cb6");
INSERT INTO V_LST
	VALUES ("c0428145-15c2-4290-9535-836cddaf97f1",
	'Jason');
INSERT INTO V_VAL
	VALUES ("fd5e14f6-1ddb-4c68-8151-a91d2e6423c4",
	1,
	0,
	155,
	57,
	58,
	0,
	0,
	0,
	0,
	"ba5eda7a-def5-0000-0000-000000000008",
	"00fa99b2-8c83-48db-827c-e1ca4e525cb6");
INSERT INTO V_IRF
	VALUES ("fd5e14f6-1ddb-4c68-8151-a91d2e6423c4",
	"47f82546-a3ff-49ff-94f7-91f6e7869918");
INSERT INTO V_VAL
	VALUES ("25774313-5e37-434e-8e05-0de87048fb9f",
	1,
	0,
	155,
	60,
	62,
	0,
	0,
	0,
	0,
	"ba5eda7a-def5-0000-0000-000000000002",
	"00fa99b2-8c83-48db-827c-e1ca4e525cb6");
INSERT INTO V_AVL
	VALUES ("25774313-5e37-434e-8e05-0de87048fb9f",
	"fd5e14f6-1ddb-4c68-8151-a91d2e6423c4",
	"37232c72-a7ed-4c17-9fbc-5129fd3a4bae",
	"37498bef-3676-4e9a-a074-be96b472c9c6");
INSERT INTO V_VAL
	VALUES ("52b2f22f-45e1-4af2-a53e-c16393a3a497",
	0,
	0,
	155,
	66,
	67,
	0,
	0,
	0,
	0,
	"ba5eda7a-def5-0000-0000-000000000002",
	"00fa99b2-8c83-48db-827c-e1ca4e525cb6");
INSERT INTO V_LIN
	VALUES ("52b2f22f-45e1-4af2-a53e-c16393a3a497",
	'31');
INSERT INTO V_VAL
	VALUES ("aa7df20b-b40a-4dd1-930d-5b92e491598f",
	1,
	0,
	156,
	42,
	43,
	0,
	0,
	0,
	0,
	"ba5eda7a-def5-0000-0000-000000000008",
	"00fa99b2-8c83-48db-827c-e1ca4e525cb6");
INSERT INTO V_IRF
	VALUES ("aa7df20b-b40a-4dd1-930d-5b92e491598f",
	"9f98ce0f-d2ab-4cd5-987a-a2ccfa021341");
INSERT INTO V_VAL
	VALUES ("3c6310e7-d7f4-41ab-bd2f-94ec3a2e3bc6",
	1,
	0,
	156,
	45,
	52,
	0,
	0,
	0,
	0,
	"ba5eda7a-def5-0000-0000-000000000002",
	"00fa99b2-8c83-48db-827c-e1ca4e525cb6");
INSERT INTO V_AVL
	VALUES ("3c6310e7-d7f4-41ab-bd2f-94ec3a2e3bc6",
	"aa7df20b-b40a-4dd1-930d-5b92e491598f",
	"1a0a7fbf-fcee-426a-a47f-eb1a0de6fbe2",
	"b1af3ae0-1b25-4e93-b799-b2d67cd410d7");
INSERT INTO V_VAL
	VALUES ("a5f0cce0-0798-4af6-b2f1-de21f49d678b",
	0,
	0,
	156,
	56,
	56,
	0,
	0,
	0,
	0,
	"ba5eda7a-def5-0000-0000-000000000002",
	"00fa99b2-8c83-48db-827c-e1ca4e525cb6");
INSERT INTO V_LIN
	VALUES ("a5f0cce0-0798-4af6-b2f1-de21f49d678b",
	'1');
INSERT INTO V_VAL
	VALUES ("d2e47d73-7938-4772-b345-aa1789e088ea",
	1,
	0,
	156,
	59,
	60,
	0,
	0,
	0,
	0,
	"ba5eda7a-def5-0000-0000-000000000008",
	"00fa99b2-8c83-48db-827c-e1ca4e525cb6");
INSERT INTO V_IRF
	VALUES ("d2e47d73-7938-4772-b345-aa1789e088ea",
	"9f98ce0f-d2ab-4cd5-987a-a2ccfa021341");
INSERT INTO V_VAL
	VALUES ("c42957ae-bd77-4ddd-8308-330f15703297",
	1,
	0,
	156,
	62,
	70,
	0,
	0,
	0,
	0,
	"ba5eda7a-def5-0000-0000-000000000002",
	"00fa99b2-8c83-48db-827c-e1ca4e525cb6");
INSERT INTO V_AVL
	VALUES ("c42957ae-bd77-4ddd-8308-330f15703297",
	"d2e47d73-7938-4772-b345-aa1789e088ea",
	"1a0a7fbf-fcee-426a-a47f-eb1a0de6fbe2",
	"125908c7-8f29-451c-afbf-096f1379ba1b");
INSERT INTO V_VAL
	VALUES ("6a930efa-05c9-47e7-b2f1-45d449980a4c",
	0,
	0,
	156,
	74,
	75,
	0,
	0,
	0,
	0,
	"ba5eda7a-def5-0000-0000-000000000002",
	"00fa99b2-8c83-48db-827c-e1ca4e525cb6");
INSERT INTO V_LIN
	VALUES ("6a930efa-05c9-47e7-b2f1-45d449980a4c",
	'10');
INSERT INTO V_VAL
	VALUES ("15ed8077-d836-45c6-853d-08289d5c414f",
	1,
	0,
	157,
	42,
	43,
	0,
	0,
	0,
	0,
	"ba5eda7a-def5-0000-0000-000000000008",
	"00fa99b2-8c83-48db-827c-e1ca4e525cb6");
INSERT INTO V_IRF
	VALUES ("15ed8077-d836-45c6-853d-08289d5c414f",
	"c09da326-f41f-46b3-aa16-f171fb9b3468");
INSERT INTO V_VAL
	VALUES ("47fecd1c-b6ef-4f9f-bbbb-3ec406adb663",
	1,
	0,
	157,
	45,
	52,
	0,
	0,
	0,
	0,
	"ba5eda7a-def5-0000-0000-000000000002",
	"00fa99b2-8c83-48db-827c-e1ca4e525cb6");
INSERT INTO V_AVL
	VALUES ("47fecd1c-b6ef-4f9f-bbbb-3ec406adb663",
	"15ed8077-d836-45c6-853d-08289d5c414f",
	"1a0a7fbf-fcee-426a-a47f-eb1a0de6fbe2",
	"b1af3ae0-1b25-4e93-b799-b2d67cd410d7");
INSERT INTO V_VAL
	VALUES ("d61e2d56-fab2-4454-a600-9518dbb171cf",
	0,
	0,
	157,
	56,
	56,
	0,
	0,
	0,
	0,
	"ba5eda7a-def5-0000-0000-000000000002",
	"00fa99b2-8c83-48db-827c-e1ca4e525cb6");
INSERT INTO V_LIN
	VALUES ("d61e2d56-fab2-4454-a600-9518dbb171cf",
	'2');
INSERT INTO V_VAL
	VALUES ("be5ee659-f04d-4fc2-9e8f-2cc84d744dcd",
	1,
	0,
	157,
	59,
	60,
	0,
	0,
	0,
	0,
	"ba5eda7a-def5-0000-0000-000000000008",
	"00fa99b2-8c83-48db-827c-e1ca4e525cb6");
INSERT INTO V_IRF
	VALUES ("be5ee659-f04d-4fc2-9e8f-2cc84d744dcd",
	"c09da326-f41f-46b3-aa16-f171fb9b3468");
INSERT INTO V_VAL
	VALUES ("a522c812-c719-4d75-8561-a8af8cae50d4",
	1,
	0,
	157,
	62,
	70,
	0,
	0,
	0,
	0,
	"ba5eda7a-def5-0000-0000-000000000002",
	"00fa99b2-8c83-48db-827c-e1ca4e525cb6");
INSERT INTO V_AVL
	VALUES ("a522c812-c719-4d75-8561-a8af8cae50d4",
	"be5ee659-f04d-4fc2-9e8f-2cc84d744dcd",
	"1a0a7fbf-fcee-426a-a47f-eb1a0de6fbe2",
	"125908c7-8f29-451c-afbf-096f1379ba1b");
INSERT INTO V_VAL
	VALUES ("8cf879be-531f-4e83-84f1-4e36fbcc9cc4",
	0,
	0,
	157,
	74,
	75,
	0,
	0,
	0,
	0,
	"ba5eda7a-def5-0000-0000-000000000002",
	"00fa99b2-8c83-48db-827c-e1ca4e525cb6");
INSERT INTO V_LIN
	VALUES ("8cf879be-531f-4e83-84f1-4e36fbcc9cc4",
	'20');
INSERT INTO V_VAL
	VALUES ("270c3677-3018-4ba5-9286-cd6f074e3c0f",
	1,
	0,
	158,
	42,
	43,
	0,
	0,
	0,
	0,
	"ba5eda7a-def5-0000-0000-000000000008",
	"00fa99b2-8c83-48db-827c-e1ca4e525cb6");
INSERT INTO V_IRF
	VALUES ("270c3677-3018-4ba5-9286-cd6f074e3c0f",
	"63f10a85-d8cb-4206-9c9e-5757dc64f491");
INSERT INTO V_VAL
	VALUES ("0c10c395-e9ab-454b-a2e7-127f01676e19",
	1,
	0,
	158,
	45,
	52,
	0,
	0,
	0,
	0,
	"ba5eda7a-def5-0000-0000-000000000002",
	"00fa99b2-8c83-48db-827c-e1ca4e525cb6");
INSERT INTO V_AVL
	VALUES ("0c10c395-e9ab-454b-a2e7-127f01676e19",
	"270c3677-3018-4ba5-9286-cd6f074e3c0f",
	"1a0a7fbf-fcee-426a-a47f-eb1a0de6fbe2",
	"b1af3ae0-1b25-4e93-b799-b2d67cd410d7");
INSERT INTO V_VAL
	VALUES ("34f1656e-ac92-4c6a-b005-4ec320cc7074",
	0,
	0,
	158,
	56,
	56,
	0,
	0,
	0,
	0,
	"ba5eda7a-def5-0000-0000-000000000002",
	"00fa99b2-8c83-48db-827c-e1ca4e525cb6");
INSERT INTO V_LIN
	VALUES ("34f1656e-ac92-4c6a-b005-4ec320cc7074",
	'3');
INSERT INTO V_VAL
	VALUES ("a425fb28-f361-40d5-a4f4-ce51bddb32a0",
	1,
	0,
	158,
	59,
	60,
	0,
	0,
	0,
	0,
	"ba5eda7a-def5-0000-0000-000000000008",
	"00fa99b2-8c83-48db-827c-e1ca4e525cb6");
INSERT INTO V_IRF
	VALUES ("a425fb28-f361-40d5-a4f4-ce51bddb32a0",
	"63f10a85-d8cb-4206-9c9e-5757dc64f491");
INSERT INTO V_VAL
	VALUES ("290c8ebc-1eba-4e05-8843-82c28cf660fd",
	1,
	0,
	158,
	62,
	70,
	0,
	0,
	0,
	0,
	"ba5eda7a-def5-0000-0000-000000000002",
	"00fa99b2-8c83-48db-827c-e1ca4e525cb6");
INSERT INTO V_AVL
	VALUES ("290c8ebc-1eba-4e05-8843-82c28cf660fd",
	"a425fb28-f361-40d5-a4f4-ce51bddb32a0",
	"1a0a7fbf-fcee-426a-a47f-eb1a0de6fbe2",
	"125908c7-8f29-451c-afbf-096f1379ba1b");
INSERT INTO V_VAL
	VALUES ("79fcd48e-818e-4d40-aee7-758004e70aff",
	0,
	0,
	158,
	74,
	75,
	0,
	0,
	0,
	0,
	"ba5eda7a-def5-0000-0000-000000000002",
	"00fa99b2-8c83-48db-827c-e1ca4e525cb6");
INSERT INTO V_LIN
	VALUES ("79fcd48e-818e-4d40-aee7-758004e70aff",
	'30');
INSERT INTO V_VAL
	VALUES ("1a59ace2-ad71-4243-b49d-4f1f33cab337",
	1,
	0,
	159,
	42,
	43,
	0,
	0,
	0,
	0,
	"ba5eda7a-def5-0000-0000-000000000008",
	"00fa99b2-8c83-48db-827c-e1ca4e525cb6");
INSERT INTO V_IRF
	VALUES ("1a59ace2-ad71-4243-b49d-4f1f33cab337",
	"c7378dcc-b717-46d4-880f-2cb208067b5c");
INSERT INTO V_VAL
	VALUES ("20fd8bf4-5fc1-48b0-9ac7-6ace3f72f5cf",
	1,
	0,
	159,
	45,
	52,
	0,
	0,
	0,
	0,
	"ba5eda7a-def5-0000-0000-000000000002",
	"00fa99b2-8c83-48db-827c-e1ca4e525cb6");
INSERT INTO V_AVL
	VALUES ("20fd8bf4-5fc1-48b0-9ac7-6ace3f72f5cf",
	"1a59ace2-ad71-4243-b49d-4f1f33cab337",
	"1a0a7fbf-fcee-426a-a47f-eb1a0de6fbe2",
	"b1af3ae0-1b25-4e93-b799-b2d67cd410d7");
INSERT INTO V_VAL
	VALUES ("5d50dc91-b62b-456d-8d95-0cf472b21664",
	0,
	0,
	159,
	56,
	56,
	0,
	0,
	0,
	0,
	"ba5eda7a-def5-0000-0000-000000000002",
	"00fa99b2-8c83-48db-827c-e1ca4e525cb6");
INSERT INTO V_LIN
	VALUES ("5d50dc91-b62b-456d-8d95-0cf472b21664",
	'4');
INSERT INTO V_VAL
	VALUES ("929987d6-f222-473b-88ce-d060a227a909",
	1,
	0,
	159,
	59,
	60,
	0,
	0,
	0,
	0,
	"ba5eda7a-def5-0000-0000-000000000008",
	"00fa99b2-8c83-48db-827c-e1ca4e525cb6");
INSERT INTO V_IRF
	VALUES ("929987d6-f222-473b-88ce-d060a227a909",
	"c7378dcc-b717-46d4-880f-2cb208067b5c");
INSERT INTO V_VAL
	VALUES ("4ff1de08-ba15-48e6-89d8-958c522a7f10",
	1,
	0,
	159,
	62,
	70,
	0,
	0,
	0,
	0,
	"ba5eda7a-def5-0000-0000-000000000002",
	"00fa99b2-8c83-48db-827c-e1ca4e525cb6");
INSERT INTO V_AVL
	VALUES ("4ff1de08-ba15-48e6-89d8-958c522a7f10",
	"929987d6-f222-473b-88ce-d060a227a909",
	"1a0a7fbf-fcee-426a-a47f-eb1a0de6fbe2",
	"125908c7-8f29-451c-afbf-096f1379ba1b");
INSERT INTO V_VAL
	VALUES ("54c5fd09-b5c2-4eb9-956e-ab363076795d",
	0,
	0,
	159,
	74,
	75,
	0,
	0,
	0,
	0,
	"ba5eda7a-def5-0000-0000-000000000002",
	"00fa99b2-8c83-48db-827c-e1ca4e525cb6");
INSERT INTO V_LIN
	VALUES ("54c5fd09-b5c2-4eb9-956e-ab363076795d",
	'40');
INSERT INTO V_VAL
	VALUES ("f8ffe2bc-6d21-478f-bd72-d2a31fdd4ade",
	1,
	0,
	160,
	42,
	43,
	0,
	0,
	0,
	0,
	"ba5eda7a-def5-0000-0000-000000000008",
	"00fa99b2-8c83-48db-827c-e1ca4e525cb6");
INSERT INTO V_IRF
	VALUES ("f8ffe2bc-6d21-478f-bd72-d2a31fdd4ade",
	"4fce52dc-0d1a-489d-befd-b0750630fdd7");
INSERT INTO V_VAL
	VALUES ("52049148-4777-4b6f-8ba8-ff89fad0b263",
	1,
	0,
	160,
	45,
	52,
	0,
	0,
	0,
	0,
	"ba5eda7a-def5-0000-0000-000000000002",
	"00fa99b2-8c83-48db-827c-e1ca4e525cb6");
INSERT INTO V_AVL
	VALUES ("52049148-4777-4b6f-8ba8-ff89fad0b263",
	"f8ffe2bc-6d21-478f-bd72-d2a31fdd4ade",
	"1a0a7fbf-fcee-426a-a47f-eb1a0de6fbe2",
	"b1af3ae0-1b25-4e93-b799-b2d67cd410d7");
INSERT INTO V_VAL
	VALUES ("3ab8dec4-9382-434b-8885-cf75ca14cb51",
	0,
	0,
	160,
	56,
	56,
	0,
	0,
	0,
	0,
	"ba5eda7a-def5-0000-0000-000000000002",
	"00fa99b2-8c83-48db-827c-e1ca4e525cb6");
INSERT INTO V_LIN
	VALUES ("3ab8dec4-9382-434b-8885-cf75ca14cb51",
	'5');
INSERT INTO V_VAL
	VALUES ("6b4d04b7-19bf-435c-86ba-afb7d4e89969",
	1,
	0,
	160,
	59,
	60,
	0,
	0,
	0,
	0,
	"ba5eda7a-def5-0000-0000-000000000008",
	"00fa99b2-8c83-48db-827c-e1ca4e525cb6");
INSERT INTO V_IRF
	VALUES ("6b4d04b7-19bf-435c-86ba-afb7d4e89969",
	"4fce52dc-0d1a-489d-befd-b0750630fdd7");
INSERT INTO V_VAL
	VALUES ("b8639fb7-c380-4ddc-9546-e9411ba33928",
	1,
	0,
	160,
	62,
	70,
	0,
	0,
	0,
	0,
	"ba5eda7a-def5-0000-0000-000000000002",
	"00fa99b2-8c83-48db-827c-e1ca4e525cb6");
INSERT INTO V_AVL
	VALUES ("b8639fb7-c380-4ddc-9546-e9411ba33928",
	"6b4d04b7-19bf-435c-86ba-afb7d4e89969",
	"1a0a7fbf-fcee-426a-a47f-eb1a0de6fbe2",
	"125908c7-8f29-451c-afbf-096f1379ba1b");
INSERT INTO V_VAL
	VALUES ("fd8a7364-5967-4f12-9c31-1333effc26f9",
	0,
	0,
	160,
	74,
	75,
	0,
	0,
	0,
	0,
	"ba5eda7a-def5-0000-0000-000000000002",
	"00fa99b2-8c83-48db-827c-e1ca4e525cb6");
INSERT INTO V_LIN
	VALUES ("fd8a7364-5967-4f12-9c31-1333effc26f9",
	'50');
INSERT INTO V_VAL
	VALUES ("9eb8ba5c-0709-494b-9b0a-df8f9d2f0108",
	1,
	0,
	161,
	42,
	43,
	0,
	0,
	0,
	0,
	"ba5eda7a-def5-0000-0000-000000000008",
	"00fa99b2-8c83-48db-827c-e1ca4e525cb6");
INSERT INTO V_IRF
	VALUES ("9eb8ba5c-0709-494b-9b0a-df8f9d2f0108",
	"e0454e2c-e309-4b58-be74-5b5596ced01d");
INSERT INTO V_VAL
	VALUES ("5926717b-d8c0-44fa-a35d-927bf9443ea6",
	1,
	0,
	161,
	45,
	52,
	0,
	0,
	0,
	0,
	"ba5eda7a-def5-0000-0000-000000000002",
	"00fa99b2-8c83-48db-827c-e1ca4e525cb6");
INSERT INTO V_AVL
	VALUES ("5926717b-d8c0-44fa-a35d-927bf9443ea6",
	"9eb8ba5c-0709-494b-9b0a-df8f9d2f0108",
	"1a0a7fbf-fcee-426a-a47f-eb1a0de6fbe2",
	"b1af3ae0-1b25-4e93-b799-b2d67cd410d7");
INSERT INTO V_VAL
	VALUES ("048b7d0a-5cc0-41f7-8905-7f033f53273b",
	0,
	0,
	161,
	56,
	56,
	0,
	0,
	0,
	0,
	"ba5eda7a-def5-0000-0000-000000000002",
	"00fa99b2-8c83-48db-827c-e1ca4e525cb6");
INSERT INTO V_LIN
	VALUES ("048b7d0a-5cc0-41f7-8905-7f033f53273b",
	'6');
INSERT INTO V_VAL
	VALUES ("6308444d-b9a8-4e8c-b1a1-9fad30fc9a62",
	1,
	0,
	161,
	59,
	60,
	0,
	0,
	0,
	0,
	"ba5eda7a-def5-0000-0000-000000000008",
	"00fa99b2-8c83-48db-827c-e1ca4e525cb6");
INSERT INTO V_IRF
	VALUES ("6308444d-b9a8-4e8c-b1a1-9fad30fc9a62",
	"e0454e2c-e309-4b58-be74-5b5596ced01d");
INSERT INTO V_VAL
	VALUES ("4d4cd631-7911-4b50-b38c-6894ff9392b0",
	1,
	0,
	161,
	62,
	70,
	0,
	0,
	0,
	0,
	"ba5eda7a-def5-0000-0000-000000000002",
	"00fa99b2-8c83-48db-827c-e1ca4e525cb6");
INSERT INTO V_AVL
	VALUES ("4d4cd631-7911-4b50-b38c-6894ff9392b0",
	"6308444d-b9a8-4e8c-b1a1-9fad30fc9a62",
	"1a0a7fbf-fcee-426a-a47f-eb1a0de6fbe2",
	"125908c7-8f29-451c-afbf-096f1379ba1b");
INSERT INTO V_VAL
	VALUES ("9bdc0d72-5aa8-4003-889f-143ad52c8da2",
	0,
	0,
	161,
	74,
	75,
	0,
	0,
	0,
	0,
	"ba5eda7a-def5-0000-0000-000000000002",
	"00fa99b2-8c83-48db-827c-e1ca4e525cb6");
INSERT INTO V_LIN
	VALUES ("9bdc0d72-5aa8-4003-889f-143ad52c8da2",
	'60');
INSERT INTO V_VAL
	VALUES ("7293a06e-7cbf-4df5-841c-37ada21558db",
	1,
	0,
	162,
	42,
	43,
	0,
	0,
	0,
	0,
	"ba5eda7a-def5-0000-0000-000000000008",
	"00fa99b2-8c83-48db-827c-e1ca4e525cb6");
INSERT INTO V_IRF
	VALUES ("7293a06e-7cbf-4df5-841c-37ada21558db",
	"5048e7df-5b34-4d49-964e-a804b4efd592");
INSERT INTO V_VAL
	VALUES ("46a3834b-7104-459b-812b-fefa9e79fa5f",
	1,
	0,
	162,
	45,
	52,
	0,
	0,
	0,
	0,
	"ba5eda7a-def5-0000-0000-000000000002",
	"00fa99b2-8c83-48db-827c-e1ca4e525cb6");
INSERT INTO V_AVL
	VALUES ("46a3834b-7104-459b-812b-fefa9e79fa5f",
	"7293a06e-7cbf-4df5-841c-37ada21558db",
	"1a0a7fbf-fcee-426a-a47f-eb1a0de6fbe2",
	"b1af3ae0-1b25-4e93-b799-b2d67cd410d7");
INSERT INTO V_VAL
	VALUES ("ac835932-f4c2-47bc-9579-8a53e9426022",
	0,
	0,
	162,
	56,
	56,
	0,
	0,
	0,
	0,
	"ba5eda7a-def5-0000-0000-000000000002",
	"00fa99b2-8c83-48db-827c-e1ca4e525cb6");
INSERT INTO V_LIN
	VALUES ("ac835932-f4c2-47bc-9579-8a53e9426022",
	'7');
INSERT INTO V_VAL
	VALUES ("0b2be63e-d6af-4e0c-95e4-e838ffcc22eb",
	1,
	0,
	162,
	59,
	60,
	0,
	0,
	0,
	0,
	"ba5eda7a-def5-0000-0000-000000000008",
	"00fa99b2-8c83-48db-827c-e1ca4e525cb6");
INSERT INTO V_IRF
	VALUES ("0b2be63e-d6af-4e0c-95e4-e838ffcc22eb",
	"5048e7df-5b34-4d49-964e-a804b4efd592");
INSERT INTO V_VAL
	VALUES ("5bdbb404-f84e-4ab8-92af-c5c5cec83bad",
	1,
	0,
	162,
	62,
	70,
	0,
	0,
	0,
	0,
	"ba5eda7a-def5-0000-0000-000000000002",
	"00fa99b2-8c83-48db-827c-e1ca4e525cb6");
INSERT INTO V_AVL
	VALUES ("5bdbb404-f84e-4ab8-92af-c5c5cec83bad",
	"0b2be63e-d6af-4e0c-95e4-e838ffcc22eb",
	"1a0a7fbf-fcee-426a-a47f-eb1a0de6fbe2",
	"125908c7-8f29-451c-afbf-096f1379ba1b");
INSERT INTO V_VAL
	VALUES ("5f1d58de-07ad-4741-bf41-01b1e8f8f6d2",
	0,
	0,
	162,
	74,
	75,
	0,
	0,
	0,
	0,
	"ba5eda7a-def5-0000-0000-000000000002",
	"00fa99b2-8c83-48db-827c-e1ca4e525cb6");
INSERT INTO V_LIN
	VALUES ("5f1d58de-07ad-4741-bf41-01b1e8f8f6d2",
	'70');
INSERT INTO V_VAL
	VALUES ("64a421cf-c982-4e5e-be73-cfd7907bfbb6",
	1,
	0,
	163,
	42,
	43,
	0,
	0,
	0,
	0,
	"ba5eda7a-def5-0000-0000-000000000008",
	"00fa99b2-8c83-48db-827c-e1ca4e525cb6");
INSERT INTO V_IRF
	VALUES ("64a421cf-c982-4e5e-be73-cfd7907bfbb6",
	"7d08d950-5fcc-4967-ac98-aa42db07fa21");
INSERT INTO V_VAL
	VALUES ("c555a155-44f9-4953-b5f6-b8ba72a2dcd9",
	1,
	0,
	163,
	45,
	52,
	0,
	0,
	0,
	0,
	"ba5eda7a-def5-0000-0000-000000000002",
	"00fa99b2-8c83-48db-827c-e1ca4e525cb6");
INSERT INTO V_AVL
	VALUES ("c555a155-44f9-4953-b5f6-b8ba72a2dcd9",
	"64a421cf-c982-4e5e-be73-cfd7907bfbb6",
	"1a0a7fbf-fcee-426a-a47f-eb1a0de6fbe2",
	"b1af3ae0-1b25-4e93-b799-b2d67cd410d7");
INSERT INTO V_VAL
	VALUES ("59b7eeaa-7ea5-4bc6-9ff5-d49ba83f579f",
	0,
	0,
	163,
	56,
	56,
	0,
	0,
	0,
	0,
	"ba5eda7a-def5-0000-0000-000000000002",
	"00fa99b2-8c83-48db-827c-e1ca4e525cb6");
INSERT INTO V_LIN
	VALUES ("59b7eeaa-7ea5-4bc6-9ff5-d49ba83f579f",
	'8');
INSERT INTO V_VAL
	VALUES ("7b5bf597-9626-4c2d-a829-734c172e5c82",
	1,
	0,
	163,
	59,
	60,
	0,
	0,
	0,
	0,
	"ba5eda7a-def5-0000-0000-000000000008",
	"00fa99b2-8c83-48db-827c-e1ca4e525cb6");
INSERT INTO V_IRF
	VALUES ("7b5bf597-9626-4c2d-a829-734c172e5c82",
	"7d08d950-5fcc-4967-ac98-aa42db07fa21");
INSERT INTO V_VAL
	VALUES ("252ad9ec-30c1-47c2-8676-b656b897d099",
	1,
	0,
	163,
	62,
	70,
	0,
	0,
	0,
	0,
	"ba5eda7a-def5-0000-0000-000000000002",
	"00fa99b2-8c83-48db-827c-e1ca4e525cb6");
INSERT INTO V_AVL
	VALUES ("252ad9ec-30c1-47c2-8676-b656b897d099",
	"7b5bf597-9626-4c2d-a829-734c172e5c82",
	"1a0a7fbf-fcee-426a-a47f-eb1a0de6fbe2",
	"125908c7-8f29-451c-afbf-096f1379ba1b");
INSERT INTO V_VAL
	VALUES ("c782e1dc-224b-4d38-b4e3-b301224c3bcf",
	0,
	0,
	163,
	74,
	75,
	0,
	0,
	0,
	0,
	"ba5eda7a-def5-0000-0000-000000000002",
	"00fa99b2-8c83-48db-827c-e1ca4e525cb6");
INSERT INTO V_LIN
	VALUES ("c782e1dc-224b-4d38-b4e3-b301224c3bcf",
	'80');
INSERT INTO V_VAL
	VALUES ("c08a7559-2406-454a-8b29-ff1233bf290b",
	1,
	0,
	164,
	42,
	43,
	0,
	0,
	0,
	0,
	"ba5eda7a-def5-0000-0000-000000000008",
	"00fa99b2-8c83-48db-827c-e1ca4e525cb6");
INSERT INTO V_IRF
	VALUES ("c08a7559-2406-454a-8b29-ff1233bf290b",
	"d1dfc7bf-e9a2-4c11-a7ec-4da070fedcdd");
INSERT INTO V_VAL
	VALUES ("cb6f86f8-adaf-4895-a33e-634ee8bb2b34",
	1,
	0,
	164,
	45,
	52,
	0,
	0,
	0,
	0,
	"ba5eda7a-def5-0000-0000-000000000002",
	"00fa99b2-8c83-48db-827c-e1ca4e525cb6");
INSERT INTO V_AVL
	VALUES ("cb6f86f8-adaf-4895-a33e-634ee8bb2b34",
	"c08a7559-2406-454a-8b29-ff1233bf290b",
	"1a0a7fbf-fcee-426a-a47f-eb1a0de6fbe2",
	"b1af3ae0-1b25-4e93-b799-b2d67cd410d7");
INSERT INTO V_VAL
	VALUES ("30f6935c-5bab-4c07-bdf3-da88fdfc8cde",
	0,
	0,
	164,
	56,
	56,
	0,
	0,
	0,
	0,
	"ba5eda7a-def5-0000-0000-000000000002",
	"00fa99b2-8c83-48db-827c-e1ca4e525cb6");
INSERT INTO V_LIN
	VALUES ("30f6935c-5bab-4c07-bdf3-da88fdfc8cde",
	'9');
INSERT INTO V_VAL
	VALUES ("58879ee9-c073-4987-b1b8-7dc697a742ba",
	1,
	0,
	164,
	59,
	60,
	0,
	0,
	0,
	0,
	"ba5eda7a-def5-0000-0000-000000000008",
	"00fa99b2-8c83-48db-827c-e1ca4e525cb6");
INSERT INTO V_IRF
	VALUES ("58879ee9-c073-4987-b1b8-7dc697a742ba",
	"d1dfc7bf-e9a2-4c11-a7ec-4da070fedcdd");
INSERT INTO V_VAL
	VALUES ("548708bc-bf86-4fbd-8f30-1ba4ff7d1504",
	1,
	0,
	164,
	62,
	70,
	0,
	0,
	0,
	0,
	"ba5eda7a-def5-0000-0000-000000000002",
	"00fa99b2-8c83-48db-827c-e1ca4e525cb6");
INSERT INTO V_AVL
	VALUES ("548708bc-bf86-4fbd-8f30-1ba4ff7d1504",
	"58879ee9-c073-4987-b1b8-7dc697a742ba",
	"1a0a7fbf-fcee-426a-a47f-eb1a0de6fbe2",
	"125908c7-8f29-451c-afbf-096f1379ba1b");
INSERT INTO V_VAL
	VALUES ("244f6bb4-b745-4ff6-9be4-8a9b975b6586",
	0,
	0,
	164,
	74,
	75,
	0,
	0,
	0,
	0,
	"ba5eda7a-def5-0000-0000-000000000002",
	"00fa99b2-8c83-48db-827c-e1ca4e525cb6");
INSERT INTO V_LIN
	VALUES ("244f6bb4-b745-4ff6-9be4-8a9b975b6586",
	'90');
INSERT INTO V_VAL
	VALUES ("352a3528-3e25-4732-b776-16942210636f",
	1,
	0,
	181,
	38,
	39,
	0,
	0,
	0,
	0,
	"ba5eda7a-def5-0000-0000-000000000008",
	"00fa99b2-8c83-48db-827c-e1ca4e525cb6");
INSERT INTO V_IRF
	VALUES ("352a3528-3e25-4732-b776-16942210636f",
	"49f86339-8180-4fe0-a178-110ca713d709");
INSERT INTO V_VAL
	VALUES ("cfa911c2-7db9-45ec-b39b-eaca049767f8",
	1,
	0,
	181,
	41,
	44,
	0,
	0,
	0,
	0,
	"ba5eda7a-def5-0000-0000-000000000004",
	"00fa99b2-8c83-48db-827c-e1ca4e525cb6");
INSERT INTO V_AVL
	VALUES ("cfa911c2-7db9-45ec-b39b-eaca049767f8",
	"352a3528-3e25-4732-b776-16942210636f",
	"2d8a3a17-c338-4915-b084-15abec5d8a3d",
	"cb066c6c-d0e8-4f6e-b276-f26fd1aeb4c5");
INSERT INTO V_VAL
	VALUES ("363e7fca-93df-4fba-8f5d-f48de5cf6725",
	0,
	0,
	181,
	48,
	51,
	0,
	0,
	0,
	0,
	"ba5eda7a-def5-0000-0000-000000000004",
	"00fa99b2-8c83-48db-827c-e1ca4e525cb6");
INSERT INTO V_LST
	VALUES ("363e7fca-93df-4fba-8f5d-f48de5cf6725",
	'Joe');
INSERT INTO V_VAL
	VALUES ("ae148598-fbe4-490f-84b4-8978dbed1ed3",
	1,
	0,
	181,
	55,
	56,
	0,
	0,
	0,
	0,
	"ba5eda7a-def5-0000-0000-000000000008",
	"00fa99b2-8c83-48db-827c-e1ca4e525cb6");
INSERT INTO V_IRF
	VALUES ("ae148598-fbe4-490f-84b4-8978dbed1ed3",
	"49f86339-8180-4fe0-a178-110ca713d709");
INSERT INTO V_VAL
	VALUES ("21827cc7-340f-487d-b820-fc5079775b33",
	1,
	0,
	181,
	58,
	62,
	0,
	0,
	0,
	0,
	"ba5eda7a-def5-0000-0000-000000000002",
	"00fa99b2-8c83-48db-827c-e1ca4e525cb6");
INSERT INTO V_AVL
	VALUES ("21827cc7-340f-487d-b820-fc5079775b33",
	"ae148598-fbe4-490f-84b4-8978dbed1ed3",
	"2d8a3a17-c338-4915-b084-15abec5d8a3d",
	"852c7603-0eaf-4c35-813d-b897ff81937e");
INSERT INTO V_VAL
	VALUES ("401c113c-9262-400c-bfad-de7dbeb25a89",
	0,
	0,
	181,
	66,
	66,
	0,
	0,
	0,
	0,
	"ba5eda7a-def5-0000-0000-000000000002",
	"00fa99b2-8c83-48db-827c-e1ca4e525cb6");
INSERT INTO V_LIN
	VALUES ("401c113c-9262-400c-bfad-de7dbeb25a89",
	'1');
INSERT INTO V_VAL
	VALUES ("487b20ce-8eaf-4bc4-9823-6351f71a2680",
	1,
	0,
	182,
	38,
	39,
	0,
	0,
	0,
	0,
	"ba5eda7a-def5-0000-0000-000000000008",
	"00fa99b2-8c83-48db-827c-e1ca4e525cb6");
INSERT INTO V_IRF
	VALUES ("487b20ce-8eaf-4bc4-9823-6351f71a2680",
	"f9493369-2180-4bdf-9b6e-8c4275d0d844");
INSERT INTO V_VAL
	VALUES ("e4528266-b105-44a2-acef-c65873cddc0f",
	1,
	0,
	182,
	41,
	44,
	0,
	0,
	0,
	0,
	"ba5eda7a-def5-0000-0000-000000000004",
	"00fa99b2-8c83-48db-827c-e1ca4e525cb6");
INSERT INTO V_AVL
	VALUES ("e4528266-b105-44a2-acef-c65873cddc0f",
	"487b20ce-8eaf-4bc4-9823-6351f71a2680",
	"2d8a3a17-c338-4915-b084-15abec5d8a3d",
	"cb066c6c-d0e8-4f6e-b276-f26fd1aeb4c5");
INSERT INTO V_VAL
	VALUES ("c1379750-1bf9-4ea6-a460-971bf1205e65",
	0,
	0,
	182,
	48,
	51,
	0,
	0,
	0,
	0,
	"ba5eda7a-def5-0000-0000-000000000004",
	"00fa99b2-8c83-48db-827c-e1ca4e525cb6");
INSERT INTO V_LST
	VALUES ("c1379750-1bf9-4ea6-a460-971bf1205e65",
	'Pat');
INSERT INTO V_VAL
	VALUES ("8a4f17a7-0c6d-4148-a713-49a15e240c4f",
	1,
	0,
	182,
	55,
	56,
	0,
	0,
	0,
	0,
	"ba5eda7a-def5-0000-0000-000000000008",
	"00fa99b2-8c83-48db-827c-e1ca4e525cb6");
INSERT INTO V_IRF
	VALUES ("8a4f17a7-0c6d-4148-a713-49a15e240c4f",
	"f9493369-2180-4bdf-9b6e-8c4275d0d844");
INSERT INTO V_VAL
	VALUES ("1c592e06-ba52-425b-8364-0a93cd876120",
	1,
	0,
	182,
	58,
	62,
	0,
	0,
	0,
	0,
	"ba5eda7a-def5-0000-0000-000000000002",
	"00fa99b2-8c83-48db-827c-e1ca4e525cb6");
INSERT INTO V_AVL
	VALUES ("1c592e06-ba52-425b-8364-0a93cd876120",
	"8a4f17a7-0c6d-4148-a713-49a15e240c4f",
	"2d8a3a17-c338-4915-b084-15abec5d8a3d",
	"852c7603-0eaf-4c35-813d-b897ff81937e");
INSERT INTO V_VAL
	VALUES ("4f8d1ed2-e9c0-42bb-afe8-a10a82b9183d",
	0,
	0,
	182,
	66,
	66,
	0,
	0,
	0,
	0,
	"ba5eda7a-def5-0000-0000-000000000002",
	"00fa99b2-8c83-48db-827c-e1ca4e525cb6");
INSERT INTO V_LIN
	VALUES ("4f8d1ed2-e9c0-42bb-afe8-a10a82b9183d",
	'2');
INSERT INTO V_VAL
	VALUES ("27f9f738-5c60-49d8-87d0-a2637cfe0857",
	1,
	0,
	183,
	38,
	39,
	0,
	0,
	0,
	0,
	"ba5eda7a-def5-0000-0000-000000000008",
	"00fa99b2-8c83-48db-827c-e1ca4e525cb6");
INSERT INTO V_IRF
	VALUES ("27f9f738-5c60-49d8-87d0-a2637cfe0857",
	"62e7667a-3024-4121-aa1f-9aac01121ec4");
INSERT INTO V_VAL
	VALUES ("df092bb7-174a-446f-b4ba-a6d9a7ae6195",
	1,
	0,
	183,
	41,
	44,
	0,
	0,
	0,
	0,
	"ba5eda7a-def5-0000-0000-000000000004",
	"00fa99b2-8c83-48db-827c-e1ca4e525cb6");
INSERT INTO V_AVL
	VALUES ("df092bb7-174a-446f-b4ba-a6d9a7ae6195",
	"27f9f738-5c60-49d8-87d0-a2637cfe0857",
	"2d8a3a17-c338-4915-b084-15abec5d8a3d",
	"cb066c6c-d0e8-4f6e-b276-f26fd1aeb4c5");
INSERT INTO V_VAL
	VALUES ("b54ed441-7e46-463f-991a-bbd73947f04e",
	0,
	0,
	183,
	48,
	53,
	0,
	0,
	0,
	0,
	"ba5eda7a-def5-0000-0000-000000000004",
	"00fa99b2-8c83-48db-827c-e1ca4e525cb6");
INSERT INTO V_LST
	VALUES ("b54ed441-7e46-463f-991a-bbd73947f04e",
	'Jason');
INSERT INTO V_VAL
	VALUES ("9ac519d5-7991-4ace-a612-144fcf353832",
	1,
	0,
	183,
	57,
	58,
	0,
	0,
	0,
	0,
	"ba5eda7a-def5-0000-0000-000000000008",
	"00fa99b2-8c83-48db-827c-e1ca4e525cb6");
INSERT INTO V_IRF
	VALUES ("9ac519d5-7991-4ace-a612-144fcf353832",
	"62e7667a-3024-4121-aa1f-9aac01121ec4");
INSERT INTO V_VAL
	VALUES ("33acdb31-3ea1-4481-85a9-5aab7d97b816",
	1,
	0,
	183,
	60,
	64,
	0,
	0,
	0,
	0,
	"ba5eda7a-def5-0000-0000-000000000002",
	"00fa99b2-8c83-48db-827c-e1ca4e525cb6");
INSERT INTO V_AVL
	VALUES ("33acdb31-3ea1-4481-85a9-5aab7d97b816",
	"9ac519d5-7991-4ace-a612-144fcf353832",
	"2d8a3a17-c338-4915-b084-15abec5d8a3d",
	"852c7603-0eaf-4c35-813d-b897ff81937e");
INSERT INTO V_VAL
	VALUES ("611632f8-0d18-4fdc-9100-a77ead2ad77c",
	0,
	0,
	183,
	68,
	68,
	0,
	0,
	0,
	0,
	"ba5eda7a-def5-0000-0000-000000000002",
	"00fa99b2-8c83-48db-827c-e1ca4e525cb6");
INSERT INTO V_LIN
	VALUES ("611632f8-0d18-4fdc-9100-a77ead2ad77c",
	'3');
INSERT INTO V_VAL
	VALUES ("7d29f9e6-2600-4ad5-b8fc-be3f1ba8559d",
	1,
	0,
	184,
	37,
	39,
	0,
	0,
	0,
	0,
	"ba5eda7a-def5-0000-0000-000000000008",
	"00fa99b2-8c83-48db-827c-e1ca4e525cb6");
INSERT INTO V_IRF
	VALUES ("7d29f9e6-2600-4ad5-b8fc-be3f1ba8559d",
	"c818b834-949d-4e85-9342-1fa0e538e3c1");
INSERT INTO V_VAL
	VALUES ("c186bc21-bbb0-4b0c-980c-0f8c28a05ed7",
	1,
	0,
	184,
	41,
	47,
	0,
	0,
	0,
	0,
	"ba5eda7a-def5-0000-0000-000000000002",
	"00fa99b2-8c83-48db-827c-e1ca4e525cb6");
INSERT INTO V_AVL
	VALUES ("c186bc21-bbb0-4b0c-980c-0f8c28a05ed7",
	"7d29f9e6-2600-4ad5-b8fc-be3f1ba8559d",
	"8bdb72ca-c37d-49f6-bc98-b97b5539f176",
	"cf30a8f2-d8a9-47d8-86cb-a4f06f654023");
INSERT INTO V_VAL
	VALUES ("57ef03b8-3c37-4e37-b0d9-9ca7da81fd77",
	0,
	0,
	184,
	51,
	51,
	0,
	0,
	0,
	0,
	"ba5eda7a-def5-0000-0000-000000000002",
	"00fa99b2-8c83-48db-827c-e1ca4e525cb6");
INSERT INTO V_LIN
	VALUES ("57ef03b8-3c37-4e37-b0d9-9ca7da81fd77",
	'1');
INSERT INTO V_VAL
	VALUES ("ff5df68f-d6bf-4b88-9ce3-9b6dd44ea0a6",
	1,
	0,
	184,
	54,
	56,
	0,
	0,
	0,
	0,
	"ba5eda7a-def5-0000-0000-000000000008",
	"00fa99b2-8c83-48db-827c-e1ca4e525cb6");
INSERT INTO V_IRF
	VALUES ("ff5df68f-d6bf-4b88-9ce3-9b6dd44ea0a6",
	"c818b834-949d-4e85-9342-1fa0e538e3c1");
INSERT INTO V_VAL
	VALUES ("a3a2fbc1-8808-4bcc-80e8-a6c178044876",
	1,
	0,
	184,
	58,
	62,
	0,
	0,
	0,
	0,
	"ba5eda7a-def5-0000-0000-000000000002",
	"00fa99b2-8c83-48db-827c-e1ca4e525cb6");
INSERT INTO V_AVL
	VALUES ("a3a2fbc1-8808-4bcc-80e8-a6c178044876",
	"ff5df68f-d6bf-4b88-9ce3-9b6dd44ea0a6",
	"8bdb72ca-c37d-49f6-bc98-b97b5539f176",
	"cf2ab345-f74a-4dd6-bb87-56e47bcd04cb");
INSERT INTO V_VAL
	VALUES ("4ccf890d-e8c9-45e3-95f6-28151df23341",
	0,
	0,
	-1,
	-1,
	-1,
	0,
	0,
	0,
	0,
	"ba5eda7a-def5-0000-0000-000000000002",
	"00fa99b2-8c83-48db-827c-e1ca4e525cb6");
INSERT INTO V_UNY
	VALUES ("4ccf890d-e8c9-45e3-95f6-28151df23341",
	"046b9259-28f2-4f45-8d0e-8d713f0fe89c",
	'-');
INSERT INTO V_VAL
	VALUES ("046b9259-28f2-4f45-8d0e-8d713f0fe89c",
	0,
	0,
	184,
	67,
	67,
	0,
	0,
	0,
	0,
	"ba5eda7a-def5-0000-0000-000000000002",
	"00fa99b2-8c83-48db-827c-e1ca4e525cb6");
INSERT INTO V_LIN
	VALUES ("046b9259-28f2-4f45-8d0e-8d713f0fe89c",
	'1');
INSERT INTO V_VAL
	VALUES ("4864f35f-ebe5-43c5-a906-2ee4314d01fa",
	1,
	0,
	185,
	37,
	39,
	0,
	0,
	0,
	0,
	"ba5eda7a-def5-0000-0000-000000000008",
	"00fa99b2-8c83-48db-827c-e1ca4e525cb6");
INSERT INTO V_IRF
	VALUES ("4864f35f-ebe5-43c5-a906-2ee4314d01fa",
	"74e7f292-14c2-4a0d-8902-13efba0c4809");
INSERT INTO V_VAL
	VALUES ("2ea8912e-3be6-4b43-a2ab-7947fb07b620",
	1,
	0,
	185,
	41,
	47,
	0,
	0,
	0,
	0,
	"ba5eda7a-def5-0000-0000-000000000002",
	"00fa99b2-8c83-48db-827c-e1ca4e525cb6");
INSERT INTO V_AVL
	VALUES ("2ea8912e-3be6-4b43-a2ab-7947fb07b620",
	"4864f35f-ebe5-43c5-a906-2ee4314d01fa",
	"8bdb72ca-c37d-49f6-bc98-b97b5539f176",
	"cf30a8f2-d8a9-47d8-86cb-a4f06f654023");
INSERT INTO V_VAL
	VALUES ("446dcd34-ef61-4de2-8aba-e2be3e1677d4",
	0,
	0,
	185,
	51,
	51,
	0,
	0,
	0,
	0,
	"ba5eda7a-def5-0000-0000-000000000002",
	"00fa99b2-8c83-48db-827c-e1ca4e525cb6");
INSERT INTO V_LIN
	VALUES ("446dcd34-ef61-4de2-8aba-e2be3e1677d4",
	'2');
INSERT INTO V_VAL
	VALUES ("69a67129-524c-43f1-a434-3ce5f9425d20",
	1,
	0,
	185,
	54,
	56,
	0,
	0,
	0,
	0,
	"ba5eda7a-def5-0000-0000-000000000008",
	"00fa99b2-8c83-48db-827c-e1ca4e525cb6");
INSERT INTO V_IRF
	VALUES ("69a67129-524c-43f1-a434-3ce5f9425d20",
	"74e7f292-14c2-4a0d-8902-13efba0c4809");
INSERT INTO V_VAL
	VALUES ("0baf138a-3822-42e0-84be-bc976685b8cf",
	1,
	0,
	185,
	58,
	62,
	0,
	0,
	0,
	0,
	"ba5eda7a-def5-0000-0000-000000000002",
	"00fa99b2-8c83-48db-827c-e1ca4e525cb6");
INSERT INTO V_AVL
	VALUES ("0baf138a-3822-42e0-84be-bc976685b8cf",
	"69a67129-524c-43f1-a434-3ce5f9425d20",
	"8bdb72ca-c37d-49f6-bc98-b97b5539f176",
	"cf2ab345-f74a-4dd6-bb87-56e47bcd04cb");
INSERT INTO V_VAL
	VALUES ("1bda0fca-8190-4739-877f-88175f8a5799",
	0,
	0,
	185,
	66,
	66,
	0,
	0,
	0,
	0,
	"ba5eda7a-def5-0000-0000-000000000002",
	"00fa99b2-8c83-48db-827c-e1ca4e525cb6");
INSERT INTO V_LIN
	VALUES ("1bda0fca-8190-4739-877f-88175f8a5799",
	'2');
INSERT INTO V_VAL
	VALUES ("64bcc3a7-0789-4913-a351-f0a0ac2d7131",
	1,
	0,
	186,
	37,
	39,
	0,
	0,
	0,
	0,
	"ba5eda7a-def5-0000-0000-000000000008",
	"00fa99b2-8c83-48db-827c-e1ca4e525cb6");
INSERT INTO V_IRF
	VALUES ("64bcc3a7-0789-4913-a351-f0a0ac2d7131",
	"829ed669-3a69-4d0c-a5c5-e80110da3af0");
INSERT INTO V_VAL
	VALUES ("18784686-0ef4-4613-b11c-c21ccdf80024",
	1,
	0,
	186,
	41,
	47,
	0,
	0,
	0,
	0,
	"ba5eda7a-def5-0000-0000-000000000002",
	"00fa99b2-8c83-48db-827c-e1ca4e525cb6");
INSERT INTO V_AVL
	VALUES ("18784686-0ef4-4613-b11c-c21ccdf80024",
	"64bcc3a7-0789-4913-a351-f0a0ac2d7131",
	"8bdb72ca-c37d-49f6-bc98-b97b5539f176",
	"cf30a8f2-d8a9-47d8-86cb-a4f06f654023");
INSERT INTO V_VAL
	VALUES ("c367bf9e-ba7b-46b3-842e-cec260ab0f58",
	0,
	0,
	186,
	51,
	51,
	0,
	0,
	0,
	0,
	"ba5eda7a-def5-0000-0000-000000000002",
	"00fa99b2-8c83-48db-827c-e1ca4e525cb6");
INSERT INTO V_LIN
	VALUES ("c367bf9e-ba7b-46b3-842e-cec260ab0f58",
	'3');
INSERT INTO V_VAL
	VALUES ("b0ab8f93-cbe2-4989-b839-152021e1e6c6",
	1,
	0,
	186,
	54,
	56,
	0,
	0,
	0,
	0,
	"ba5eda7a-def5-0000-0000-000000000008",
	"00fa99b2-8c83-48db-827c-e1ca4e525cb6");
INSERT INTO V_IRF
	VALUES ("b0ab8f93-cbe2-4989-b839-152021e1e6c6",
	"829ed669-3a69-4d0c-a5c5-e80110da3af0");
INSERT INTO V_VAL
	VALUES ("627d344f-e36f-400c-b2fc-cca8db3952f9",
	1,
	0,
	186,
	58,
	62,
	0,
	0,
	0,
	0,
	"ba5eda7a-def5-0000-0000-000000000002",
	"00fa99b2-8c83-48db-827c-e1ca4e525cb6");
INSERT INTO V_AVL
	VALUES ("627d344f-e36f-400c-b2fc-cca8db3952f9",
	"b0ab8f93-cbe2-4989-b839-152021e1e6c6",
	"8bdb72ca-c37d-49f6-bc98-b97b5539f176",
	"cf2ab345-f74a-4dd6-bb87-56e47bcd04cb");
INSERT INTO V_VAL
	VALUES ("4fe1b8db-bfee-46fb-925c-3e6f10f016f6",
	0,
	0,
	-1,
	-1,
	-1,
	0,
	0,
	0,
	0,
	"ba5eda7a-def5-0000-0000-000000000002",
	"00fa99b2-8c83-48db-827c-e1ca4e525cb6");
INSERT INTO V_UNY
	VALUES ("4fe1b8db-bfee-46fb-925c-3e6f10f016f6",
	"7f227bb2-45ae-4005-a2f8-86823a333a01",
	'-');
INSERT INTO V_VAL
	VALUES ("7f227bb2-45ae-4005-a2f8-86823a333a01",
	0,
	0,
	186,
	67,
	67,
	0,
	0,
	0,
	0,
	"ba5eda7a-def5-0000-0000-000000000002",
	"00fa99b2-8c83-48db-827c-e1ca4e525cb6");
INSERT INTO V_LIN
	VALUES ("7f227bb2-45ae-4005-a2f8-86823a333a01",
	'3');
INSERT INTO V_VAL
	VALUES ("5f99f58d-dd18-4132-8487-d7cb3204af07",
	1,
	0,
	187,
	37,
	39,
	0,
	0,
	0,
	0,
	"ba5eda7a-def5-0000-0000-000000000008",
	"00fa99b2-8c83-48db-827c-e1ca4e525cb6");
INSERT INTO V_IRF
	VALUES ("5f99f58d-dd18-4132-8487-d7cb3204af07",
	"d934f272-dd4b-4ae3-90b7-77295c328939");
INSERT INTO V_VAL
	VALUES ("3aeeb9af-49f2-4a94-8f4e-6cd686dc99a0",
	1,
	0,
	187,
	41,
	47,
	0,
	0,
	0,
	0,
	"ba5eda7a-def5-0000-0000-000000000002",
	"00fa99b2-8c83-48db-827c-e1ca4e525cb6");
INSERT INTO V_AVL
	VALUES ("3aeeb9af-49f2-4a94-8f4e-6cd686dc99a0",
	"5f99f58d-dd18-4132-8487-d7cb3204af07",
	"8bdb72ca-c37d-49f6-bc98-b97b5539f176",
	"cf30a8f2-d8a9-47d8-86cb-a4f06f654023");
INSERT INTO V_VAL
	VALUES ("7e8f14cb-8ad4-453d-9a6e-3fe9b2d19d84",
	0,
	0,
	187,
	51,
	51,
	0,
	0,
	0,
	0,
	"ba5eda7a-def5-0000-0000-000000000002",
	"00fa99b2-8c83-48db-827c-e1ca4e525cb6");
INSERT INTO V_LIN
	VALUES ("7e8f14cb-8ad4-453d-9a6e-3fe9b2d19d84",
	'4');
INSERT INTO V_VAL
	VALUES ("4dee4a05-22c4-412c-a3ef-640c094f51aa",
	1,
	0,
	187,
	54,
	56,
	0,
	0,
	0,
	0,
	"ba5eda7a-def5-0000-0000-000000000008",
	"00fa99b2-8c83-48db-827c-e1ca4e525cb6");
INSERT INTO V_IRF
	VALUES ("4dee4a05-22c4-412c-a3ef-640c094f51aa",
	"d934f272-dd4b-4ae3-90b7-77295c328939");
INSERT INTO V_VAL
	VALUES ("3f3721d3-8524-44a4-a338-e825ece5bd88",
	1,
	0,
	187,
	58,
	62,
	0,
	0,
	0,
	0,
	"ba5eda7a-def5-0000-0000-000000000002",
	"00fa99b2-8c83-48db-827c-e1ca4e525cb6");
INSERT INTO V_AVL
	VALUES ("3f3721d3-8524-44a4-a338-e825ece5bd88",
	"4dee4a05-22c4-412c-a3ef-640c094f51aa",
	"8bdb72ca-c37d-49f6-bc98-b97b5539f176",
	"cf2ab345-f74a-4dd6-bb87-56e47bcd04cb");
INSERT INTO V_VAL
	VALUES ("9d59b1b7-448d-4f26-b215-32167cad8ffc",
	0,
	0,
	187,
	66,
	66,
	0,
	0,
	0,
	0,
	"ba5eda7a-def5-0000-0000-000000000002",
	"00fa99b2-8c83-48db-827c-e1ca4e525cb6");
INSERT INTO V_LIN
	VALUES ("9d59b1b7-448d-4f26-b215-32167cad8ffc",
	'4');
INSERT INTO V_VAL
	VALUES ("a47c0429-7efa-4dbc-9dbb-9902c7ec55e5",
	1,
	0,
	188,
	37,
	39,
	0,
	0,
	0,
	0,
	"ba5eda7a-def5-0000-0000-000000000008",
	"00fa99b2-8c83-48db-827c-e1ca4e525cb6");
INSERT INTO V_IRF
	VALUES ("a47c0429-7efa-4dbc-9dbb-9902c7ec55e5",
	"81e44c37-f8a2-4800-b618-07cac271bf7b");
INSERT INTO V_VAL
	VALUES ("3b7c1cfe-c077-4c54-9f36-ecce71380538",
	1,
	0,
	188,
	41,
	47,
	0,
	0,
	0,
	0,
	"ba5eda7a-def5-0000-0000-000000000002",
	"00fa99b2-8c83-48db-827c-e1ca4e525cb6");
INSERT INTO V_AVL
	VALUES ("3b7c1cfe-c077-4c54-9f36-ecce71380538",
	"a47c0429-7efa-4dbc-9dbb-9902c7ec55e5",
	"8bdb72ca-c37d-49f6-bc98-b97b5539f176",
	"cf30a8f2-d8a9-47d8-86cb-a4f06f654023");
INSERT INTO V_VAL
	VALUES ("1028ab29-321b-4569-95ee-ed9e6520d621",
	0,
	0,
	188,
	51,
	51,
	0,
	0,
	0,
	0,
	"ba5eda7a-def5-0000-0000-000000000002",
	"00fa99b2-8c83-48db-827c-e1ca4e525cb6");
INSERT INTO V_LIN
	VALUES ("1028ab29-321b-4569-95ee-ed9e6520d621",
	'5');
INSERT INTO V_VAL
	VALUES ("3ed13e8c-555b-4325-b968-07d0564d517a",
	1,
	0,
	188,
	54,
	56,
	0,
	0,
	0,
	0,
	"ba5eda7a-def5-0000-0000-000000000008",
	"00fa99b2-8c83-48db-827c-e1ca4e525cb6");
INSERT INTO V_IRF
	VALUES ("3ed13e8c-555b-4325-b968-07d0564d517a",
	"81e44c37-f8a2-4800-b618-07cac271bf7b");
INSERT INTO V_VAL
	VALUES ("eeff3ef8-8a52-4874-b0ea-3295e5a79dd3",
	1,
	0,
	188,
	58,
	62,
	0,
	0,
	0,
	0,
	"ba5eda7a-def5-0000-0000-000000000002",
	"00fa99b2-8c83-48db-827c-e1ca4e525cb6");
INSERT INTO V_AVL
	VALUES ("eeff3ef8-8a52-4874-b0ea-3295e5a79dd3",
	"3ed13e8c-555b-4325-b968-07d0564d517a",
	"8bdb72ca-c37d-49f6-bc98-b97b5539f176",
	"cf2ab345-f74a-4dd6-bb87-56e47bcd04cb");
INSERT INTO V_VAL
	VALUES ("4fccdcf9-650e-453d-8320-2b0500dfaf23",
	0,
	0,
	-1,
	-1,
	-1,
	0,
	0,
	0,
	0,
	"ba5eda7a-def5-0000-0000-000000000002",
	"00fa99b2-8c83-48db-827c-e1ca4e525cb6");
INSERT INTO V_UNY
	VALUES ("4fccdcf9-650e-453d-8320-2b0500dfaf23",
	"f5222b7e-421a-4271-a591-05bd236fef42",
	'-');
INSERT INTO V_VAL
	VALUES ("f5222b7e-421a-4271-a591-05bd236fef42",
	0,
	0,
	188,
	67,
	67,
	0,
	0,
	0,
	0,
	"ba5eda7a-def5-0000-0000-000000000002",
	"00fa99b2-8c83-48db-827c-e1ca4e525cb6");
INSERT INTO V_LIN
	VALUES ("f5222b7e-421a-4271-a591-05bd236fef42",
	'5');
INSERT INTO V_VAL
	VALUES ("f2703964-946a-4f70-bd30-34f082d70654",
	1,
	0,
	189,
	37,
	39,
	0,
	0,
	0,
	0,
	"ba5eda7a-def5-0000-0000-000000000008",
	"00fa99b2-8c83-48db-827c-e1ca4e525cb6");
INSERT INTO V_IRF
	VALUES ("f2703964-946a-4f70-bd30-34f082d70654",
	"ec1710f3-bc84-42db-95fc-ae55925ced4c");
INSERT INTO V_VAL
	VALUES ("e4f8baa0-6628-437e-856f-2ef394544ca9",
	1,
	0,
	189,
	41,
	47,
	0,
	0,
	0,
	0,
	"ba5eda7a-def5-0000-0000-000000000002",
	"00fa99b2-8c83-48db-827c-e1ca4e525cb6");
INSERT INTO V_AVL
	VALUES ("e4f8baa0-6628-437e-856f-2ef394544ca9",
	"f2703964-946a-4f70-bd30-34f082d70654",
	"8bdb72ca-c37d-49f6-bc98-b97b5539f176",
	"cf30a8f2-d8a9-47d8-86cb-a4f06f654023");
INSERT INTO V_VAL
	VALUES ("998811c0-6f58-434f-81da-a2ed061875d5",
	0,
	0,
	189,
	51,
	51,
	0,
	0,
	0,
	0,
	"ba5eda7a-def5-0000-0000-000000000002",
	"00fa99b2-8c83-48db-827c-e1ca4e525cb6");
INSERT INTO V_LIN
	VALUES ("998811c0-6f58-434f-81da-a2ed061875d5",
	'6');
INSERT INTO V_VAL
	VALUES ("a537c20e-5e3e-45c2-be38-a4a7b49968a7",
	1,
	0,
	189,
	54,
	56,
	0,
	0,
	0,
	0,
	"ba5eda7a-def5-0000-0000-000000000008",
	"00fa99b2-8c83-48db-827c-e1ca4e525cb6");
INSERT INTO V_IRF
	VALUES ("a537c20e-5e3e-45c2-be38-a4a7b49968a7",
	"ec1710f3-bc84-42db-95fc-ae55925ced4c");
INSERT INTO V_VAL
	VALUES ("e6da444b-0a4c-46db-b9dd-ae755985f12d",
	1,
	0,
	189,
	58,
	62,
	0,
	0,
	0,
	0,
	"ba5eda7a-def5-0000-0000-000000000002",
	"00fa99b2-8c83-48db-827c-e1ca4e525cb6");
INSERT INTO V_AVL
	VALUES ("e6da444b-0a4c-46db-b9dd-ae755985f12d",
	"a537c20e-5e3e-45c2-be38-a4a7b49968a7",
	"8bdb72ca-c37d-49f6-bc98-b97b5539f176",
	"cf2ab345-f74a-4dd6-bb87-56e47bcd04cb");
INSERT INTO V_VAL
	VALUES ("ef5a9f7d-d3a9-4942-946b-41ee9cc0143a",
	0,
	0,
	189,
	66,
	66,
	0,
	0,
	0,
	0,
	"ba5eda7a-def5-0000-0000-000000000002",
	"00fa99b2-8c83-48db-827c-e1ca4e525cb6");
INSERT INTO V_LIN
	VALUES ("ef5a9f7d-d3a9-4942-946b-41ee9cc0143a",
	'6');
INSERT INTO V_VAL
	VALUES ("e827d960-5729-4908-839c-8d30a70911f5",
	1,
	0,
	190,
	37,
	39,
	0,
	0,
	0,
	0,
	"ba5eda7a-def5-0000-0000-000000000008",
	"00fa99b2-8c83-48db-827c-e1ca4e525cb6");
INSERT INTO V_IRF
	VALUES ("e827d960-5729-4908-839c-8d30a70911f5",
	"0baeaa3d-6163-43c2-94a6-3271e0f98126");
INSERT INTO V_VAL
	VALUES ("8ececc47-ce99-4bcc-9b76-e00a640b0ad7",
	1,
	0,
	190,
	41,
	47,
	0,
	0,
	0,
	0,
	"ba5eda7a-def5-0000-0000-000000000002",
	"00fa99b2-8c83-48db-827c-e1ca4e525cb6");
INSERT INTO V_AVL
	VALUES ("8ececc47-ce99-4bcc-9b76-e00a640b0ad7",
	"e827d960-5729-4908-839c-8d30a70911f5",
	"8bdb72ca-c37d-49f6-bc98-b97b5539f176",
	"cf30a8f2-d8a9-47d8-86cb-a4f06f654023");
INSERT INTO V_VAL
	VALUES ("025ff54c-907d-4bf3-9cfc-83981d686baf",
	0,
	0,
	190,
	51,
	51,
	0,
	0,
	0,
	0,
	"ba5eda7a-def5-0000-0000-000000000002",
	"00fa99b2-8c83-48db-827c-e1ca4e525cb6");
INSERT INTO V_LIN
	VALUES ("025ff54c-907d-4bf3-9cfc-83981d686baf",
	'7');
INSERT INTO V_VAL
	VALUES ("4da1656d-3d24-467d-9f8d-94becc74bbe4",
	1,
	0,
	190,
	54,
	56,
	0,
	0,
	0,
	0,
	"ba5eda7a-def5-0000-0000-000000000008",
	"00fa99b2-8c83-48db-827c-e1ca4e525cb6");
INSERT INTO V_IRF
	VALUES ("4da1656d-3d24-467d-9f8d-94becc74bbe4",
	"0baeaa3d-6163-43c2-94a6-3271e0f98126");
INSERT INTO V_VAL
	VALUES ("c0c2cc25-85d4-48ac-8545-1ea66c6985f8",
	1,
	0,
	190,
	58,
	62,
	0,
	0,
	0,
	0,
	"ba5eda7a-def5-0000-0000-000000000002",
	"00fa99b2-8c83-48db-827c-e1ca4e525cb6");
INSERT INTO V_AVL
	VALUES ("c0c2cc25-85d4-48ac-8545-1ea66c6985f8",
	"4da1656d-3d24-467d-9f8d-94becc74bbe4",
	"8bdb72ca-c37d-49f6-bc98-b97b5539f176",
	"cf2ab345-f74a-4dd6-bb87-56e47bcd04cb");
INSERT INTO V_VAL
	VALUES ("bdbcf4b1-8e73-47db-92c8-57b717ec6505",
	0,
	0,
	-1,
	-1,
	-1,
	0,
	0,
	0,
	0,
	"ba5eda7a-def5-0000-0000-000000000002",
	"00fa99b2-8c83-48db-827c-e1ca4e525cb6");
INSERT INTO V_UNY
	VALUES ("bdbcf4b1-8e73-47db-92c8-57b717ec6505",
	"eaec2750-0a6e-42f8-ab58-e8ad7e6df7e4",
	'-');
INSERT INTO V_VAL
	VALUES ("eaec2750-0a6e-42f8-ab58-e8ad7e6df7e4",
	0,
	0,
	190,
	67,
	67,
	0,
	0,
	0,
	0,
	"ba5eda7a-def5-0000-0000-000000000002",
	"00fa99b2-8c83-48db-827c-e1ca4e525cb6");
INSERT INTO V_LIN
	VALUES ("eaec2750-0a6e-42f8-ab58-e8ad7e6df7e4",
	'7');
INSERT INTO V_VAR
	VALUES ("6ef89ba5-b18a-4d68-8b44-8e8c21a53676",
	"00fa99b2-8c83-48db-827c-e1ca4e525cb6",
	'a',
	1,
	"ba5eda7a-def5-0000-0000-000000000008");
INSERT INTO V_INT
	VALUES ("6ef89ba5-b18a-4d68-8b44-8e8c21a53676",
	0,
	"9e07c28d-77a6-489a-85f6-d1ae2b7a22b4");
INSERT INTO V_VAR
	VALUES ("3e56d669-c8e7-4b79-9750-09cb0400fafd",
	"00fa99b2-8c83-48db-827c-e1ca4e525cb6",
	'b',
	1,
	"ba5eda7a-def5-0000-0000-000000000008");
INSERT INTO V_INT
	VALUES ("3e56d669-c8e7-4b79-9750-09cb0400fafd",
	0,
	"4fe7dec5-7125-46ae-99c5-0fbe0635efc5");
INSERT INTO V_VAR
	VALUES ("d97dc7a1-30da-4452-828a-7673784829c0",
	"00fa99b2-8c83-48db-827c-e1ca4e525cb6",
	'c1',
	1,
	"ba5eda7a-def5-0000-0000-000000000008");
INSERT INTO V_INT
	VALUES ("d97dc7a1-30da-4452-828a-7673784829c0",
	0,
	"9940ccae-6e81-400f-b2d8-0b0a0a36c067");
INSERT INTO V_VAR
	VALUES ("2864798c-822c-4163-bd9a-e72ad7b683be",
	"00fa99b2-8c83-48db-827c-e1ca4e525cb6",
	'c2',
	1,
	"ba5eda7a-def5-0000-0000-000000000008");
INSERT INTO V_INT
	VALUES ("2864798c-822c-4163-bd9a-e72ad7b683be",
	0,
	"9940ccae-6e81-400f-b2d8-0b0a0a36c067");
INSERT INTO V_VAR
	VALUES ("a7e81266-8784-4621-8f41-6a89ba8fcf96",
	"00fa99b2-8c83-48db-827c-e1ca4e525cb6",
	'c3',
	1,
	"ba5eda7a-def5-0000-0000-000000000008");
INSERT INTO V_INT
	VALUES ("a7e81266-8784-4621-8f41-6a89ba8fcf96",
	0,
	"9940ccae-6e81-400f-b2d8-0b0a0a36c067");
INSERT INTO V_VAR
	VALUES ("a0169a6c-2de1-43b7-b30a-2e0ace87132a",
	"00fa99b2-8c83-48db-827c-e1ca4e525cb6",
	'c4',
	1,
	"ba5eda7a-def5-0000-0000-000000000008");
INSERT INTO V_INT
	VALUES ("a0169a6c-2de1-43b7-b30a-2e0ace87132a",
	0,
	"9940ccae-6e81-400f-b2d8-0b0a0a36c067");
INSERT INTO V_VAR
	VALUES ("0c046129-b474-452f-b162-ba772cc6e13b",
	"00fa99b2-8c83-48db-827c-e1ca4e525cb6",
	'c5',
	1,
	"ba5eda7a-def5-0000-0000-000000000008");
INSERT INTO V_INT
	VALUES ("0c046129-b474-452f-b162-ba772cc6e13b",
	0,
	"9940ccae-6e81-400f-b2d8-0b0a0a36c067");
INSERT INTO V_VAR
	VALUES ("2d4efcf6-5090-4452-bfc0-e29cedb73142",
	"00fa99b2-8c83-48db-827c-e1ca4e525cb6",
	'd1',
	1,
	"ba5eda7a-def5-0000-0000-000000000008");
INSERT INTO V_INT
	VALUES ("2d4efcf6-5090-4452-bfc0-e29cedb73142",
	0,
	"8e6ffc50-e410-47a1-8bcf-8229c2ca4642");
INSERT INTO V_VAR
	VALUES ("db394bc4-1097-4ee7-b290-8a73a5d9c21f",
	"00fa99b2-8c83-48db-827c-e1ca4e525cb6",
	'd2',
	1,
	"ba5eda7a-def5-0000-0000-000000000008");
INSERT INTO V_INT
	VALUES ("db394bc4-1097-4ee7-b290-8a73a5d9c21f",
	0,
	"8e6ffc50-e410-47a1-8bcf-8229c2ca4642");
INSERT INTO V_VAR
	VALUES ("6d5e1f16-385b-4d76-a7da-c92f965a4b3e",
	"00fa99b2-8c83-48db-827c-e1ca4e525cb6",
	'e0',
	1,
	"ba5eda7a-def5-0000-0000-000000000008");
INSERT INTO V_INT
	VALUES ("6d5e1f16-385b-4d76-a7da-c92f965a4b3e",
	0,
	"6ee088c1-7097-4fe8-96fc-815a18b47c81");
INSERT INTO V_VAR
	VALUES ("8eb0f48a-4f61-4b9e-adba-6cefc03259fb",
	"00fa99b2-8c83-48db-827c-e1ca4e525cb6",
	'e1',
	1,
	"ba5eda7a-def5-0000-0000-000000000008");
INSERT INTO V_INT
	VALUES ("8eb0f48a-4f61-4b9e-adba-6cefc03259fb",
	0,
	"6ee088c1-7097-4fe8-96fc-815a18b47c81");
INSERT INTO V_VAR
	VALUES ("65b827ad-886e-4fdd-9f26-f0877a9b17db",
	"00fa99b2-8c83-48db-827c-e1ca4e525cb6",
	'e2',
	1,
	"ba5eda7a-def5-0000-0000-000000000008");
INSERT INTO V_INT
	VALUES ("65b827ad-886e-4fdd-9f26-f0877a9b17db",
	0,
	"6ee088c1-7097-4fe8-96fc-815a18b47c81");
INSERT INTO V_VAR
	VALUES ("7d0ecae7-8eb0-4e8f-a02d-ac3e6c0aabfc",
	"00fa99b2-8c83-48db-827c-e1ca4e525cb6",
	'f3',
	1,
	"ba5eda7a-def5-0000-0000-000000000008");
INSERT INTO V_INT
	VALUES ("7d0ecae7-8eb0-4e8f-a02d-ac3e6c0aabfc",
	0,
	"c21a9ecf-e844-47a4-910a-7d8c7aa3d553");
INSERT INTO V_VAR
	VALUES ("b2276482-747e-40bf-9167-ed557130e57b",
	"00fa99b2-8c83-48db-827c-e1ca4e525cb6",
	'f2',
	1,
	"ba5eda7a-def5-0000-0000-000000000008");
INSERT INTO V_INT
	VALUES ("b2276482-747e-40bf-9167-ed557130e57b",
	0,
	"c21a9ecf-e844-47a4-910a-7d8c7aa3d553");
INSERT INTO V_VAR
	VALUES ("82f31b2d-7199-4358-be1f-0af5e29128f6",
	"00fa99b2-8c83-48db-827c-e1ca4e525cb6",
	'f1',
	1,
	"ba5eda7a-def5-0000-0000-000000000008");
INSERT INTO V_INT
	VALUES ("82f31b2d-7199-4358-be1f-0af5e29128f6",
	0,
	"c21a9ecf-e844-47a4-910a-7d8c7aa3d553");
INSERT INTO V_VAR
	VALUES ("297b0ab4-3dbb-4e62-9737-43abbfa64d7f",
	"00fa99b2-8c83-48db-827c-e1ca4e525cb6",
	'g1',
	1,
	"ba5eda7a-def5-0000-0000-000000000008");
INSERT INTO V_INT
	VALUES ("297b0ab4-3dbb-4e62-9737-43abbfa64d7f",
	0,
	"39297b1a-c5e8-4464-b85c-7f1c6dadf459");
INSERT INTO V_VAR
	VALUES ("058dab9a-955c-4522-8d57-e4a0d91cd13e",
	"00fa99b2-8c83-48db-827c-e1ca4e525cb6",
	'g2',
	1,
	"ba5eda7a-def5-0000-0000-000000000008");
INSERT INTO V_INT
	VALUES ("058dab9a-955c-4522-8d57-e4a0d91cd13e",
	0,
	"39297b1a-c5e8-4464-b85c-7f1c6dadf459");
INSERT INTO V_VAR
	VALUES ("27452379-3873-4486-8b2b-00ad8bd8547d",
	"00fa99b2-8c83-48db-827c-e1ca4e525cb6",
	'g3',
	1,
	"ba5eda7a-def5-0000-0000-000000000008");
INSERT INTO V_INT
	VALUES ("27452379-3873-4486-8b2b-00ad8bd8547d",
	0,
	"39297b1a-c5e8-4464-b85c-7f1c6dadf459");
INSERT INTO V_VAR
	VALUES ("9ef08fa6-4e5f-4852-b283-bc23acea008a",
	"00fa99b2-8c83-48db-827c-e1ca4e525cb6",
	'g4',
	1,
	"ba5eda7a-def5-0000-0000-000000000008");
INSERT INTO V_INT
	VALUES ("9ef08fa6-4e5f-4852-b283-bc23acea008a",
	0,
	"39297b1a-c5e8-4464-b85c-7f1c6dadf459");
INSERT INTO V_VAR
	VALUES ("80f749e1-53ed-4e79-a2a1-75e4015a2260",
	"00fa99b2-8c83-48db-827c-e1ca4e525cb6",
	'h1',
	1,
	"ba5eda7a-def5-0000-0000-000000000008");
INSERT INTO V_INT
	VALUES ("80f749e1-53ed-4e79-a2a1-75e4015a2260",
	0,
	"2620e093-f578-450b-aabf-d9a801df6972");
INSERT INTO V_VAR
	VALUES ("c34f68c3-0879-4692-9d8d-17a16187e0ce",
	"00fa99b2-8c83-48db-827c-e1ca4e525cb6",
	'h2',
	1,
	"ba5eda7a-def5-0000-0000-000000000008");
INSERT INTO V_INT
	VALUES ("c34f68c3-0879-4692-9d8d-17a16187e0ce",
	0,
	"2620e093-f578-450b-aabf-d9a801df6972");
INSERT INTO V_VAR
	VALUES ("dcc6c79c-2dfc-4df1-8aea-04eaf869a920",
	"00fa99b2-8c83-48db-827c-e1ca4e525cb6",
	'h',
	1,
	"ba5eda7a-def5-0000-0000-000000000008");
INSERT INTO V_INT
	VALUES ("dcc6c79c-2dfc-4df1-8aea-04eaf869a920",
	0,
	"2620e093-f578-450b-aabf-d9a801df6972");
INSERT INTO V_VAR
	VALUES ("8fd43393-ac97-4a73-ba60-1f88e2add15d",
	"00fa99b2-8c83-48db-827c-e1ca4e525cb6",
	'h3',
	1,
	"ba5eda7a-def5-0000-0000-000000000008");
INSERT INTO V_INT
	VALUES ("8fd43393-ac97-4a73-ba60-1f88e2add15d",
	0,
	"2620e093-f578-450b-aabf-d9a801df6972");
INSERT INTO V_VAR
	VALUES ("96714537-52a2-49ed-bd87-b17b52c73eaf",
	"00fa99b2-8c83-48db-827c-e1ca4e525cb6",
	'h4',
	1,
	"ba5eda7a-def5-0000-0000-000000000008");
INSERT INTO V_INT
	VALUES ("96714537-52a2-49ed-bd87-b17b52c73eaf",
	0,
	"2620e093-f578-450b-aabf-d9a801df6972");
INSERT INTO V_VAR
	VALUES ("1710fc25-5ffc-48cd-9a72-1235cc31eef6",
	"00fa99b2-8c83-48db-827c-e1ca4e525cb6",
	'i4',
	1,
	"ba5eda7a-def5-0000-0000-000000000008");
INSERT INTO V_INT
	VALUES ("1710fc25-5ffc-48cd-9a72-1235cc31eef6",
	0,
	"9dbd3ae1-6411-42eb-972d-0740a28a8c2c");
INSERT INTO V_VAR
	VALUES ("af0e33e7-f6d3-457c-ac55-366ee12b69ca",
	"00fa99b2-8c83-48db-827c-e1ca4e525cb6",
	'i3',
	1,
	"ba5eda7a-def5-0000-0000-000000000008");
INSERT INTO V_INT
	VALUES ("af0e33e7-f6d3-457c-ac55-366ee12b69ca",
	0,
	"9dbd3ae1-6411-42eb-972d-0740a28a8c2c");
INSERT INTO V_VAR
	VALUES ("7a421402-40eb-446b-ae5c-603029cdad62",
	"00fa99b2-8c83-48db-827c-e1ca4e525cb6",
	'i2',
	1,
	"ba5eda7a-def5-0000-0000-000000000008");
INSERT INTO V_INT
	VALUES ("7a421402-40eb-446b-ae5c-603029cdad62",
	0,
	"9dbd3ae1-6411-42eb-972d-0740a28a8c2c");
INSERT INTO V_VAR
	VALUES ("b651271a-ae45-455b-9219-50e29c4add17",
	"00fa99b2-8c83-48db-827c-e1ca4e525cb6",
	'i1',
	1,
	"ba5eda7a-def5-0000-0000-000000000008");
INSERT INTO V_INT
	VALUES ("b651271a-ae45-455b-9219-50e29c4add17",
	0,
	"9dbd3ae1-6411-42eb-972d-0740a28a8c2c");
INSERT INTO V_VAR
	VALUES ("dc7a0c66-b13a-419c-925d-77c8885e010e",
	"00fa99b2-8c83-48db-827c-e1ca4e525cb6",
	'j1',
	1,
	"ba5eda7a-def5-0000-0000-000000000008");
INSERT INTO V_INT
	VALUES ("dc7a0c66-b13a-419c-925d-77c8885e010e",
	0,
	"1bc2ff43-9ec6-4784-ba62-216cf22e5419");
INSERT INTO V_VAR
	VALUES ("3664c17d-e8c7-4de0-b635-4580cd3657bb",
	"00fa99b2-8c83-48db-827c-e1ca4e525cb6",
	'k1',
	1,
	"ba5eda7a-def5-0000-0000-000000000008");
INSERT INTO V_INT
	VALUES ("3664c17d-e8c7-4de0-b635-4580cd3657bb",
	0,
	"582d76c4-422e-4d9e-8361-55c5096acbfd");
INSERT INTO V_VAR
	VALUES ("6fce1fd5-779d-43d6-a850-cd36cab6bfb0",
	"00fa99b2-8c83-48db-827c-e1ca4e525cb6",
	'k2',
	1,
	"ba5eda7a-def5-0000-0000-000000000008");
INSERT INTO V_INT
	VALUES ("6fce1fd5-779d-43d6-a850-cd36cab6bfb0",
	0,
	"582d76c4-422e-4d9e-8361-55c5096acbfd");
INSERT INTO V_VAR
	VALUES ("e2bc34c1-0e67-4f75-95da-a625a0f96920",
	"00fa99b2-8c83-48db-827c-e1ca4e525cb6",
	'k3',
	1,
	"ba5eda7a-def5-0000-0000-000000000008");
INSERT INTO V_INT
	VALUES ("e2bc34c1-0e67-4f75-95da-a625a0f96920",
	0,
	"582d76c4-422e-4d9e-8361-55c5096acbfd");
INSERT INTO V_VAR
	VALUES ("ba77324d-21e0-4dda-ba42-af23761c656c",
	"00fa99b2-8c83-48db-827c-e1ca4e525cb6",
	'l2',
	1,
	"ba5eda7a-def5-0000-0000-000000000008");
INSERT INTO V_INT
	VALUES ("ba77324d-21e0-4dda-ba42-af23761c656c",
	0,
	"60baa2a9-55de-4e61-947f-25f39fc3cbf1");
INSERT INTO V_VAR
	VALUES ("16e21ea0-7796-4214-8d26-14cfc7bed566",
	"00fa99b2-8c83-48db-827c-e1ca4e525cb6",
	'l3',
	1,
	"ba5eda7a-def5-0000-0000-000000000008");
INSERT INTO V_INT
	VALUES ("16e21ea0-7796-4214-8d26-14cfc7bed566",
	0,
	"60baa2a9-55de-4e61-947f-25f39fc3cbf1");
INSERT INTO V_VAR
	VALUES ("ef5baf60-6a65-4115-bc41-df7ab5dcdad9",
	"00fa99b2-8c83-48db-827c-e1ca4e525cb6",
	'l1',
	1,
	"ba5eda7a-def5-0000-0000-000000000008");
INSERT INTO V_INT
	VALUES ("ef5baf60-6a65-4115-bc41-df7ab5dcdad9",
	0,
	"60baa2a9-55de-4e61-947f-25f39fc3cbf1");
INSERT INTO V_VAR
	VALUES ("d5d54e93-b4de-4c54-acaa-268bbfbdc12d",
	"00fa99b2-8c83-48db-827c-e1ca4e525cb6",
	'o2',
	1,
	"ba5eda7a-def5-0000-0000-000000000008");
INSERT INTO V_INT
	VALUES ("d5d54e93-b4de-4c54-acaa-268bbfbdc12d",
	0,
	"2b75ff93-ab57-42e7-8100-af7086b8d12b");
INSERT INTO V_VAR
	VALUES ("7502d436-b4a3-4d4a-ae21-eb529a877a1c",
	"00fa99b2-8c83-48db-827c-e1ca4e525cb6",
	'o1',
	1,
	"ba5eda7a-def5-0000-0000-000000000008");
INSERT INTO V_INT
	VALUES ("7502d436-b4a3-4d4a-ae21-eb529a877a1c",
	0,
	"2b75ff93-ab57-42e7-8100-af7086b8d12b");
INSERT INTO V_VAR
	VALUES ("eb4888d1-3c7f-4507-a420-abf37510952a",
	"00fa99b2-8c83-48db-827c-e1ca4e525cb6",
	'o3',
	1,
	"ba5eda7a-def5-0000-0000-000000000008");
INSERT INTO V_INT
	VALUES ("eb4888d1-3c7f-4507-a420-abf37510952a",
	0,
	"2b75ff93-ab57-42e7-8100-af7086b8d12b");
INSERT INTO V_VAR
	VALUES ("edb9fc30-fc67-4221-9a9e-cb7a4e539176",
	"00fa99b2-8c83-48db-827c-e1ca4e525cb6",
	'o4',
	1,
	"ba5eda7a-def5-0000-0000-000000000008");
INSERT INTO V_INT
	VALUES ("edb9fc30-fc67-4221-9a9e-cb7a4e539176",
	0,
	"2b75ff93-ab57-42e7-8100-af7086b8d12b");
INSERT INTO V_VAR
	VALUES ("83a99922-eeb1-41f9-81b2-5c6e5f04cc3f",
	"00fa99b2-8c83-48db-827c-e1ca4e525cb6",
	'o5',
	1,
	"ba5eda7a-def5-0000-0000-000000000008");
INSERT INTO V_INT
	VALUES ("83a99922-eeb1-41f9-81b2-5c6e5f04cc3f",
	0,
	"2b75ff93-ab57-42e7-8100-af7086b8d12b");
INSERT INTO V_VAR
	VALUES ("9c6b8642-24ff-4c5e-a0ff-392134885cf7",
	"00fa99b2-8c83-48db-827c-e1ca4e525cb6",
	'n1',
	1,
	"ba5eda7a-def5-0000-0000-000000000008");
INSERT INTO V_INT
	VALUES ("9c6b8642-24ff-4c5e-a0ff-392134885cf7",
	0,
	"38f266c8-6c6c-48af-a7ef-9aa0763aa5e5");
INSERT INTO V_VAR
	VALUES ("9e03a6ed-acc5-4b68-a0dd-98946fbebec6",
	"00fa99b2-8c83-48db-827c-e1ca4e525cb6",
	'n2',
	1,
	"ba5eda7a-def5-0000-0000-000000000008");
INSERT INTO V_INT
	VALUES ("9e03a6ed-acc5-4b68-a0dd-98946fbebec6",
	0,
	"38f266c8-6c6c-48af-a7ef-9aa0763aa5e5");
INSERT INTO V_VAR
	VALUES ("2cc4164e-39ec-4316-8a54-e88b95dab992",
	"00fa99b2-8c83-48db-827c-e1ca4e525cb6",
	'n3',
	1,
	"ba5eda7a-def5-0000-0000-000000000008");
INSERT INTO V_INT
	VALUES ("2cc4164e-39ec-4316-8a54-e88b95dab992",
	0,
	"38f266c8-6c6c-48af-a7ef-9aa0763aa5e5");
INSERT INTO V_VAR
	VALUES ("a06ed5d9-16de-4e68-aff4-47eeb62c53b2",
	"00fa99b2-8c83-48db-827c-e1ca4e525cb6",
	'n4',
	1,
	"ba5eda7a-def5-0000-0000-000000000008");
INSERT INTO V_INT
	VALUES ("a06ed5d9-16de-4e68-aff4-47eeb62c53b2",
	0,
	"38f266c8-6c6c-48af-a7ef-9aa0763aa5e5");
INSERT INTO V_VAR
	VALUES ("0952c44e-4436-40f0-98ef-6366cb61295b",
	"00fa99b2-8c83-48db-827c-e1ca4e525cb6",
	'n5',
	1,
	"ba5eda7a-def5-0000-0000-000000000008");
INSERT INTO V_INT
	VALUES ("0952c44e-4436-40f0-98ef-6366cb61295b",
	0,
	"38f266c8-6c6c-48af-a7ef-9aa0763aa5e5");
INSERT INTO V_VAR
	VALUES ("8dd68467-5e45-479f-82a9-9906f5755381",
	"00fa99b2-8c83-48db-827c-e1ca4e525cb6",
	'n6',
	1,
	"ba5eda7a-def5-0000-0000-000000000008");
INSERT INTO V_INT
	VALUES ("8dd68467-5e45-479f-82a9-9906f5755381",
	0,
	"38f266c8-6c6c-48af-a7ef-9aa0763aa5e5");
INSERT INTO V_VAR
	VALUES ("09ec0e3a-2032-4f24-bfe1-2b03717a4c6e",
	"00fa99b2-8c83-48db-827c-e1ca4e525cb6",
	'm1',
	1,
	"ba5eda7a-def5-0000-0000-000000000008");
INSERT INTO V_INT
	VALUES ("09ec0e3a-2032-4f24-bfe1-2b03717a4c6e",
	0,
	"19e5ff06-3b46-4569-a048-93bb3afac2ba");
INSERT INTO V_VAR
	VALUES ("5a751549-1c12-4bc4-8ae4-69fd8ac216ac",
	"00fa99b2-8c83-48db-827c-e1ca4e525cb6",
	'm2',
	1,
	"ba5eda7a-def5-0000-0000-000000000008");
INSERT INTO V_INT
	VALUES ("5a751549-1c12-4bc4-8ae4-69fd8ac216ac",
	0,
	"19e5ff06-3b46-4569-a048-93bb3afac2ba");
INSERT INTO V_VAR
	VALUES ("e76f7e68-1868-4c74-a6ba-a815504b31a7",
	"00fa99b2-8c83-48db-827c-e1ca4e525cb6",
	'm3',
	1,
	"ba5eda7a-def5-0000-0000-000000000008");
INSERT INTO V_INT
	VALUES ("e76f7e68-1868-4c74-a6ba-a815504b31a7",
	0,
	"19e5ff06-3b46-4569-a048-93bb3afac2ba");
INSERT INTO V_VAR
	VALUES ("6e3c5d61-84df-4e39-9f2b-495bc6a80544",
	"00fa99b2-8c83-48db-827c-e1ca4e525cb6",
	'm4',
	1,
	"ba5eda7a-def5-0000-0000-000000000008");
INSERT INTO V_INT
	VALUES ("6e3c5d61-84df-4e39-9f2b-495bc6a80544",
	0,
	"19e5ff06-3b46-4569-a048-93bb3afac2ba");
INSERT INTO V_VAR
	VALUES ("6e3502e6-0950-4d0a-9a0f-d80b2a8b09b8",
	"00fa99b2-8c83-48db-827c-e1ca4e525cb6",
	'm5',
	1,
	"ba5eda7a-def5-0000-0000-000000000008");
INSERT INTO V_INT
	VALUES ("6e3502e6-0950-4d0a-9a0f-d80b2a8b09b8",
	0,
	"19e5ff06-3b46-4569-a048-93bb3afac2ba");
INSERT INTO V_VAR
	VALUES ("226bf5d6-e73c-4ee0-a215-6e87aa2ff4ed",
	"00fa99b2-8c83-48db-827c-e1ca4e525cb6",
	'p1',
	1,
	"ba5eda7a-def5-0000-0000-000000000008");
INSERT INTO V_INT
	VALUES ("226bf5d6-e73c-4ee0-a215-6e87aa2ff4ed",
	0,
	"51d33202-1bc5-4cb1-87ab-6d049b279014");
INSERT INTO V_VAR
	VALUES ("a68fbbc4-601b-4ecd-b2b3-c5bdc86e8d2f",
	"00fa99b2-8c83-48db-827c-e1ca4e525cb6",
	'p2',
	1,
	"ba5eda7a-def5-0000-0000-000000000008");
INSERT INTO V_INT
	VALUES ("a68fbbc4-601b-4ecd-b2b3-c5bdc86e8d2f",
	0,
	"51d33202-1bc5-4cb1-87ab-6d049b279014");
INSERT INTO V_VAR
	VALUES ("f29dedf6-84c4-468e-a1c1-7d3ee8e7192c",
	"00fa99b2-8c83-48db-827c-e1ca4e525cb6",
	'p3',
	1,
	"ba5eda7a-def5-0000-0000-000000000008");
INSERT INTO V_INT
	VALUES ("f29dedf6-84c4-468e-a1c1-7d3ee8e7192c",
	0,
	"51d33202-1bc5-4cb1-87ab-6d049b279014");
INSERT INTO V_VAR
	VALUES ("d26ae365-be58-40d3-9ac3-cf1329420e6d",
	"00fa99b2-8c83-48db-827c-e1ca4e525cb6",
	'q1',
	1,
	"ba5eda7a-def5-0000-0000-000000000008");
INSERT INTO V_INT
	VALUES ("d26ae365-be58-40d3-9ac3-cf1329420e6d",
	0,
	"6804fe30-06ab-4a76-91ef-cf622b4abd28");
INSERT INTO V_VAR
	VALUES ("927fd21e-3c4f-4b80-bfb5-299d4e401573",
	"00fa99b2-8c83-48db-827c-e1ca4e525cb6",
	'q2',
	1,
	"ba5eda7a-def5-0000-0000-000000000008");
INSERT INTO V_INT
	VALUES ("927fd21e-3c4f-4b80-bfb5-299d4e401573",
	0,
	"6804fe30-06ab-4a76-91ef-cf622b4abd28");
INSERT INTO V_VAR
	VALUES ("f89b9356-17fc-44e4-84a3-9c95243137ac",
	"00fa99b2-8c83-48db-827c-e1ca4e525cb6",
	'q3',
	1,
	"ba5eda7a-def5-0000-0000-000000000008");
INSERT INTO V_INT
	VALUES ("f89b9356-17fc-44e4-84a3-9c95243137ac",
	0,
	"6804fe30-06ab-4a76-91ef-cf622b4abd28");
INSERT INTO V_VAR
	VALUES ("1d783ea6-54d1-4cb3-b663-f3c9a8402579",
	"00fa99b2-8c83-48db-827c-e1ca4e525cb6",
	'r1',
	1,
	"ba5eda7a-def5-0000-0000-000000000008");
INSERT INTO V_INT
	VALUES ("1d783ea6-54d1-4cb3-b663-f3c9a8402579",
	0,
	"e46bd84d-ce9b-4e47-b607-5c2663f180d1");
INSERT INTO V_VAR
	VALUES ("827bdf0b-d8a1-4ffd-9fc5-2d284dc16852",
	"00fa99b2-8c83-48db-827c-e1ca4e525cb6",
	'r2',
	1,
	"ba5eda7a-def5-0000-0000-000000000008");
INSERT INTO V_INT
	VALUES ("827bdf0b-d8a1-4ffd-9fc5-2d284dc16852",
	0,
	"e46bd84d-ce9b-4e47-b607-5c2663f180d1");
INSERT INTO V_VAR
	VALUES ("2168d76a-c04b-41ec-89de-892e0321a5bc",
	"00fa99b2-8c83-48db-827c-e1ca4e525cb6",
	'r3',
	1,
	"ba5eda7a-def5-0000-0000-000000000008");
INSERT INTO V_INT
	VALUES ("2168d76a-c04b-41ec-89de-892e0321a5bc",
	0,
	"e46bd84d-ce9b-4e47-b607-5c2663f180d1");
INSERT INTO V_VAR
	VALUES ("31e129bf-640f-46e5-9dea-03fd9e870f78",
	"00fa99b2-8c83-48db-827c-e1ca4e525cb6",
	's1',
	1,
	"ba5eda7a-def5-0000-0000-000000000008");
INSERT INTO V_INT
	VALUES ("31e129bf-640f-46e5-9dea-03fd9e870f78",
	0,
	"7f36c39d-4387-48b0-81be-bd38a72789eb");
INSERT INTO V_VAR
	VALUES ("d2410029-7ff0-43fa-834c-d93fafe1e320",
	"00fa99b2-8c83-48db-827c-e1ca4e525cb6",
	's2',
	1,
	"ba5eda7a-def5-0000-0000-000000000008");
INSERT INTO V_INT
	VALUES ("d2410029-7ff0-43fa-834c-d93fafe1e320",
	0,
	"7f36c39d-4387-48b0-81be-bd38a72789eb");
INSERT INTO V_VAR
	VALUES ("a295adb7-7b93-4441-a55b-8eb6f7ade44d",
	"00fa99b2-8c83-48db-827c-e1ca4e525cb6",
	't1',
	1,
	"ba5eda7a-def5-0000-0000-000000000008");
INSERT INTO V_INT
	VALUES ("a295adb7-7b93-4441-a55b-8eb6f7ade44d",
	0,
	"9de905e1-46fc-4263-835c-6063781f6921");
INSERT INTO V_VAR
	VALUES ("9ca9843f-cc36-493a-8943-8bd049cac78d",
	"00fa99b2-8c83-48db-827c-e1ca4e525cb6",
	't2',
	1,
	"ba5eda7a-def5-0000-0000-000000000008");
INSERT INTO V_INT
	VALUES ("9ca9843f-cc36-493a-8943-8bd049cac78d",
	0,
	"9de905e1-46fc-4263-835c-6063781f6921");
INSERT INTO V_VAR
	VALUES ("bef783e4-2c07-44d3-b623-ee25f69aae7e",
	"00fa99b2-8c83-48db-827c-e1ca4e525cb6",
	't3',
	1,
	"ba5eda7a-def5-0000-0000-000000000008");
INSERT INTO V_INT
	VALUES ("bef783e4-2c07-44d3-b623-ee25f69aae7e",
	0,
	"9de905e1-46fc-4263-835c-6063781f6921");
INSERT INTO V_VAR
	VALUES ("ed50561e-b48f-4300-8565-d7f585f054ab",
	"00fa99b2-8c83-48db-827c-e1ca4e525cb6",
	't4',
	1,
	"ba5eda7a-def5-0000-0000-000000000008");
INSERT INTO V_INT
	VALUES ("ed50561e-b48f-4300-8565-d7f585f054ab",
	0,
	"9de905e1-46fc-4263-835c-6063781f6921");
INSERT INTO V_VAR
	VALUES ("c0534748-ea30-45f4-be15-8f58902ab8f7",
	"00fa99b2-8c83-48db-827c-e1ca4e525cb6",
	't5',
	1,
	"ba5eda7a-def5-0000-0000-000000000008");
INSERT INTO V_INT
	VALUES ("c0534748-ea30-45f4-be15-8f58902ab8f7",
	0,
	"9de905e1-46fc-4263-835c-6063781f6921");
INSERT INTO V_VAR
	VALUES ("943cfa99-a7dd-486d-bdbf-291aaef2eaa5",
	"00fa99b2-8c83-48db-827c-e1ca4e525cb6",
	'u5',
	1,
	"ba5eda7a-def5-0000-0000-000000000008");
INSERT INTO V_INT
	VALUES ("943cfa99-a7dd-486d-bdbf-291aaef2eaa5",
	0,
	"7f6f388d-edba-4bfb-b83c-533ee6906124");
INSERT INTO V_VAR
	VALUES ("b75bb81d-ee3e-4cf1-a90b-cd51d3e28645",
	"00fa99b2-8c83-48db-827c-e1ca4e525cb6",
	'u4',
	1,
	"ba5eda7a-def5-0000-0000-000000000008");
INSERT INTO V_INT
	VALUES ("b75bb81d-ee3e-4cf1-a90b-cd51d3e28645",
	0,
	"7f6f388d-edba-4bfb-b83c-533ee6906124");
INSERT INTO V_VAR
	VALUES ("83dd10a4-04b6-4155-bfad-b5918ca11a12",
	"00fa99b2-8c83-48db-827c-e1ca4e525cb6",
	'u3',
	1,
	"ba5eda7a-def5-0000-0000-000000000008");
INSERT INTO V_INT
	VALUES ("83dd10a4-04b6-4155-bfad-b5918ca11a12",
	0,
	"7f6f388d-edba-4bfb-b83c-533ee6906124");
INSERT INTO V_VAR
	VALUES ("9582a3f3-1c95-4db8-965d-7e5888ffe3a5",
	"00fa99b2-8c83-48db-827c-e1ca4e525cb6",
	'u2',
	1,
	"ba5eda7a-def5-0000-0000-000000000008");
INSERT INTO V_INT
	VALUES ("9582a3f3-1c95-4db8-965d-7e5888ffe3a5",
	0,
	"7f6f388d-edba-4bfb-b83c-533ee6906124");
INSERT INTO V_VAR
	VALUES ("600dc57d-8b90-484e-921d-bc6dcf1ecf42",
	"00fa99b2-8c83-48db-827c-e1ca4e525cb6",
	'u1',
	1,
	"ba5eda7a-def5-0000-0000-000000000008");
INSERT INTO V_INT
	VALUES ("600dc57d-8b90-484e-921d-bc6dcf1ecf42",
	0,
	"7f6f388d-edba-4bfb-b83c-533ee6906124");
INSERT INTO V_VAR
	VALUES ("45fd84d7-cec1-4f46-891c-bbb5f56e8b7d",
	"00fa99b2-8c83-48db-827c-e1ca4e525cb6",
	'w1',
	1,
	"ba5eda7a-def5-0000-0000-000000000008");
INSERT INTO V_INT
	VALUES ("45fd84d7-cec1-4f46-891c-bbb5f56e8b7d",
	0,
	"16f7cfb9-3145-4027-8b3a-13a0b9770ae3");
INSERT INTO V_VAR
	VALUES ("a7fef344-3837-45f7-9747-f00a41635d82",
	"00fa99b2-8c83-48db-827c-e1ca4e525cb6",
	'w2',
	1,
	"ba5eda7a-def5-0000-0000-000000000008");
INSERT INTO V_INT
	VALUES ("a7fef344-3837-45f7-9747-f00a41635d82",
	0,
	"16f7cfb9-3145-4027-8b3a-13a0b9770ae3");
INSERT INTO V_VAR
	VALUES ("99817c3c-9cde-4884-aec2-2c3d42186f17",
	"00fa99b2-8c83-48db-827c-e1ca4e525cb6",
	'w3',
	1,
	"ba5eda7a-def5-0000-0000-000000000008");
INSERT INTO V_INT
	VALUES ("99817c3c-9cde-4884-aec2-2c3d42186f17",
	0,
	"16f7cfb9-3145-4027-8b3a-13a0b9770ae3");
INSERT INTO V_VAR
	VALUES ("89af936d-2819-470d-bec3-232020d37571",
	"00fa99b2-8c83-48db-827c-e1ca4e525cb6",
	'w4',
	1,
	"ba5eda7a-def5-0000-0000-000000000008");
INSERT INTO V_INT
	VALUES ("89af936d-2819-470d-bec3-232020d37571",
	0,
	"16f7cfb9-3145-4027-8b3a-13a0b9770ae3");
INSERT INTO V_VAR
	VALUES ("ed7792b1-1195-46f1-a618-4cc838b337d3",
	"00fa99b2-8c83-48db-827c-e1ca4e525cb6",
	'v1',
	1,
	"ba5eda7a-def5-0000-0000-000000000008");
INSERT INTO V_INT
	VALUES ("ed7792b1-1195-46f1-a618-4cc838b337d3",
	0,
	"1303c58a-6a69-454d-8f4f-63a4c1d6bab1");
INSERT INTO V_VAR
	VALUES ("9bd18ed0-005c-4f13-954d-c6688d033b83",
	"00fa99b2-8c83-48db-827c-e1ca4e525cb6",
	'v2',
	1,
	"ba5eda7a-def5-0000-0000-000000000008");
INSERT INTO V_INT
	VALUES ("9bd18ed0-005c-4f13-954d-c6688d033b83",
	0,
	"1303c58a-6a69-454d-8f4f-63a4c1d6bab1");
INSERT INTO V_VAR
	VALUES ("5479dbab-71f6-4fa4-ae49-d65dbe3d8d5e",
	"00fa99b2-8c83-48db-827c-e1ca4e525cb6",
	'x1',
	1,
	"ba5eda7a-def5-0000-0000-000000000008");
INSERT INTO V_INT
	VALUES ("5479dbab-71f6-4fa4-ae49-d65dbe3d8d5e",
	0,
	"37232c72-a7ed-4c17-9fbc-5129fd3a4bae");
INSERT INTO V_VAR
	VALUES ("f561a018-a081-4635-8a77-1692636e720b",
	"00fa99b2-8c83-48db-827c-e1ca4e525cb6",
	'x2',
	1,
	"ba5eda7a-def5-0000-0000-000000000008");
INSERT INTO V_INT
	VALUES ("f561a018-a081-4635-8a77-1692636e720b",
	0,
	"37232c72-a7ed-4c17-9fbc-5129fd3a4bae");
INSERT INTO V_VAR
	VALUES ("5e070f4a-5eeb-47bb-82e3-61d3d042ccae",
	"00fa99b2-8c83-48db-827c-e1ca4e525cb6",
	'x3',
	1,
	"ba5eda7a-def5-0000-0000-000000000008");
INSERT INTO V_INT
	VALUES ("5e070f4a-5eeb-47bb-82e3-61d3d042ccae",
	0,
	"37232c72-a7ed-4c17-9fbc-5129fd3a4bae");
INSERT INTO V_VAR
	VALUES ("52add318-f561-40c1-9a00-f7f55d160e9b",
	"00fa99b2-8c83-48db-827c-e1ca4e525cb6",
	'x4',
	1,
	"ba5eda7a-def5-0000-0000-000000000008");
INSERT INTO V_INT
	VALUES ("52add318-f561-40c1-9a00-f7f55d160e9b",
	0,
	"37232c72-a7ed-4c17-9fbc-5129fd3a4bae");
INSERT INTO V_VAR
	VALUES ("cdc3ea48-b37b-43fc-adb5-54dce9ece6b5",
	"00fa99b2-8c83-48db-827c-e1ca4e525cb6",
	'x5',
	1,
	"ba5eda7a-def5-0000-0000-000000000008");
INSERT INTO V_INT
	VALUES ("cdc3ea48-b37b-43fc-adb5-54dce9ece6b5",
	0,
	"37232c72-a7ed-4c17-9fbc-5129fd3a4bae");
INSERT INTO V_VAR
	VALUES ("47f82546-a3ff-49ff-94f7-91f6e7869918",
	"00fa99b2-8c83-48db-827c-e1ca4e525cb6",
	'x6',
	1,
	"ba5eda7a-def5-0000-0000-000000000008");
INSERT INTO V_INT
	VALUES ("47f82546-a3ff-49ff-94f7-91f6e7869918",
	0,
	"37232c72-a7ed-4c17-9fbc-5129fd3a4bae");
INSERT INTO V_VAR
	VALUES ("9f98ce0f-d2ab-4cd5-987a-a2ccfa021341",
	"00fa99b2-8c83-48db-827c-e1ca4e525cb6",
	'y1',
	1,
	"ba5eda7a-def5-0000-0000-000000000008");
INSERT INTO V_INT
	VALUES ("9f98ce0f-d2ab-4cd5-987a-a2ccfa021341",
	0,
	"1a0a7fbf-fcee-426a-a47f-eb1a0de6fbe2");
INSERT INTO V_VAR
	VALUES ("c09da326-f41f-46b3-aa16-f171fb9b3468",
	"00fa99b2-8c83-48db-827c-e1ca4e525cb6",
	'y2',
	1,
	"ba5eda7a-def5-0000-0000-000000000008");
INSERT INTO V_INT
	VALUES ("c09da326-f41f-46b3-aa16-f171fb9b3468",
	0,
	"1a0a7fbf-fcee-426a-a47f-eb1a0de6fbe2");
INSERT INTO V_VAR
	VALUES ("63f10a85-d8cb-4206-9c9e-5757dc64f491",
	"00fa99b2-8c83-48db-827c-e1ca4e525cb6",
	'y3',
	1,
	"ba5eda7a-def5-0000-0000-000000000008");
INSERT INTO V_INT
	VALUES ("63f10a85-d8cb-4206-9c9e-5757dc64f491",
	0,
	"1a0a7fbf-fcee-426a-a47f-eb1a0de6fbe2");
INSERT INTO V_VAR
	VALUES ("c7378dcc-b717-46d4-880f-2cb208067b5c",
	"00fa99b2-8c83-48db-827c-e1ca4e525cb6",
	'y4',
	1,
	"ba5eda7a-def5-0000-0000-000000000008");
INSERT INTO V_INT
	VALUES ("c7378dcc-b717-46d4-880f-2cb208067b5c",
	0,
	"1a0a7fbf-fcee-426a-a47f-eb1a0de6fbe2");
INSERT INTO V_VAR
	VALUES ("4fce52dc-0d1a-489d-befd-b0750630fdd7",
	"00fa99b2-8c83-48db-827c-e1ca4e525cb6",
	'y5',
	1,
	"ba5eda7a-def5-0000-0000-000000000008");
INSERT INTO V_INT
	VALUES ("4fce52dc-0d1a-489d-befd-b0750630fdd7",
	0,
	"1a0a7fbf-fcee-426a-a47f-eb1a0de6fbe2");
INSERT INTO V_VAR
	VALUES ("e0454e2c-e309-4b58-be74-5b5596ced01d",
	"00fa99b2-8c83-48db-827c-e1ca4e525cb6",
	'y6',
	1,
	"ba5eda7a-def5-0000-0000-000000000008");
INSERT INTO V_INT
	VALUES ("e0454e2c-e309-4b58-be74-5b5596ced01d",
	0,
	"1a0a7fbf-fcee-426a-a47f-eb1a0de6fbe2");
INSERT INTO V_VAR
	VALUES ("5048e7df-5b34-4d49-964e-a804b4efd592",
	"00fa99b2-8c83-48db-827c-e1ca4e525cb6",
	'y7',
	1,
	"ba5eda7a-def5-0000-0000-000000000008");
INSERT INTO V_INT
	VALUES ("5048e7df-5b34-4d49-964e-a804b4efd592",
	0,
	"1a0a7fbf-fcee-426a-a47f-eb1a0de6fbe2");
INSERT INTO V_VAR
	VALUES ("7d08d950-5fcc-4967-ac98-aa42db07fa21",
	"00fa99b2-8c83-48db-827c-e1ca4e525cb6",
	'y8',
	1,
	"ba5eda7a-def5-0000-0000-000000000008");
INSERT INTO V_INT
	VALUES ("7d08d950-5fcc-4967-ac98-aa42db07fa21",
	0,
	"1a0a7fbf-fcee-426a-a47f-eb1a0de6fbe2");
INSERT INTO V_VAR
	VALUES ("d1dfc7bf-e9a2-4c11-a7ec-4da070fedcdd",
	"00fa99b2-8c83-48db-827c-e1ca4e525cb6",
	'y9',
	1,
	"ba5eda7a-def5-0000-0000-000000000008");
INSERT INTO V_INT
	VALUES ("d1dfc7bf-e9a2-4c11-a7ec-4da070fedcdd",
	0,
	"1a0a7fbf-fcee-426a-a47f-eb1a0de6fbe2");
INSERT INTO V_VAR
	VALUES ("49f86339-8180-4fe0-a178-110ca713d709",
	"00fa99b2-8c83-48db-827c-e1ca4e525cb6",
	'z1',
	1,
	"ba5eda7a-def5-0000-0000-000000000008");
INSERT INTO V_INT
	VALUES ("49f86339-8180-4fe0-a178-110ca713d709",
	0,
	"2d8a3a17-c338-4915-b084-15abec5d8a3d");
INSERT INTO V_VAR
	VALUES ("f9493369-2180-4bdf-9b6e-8c4275d0d844",
	"00fa99b2-8c83-48db-827c-e1ca4e525cb6",
	'z2',
	1,
	"ba5eda7a-def5-0000-0000-000000000008");
INSERT INTO V_INT
	VALUES ("f9493369-2180-4bdf-9b6e-8c4275d0d844",
	0,
	"2d8a3a17-c338-4915-b084-15abec5d8a3d");
INSERT INTO V_VAR
	VALUES ("62e7667a-3024-4121-aa1f-9aac01121ec4",
	"00fa99b2-8c83-48db-827c-e1ca4e525cb6",
	'z3',
	1,
	"ba5eda7a-def5-0000-0000-000000000008");
INSERT INTO V_INT
	VALUES ("62e7667a-3024-4121-aa1f-9aac01121ec4",
	0,
	"2d8a3a17-c338-4915-b084-15abec5d8a3d");
INSERT INTO V_VAR
	VALUES ("c818b834-949d-4e85-9342-1fa0e538e3c1",
	"00fa99b2-8c83-48db-827c-e1ca4e525cb6",
	'zz1',
	1,
	"ba5eda7a-def5-0000-0000-000000000008");
INSERT INTO V_INT
	VALUES ("c818b834-949d-4e85-9342-1fa0e538e3c1",
	0,
	"8bdb72ca-c37d-49f6-bc98-b97b5539f176");
INSERT INTO V_VAR
	VALUES ("74e7f292-14c2-4a0d-8902-13efba0c4809",
	"00fa99b2-8c83-48db-827c-e1ca4e525cb6",
	'zz2',
	1,
	"ba5eda7a-def5-0000-0000-000000000008");
INSERT INTO V_INT
	VALUES ("74e7f292-14c2-4a0d-8902-13efba0c4809",
	0,
	"8bdb72ca-c37d-49f6-bc98-b97b5539f176");
INSERT INTO V_VAR
	VALUES ("829ed669-3a69-4d0c-a5c5-e80110da3af0",
	"00fa99b2-8c83-48db-827c-e1ca4e525cb6",
	'zz3',
	1,
	"ba5eda7a-def5-0000-0000-000000000008");
INSERT INTO V_INT
	VALUES ("829ed669-3a69-4d0c-a5c5-e80110da3af0",
	0,
	"8bdb72ca-c37d-49f6-bc98-b97b5539f176");
INSERT INTO V_VAR
	VALUES ("d934f272-dd4b-4ae3-90b7-77295c328939",
	"00fa99b2-8c83-48db-827c-e1ca4e525cb6",
	'zz4',
	1,
	"ba5eda7a-def5-0000-0000-000000000008");
INSERT INTO V_INT
	VALUES ("d934f272-dd4b-4ae3-90b7-77295c328939",
	0,
	"8bdb72ca-c37d-49f6-bc98-b97b5539f176");
INSERT INTO V_VAR
	VALUES ("81e44c37-f8a2-4800-b618-07cac271bf7b",
	"00fa99b2-8c83-48db-827c-e1ca4e525cb6",
	'zz5',
	1,
	"ba5eda7a-def5-0000-0000-000000000008");
INSERT INTO V_INT
	VALUES ("81e44c37-f8a2-4800-b618-07cac271bf7b",
	0,
	"8bdb72ca-c37d-49f6-bc98-b97b5539f176");
INSERT INTO V_VAR
	VALUES ("ec1710f3-bc84-42db-95fc-ae55925ced4c",
	"00fa99b2-8c83-48db-827c-e1ca4e525cb6",
	'zz6',
	1,
	"ba5eda7a-def5-0000-0000-000000000008");
INSERT INTO V_INT
	VALUES ("ec1710f3-bc84-42db-95fc-ae55925ced4c",
	0,
	"8bdb72ca-c37d-49f6-bc98-b97b5539f176");
INSERT INTO V_VAR
	VALUES ("0baeaa3d-6163-43c2-94a6-3271e0f98126",
	"00fa99b2-8c83-48db-827c-e1ca4e525cb6",
	'zz7',
	1,
	"ba5eda7a-def5-0000-0000-000000000008");
INSERT INTO V_INT
	VALUES ("0baeaa3d-6163-43c2-94a6-3271e0f98126",
	0,
	"8bdb72ca-c37d-49f6-bc98-b97b5539f176");
INSERT INTO PE_PE
	VALUES ("ee0b21c6-3e1f-4b2b-9441-00b6e64ca6eb",
	1,
	"4bf9896e-225c-42da-82e6-68f6491ef16c",
	"00000000-0000-0000-0000-000000000000",
	1);
INSERT INTO S_SYNC
	VALUES ("ee0b21c6-3e1f-4b2b-9441-00b6e64ca6eb",
	"00000000-0000-0000-0000-000000000000",
	'setup',
	'',
	'// 
// Check to see if any instances are already here.
// This would mean that we have restored from NVS
// or that preexisting instances were defined in data.
//

SQL::load();

select any a from instances of plug;
if ( empty a )

  //
  // Set up instances for existance test later on.
  //

  LOG::LogInfo( message:"creating instances" );
  ::do_creates();

end if;   // if empty a',
	"ba5eda7a-def5-0000-0000-000000000000",
	1,
	'',
	0);
INSERT INTO ACT_FNB
	VALUES ("090a3327-4a4a-4eac-9dcf-2ff6c3a4cac2",
	"ee0b21c6-3e1f-4b2b-9441-00b6e64ca6eb");
INSERT INTO ACT_ACT
	VALUES ("090a3327-4a4a-4eac-9dcf-2ff6c3a4cac2",
	'function',
	0,
	"056fb9cf-2396-4b34-ba62-6b3f5a7cfbeb",
	"00000000-0000-0000-0000-000000000000",
	0,
	'setup',
	"00000000-0000-0000-0000-000000000000");
INSERT INTO ACT_BLK
	VALUES ("056fb9cf-2396-4b34-ba62-6b3f5a7cfbeb",
	1,
	0,
	0,
	'SQL',
	'',
	'',
	10,
	1,
	9,
	32,
	0,
	0,
	0,
	0,
	0,
	0,
	0,
	0,
	0,
	"090a3327-4a4a-4eac-9dcf-2ff6c3a4cac2",
	"00000000-0000-0000-0000-000000000000");
INSERT INTO ACT_SMT
	VALUES ("bcb2c969-a754-4b89-992d-e2fc659ccc89",
	"056fb9cf-2396-4b34-ba62-6b3f5a7cfbeb",
	"5086c756-935b-43d5-98b7-7b317afee64e",
	7,
	1,
	'setup line: 7');
INSERT INTO ACT_BRG
	VALUES ("bcb2c969-a754-4b89-992d-e2fc659ccc89",
	"40eaec44-eb8d-4cae-959a-880b94c28c05",
	7,
	6,
	7,
	1);
INSERT INTO ACT_SMT
	VALUES ("5086c756-935b-43d5-98b7-7b317afee64e",
	"056fb9cf-2396-4b34-ba62-6b3f5a7cfbeb",
	"ab5f1d8d-ac5a-410c-8cec-6dff9245ba88",
	9,
	1,
	'setup line: 9');
INSERT INTO ACT_FIO
	VALUES ("5086c756-935b-43d5-98b7-7b317afee64e",
	"cc6fb5c0-353d-4875-bf7c-48a2e141758a",
	1,
	'any',
	"9e07c28d-77a6-489a-85f6-d1ae2b7a22b4",
	9,
	32);
INSERT INTO ACT_SMT
	VALUES ("ab5f1d8d-ac5a-410c-8cec-6dff9245ba88",
	"056fb9cf-2396-4b34-ba62-6b3f5a7cfbeb",
	"00000000-0000-0000-0000-000000000000",
	10,
	1,
	'setup line: 10');
INSERT INTO ACT_IF
	VALUES ("ab5f1d8d-ac5a-410c-8cec-6dff9245ba88",
	"a6338202-8395-409b-9f2e-46c8d5819b4d",
	"0b3ce505-ccf5-426a-89ce-183a96b66029",
	"00000000-0000-0000-0000-000000000000",
	"00000000-0000-0000-0000-000000000000");
INSERT INTO V_VAL
	VALUES ("046dd189-512d-4b56-a905-84a37709b0dd",
	0,
	0,
	10,
	12,
	12,
	0,
	0,
	0,
	0,
	"ba5eda7a-def5-0000-0000-000000000008",
	"056fb9cf-2396-4b34-ba62-6b3f5a7cfbeb");
INSERT INTO V_IRF
	VALUES ("046dd189-512d-4b56-a905-84a37709b0dd",
	"cc6fb5c0-353d-4875-bf7c-48a2e141758a");
INSERT INTO V_VAL
	VALUES ("0b3ce505-ccf5-426a-89ce-183a96b66029",
	0,
	0,
	-1,
	-1,
	-1,
	0,
	0,
	0,
	0,
	"ba5eda7a-def5-0000-0000-000000000001",
	"056fb9cf-2396-4b34-ba62-6b3f5a7cfbeb");
INSERT INTO V_UNY
	VALUES ("0b3ce505-ccf5-426a-89ce-183a96b66029",
	"046dd189-512d-4b56-a905-84a37709b0dd",
	'empty');
INSERT INTO V_VAR
	VALUES ("cc6fb5c0-353d-4875-bf7c-48a2e141758a",
	"056fb9cf-2396-4b34-ba62-6b3f5a7cfbeb",
	'a',
	1,
	"ba5eda7a-def5-0000-0000-000000000008");
INSERT INTO V_INT
	VALUES ("cc6fb5c0-353d-4875-bf7c-48a2e141758a",
	0,
	"9e07c28d-77a6-489a-85f6-d1ae2b7a22b4");
INSERT INTO ACT_BLK
	VALUES ("a6338202-8395-409b-9f2e-46c8d5819b4d",
	0,
	0,
	0,
	'LOG',
	'',
	'',
	17,
	3,
	16,
	3,
	0,
	0,
	0,
	0,
	0,
	0,
	0,
	0,
	0,
	"090a3327-4a4a-4eac-9dcf-2ff6c3a4cac2",
	"00000000-0000-0000-0000-000000000000");
INSERT INTO ACT_SMT
	VALUES ("1b1e6084-6aba-4531-905a-8d5bfda493ef",
	"a6338202-8395-409b-9f2e-46c8d5819b4d",
	"e3ff8a5f-7ed9-4b91-9fe2-996cc96d8a7d",
	16,
	3,
	'setup line: 16');
INSERT INTO ACT_BRG
	VALUES ("1b1e6084-6aba-4531-905a-8d5bfda493ef",
	"af615ef3-56dd-40b1-be6b-27e07023a829",
	16,
	8,
	16,
	3);
INSERT INTO ACT_SMT
	VALUES ("e3ff8a5f-7ed9-4b91-9fe2-996cc96d8a7d",
	"a6338202-8395-409b-9f2e-46c8d5819b4d",
	"00000000-0000-0000-0000-000000000000",
	17,
	3,
	'setup line: 17');
INSERT INTO ACT_FNC
	VALUES ("e3ff8a5f-7ed9-4b91-9fe2-996cc96d8a7d",
	"5b2dd722-eec1-43c7-a8d9-ca28f0be7d11",
	17,
	5);
INSERT INTO V_VAL
	VALUES ("d8f67567-39b0-4828-bfe4-67aeaa224b29",
	0,
	0,
	16,
	25,
	43,
	0,
	0,
	0,
	0,
	"ba5eda7a-def5-0000-0000-000000000004",
	"a6338202-8395-409b-9f2e-46c8d5819b4d");
INSERT INTO V_LST
	VALUES ("d8f67567-39b0-4828-bfe4-67aeaa224b29",
	'creating instances');
INSERT INTO V_PAR
	VALUES ("d8f67567-39b0-4828-bfe4-67aeaa224b29",
	"1b1e6084-6aba-4531-905a-8d5bfda493ef",
	"00000000-0000-0000-0000-000000000000",
	'message',
	"00000000-0000-0000-0000-000000000000",
	16,
	17);
INSERT INTO PE_PE
	VALUES ("b6ece4d0-3a14-4e5a-87e6-23378a779c47",
	1,
	"4bf9896e-225c-42da-82e6-68f6491ef16c",
	"00000000-0000-0000-0000-000000000000",
	1);
INSERT INTO S_SYNC
	VALUES ("b6ece4d0-3a14-4e5a-87e6-23378a779c47",
	"00000000-0000-0000-0000-000000000000",
	'test',
	'',
	'//
// Test that an instance of A already exists.
//

select any a from instances of plug;
if (empty a)
  LOG::LogFailure( message:"test1.20:  Failed to select a." );
end if;

select many as from instances of plug;
if (cardinality as != 5)
  LOG::LogFailure( message:"test1.21:  Wrong number of As." );
end if;
select many as_again from instances of plug;
if ( as != as_again )
  LOG::LogFailure( message:"set of As and As_again do not match." );
end if;

create object instance a1 of plug; a1.i = 101;
select any a from instances of plug where (selected.i == 1);
if (empty a)
  LOG::LogFailure( message:"test1.22:  Failed to select a where." );
end if;
delete object instance a1;

select any b from instances of socket where (selected.i == 20);
if (not empty b)
  LOG::LogFailure( message:"test1.23:  Selected non-existant B." );
end if;

select any b from instances of socket where (selected.i == 2);
if (empty b)
  LOG::LogFailure( message:"test1.24:  Failed to select b where." );
end if;

//
// Test that there is a B related to this A.
//
select any a from instances of plug where (selected.i == 3);
select one b related by a->socket[R1];
if (empty b)
  LOG::LogFailure( message:"test1.40:  Failed to select b across R1." );
end if;
if (b.i != 4)
  LOG::LogFailure( message:"test1.41:  Selected wrong b across R1." );
  if ( a.bID != b.bID )
    LOG::LogFailure( message:"test1.42:  A/B referential mismatch" );
  end if;
end if;
select one same_a related by a->socket[R1]->plug[R1];
if ( empty same_a )
  LOG::LogFailure( message:"test1.43:  Did not find a out and back across R1." );
else
  if ( a != same_a )
    LOG::LogFailure( message:"test1.43a:  a and same_a not the same." );
  end if;
end if;

//
// Test that there is an A related to this B.
//
select one a related by b->plug[R1];
if (empty a)
  LOG::LogFailure( message:"test1.44:  Failed to select a across R1." );
end if;
if (a.i != 3)
  LOG::LogFailure( message:"test1.45:  Selected wrong a across R1." );
end if;
unrelate a from b across R1;
relate a to b across R1;

//
// Test for a D.
//
select any d from instances of dog_owner where ( selected.name == "DeeTwo" );
if (empty d)
  LOG::LogFailure( message:"test1.52:  Failed to select d from Ds.");
end if;

//
// Test for many Cs related to D.
//
select many cs related by d->dog[R2];
if ( cardinality cs != 4 )
  LOG::LogFailure( message:"test1.62:  Failed to select Cs from D.");
end if;
for each c in cs
  select one d related by c->dog_owner[R2];
  if ( d.name != "DeeTwo" )
    LOG::LogFailure( message:"test1.63:  Failed to select D from C.");
  end if;
  if ( c.dID != d.dID )
    LOG::LogFailure( message:"test1.64:  C/D referential mismatch");
  end if;
end for;

//
// Test associatives.
//
select any e from instances of host where ( selected.eID == 2 );
if ( empty e )
  LOG::LogFailure( message:"test1.70:  Failed to select E.");
end if;
select any f related by e->device[R3];
if ( empty f )
  LOG::LogFailure( message:"test1.71:  Failed to select F.");
else
  if ( f.fID != 3 )
    LOG::LogFailure( message:"test1.72:  Selected wrong F across R3.");
  end if;
end if;
select many es related by f->host[R3];
if ( cardinality es != 2 )
  LOG::LogFailure( message:"test1.73:  Selected wrong count of Fs.");
end if;
select any g related by e->connection[R3];
if ( g.gID != 3 )
  LOG::LogFailure( message:"test1.74:  Selected incorrect G.");
end if;
if ( ( g.eID != e.eID ) or ( g.fID != f.fID ) )
  LOG::LogFailure( message:"test1.75:  E/F/G referential mismatch.");
end if;
for each e in es
  if ( ( e.eID != 1 ) and ( e.eID != 2 ) )
    LOG::LogFailure( message:"test1.76:  Selected incorrect Es.");
  end if;
end for;

//
// Test reflexives.
//
select any h1 from instances of transmission where ( selected.hID == 1 );
if ( empty h1 )
  LOG::LogFailure( message:"test1.80:  Failed to select H.");
end if;
select one h2 related by h1->transmission[R4.''precedes''];
if ( h2.hID != 2 )
  LOG::LogFailure( message:"test1.81:  Selected incorrect H.");
end if;
if ( h1.hID != h2.follows )
  LOG::LogFailure( message:"test1.81a:  H referential mismatch");
end if;
select one h3 related by h2->transmission[R4.''precedes''];
if ( h3.hID != 3 )
  LOG::LogFailure( message:"test1.82:  Selected incorrect H.");
end if;
if ( h2.hID != h3.follows )
  LOG::LogFailure( message:"test1.82a:  H referential mismatch");
end if;
select one h related by h1->transmission[R4.''precedes'']->transmission[R4.''precedes''];
if ( h.hID != 3 )
  LOG::LogFailure( message:"test1.83:  Selected incorrect H.");
end if;
select one h related by h3->transmission[R4.''follows'']->transmission[R4.''follows''];
if ( h.hID != 1 )
  LOG::LogFailure( message:"test1.84:  Selected incorrect H.");
end if;
select any h from instances of transmission where ( selected.hID == 2 );
if ( empty h )
  LOG::LogFailure( message:"test1.85:  Failed to select H.");
end if;
select one hp related by h->transmission[R4.''follows''];
if ( hp.hID != 1 )
  LOG::LogFailure( message:"test1.86:  Selected incorrect H.");
end if;
if ( hp.hID != h.follows )
  LOG::LogFailure( message:"test1.86a:  H referential mismatch");
end if;
select one hf related by h->transmission[R4.''precedes''];
if ( hf.hID != 3 )
  LOG::LogFailure( message:"test1.87:  Selected incorrect H.");
end if;
select one h related by h3->transmission[R4.''precedes''];
if ( h.hID != 4 )
  LOG::LogFailure( message:"test1.88:  Selected incorrect H.");
end if;
if ( h3.hID != h.follows )
  LOG::LogFailure( message:"test1.88a:  H referential mismatch");
end if;

//
// Test sub/supers.
//
select any i from instances of car where ( selected.iID == 200 );
if ( empty i )
  LOG::LogFailure( message:"test1.90:  Failed to select I.");
end if;
select one k related by i->sports_car[R5];
if ( empty k )
  LOG::LogFailure( message:"test1.91:  Failed to select K.");
else
  if ( k.kID != 33 )
    LOG::LogFailure( message:"test1.92:  Selected incorrect K.");
  end if;
  if ( i.iID != k.iID )
    LOG::LogFailure( message:"test1.92a:  I/K referential mismatch");
  end if;
end if;
select one l related by i->sports_car[R5]->convertible[R6];
if ( empty l )
  LOG::LogFailure( message:"test1.93:  Failed to select L.");
else
  if ( l.lID != 222 )
    LOG::LogFailure( message:"test1.94:  Selected incorrect L.");
  end if;
  if ( l.kID != k.kID )
    LOG::LogFailure( message:"test1.94a:  L/K referential mismatch");
  end if;
end if;

//
// Test reflexive asymmetrics.
//
select any o from instances of group_member where ( selected.voo == "Cort" );
select many os related by o->group_member[R8.''teaches''];
if ( cardinality os != 3 )
  LOG::LogFailure( message:"test1.C2:  Failed to select Os.");
end if;
select one o1 related by o->group_member[R8.''learns_from''];
if ( o1.voo != "Kenny" )
  LOG::LogFailure( message:"test1.C3:  Selected incorrect O.");
else
  if ( o.teacheroID != o1.oID )
    LOG::LogFailure( message:"test1.C3a:  O referential mismatch");
  end if;
end if;
select any o from instances of group_member where ( selected.voo == "Ellen" );
select one o1 related by o->group_member[R8.''learns_from''];
if ( o1.voo != "Cort" )
  LOG::LogFailure( message:"test1.C4:  Selected incorrect O.");
else
  if ( o.teacheroID != o1.oID )
    LOG::LogFailure( message:"test1.C4a:  O referential mismatch");
  end if;
end if;
select any o from instances of group_member where ( selected.voo == "Amy" );
select one o1 related by o->group_member[R8.''learns_from''];
if ( o1.voo != "Cort" )
  LOG::LogFailure( message:"test1.C5:  Selected incorrect O.");
else
  if ( o.teacheroID != o1.oID )
    LOG::LogFailure( message:"test1.C5a:  O referential mismatch");
  end if;
end if;

//
// Test reflexive associatives.
//
select any n from instances of employee where ( selected.name == "Chris" );
select many ns related by n->employee[R7.''manages''];
if ( cardinality ns != 2 )
  LOG::LogFailure( message:"test1.B2:  Failed to select Ns.");
end if;
create object instance n1 of employee;
create object instance n2 of employee;
delete object instance n2;
n1.name = "Vijay";
for each n in ns
  if ( n.name != "Dave" ) and ( n.name != "Pete" )
    LOG::LogFailure( message:"test1.B3:  Selected incorrect Ns.");
  end if;
end for;
delete object instance n1;
select any n from instances of employee where ( selected.name == "Pete" );
select one boss related by n->employee[R7.''works_for''];
if ( empty boss )
  LOG::LogFailure( message:"test1.B4:  Failed to select boss.");
else
  if ( boss.name != "Chris" )
    LOG::LogFailure( message:"test1.B5:  Selected incorrect boss.");
  end if;
end if;
select any n from instances of employee where ( selected.name == "Dave" );
select one m related by n->report_line[R7.''works_for''];
if ( empty m )
  LOG::LogFailure( message:"test1.B6:  Failed to select M.");
else
  if ( m.department != "MEC" )
    LOG::LogFailure( message:"test1.B7:  Selected incorrect department.");
  else
    if ( m.manages_nID != n.nID )
      LOG::LogFailure( message:"test1.B7a:  M/N referential mismatch");
    end if;
  end if;
end if;
select any n from instances of employee where ( selected.name == "Pete" );
select many ns related by n->employee[R7.''manages''];
if ( cardinality ns != 2 )
  LOG::LogFailure( message:"test1.B2:  Failed to select Ns.");
end if;
for each n in ns
  if ( n.name != "Alex" ) and ( n.name != "Jenn" )
    LOG::LogFailure( message:"test1.B3:  Selected incorrect Ns.");
  end if;
end for;


//
// Test 1-1 associatives.
//
select any p from instances of automobile where ( selected.eyedee == "Rox" );
select one q related by p->jurisdiction[R9];
if ( q.deeeye != "Cort" )
  LOG::LogFailure( message:"test1.D1:  Selected incorrect Q.");
end if;
select any q from instances of jurisdiction where ( selected.deeeye == "Rusty" );
select one p related by q->automobile[R9];
if ( p.eyedee != "Bita" )
  LOG::LogFailure( message:"test1.D2:  Selected incorrect P.");
end if;
select any p from instances of automobile where ( selected.eyedee == "Tina" );
select one r related by p->license[R9];
if ( r.city != "Lockport" )
  LOG::LogFailure( message:"test1.D3:  Selected incorrect R.");
else
  if ( p.pID != r.pID )
    LOG::LogFailure( message:"test1.D3a:  P/R referential mismatch");
  end if;
end if;

//
// Test 1-M associatives.
//
select any s from instances of AtoD_converter where ( selected.s == "Rox" );
select many ts related by s->analog_input[R10];
if ( cardinality ts != 2 )
  LOG::LogFailure( message:"test1.E1:  Incorrect number of Ts.");
end if;
for each t in ts
  if ( ( t.t != "Hannah" ) and ( t.t != "Ruby" ) )
    LOG::LogFailure( message:"test1.E2:  Incorrect T.");
  end if;
  select one s related by t->AtoD_converter[R10];
  if ( s.s != "Rox" )
    LOG::LogFailure( message:"test1.E3:  Incorrect S.");
  end if;
end for;
select any t from instances of analog_input where ( selected.t == "Katrina" );
select one s related by t->AtoD_converter[R10];
select any u related by s->sample[R10] where ( selected.s == "Aug" );
if ( empty u )
  LOG::LogFailure( message:"test1.E4:  Incorrect U.");
else
  if ( s.sID != u.sID )
    LOG::LogFailure( message:"test1.E4a:  S/U referential mismatch");
  end if;
end if;

//
// Test 1-1 reflexive associatives.
//
select any w from instances of person where ( selected.name == "Rox" );
select one husband related by w->person[R11.''is_wife_of''];
if ( husband.name != "Cort" )
  LOG::LogFailure( message:"test1.F1:  Incorrect W.");
end if;
select any w from instances of person where ( selected.name == "Jacqui" );
select one husband related by w->person[R11.''is_wife_of''];
if ( husband.name != "Sean" )
  LOG::LogFailure( message:"test1.F2:  Incorrect W.");
end if;
select any huz from instances of person where ( selected.name == "Cort" );
select one wife related by huz->person[R11.''is_husband_of''];
if ( wife.name != "Rox" )
  LOG::LogFailure( message:"test1.F3:  Incorrect W.");
end if;
select any v from instances of marriage where ( selected.year == 1988 );
if ( ( v.husband != "Cort" ) or ( v.wife != "Rox" ) )
  LOG::LogFailure( message:"test1.F4:  Incorrect V or referential mismatch." );
end if;

// Test friends and friendships.
// (Note that this should be symmetric reflexive, but we don''t know how.)
//
select any x from instances of friend where ( selected.name == "Cort" );
if ( empty x )
  LOG::LogFailure( message:"test1.X1:  Failed to select X." );
end if;
select many xs related by x->friend[R12.''is_pal_of''];
cardxs = cardinality xs;
select many xs related by x->friend[R12.''is_buddy_of''];
cardxs = cardxs + cardinality xs;
if ( cardxs != 5 )
  LOG::LogFailure( message:"test1.X2:  Wrong number of friends." );
end if;
select many ys from instances of friendship where ( selected.pal == "Cort" )
  or ( selected.buddy == "Cort" );
if ( cardinality ys != 5 )
  LOG::LogFailure( message:"test1.Y3:  Wrong number of friends." );
end if;
// Test Sevina''s friends.
select any x from instances of friend where ( selected.name == "Sevina" );
if ( empty x )
  LOG::LogFailure( message:"test1.X4:  Failed to select X." );
end if;
select any x1 related by x->friend[R12.''is_pal_of''];
if ( x1.name != "Rox" )
  LOG::LogFailure( message:"test1.X5:  Could not find Rox." );
end if;
select any x from instances of friend where ( selected.name == "Rox" );
if ( empty x )
  LOG::LogFailure( message:"test1.X6:  Failed to select X." );
end if;
select any x1 related by x->friend[R12.''is_buddy_of''];
if ( x1.name != "Sevina" )
  LOG::LogFailure( message:"test1.X6:  Could not find Sevina." );
end if;
select any y from instances of friendship;
select one x related by y->friend[R12.''is_pal_of''];
if ( x.name != y.buddy )
  LOG::LogFailure( message:"test1.X6a:  X/Y referential mismatch" );
end if;
select one x related by y->friend[R12.''is_buddy_of''];
if ( x.name != y.pal )
  LOG::LogFailure( message:"test1.X6b:  X/Y referential mismatch" );
end if;


//
// Test dealers and deals.
//
select any z from instances of dealer where ( selected.name == "Joe" );
if ( empty z )
  LOG::LogFailure( message:"test1.Z1:  Failed to select Z." );
end if;
select many zs related by z->dealer[R13.''buys_from''];
if ( cardinality zs < 2 )
  LOG::LogFailure( message:"test1.Z2:  Could not find Zs." );
end if;
select any zz from instances of deal;
select one z related by zz->dealer[R13.''buys_from''];
if ( zz.seller != z.name )
  LOG::LogFailure( message:"test1.Z2a:  Z/ZZ referential mismatch" );
end if;
select one z related by zz->dealer[R13.''sells_to''];
if ( zz.buyer != z.name )
  LOG::LogFailure( message:"test1.Z2b:  Z/ZZ referential mismatch" );
end if;

LOG::LogSuccess( message:"Made it to the end." );
',
	"ba5eda7a-def5-0000-0000-000000000000",
	1,
	'',
	0);
INSERT INTO ACT_FNB
	VALUES ("2c0be812-95ea-437f-b051-a9349a9f5da0",
	"b6ece4d0-3a14-4e5a-87e6-23378a779c47");
INSERT INTO ACT_ACT
	VALUES ("2c0be812-95ea-437f-b051-a9349a9f5da0",
	'function',
	0,
	"1419f51f-5aa1-4d3f-bbc3-2570191c85cc",
	"00000000-0000-0000-0000-000000000000",
	0,
	'test',
	"00000000-0000-0000-0000-000000000000");
INSERT INTO ACT_BLK
	VALUES ("1419f51f-5aa1-4d3f-bbc3-2570191c85cc",
	1,
	0,
	1,
	'LOG',
	'',
	'',
	440,
	1,
	440,
	1,
	0,
	0,
	435,
	36,
	435,
	40,
	0,
	0,
	0,
	"2c0be812-95ea-437f-b051-a9349a9f5da0",
	"00000000-0000-0000-0000-000000000000");
INSERT INTO ACT_SMT
	VALUES ("55e959e5-a3c4-40b6-97cf-02e741dad7e2",
	"1419f51f-5aa1-4d3f-bbc3-2570191c85cc",
	"1692bb13-d75d-416a-b652-2cad13b2162f",
	5,
	1,
	'test line: 5');
INSERT INTO ACT_FIO
	VALUES ("55e959e5-a3c4-40b6-97cf-02e741dad7e2",
	"43eb3eff-3262-4472-870f-9f50475741e9",
	1,
	'any',
	"9e07c28d-77a6-489a-85f6-d1ae2b7a22b4",
	5,
	32);
INSERT INTO ACT_SMT
	VALUES ("1692bb13-d75d-416a-b652-2cad13b2162f",
	"1419f51f-5aa1-4d3f-bbc3-2570191c85cc",
	"aab2359a-d7de-4e94-a01b-5dfd70ccef65",
	6,
	1,
	'test line: 6');
INSERT INTO ACT_IF
	VALUES ("1692bb13-d75d-416a-b652-2cad13b2162f",
	"559b0c98-6ef4-42fd-852e-91b527450b7d",
	"7671524b-4c6c-41de-a186-47bada2beb85",
	"00000000-0000-0000-0000-000000000000",
	"00000000-0000-0000-0000-000000000000");
INSERT INTO ACT_SMT
	VALUES ("aab2359a-d7de-4e94-a01b-5dfd70ccef65",
	"1419f51f-5aa1-4d3f-bbc3-2570191c85cc",
	"478cef3c-575e-45ad-8688-5020eb3f7590",
	10,
	1,
	'test line: 10');
INSERT INTO ACT_FIO
	VALUES ("aab2359a-d7de-4e94-a01b-5dfd70ccef65",
	"dd0e8277-a3f9-407e-ba3e-0ca50f9eb5f9",
	1,
	'many',
	"9e07c28d-77a6-489a-85f6-d1ae2b7a22b4",
	10,
	34);
INSERT INTO ACT_SMT
	VALUES ("478cef3c-575e-45ad-8688-5020eb3f7590",
	"1419f51f-5aa1-4d3f-bbc3-2570191c85cc",
	"8526a1da-d7cf-4e44-828e-d3bcd67fdf31",
	11,
	1,
	'test line: 11');
INSERT INTO ACT_IF
	VALUES ("478cef3c-575e-45ad-8688-5020eb3f7590",
	"ef077e1c-86c0-4b2f-ad0d-afa1444ba297",
	"d159285f-df18-4b0f-afe1-58155835e010",
	"00000000-0000-0000-0000-000000000000",
	"00000000-0000-0000-0000-000000000000");
INSERT INTO ACT_SMT
	VALUES ("8526a1da-d7cf-4e44-828e-d3bcd67fdf31",
	"1419f51f-5aa1-4d3f-bbc3-2570191c85cc",
	"93b57ebe-2685-4afd-9d82-aa0e8ec75cd8",
	14,
	1,
	'test line: 14');
INSERT INTO ACT_FIO
	VALUES ("8526a1da-d7cf-4e44-828e-d3bcd67fdf31",
	"dc5829b4-5ba5-424c-aeb4-95460754db30",
	1,
	'many',
	"9e07c28d-77a6-489a-85f6-d1ae2b7a22b4",
	14,
	40);
INSERT INTO ACT_SMT
	VALUES ("93b57ebe-2685-4afd-9d82-aa0e8ec75cd8",
	"1419f51f-5aa1-4d3f-bbc3-2570191c85cc",
	"4d2c9144-bfb2-4fb5-8ea6-4e772f9e39e1",
	15,
	1,
	'test line: 15');
INSERT INTO ACT_IF
	VALUES ("93b57ebe-2685-4afd-9d82-aa0e8ec75cd8",
	"df9878c4-4b33-498b-83b0-106029ae85eb",
	"9a88a24d-f794-4a2c-8256-44e5dcb1f320",
	"00000000-0000-0000-0000-000000000000",
	"00000000-0000-0000-0000-000000000000");
INSERT INTO ACT_SMT
	VALUES ("4d2c9144-bfb2-4fb5-8ea6-4e772f9e39e1",
	"1419f51f-5aa1-4d3f-bbc3-2570191c85cc",
	"fbd980c9-68a0-420d-83be-1e64bb606335",
	19,
	1,
	'test line: 19');
INSERT INTO ACT_CR
	VALUES ("4d2c9144-bfb2-4fb5-8ea6-4e772f9e39e1",
	"34692508-0f26-4fa5-b288-1445319092b5",
	1,
	"9e07c28d-77a6-489a-85f6-d1ae2b7a22b4",
	19,
	30);
INSERT INTO ACT_SMT
	VALUES ("fbd980c9-68a0-420d-83be-1e64bb606335",
	"1419f51f-5aa1-4d3f-bbc3-2570191c85cc",
	"dccc23bd-ccf0-4433-8dc5-3834317eeb1a",
	19,
	36,
	'test line: 19');
INSERT INTO ACT_AI
	VALUES ("fbd980c9-68a0-420d-83be-1e64bb606335",
	"7dbce236-da76-4e50-9bea-9b3ea0c30acc",
	"6284bdc9-5f27-4329-9156-bb6ea1289492",
	0,
	0);
INSERT INTO ACT_SMT
	VALUES ("dccc23bd-ccf0-4433-8dc5-3834317eeb1a",
	"1419f51f-5aa1-4d3f-bbc3-2570191c85cc",
	"a98b9d32-32f1-4402-a809-c2c74373f404",
	20,
	1,
	'test line: 20');
INSERT INTO ACT_FIW
	VALUES ("dccc23bd-ccf0-4433-8dc5-3834317eeb1a",
	"43eb3eff-3262-4472-870f-9f50475741e9",
	0,
	'any',
	"47c2a80d-5337-477d-865c-9e9c1be3f7e3",
	"9e07c28d-77a6-489a-85f6-d1ae2b7a22b4",
	20,
	32);
INSERT INTO ACT_SMT
	VALUES ("a98b9d32-32f1-4402-a809-c2c74373f404",
	"1419f51f-5aa1-4d3f-bbc3-2570191c85cc",
	"993dc15b-ee79-4383-9791-bd17b5ec994a",
	21,
	1,
	'test line: 21');
INSERT INTO ACT_IF
	VALUES ("a98b9d32-32f1-4402-a809-c2c74373f404",
	"333bd803-4af7-426e-a128-725bb587aec0",
	"c60a2b43-971e-4f6f-b121-e5d7d9cbed36",
	"00000000-0000-0000-0000-000000000000",
	"00000000-0000-0000-0000-000000000000");
INSERT INTO ACT_SMT
	VALUES ("993dc15b-ee79-4383-9791-bd17b5ec994a",
	"1419f51f-5aa1-4d3f-bbc3-2570191c85cc",
	"8f0acb98-ee24-42fa-bb05-8ef726dff10d",
	24,
	1,
	'test line: 24');
INSERT INTO ACT_DEL
	VALUES ("993dc15b-ee79-4383-9791-bd17b5ec994a",
	"34692508-0f26-4fa5-b288-1445319092b5");
INSERT INTO ACT_SMT
	VALUES ("8f0acb98-ee24-42fa-bb05-8ef726dff10d",
	"1419f51f-5aa1-4d3f-bbc3-2570191c85cc",
	"b2330713-bd95-431f-b67e-2ec542a7b34f",
	26,
	1,
	'test line: 26');
INSERT INTO ACT_FIW
	VALUES ("8f0acb98-ee24-42fa-bb05-8ef726dff10d",
	"af83bdeb-22a9-45e3-8431-0a2169f9a34e",
	1,
	'any',
	"5dc0eefb-5549-4d5f-abf8-8ab2fe4d2f58",
	"4fe7dec5-7125-46ae-99c5-0fbe0635efc5",
	26,
	32);
INSERT INTO ACT_SMT
	VALUES ("b2330713-bd95-431f-b67e-2ec542a7b34f",
	"1419f51f-5aa1-4d3f-bbc3-2570191c85cc",
	"12032d30-f2d8-46f8-89b0-83f8a3a773b9",
	27,
	1,
	'test line: 27');
INSERT INTO ACT_IF
	VALUES ("b2330713-bd95-431f-b67e-2ec542a7b34f",
	"a7c8ce41-ef16-4a19-8fb0-461edfeff41b",
	"8364d2dd-28b5-46f3-b09d-34781db18380",
	"00000000-0000-0000-0000-000000000000",
	"00000000-0000-0000-0000-000000000000");
INSERT INTO ACT_SMT
	VALUES ("12032d30-f2d8-46f8-89b0-83f8a3a773b9",
	"1419f51f-5aa1-4d3f-bbc3-2570191c85cc",
	"25c79ef4-1aff-48e9-95dc-9d795cd92ec0",
	31,
	1,
	'test line: 31');
INSERT INTO ACT_FIW
	VALUES ("12032d30-f2d8-46f8-89b0-83f8a3a773b9",
	"af83bdeb-22a9-45e3-8431-0a2169f9a34e",
	0,
	'any',
	"42e5172d-026e-4772-86b9-03ca42f3c93c",
	"4fe7dec5-7125-46ae-99c5-0fbe0635efc5",
	31,
	32);
INSERT INTO ACT_SMT
	VALUES ("25c79ef4-1aff-48e9-95dc-9d795cd92ec0",
	"1419f51f-5aa1-4d3f-bbc3-2570191c85cc",
	"2f567464-7331-4f89-ad8e-e245cfc53450",
	32,
	1,
	'test line: 32');
INSERT INTO ACT_IF
	VALUES ("25c79ef4-1aff-48e9-95dc-9d795cd92ec0",
	"cd83a2f1-b868-4f5a-aafa-3a64da48c3b7",
	"af97b60c-7b9f-4c31-890d-0847922472f7",
	"00000000-0000-0000-0000-000000000000",
	"00000000-0000-0000-0000-000000000000");
INSERT INTO ACT_SMT
	VALUES ("2f567464-7331-4f89-ad8e-e245cfc53450",
	"1419f51f-5aa1-4d3f-bbc3-2570191c85cc",
	"ec4b8f95-4dba-4db0-8844-399c4a054dc7",
	39,
	1,
	'test line: 39');
INSERT INTO ACT_FIW
	VALUES ("2f567464-7331-4f89-ad8e-e245cfc53450",
	"43eb3eff-3262-4472-870f-9f50475741e9",
	0,
	'any',
	"8eb084bf-a764-4247-b995-b3798668a2c1",
	"9e07c28d-77a6-489a-85f6-d1ae2b7a22b4",
	39,
	32);
INSERT INTO ACT_SMT
	VALUES ("ec4b8f95-4dba-4db0-8844-399c4a054dc7",
	"1419f51f-5aa1-4d3f-bbc3-2570191c85cc",
	"9318fa9e-15c3-4a2f-9cc2-aefbe28984a3",
	40,
	1,
	'test line: 40');
INSERT INTO ACT_SEL
	VALUES ("ec4b8f95-4dba-4db0-8844-399c4a054dc7",
	"af83bdeb-22a9-45e3-8431-0a2169f9a34e",
	0,
	'one',
	"c829d6e5-9b02-46d1-aeeb-ad904e7321e2");
INSERT INTO ACT_SR
	VALUES ("ec4b8f95-4dba-4db0-8844-399c4a054dc7");
INSERT INTO ACT_LNK
	VALUES ("eb2fd5f3-5651-449d-8403-8101f2f1ea77",
	'',
	"ec4b8f95-4dba-4db0-8844-399c4a054dc7",
	"21892359-8dcf-4317-8a03-1a6591e96036",
	"00000000-0000-0000-0000-000000000000",
	2,
	"4fe7dec5-7125-46ae-99c5-0fbe0635efc5",
	40,
	28,
	40,
	35,
	0,
	0);
INSERT INTO ACT_SMT
	VALUES ("9318fa9e-15c3-4a2f-9cc2-aefbe28984a3",
	"1419f51f-5aa1-4d3f-bbc3-2570191c85cc",
	"69e2acd2-a925-47d0-85f2-1a841820f4e6",
	41,
	1,
	'test line: 41');
INSERT INTO ACT_IF
	VALUES ("9318fa9e-15c3-4a2f-9cc2-aefbe28984a3",
	"f9d1a0f8-5047-4565-92dc-fe6ac9998d49",
	"7a8be367-8292-4151-ba6d-e64d9d42f0ef",
	"00000000-0000-0000-0000-000000000000",
	"00000000-0000-0000-0000-000000000000");
INSERT INTO ACT_SMT
	VALUES ("69e2acd2-a925-47d0-85f2-1a841820f4e6",
	"1419f51f-5aa1-4d3f-bbc3-2570191c85cc",
	"77cde1f0-1a1c-4166-a95f-695ee2ed778d",
	44,
	1,
	'test line: 44');
INSERT INTO ACT_IF
	VALUES ("69e2acd2-a925-47d0-85f2-1a841820f4e6",
	"4f6809d7-0727-4218-be2e-04e7ad82f500",
	"ff1db418-e669-4f29-a9a2-987712633a17",
	"00000000-0000-0000-0000-000000000000",
	"00000000-0000-0000-0000-000000000000");
INSERT INTO ACT_SMT
	VALUES ("77cde1f0-1a1c-4166-a95f-695ee2ed778d",
	"1419f51f-5aa1-4d3f-bbc3-2570191c85cc",
	"6dd17c57-6d7b-4d08-8bee-70d7dd6a8420",
	50,
	1,
	'test line: 50');
INSERT INTO ACT_SEL
	VALUES ("77cde1f0-1a1c-4166-a95f-695ee2ed778d",
	"a7566092-9e4d-4b91-aa8e-2f9f61412d63",
	1,
	'one',
	"d20e831d-baab-4031-964e-d21315d58323");
INSERT INTO ACT_SR
	VALUES ("77cde1f0-1a1c-4166-a95f-695ee2ed778d");
INSERT INTO ACT_LNK
	VALUES ("a7d48a65-d665-4b81-b471-07b17442f059",
	'',
	"77cde1f0-1a1c-4166-a95f-695ee2ed778d",
	"21892359-8dcf-4317-8a03-1a6591e96036",
	"dec70cb4-f456-4b95-8931-3e76a4dc922a",
	2,
	"4fe7dec5-7125-46ae-99c5-0fbe0635efc5",
	50,
	33,
	50,
	40,
	0,
	0);
INSERT INTO ACT_LNK
	VALUES ("dec70cb4-f456-4b95-8931-3e76a4dc922a",
	'',
	"00000000-0000-0000-0000-000000000000",
	"21892359-8dcf-4317-8a03-1a6591e96036",
	"00000000-0000-0000-0000-000000000000",
	2,
	"9e07c28d-77a6-489a-85f6-d1ae2b7a22b4",
	50,
	45,
	50,
	50,
	0,
	0);
INSERT INTO ACT_SMT
	VALUES ("6dd17c57-6d7b-4d08-8bee-70d7dd6a8420",
	"1419f51f-5aa1-4d3f-bbc3-2570191c85cc",
	"2aed797a-a1b2-4c51-bc1e-90c5b2b801fd",
	51,
	1,
	'test line: 51');
INSERT INTO ACT_IF
	VALUES ("6dd17c57-6d7b-4d08-8bee-70d7dd6a8420",
	"a02bc7ad-c6b4-466d-8d20-e665fc8164fb",
	"f66fc38c-e7e7-44d3-b512-f319b70d9a4e",
	"00000000-0000-0000-0000-000000000000",
	"00000000-0000-0000-0000-000000000000");
INSERT INTO ACT_SMT
	VALUES ("a8df56fb-39e8-4f95-9280-21eff7770fb4",
	"1419f51f-5aa1-4d3f-bbc3-2570191c85cc",
	"00000000-0000-0000-0000-000000000000",
	53,
	1,
	'test line: 53');
INSERT INTO ACT_E
	VALUES ("a8df56fb-39e8-4f95-9280-21eff7770fb4",
	"9b4fb19c-2b50-4d89-943a-786f13fa22cc",
	"6dd17c57-6d7b-4d08-8bee-70d7dd6a8420");
INSERT INTO ACT_SMT
	VALUES ("2aed797a-a1b2-4c51-bc1e-90c5b2b801fd",
	"1419f51f-5aa1-4d3f-bbc3-2570191c85cc",
	"fa249863-ebb0-419d-bf28-599b2562e7b5",
	62,
	1,
	'test line: 62');
INSERT INTO ACT_SEL
	VALUES ("2aed797a-a1b2-4c51-bc1e-90c5b2b801fd",
	"43eb3eff-3262-4472-870f-9f50475741e9",
	0,
	'one',
	"06432f9b-7caa-4369-bff2-1cfec32c7f26");
INSERT INTO ACT_SR
	VALUES ("2aed797a-a1b2-4c51-bc1e-90c5b2b801fd");
INSERT INTO ACT_LNK
	VALUES ("5404b1d3-6b5e-4df4-be17-e0cf215a8022",
	'',
	"2aed797a-a1b2-4c51-bc1e-90c5b2b801fd",
	"21892359-8dcf-4317-8a03-1a6591e96036",
	"00000000-0000-0000-0000-000000000000",
	2,
	"9e07c28d-77a6-489a-85f6-d1ae2b7a22b4",
	62,
	28,
	62,
	33,
	0,
	0);
INSERT INTO ACT_SMT
	VALUES ("fa249863-ebb0-419d-bf28-599b2562e7b5",
	"1419f51f-5aa1-4d3f-bbc3-2570191c85cc",
	"3e65ee40-57c2-4ec6-98e4-06ab0649a268",
	63,
	1,
	'test line: 63');
INSERT INTO ACT_IF
	VALUES ("fa249863-ebb0-419d-bf28-599b2562e7b5",
	"5b1ea484-62ee-4562-a668-511958239c63",
	"4edc9b82-0e95-413f-9933-affa014565b0",
	"00000000-0000-0000-0000-000000000000",
	"00000000-0000-0000-0000-000000000000");
INSERT INTO ACT_SMT
	VALUES ("3e65ee40-57c2-4ec6-98e4-06ab0649a268",
	"1419f51f-5aa1-4d3f-bbc3-2570191c85cc",
	"4701c40e-c6ac-4889-ba29-c4d65ff6e5f9",
	66,
	1,
	'test line: 66');
INSERT INTO ACT_IF
	VALUES ("3e65ee40-57c2-4ec6-98e4-06ab0649a268",
	"20e419e9-481b-4fac-b226-8f138d137383",
	"a7b3882c-91b5-495f-a2a1-11e830444b5a",
	"00000000-0000-0000-0000-000000000000",
	"00000000-0000-0000-0000-000000000000");
INSERT INTO ACT_SMT
	VALUES ("4701c40e-c6ac-4889-ba29-c4d65ff6e5f9",
	"1419f51f-5aa1-4d3f-bbc3-2570191c85cc",
	"30ac2399-5389-4124-bc81-c7c5879d930f",
	69,
	1,
	'test line: 69');
INSERT INTO ACT_UNR
	VALUES ("4701c40e-c6ac-4889-ba29-c4d65ff6e5f9",
	"43eb3eff-3262-4472-870f-9f50475741e9",
	"af83bdeb-22a9-45e3-8431-0a2169f9a34e",
	'',
	"21892359-8dcf-4317-8a03-1a6591e96036",
	69,
	26,
	0,
	0);
INSERT INTO ACT_SMT
	VALUES ("30ac2399-5389-4124-bc81-c7c5879d930f",
	"1419f51f-5aa1-4d3f-bbc3-2570191c85cc",
	"075c4aef-7973-4413-973c-a2f9bf322099",
	70,
	1,
	'test line: 70');
INSERT INTO ACT_REL
	VALUES ("30ac2399-5389-4124-bc81-c7c5879d930f",
	"43eb3eff-3262-4472-870f-9f50475741e9",
	"af83bdeb-22a9-45e3-8431-0a2169f9a34e",
	'',
	"21892359-8dcf-4317-8a03-1a6591e96036",
	70,
	22,
	0,
	0);
INSERT INTO ACT_SMT
	VALUES ("075c4aef-7973-4413-973c-a2f9bf322099",
	"1419f51f-5aa1-4d3f-bbc3-2570191c85cc",
	"c2812e3f-c55e-4a5d-a028-1b36b35e9406",
	75,
	1,
	'test line: 75');
INSERT INTO ACT_FIW
	VALUES ("075c4aef-7973-4413-973c-a2f9bf322099",
	"18b18349-138c-4749-a78d-178ee4d7c3f2",
	1,
	'any',
	"e35374a8-3a64-4457-913c-68a78d274a77",
	"8e6ffc50-e410-47a1-8bcf-8229c2ca4642",
	75,
	32);
INSERT INTO ACT_SMT
	VALUES ("c2812e3f-c55e-4a5d-a028-1b36b35e9406",
	"1419f51f-5aa1-4d3f-bbc3-2570191c85cc",
	"2e7c252a-43ea-47fa-8a17-f76202ad9509",
	76,
	1,
	'test line: 76');
INSERT INTO ACT_IF
	VALUES ("c2812e3f-c55e-4a5d-a028-1b36b35e9406",
	"4c2457e3-6534-4b4a-90d8-3ca12a8de9c4",
	"d2aaf2f8-15ef-4b56-8aca-cd475052b014",
	"00000000-0000-0000-0000-000000000000",
	"00000000-0000-0000-0000-000000000000");
INSERT INTO ACT_SMT
	VALUES ("2e7c252a-43ea-47fa-8a17-f76202ad9509",
	"1419f51f-5aa1-4d3f-bbc3-2570191c85cc",
	"edad992f-51c5-4fe1-b1d8-f1331202fa49",
	83,
	1,
	'test line: 83');
INSERT INTO ACT_SEL
	VALUES ("2e7c252a-43ea-47fa-8a17-f76202ad9509",
	"ff4c4ffe-ad43-4680-ac71-b60c4757082c",
	1,
	'many',
	"648174c9-50d4-4d78-b01b-31502f1b3d2b");
INSERT INTO ACT_SR
	VALUES ("2e7c252a-43ea-47fa-8a17-f76202ad9509");
INSERT INTO ACT_LNK
	VALUES ("d6cc4b28-350e-4060-b71e-f09fa0b0aab0",
	'',
	"2e7c252a-43ea-47fa-8a17-f76202ad9509",
	"a3789e75-5157-4500-a6bc-2cb3d576b578",
	"00000000-0000-0000-0000-000000000000",
	3,
	"9940ccae-6e81-400f-b2d8-0b0a0a36c067",
	83,
	30,
	83,
	34,
	0,
	0);
INSERT INTO ACT_SMT
	VALUES ("edad992f-51c5-4fe1-b1d8-f1331202fa49",
	"1419f51f-5aa1-4d3f-bbc3-2570191c85cc",
	"c0d5c365-1d65-4c5c-baa6-be6d9a418e71",
	84,
	1,
	'test line: 84');
INSERT INTO ACT_IF
	VALUES ("edad992f-51c5-4fe1-b1d8-f1331202fa49",
	"e2c67064-64db-4fc3-92e6-8150a307afbb",
	"e44f0fe1-7272-4251-bebc-4270e29dda5e",
	"00000000-0000-0000-0000-000000000000",
	"00000000-0000-0000-0000-000000000000");
INSERT INTO ACT_SMT
	VALUES ("c0d5c365-1d65-4c5c-baa6-be6d9a418e71",
	"1419f51f-5aa1-4d3f-bbc3-2570191c85cc",
	"7158da14-b2cf-4a28-a82c-2cacb83f8c1a",
	87,
	1,
	'test line: 87');
INSERT INTO ACT_FOR
	VALUES ("c0d5c365-1d65-4c5c-baa6-be6d9a418e71",
	"edcabf3d-57f2-4288-84cf-76792ad9e890",
	1,
	"41296396-df82-4fc4-a8c8-ee1cf0c47210",
	"ff4c4ffe-ad43-4680-ac71-b60c4757082c",
	"9940ccae-6e81-400f-b2d8-0b0a0a36c067");
INSERT INTO ACT_SMT
	VALUES ("7158da14-b2cf-4a28-a82c-2cacb83f8c1a",
	"1419f51f-5aa1-4d3f-bbc3-2570191c85cc",
	"f8a72c06-96ad-4c51-ba65-8ebd1a39efa2",
	100,
	1,
	'test line: 100');
INSERT INTO ACT_FIW
	VALUES ("7158da14-b2cf-4a28-a82c-2cacb83f8c1a",
	"81e1dda4-d73d-4396-9afb-0374babe5c3f",
	1,
	'any',
	"65c9280f-9f7e-4831-a67f-24deccde38ae",
	"6ee088c1-7097-4fe8-96fc-815a18b47c81",
	100,
	32);
INSERT INTO ACT_SMT
	VALUES ("f8a72c06-96ad-4c51-ba65-8ebd1a39efa2",
	"1419f51f-5aa1-4d3f-bbc3-2570191c85cc",
	"98a24841-a29d-4d3a-b8a0-a834151fc513",
	101,
	1,
	'test line: 101');
INSERT INTO ACT_IF
	VALUES ("f8a72c06-96ad-4c51-ba65-8ebd1a39efa2",
	"f4e893af-f12f-485a-9663-3429806a7847",
	"294323fa-88a0-4c5a-bdcf-2c8e40183958",
	"00000000-0000-0000-0000-000000000000",
	"00000000-0000-0000-0000-000000000000");
INSERT INTO ACT_SMT
	VALUES ("98a24841-a29d-4d3a-b8a0-a834151fc513",
	"1419f51f-5aa1-4d3f-bbc3-2570191c85cc",
	"847181b2-5cc6-4512-bb8c-a1594ddda834",
	104,
	1,
	'test line: 104');
INSERT INTO ACT_SEL
	VALUES ("98a24841-a29d-4d3a-b8a0-a834151fc513",
	"674ca723-8eb2-4736-88e8-c7f045696ebd",
	1,
	'any',
	"b6e202fb-8235-40ca-a47f-417f52d00844");
INSERT INTO ACT_SR
	VALUES ("98a24841-a29d-4d3a-b8a0-a834151fc513");
INSERT INTO ACT_LNK
	VALUES ("23d48bfd-c828-4b2f-940a-bf0b8c9f1130",
	'',
	"98a24841-a29d-4d3a-b8a0-a834151fc513",
	"b16412f8-3deb-47eb-9e2b-f0600bd208c6",
	"00000000-0000-0000-0000-000000000000",
	3,
	"c21a9ecf-e844-47a4-910a-7d8c7aa3d553",
	104,
	28,
	104,
	35,
	0,
	0);
INSERT INTO ACT_SMT
	VALUES ("847181b2-5cc6-4512-bb8c-a1594ddda834",
	"1419f51f-5aa1-4d3f-bbc3-2570191c85cc",
	"1b86e27c-f931-4ac0-9a30-b52edf37f45d",
	105,
	1,
	'test line: 105');
INSERT INTO ACT_IF
	VALUES ("847181b2-5cc6-4512-bb8c-a1594ddda834",
	"483c5ed2-31b7-4f35-91d9-1ec5b986c6b5",
	"265878fe-63f1-4772-8eb3-22ecda767e9b",
	"00000000-0000-0000-0000-000000000000",
	"00000000-0000-0000-0000-000000000000");
INSERT INTO ACT_SMT
	VALUES ("38e183f3-e3e1-4724-9747-645826bc1a51",
	"1419f51f-5aa1-4d3f-bbc3-2570191c85cc",
	"00000000-0000-0000-0000-000000000000",
	107,
	1,
	'test line: 107');
INSERT INTO ACT_E
	VALUES ("38e183f3-e3e1-4724-9747-645826bc1a51",
	"25971711-951a-4f33-89ad-01d24fe3b1eb",
	"847181b2-5cc6-4512-bb8c-a1594ddda834");
INSERT INTO ACT_SMT
	VALUES ("1b86e27c-f931-4ac0-9a30-b52edf37f45d",
	"1419f51f-5aa1-4d3f-bbc3-2570191c85cc",
	"21ab8bae-7723-4786-8fe2-bf466e338daa",
	112,
	1,
	'test line: 112');
INSERT INTO ACT_SEL
	VALUES ("1b86e27c-f931-4ac0-9a30-b52edf37f45d",
	"6f38449d-da96-4bd4-a1e8-04fd2a734c29",
	1,
	'many',
	"2b1821cd-70a8-4ca3-abff-232da6c567f3");
INSERT INTO ACT_SR
	VALUES ("1b86e27c-f931-4ac0-9a30-b52edf37f45d");
INSERT INTO ACT_LNK
	VALUES ("f652f366-4180-4f41-acc0-226662b175ca",
	'',
	"1b86e27c-f931-4ac0-9a30-b52edf37f45d",
	"b16412f8-3deb-47eb-9e2b-f0600bd208c6",
	"00000000-0000-0000-0000-000000000000",
	3,
	"6ee088c1-7097-4fe8-96fc-815a18b47c81",
	112,
	30,
	112,
	35,
	0,
	0);
INSERT INTO ACT_SMT
	VALUES ("21ab8bae-7723-4786-8fe2-bf466e338daa",
	"1419f51f-5aa1-4d3f-bbc3-2570191c85cc",
	"b5578514-e3de-41c7-b8b8-f24f22424d31",
	113,
	1,
	'test line: 113');
INSERT INTO ACT_IF
	VALUES ("21ab8bae-7723-4786-8fe2-bf466e338daa",
	"044a719f-9d35-4c17-9fc5-6f00d3c6c906",
	"824bdc13-b278-404b-bd3a-68f5580cbb4e",
	"00000000-0000-0000-0000-000000000000",
	"00000000-0000-0000-0000-000000000000");
INSERT INTO ACT_SMT
	VALUES ("b5578514-e3de-41c7-b8b8-f24f22424d31",
	"1419f51f-5aa1-4d3f-bbc3-2570191c85cc",
	"bf863db6-a545-4f34-85ec-08ab2c9f562f",
	116,
	1,
	'test line: 116');
INSERT INTO ACT_SEL
	VALUES ("b5578514-e3de-41c7-b8b8-f24f22424d31",
	"d28b228f-2871-4cda-ae27-83553949cc0a",
	1,
	'any',
	"b09b2402-059d-41ac-bbe4-9287b04fbeb4");
INSERT INTO ACT_SR
	VALUES ("b5578514-e3de-41c7-b8b8-f24f22424d31");
INSERT INTO ACT_LNK
	VALUES ("ecb48b46-080d-4459-9ca6-4911f531cdaf",
	'',
	"b5578514-e3de-41c7-b8b8-f24f22424d31",
	"b16412f8-3deb-47eb-9e2b-f0600bd208c6",
	"00000000-0000-0000-0000-000000000000",
	3,
	"39297b1a-c5e8-4464-b85c-7f1c6dadf459",
	116,
	28,
	116,
	39,
	0,
	0);
INSERT INTO ACT_SMT
	VALUES ("bf863db6-a545-4f34-85ec-08ab2c9f562f",
	"1419f51f-5aa1-4d3f-bbc3-2570191c85cc",
	"12f3ade7-5f4b-4165-9ef0-05aa7307a986",
	117,
	1,
	'test line: 117');
INSERT INTO ACT_IF
	VALUES ("bf863db6-a545-4f34-85ec-08ab2c9f562f",
	"253b91ea-d62a-45dd-974d-aab172901c57",
	"4f38b633-7653-41e6-90bf-3d94d57f65ce",
	"00000000-0000-0000-0000-000000000000",
	"00000000-0000-0000-0000-000000000000");
INSERT INTO ACT_SMT
	VALUES ("12f3ade7-5f4b-4165-9ef0-05aa7307a986",
	"1419f51f-5aa1-4d3f-bbc3-2570191c85cc",
	"f5213459-f93d-440c-88b3-d757a69d926e",
	120,
	1,
	'test line: 120');
INSERT INTO ACT_IF
	VALUES ("12f3ade7-5f4b-4165-9ef0-05aa7307a986",
	"6bf55c0b-03cd-4ecc-a71d-9a6d0b0f78da",
	"70b2fa16-ef51-4864-aa32-4da105a1943c",
	"00000000-0000-0000-0000-000000000000",
	"00000000-0000-0000-0000-000000000000");
INSERT INTO ACT_SMT
	VALUES ("f5213459-f93d-440c-88b3-d757a69d926e",
	"1419f51f-5aa1-4d3f-bbc3-2570191c85cc",
	"31392114-6a09-4eda-a9da-07e5a0478b5c",
	123,
	1,
	'test line: 123');
INSERT INTO ACT_FOR
	VALUES ("f5213459-f93d-440c-88b3-d757a69d926e",
	"0c58151d-8e4e-49e9-aa24-8c53f86d579c",
	0,
	"81e1dda4-d73d-4396-9afb-0374babe5c3f",
	"6f38449d-da96-4bd4-a1e8-04fd2a734c29",
	"6ee088c1-7097-4fe8-96fc-815a18b47c81");
INSERT INTO ACT_SMT
	VALUES ("31392114-6a09-4eda-a9da-07e5a0478b5c",
	"1419f51f-5aa1-4d3f-bbc3-2570191c85cc",
	"e600c45b-6fc6-409f-9909-04317caa1ec6",
	132,
	1,
	'test line: 132');
INSERT INTO ACT_FIW
	VALUES ("31392114-6a09-4eda-a9da-07e5a0478b5c",
	"84f915cf-dbfa-4bf2-a64f-5268b21bd85a",
	1,
	'any',
	"0a55aa5a-58cd-4d7c-b09a-c0693f0ff900",
	"2620e093-f578-450b-aabf-d9a801df6972",
	132,
	33);
INSERT INTO ACT_SMT
	VALUES ("e600c45b-6fc6-409f-9909-04317caa1ec6",
	"1419f51f-5aa1-4d3f-bbc3-2570191c85cc",
	"b8e87363-6dbb-4d12-bf70-1c75c515024b",
	133,
	1,
	'test line: 133');
INSERT INTO ACT_IF
	VALUES ("e600c45b-6fc6-409f-9909-04317caa1ec6",
	"dc3cffdb-8cd4-4320-bb25-7426adfd910b",
	"2067abb7-28d2-40f4-9f3c-3c6df482434c",
	"00000000-0000-0000-0000-000000000000",
	"00000000-0000-0000-0000-000000000000");
INSERT INTO ACT_SMT
	VALUES ("b8e87363-6dbb-4d12-bf70-1c75c515024b",
	"1419f51f-5aa1-4d3f-bbc3-2570191c85cc",
	"5743be05-77a2-4f07-9707-69acac51bdfd",
	136,
	1,
	'test line: 136');
INSERT INTO ACT_SEL
	VALUES ("b8e87363-6dbb-4d12-bf70-1c75c515024b",
	"16099a23-be1d-4ef8-889e-8db7eba14d56",
	1,
	'one',
	"ae0226fa-5039-43ea-9b9c-96d703a87e14");
INSERT INTO ACT_SR
	VALUES ("b8e87363-6dbb-4d12-bf70-1c75c515024b");
INSERT INTO ACT_LNK
	VALUES ("16d1f710-8f67-4def-be1f-de8f4ac07b95",
	'''precedes''',
	"b8e87363-6dbb-4d12-bf70-1c75c515024b",
	"ce3ff364-a822-4666-ae6e-57cdc648bf1c",
	"00000000-0000-0000-0000-000000000000",
	2,
	"2620e093-f578-450b-aabf-d9a801df6972",
	136,
	30,
	136,
	43,
	136,
	46);
INSERT INTO ACT_SMT
	VALUES ("5743be05-77a2-4f07-9707-69acac51bdfd",
	"1419f51f-5aa1-4d3f-bbc3-2570191c85cc",
	"f02f92be-b6f5-45c3-9e6c-eccc39bd98a7",
	137,
	1,
	'test line: 137');
INSERT INTO ACT_IF
	VALUES ("5743be05-77a2-4f07-9707-69acac51bdfd",
	"85681d3b-7960-4daa-b380-cfe1da026ac9",
	"e930dd73-933b-4916-976e-8a11b6e8d825",
	"00000000-0000-0000-0000-000000000000",
	"00000000-0000-0000-0000-000000000000");
INSERT INTO ACT_SMT
	VALUES ("f02f92be-b6f5-45c3-9e6c-eccc39bd98a7",
	"1419f51f-5aa1-4d3f-bbc3-2570191c85cc",
	"72bfa87e-005b-4c9f-a33a-07a0e1362cf7",
	140,
	1,
	'test line: 140');
INSERT INTO ACT_IF
	VALUES ("f02f92be-b6f5-45c3-9e6c-eccc39bd98a7",
	"28aa8b76-718f-4621-a620-d6140b67fb0a",
	"c7bfd49b-c2bb-471c-beeb-2ad6655ed9ea",
	"00000000-0000-0000-0000-000000000000",
	"00000000-0000-0000-0000-000000000000");
INSERT INTO ACT_SMT
	VALUES ("72bfa87e-005b-4c9f-a33a-07a0e1362cf7",
	"1419f51f-5aa1-4d3f-bbc3-2570191c85cc",
	"6c4e4c24-fcd5-4821-a85f-62dc95de00e0",
	143,
	1,
	'test line: 143');
INSERT INTO ACT_SEL
	VALUES ("72bfa87e-005b-4c9f-a33a-07a0e1362cf7",
	"a9508292-8cbe-47bf-a169-fff9d55aab24",
	1,
	'one',
	"cb86293d-d8df-4872-813a-a3201af0dd96");
INSERT INTO ACT_SR
	VALUES ("72bfa87e-005b-4c9f-a33a-07a0e1362cf7");
INSERT INTO ACT_LNK
	VALUES ("78f470a1-ce8f-420c-ac89-4f1fc3cb2730",
	'''precedes''',
	"72bfa87e-005b-4c9f-a33a-07a0e1362cf7",
	"ce3ff364-a822-4666-ae6e-57cdc648bf1c",
	"00000000-0000-0000-0000-000000000000",
	2,
	"2620e093-f578-450b-aabf-d9a801df6972",
	143,
	30,
	143,
	43,
	143,
	46);
INSERT INTO ACT_SMT
	VALUES ("6c4e4c24-fcd5-4821-a85f-62dc95de00e0",
	"1419f51f-5aa1-4d3f-bbc3-2570191c85cc",
	"f4b376f4-0d19-4f77-b976-4f90534b4edf",
	144,
	1,
	'test line: 144');
INSERT INTO ACT_IF
	VALUES ("6c4e4c24-fcd5-4821-a85f-62dc95de00e0",
	"ae1955b1-129d-42a8-80c5-100a7904a391",
	"a30216b5-9c68-48c4-b1dd-40d1b2e51788",
	"00000000-0000-0000-0000-000000000000",
	"00000000-0000-0000-0000-000000000000");
INSERT INTO ACT_SMT
	VALUES ("f4b376f4-0d19-4f77-b976-4f90534b4edf",
	"1419f51f-5aa1-4d3f-bbc3-2570191c85cc",
	"20f8f306-9564-4800-b691-02548506b477",
	147,
	1,
	'test line: 147');
INSERT INTO ACT_IF
	VALUES ("f4b376f4-0d19-4f77-b976-4f90534b4edf",
	"353e7b55-a3f0-4937-8735-acb8863139c2",
	"f51abb3a-ed68-4c8f-88f2-70c57f27a28a",
	"00000000-0000-0000-0000-000000000000",
	"00000000-0000-0000-0000-000000000000");
INSERT INTO ACT_SMT
	VALUES ("20f8f306-9564-4800-b691-02548506b477",
	"1419f51f-5aa1-4d3f-bbc3-2570191c85cc",
	"f3fc3fa0-4f66-49a0-afd9-31ec8c21777c",
	150,
	1,
	'test line: 150');
INSERT INTO ACT_SEL
	VALUES ("20f8f306-9564-4800-b691-02548506b477",
	"769fa316-88d3-4590-ab1a-0c88b743c2f1",
	1,
	'one',
	"803c4362-bf72-449d-8228-dc5bf5775558");
INSERT INTO ACT_SR
	VALUES ("20f8f306-9564-4800-b691-02548506b477");
INSERT INTO ACT_LNK
	VALUES ("4f4b8f5f-39f7-48f0-ac3b-c99bbf5fb51e",
	'''precedes''',
	"20f8f306-9564-4800-b691-02548506b477",
	"ce3ff364-a822-4666-ae6e-57cdc648bf1c",
	"cb4d6724-05b5-458b-b977-f4240eaf924d",
	2,
	"2620e093-f578-450b-aabf-d9a801df6972",
	150,
	29,
	150,
	42,
	150,
	45);
INSERT INTO ACT_LNK
	VALUES ("cb4d6724-05b5-458b-b977-f4240eaf924d",
	'''precedes''',
	"00000000-0000-0000-0000-000000000000",
	"ce3ff364-a822-4666-ae6e-57cdc648bf1c",
	"00000000-0000-0000-0000-000000000000",
	2,
	"2620e093-f578-450b-aabf-d9a801df6972",
	150,
	58,
	150,
	71,
	150,
	74);
INSERT INTO ACT_SMT
	VALUES ("f3fc3fa0-4f66-49a0-afd9-31ec8c21777c",
	"1419f51f-5aa1-4d3f-bbc3-2570191c85cc",
	"66a4190c-beee-4b87-b80d-dc47f740bf20",
	151,
	1,
	'test line: 151');
INSERT INTO ACT_IF
	VALUES ("f3fc3fa0-4f66-49a0-afd9-31ec8c21777c",
	"3cf260d8-2700-4e09-9f26-beb61f53da8f",
	"38e72e4c-6297-4d51-9734-34c38d4d97cc",
	"00000000-0000-0000-0000-000000000000",
	"00000000-0000-0000-0000-000000000000");
INSERT INTO ACT_SMT
	VALUES ("66a4190c-beee-4b87-b80d-dc47f740bf20",
	"1419f51f-5aa1-4d3f-bbc3-2570191c85cc",
	"34c26f39-e85b-4423-b5a8-eb0e4eef675f",
	154,
	1,
	'test line: 154');
INSERT INTO ACT_SEL
	VALUES ("66a4190c-beee-4b87-b80d-dc47f740bf20",
	"769fa316-88d3-4590-ab1a-0c88b743c2f1",
	0,
	'one',
	"7ed01e0f-07f2-48b1-af81-99f2cd150c5e");
INSERT INTO ACT_SR
	VALUES ("66a4190c-beee-4b87-b80d-dc47f740bf20");
INSERT INTO ACT_LNK
	VALUES ("b7d63d4d-f299-4711-b542-078139b69f47",
	'''follows''',
	"66a4190c-beee-4b87-b80d-dc47f740bf20",
	"ce3ff364-a822-4666-ae6e-57cdc648bf1c",
	"b380a7db-7105-46a4-a4ba-3ecd805e5c0c",
	2,
	"2620e093-f578-450b-aabf-d9a801df6972",
	154,
	29,
	154,
	42,
	154,
	45);
INSERT INTO ACT_LNK
	VALUES ("b380a7db-7105-46a4-a4ba-3ecd805e5c0c",
	'''follows''',
	"00000000-0000-0000-0000-000000000000",
	"ce3ff364-a822-4666-ae6e-57cdc648bf1c",
	"00000000-0000-0000-0000-000000000000",
	2,
	"2620e093-f578-450b-aabf-d9a801df6972",
	154,
	57,
	154,
	70,
	154,
	73);
INSERT INTO ACT_SMT
	VALUES ("34c26f39-e85b-4423-b5a8-eb0e4eef675f",
	"1419f51f-5aa1-4d3f-bbc3-2570191c85cc",
	"64ba21fa-b5bd-47bd-829d-74e769cf8284",
	155,
	1,
	'test line: 155');
INSERT INTO ACT_IF
	VALUES ("34c26f39-e85b-4423-b5a8-eb0e4eef675f",
	"00790d49-0ab6-4014-94ed-8a8d68f0d1b2",
	"4779b5e2-2915-4e3f-81d8-279c4cf2436d",
	"00000000-0000-0000-0000-000000000000",
	"00000000-0000-0000-0000-000000000000");
INSERT INTO ACT_SMT
	VALUES ("64ba21fa-b5bd-47bd-829d-74e769cf8284",
	"1419f51f-5aa1-4d3f-bbc3-2570191c85cc",
	"546bc05a-f031-4d85-b2ff-7bc2cc1293c0",
	158,
	1,
	'test line: 158');
INSERT INTO ACT_FIW
	VALUES ("64ba21fa-b5bd-47bd-829d-74e769cf8284",
	"769fa316-88d3-4590-ab1a-0c88b743c2f1",
	0,
	'any',
	"d05dfc17-3a20-4a01-9803-c16eb4b2d4e3",
	"2620e093-f578-450b-aabf-d9a801df6972",
	158,
	32);
INSERT INTO ACT_SMT
	VALUES ("546bc05a-f031-4d85-b2ff-7bc2cc1293c0",
	"1419f51f-5aa1-4d3f-bbc3-2570191c85cc",
	"b3052b3f-74c7-4d9f-b232-da890c248f43",
	159,
	1,
	'test line: 159');
INSERT INTO ACT_IF
	VALUES ("546bc05a-f031-4d85-b2ff-7bc2cc1293c0",
	"ad032898-fc97-44c5-b4c8-28b3ee44e390",
	"a7e730ca-5433-48de-895f-a71cff6a8ac9",
	"00000000-0000-0000-0000-000000000000",
	"00000000-0000-0000-0000-000000000000");
INSERT INTO ACT_SMT
	VALUES ("b3052b3f-74c7-4d9f-b232-da890c248f43",
	"1419f51f-5aa1-4d3f-bbc3-2570191c85cc",
	"b15e10b3-10d9-4779-8ec5-ea6a579462fc",
	162,
	1,
	'test line: 162');
INSERT INTO ACT_SEL
	VALUES ("b3052b3f-74c7-4d9f-b232-da890c248f43",
	"8d7fde51-30bc-4227-8d2a-aaa50b63e284",
	1,
	'one',
	"792b7364-db8c-4303-beaa-d0ed92eb42c2");
INSERT INTO ACT_SR
	VALUES ("b3052b3f-74c7-4d9f-b232-da890c248f43");
INSERT INTO ACT_LNK
	VALUES ("98bbd666-f1b4-4211-ba3f-76873cf9f886",
	'''follows''',
	"b3052b3f-74c7-4d9f-b232-da890c248f43",
	"ce3ff364-a822-4666-ae6e-57cdc648bf1c",
	"00000000-0000-0000-0000-000000000000",
	2,
	"2620e093-f578-450b-aabf-d9a801df6972",
	162,
	29,
	162,
	42,
	162,
	45);
INSERT INTO ACT_SMT
	VALUES ("b15e10b3-10d9-4779-8ec5-ea6a579462fc",
	"1419f51f-5aa1-4d3f-bbc3-2570191c85cc",
	"3ee1d481-5cec-41dd-aa0b-63a151cf61ae",
	163,
	1,
	'test line: 163');
INSERT INTO ACT_IF
	VALUES ("b15e10b3-10d9-4779-8ec5-ea6a579462fc",
	"fbb4537a-7b56-4aa2-ad50-c911327ed3ac",
	"15c6da4c-6322-40e5-a96e-9676c7070b19",
	"00000000-0000-0000-0000-000000000000",
	"00000000-0000-0000-0000-000000000000");
INSERT INTO ACT_SMT
	VALUES ("3ee1d481-5cec-41dd-aa0b-63a151cf61ae",
	"1419f51f-5aa1-4d3f-bbc3-2570191c85cc",
	"eab78b86-d998-41e3-86a4-5a2e5548c814",
	166,
	1,
	'test line: 166');
INSERT INTO ACT_IF
	VALUES ("3ee1d481-5cec-41dd-aa0b-63a151cf61ae",
	"b2ac7795-6727-423f-a3e0-9b703c2af522",
	"76b70b72-78a0-424c-b725-2332f4258177",
	"00000000-0000-0000-0000-000000000000",
	"00000000-0000-0000-0000-000000000000");
INSERT INTO ACT_SMT
	VALUES ("eab78b86-d998-41e3-86a4-5a2e5548c814",
	"1419f51f-5aa1-4d3f-bbc3-2570191c85cc",
	"a745bd44-0fd7-46de-9ddc-067df519cb9a",
	169,
	1,
	'test line: 169');
INSERT INTO ACT_SEL
	VALUES ("eab78b86-d998-41e3-86a4-5a2e5548c814",
	"f16830d1-9653-47d7-9b24-533ad1fd5417",
	1,
	'one',
	"66015515-0871-4f38-84d7-57cc2c608b8b");
INSERT INTO ACT_SR
	VALUES ("eab78b86-d998-41e3-86a4-5a2e5548c814");
INSERT INTO ACT_LNK
	VALUES ("9a8d271b-6cc7-4945-9af5-3e5d282e8ef8",
	'''precedes''',
	"eab78b86-d998-41e3-86a4-5a2e5548c814",
	"ce3ff364-a822-4666-ae6e-57cdc648bf1c",
	"00000000-0000-0000-0000-000000000000",
	2,
	"2620e093-f578-450b-aabf-d9a801df6972",
	169,
	29,
	169,
	42,
	169,
	45);
INSERT INTO ACT_SMT
	VALUES ("a745bd44-0fd7-46de-9ddc-067df519cb9a",
	"1419f51f-5aa1-4d3f-bbc3-2570191c85cc",
	"ae9fbf08-de78-476c-b6d9-b558ea4e64a0",
	170,
	1,
	'test line: 170');
INSERT INTO ACT_IF
	VALUES ("a745bd44-0fd7-46de-9ddc-067df519cb9a",
	"5026fe67-9270-494f-a9ba-dc2910c60788",
	"4bff88b4-4567-4d18-8cee-fa76bbc5316a",
	"00000000-0000-0000-0000-000000000000",
	"00000000-0000-0000-0000-000000000000");
INSERT INTO ACT_SMT
	VALUES ("ae9fbf08-de78-476c-b6d9-b558ea4e64a0",
	"1419f51f-5aa1-4d3f-bbc3-2570191c85cc",
	"29bbd8a0-2e99-4378-b7b6-6948d3d68669",
	173,
	1,
	'test line: 173');
INSERT INTO ACT_SEL
	VALUES ("ae9fbf08-de78-476c-b6d9-b558ea4e64a0",
	"769fa316-88d3-4590-ab1a-0c88b743c2f1",
	0,
	'one',
	"d28fe512-72d9-4401-a779-7349126ba537");
INSERT INTO ACT_SR
	VALUES ("ae9fbf08-de78-476c-b6d9-b558ea4e64a0");
INSERT INTO ACT_LNK
	VALUES ("22a01beb-ffa8-4163-ba72-36f701977de5",
	'''precedes''',
	"ae9fbf08-de78-476c-b6d9-b558ea4e64a0",
	"ce3ff364-a822-4666-ae6e-57cdc648bf1c",
	"00000000-0000-0000-0000-000000000000",
	2,
	"2620e093-f578-450b-aabf-d9a801df6972",
	173,
	29,
	173,
	42,
	173,
	45);
INSERT INTO ACT_SMT
	VALUES ("29bbd8a0-2e99-4378-b7b6-6948d3d68669",
	"1419f51f-5aa1-4d3f-bbc3-2570191c85cc",
	"033ddf88-5bec-4687-ab50-96144cfb8d97",
	174,
	1,
	'test line: 174');
INSERT INTO ACT_IF
	VALUES ("29bbd8a0-2e99-4378-b7b6-6948d3d68669",
	"d43dc0e5-b76b-4a4e-bd5a-cd5e0d593ab9",
	"253a5ff7-2d7d-43e5-865f-1a84d885b794",
	"00000000-0000-0000-0000-000000000000",
	"00000000-0000-0000-0000-000000000000");
INSERT INTO ACT_SMT
	VALUES ("033ddf88-5bec-4687-ab50-96144cfb8d97",
	"1419f51f-5aa1-4d3f-bbc3-2570191c85cc",
	"a516c5c4-b868-406c-b51c-7d3edaeaec3c",
	177,
	1,
	'test line: 177');
INSERT INTO ACT_IF
	VALUES ("033ddf88-5bec-4687-ab50-96144cfb8d97",
	"81b9ceb4-8e05-4c4e-afa3-0ba1ccf76592",
	"c0f7b386-01bb-4f06-aee0-3764e33e8e2f",
	"00000000-0000-0000-0000-000000000000",
	"00000000-0000-0000-0000-000000000000");
INSERT INTO ACT_SMT
	VALUES ("a516c5c4-b868-406c-b51c-7d3edaeaec3c",
	"1419f51f-5aa1-4d3f-bbc3-2570191c85cc",
	"9a7127bd-7287-4410-9de4-21f67e2c6c93",
	184,
	1,
	'test line: 184');
INSERT INTO ACT_FIW
	VALUES ("a516c5c4-b868-406c-b51c-7d3edaeaec3c",
	"a34fd105-bf0e-4252-9ab4-08d2f0a28224",
	1,
	'any',
	"2d426afd-c888-46dc-aee1-292432ddf3ae",
	"9dbd3ae1-6411-42eb-972d-0740a28a8c2c",
	184,
	32);
INSERT INTO ACT_SMT
	VALUES ("9a7127bd-7287-4410-9de4-21f67e2c6c93",
	"1419f51f-5aa1-4d3f-bbc3-2570191c85cc",
	"05be83a6-b926-4b96-8820-e9fe98285095",
	185,
	1,
	'test line: 185');
INSERT INTO ACT_IF
	VALUES ("9a7127bd-7287-4410-9de4-21f67e2c6c93",
	"28c08c37-5290-4bbe-8b4f-b8caacd77693",
	"790828d4-4338-4227-8abc-a5ea66e83d00",
	"00000000-0000-0000-0000-000000000000",
	"00000000-0000-0000-0000-000000000000");
INSERT INTO ACT_SMT
	VALUES ("05be83a6-b926-4b96-8820-e9fe98285095",
	"1419f51f-5aa1-4d3f-bbc3-2570191c85cc",
	"f62f0617-f3f1-4be1-b22b-f05d3a994d78",
	188,
	1,
	'test line: 188');
INSERT INTO ACT_SEL
	VALUES ("05be83a6-b926-4b96-8820-e9fe98285095",
	"f94980ca-e184-4c43-b3b2-4daf79b7f236",
	1,
	'one',
	"15aef62c-5703-418d-a0f2-e19f17dea462");
INSERT INTO ACT_SR
	VALUES ("05be83a6-b926-4b96-8820-e9fe98285095");
INSERT INTO ACT_LNK
	VALUES ("dafd69d4-dfd1-4cad-9145-65ad6e52cfc4",
	'',
	"05be83a6-b926-4b96-8820-e9fe98285095",
	"81de7908-4a0c-4e5d-b8d3-769156891cba",
	"00000000-0000-0000-0000-000000000000",
	2,
	"582d76c4-422e-4d9e-8361-55c5096acbfd",
	188,
	28,
	188,
	39,
	0,
	0);
INSERT INTO ACT_SMT
	VALUES ("f62f0617-f3f1-4be1-b22b-f05d3a994d78",
	"1419f51f-5aa1-4d3f-bbc3-2570191c85cc",
	"58ed9bd2-7143-4d32-8165-47de9de0bb34",
	189,
	1,
	'test line: 189');
INSERT INTO ACT_IF
	VALUES ("f62f0617-f3f1-4be1-b22b-f05d3a994d78",
	"7640229b-55b9-4828-b5f1-242e1c5e2b59",
	"c1dba51b-cb49-4a42-8b57-c32a3fc10c48",
	"00000000-0000-0000-0000-000000000000",
	"00000000-0000-0000-0000-000000000000");
INSERT INTO ACT_SMT
	VALUES ("99481ff7-50e3-46c4-a194-45c7c032cdd1",
	"1419f51f-5aa1-4d3f-bbc3-2570191c85cc",
	"00000000-0000-0000-0000-000000000000",
	191,
	1,
	'test line: 191');
INSERT INTO ACT_E
	VALUES ("99481ff7-50e3-46c4-a194-45c7c032cdd1",
	"8e429409-67e3-4eba-9adb-e1ee343a0088",
	"f62f0617-f3f1-4be1-b22b-f05d3a994d78");
INSERT INTO ACT_SMT
	VALUES ("58ed9bd2-7143-4d32-8165-47de9de0bb34",
	"1419f51f-5aa1-4d3f-bbc3-2570191c85cc",
	"c918acc1-23c1-405b-9e8f-22cefae4c6b2",
	199,
	1,
	'test line: 199');
INSERT INTO ACT_SEL
	VALUES ("58ed9bd2-7143-4d32-8165-47de9de0bb34",
	"e5e90a0a-17e5-4b77-a8c5-ff4580321274",
	1,
	'one',
	"df2dd4a2-845c-4467-9f92-abbc302c44bd");
INSERT INTO ACT_SR
	VALUES ("58ed9bd2-7143-4d32-8165-47de9de0bb34");
INSERT INTO ACT_LNK
	VALUES ("265d8764-85c3-497c-8283-21b2027c6e09",
	'',
	"58ed9bd2-7143-4d32-8165-47de9de0bb34",
	"81de7908-4a0c-4e5d-b8d3-769156891cba",
	"9802557d-80c8-4f5f-867c-c0a45c47f49c",
	2,
	"582d76c4-422e-4d9e-8361-55c5096acbfd",
	199,
	28,
	199,
	39,
	0,
	0);
INSERT INTO ACT_LNK
	VALUES ("9802557d-80c8-4f5f-867c-c0a45c47f49c",
	'',
	"00000000-0000-0000-0000-000000000000",
	"d186f17b-9ee7-405a-9c47-b7cea0d4674d",
	"00000000-0000-0000-0000-000000000000",
	2,
	"60baa2a9-55de-4e61-947f-25f39fc3cbf1",
	199,
	44,
	199,
	56,
	0,
	0);
INSERT INTO ACT_SMT
	VALUES ("c918acc1-23c1-405b-9e8f-22cefae4c6b2",
	"1419f51f-5aa1-4d3f-bbc3-2570191c85cc",
	"44771cd8-bff4-4b36-a430-ae16bdb9de28",
	200,
	1,
	'test line: 200');
INSERT INTO ACT_IF
	VALUES ("c918acc1-23c1-405b-9e8f-22cefae4c6b2",
	"e16f6a1e-371a-4d38-8eca-c25dfd35d9c7",
	"f097e359-e7c5-4bec-8f63-eec8518af88a",
	"00000000-0000-0000-0000-000000000000",
	"00000000-0000-0000-0000-000000000000");
INSERT INTO ACT_SMT
	VALUES ("15033266-aa28-4e9f-8a15-a3f9482cf56f",
	"1419f51f-5aa1-4d3f-bbc3-2570191c85cc",
	"00000000-0000-0000-0000-000000000000",
	202,
	1,
	'test line: 202');
INSERT INTO ACT_E
	VALUES ("15033266-aa28-4e9f-8a15-a3f9482cf56f",
	"4319c329-31f0-4ecf-8700-065c04063b2a",
	"c918acc1-23c1-405b-9e8f-22cefae4c6b2");
INSERT INTO ACT_SMT
	VALUES ("44771cd8-bff4-4b36-a430-ae16bdb9de28",
	"1419f51f-5aa1-4d3f-bbc3-2570191c85cc",
	"3e6e5878-72ca-438f-a2d2-5615dcfdcf65",
	214,
	1,
	'test line: 214');
INSERT INTO ACT_FIW
	VALUES ("44771cd8-bff4-4b36-a430-ae16bdb9de28",
	"f4c51203-66ab-474a-a666-320596a5855c",
	1,
	'any',
	"d4bc7245-ab5e-49b4-ba5b-338f03747e86",
	"2b75ff93-ab57-42e7-8100-af7086b8d12b",
	214,
	32);
INSERT INTO ACT_SMT
	VALUES ("3e6e5878-72ca-438f-a2d2-5615dcfdcf65",
	"1419f51f-5aa1-4d3f-bbc3-2570191c85cc",
	"f97d9a2d-6963-401c-a2d6-b842769e4113",
	215,
	1,
	'test line: 215');
INSERT INTO ACT_SEL
	VALUES ("3e6e5878-72ca-438f-a2d2-5615dcfdcf65",
	"7c228ed5-9ece-42f1-a57f-dc927251957c",
	1,
	'many',
	"5ad6151b-6c15-4170-87db-a7eb3d945432");
INSERT INTO ACT_SR
	VALUES ("3e6e5878-72ca-438f-a2d2-5615dcfdcf65");
INSERT INTO ACT_LNK
	VALUES ("29a1a561-a085-4b14-a71f-a4e630237d85",
	'''teaches''',
	"3e6e5878-72ca-438f-a2d2-5615dcfdcf65",
	"5c4fbd89-e86f-48d7-9a05-d562e12be703",
	"00000000-0000-0000-0000-000000000000",
	3,
	"2b75ff93-ab57-42e7-8100-af7086b8d12b",
	215,
	30,
	215,
	43,
	215,
	46);
INSERT INTO ACT_SMT
	VALUES ("f97d9a2d-6963-401c-a2d6-b842769e4113",
	"1419f51f-5aa1-4d3f-bbc3-2570191c85cc",
	"dae5496e-98d4-446f-a513-d0b96518fad2",
	216,
	1,
	'test line: 216');
INSERT INTO ACT_IF
	VALUES ("f97d9a2d-6963-401c-a2d6-b842769e4113",
	"10d2a38d-bc81-49fa-9a67-41e2c2331a72",
	"c67db174-9c94-4c95-95cd-3bda3432f149",
	"00000000-0000-0000-0000-000000000000",
	"00000000-0000-0000-0000-000000000000");
INSERT INTO ACT_SMT
	VALUES ("dae5496e-98d4-446f-a513-d0b96518fad2",
	"1419f51f-5aa1-4d3f-bbc3-2570191c85cc",
	"32e612c0-78cf-4987-b5d1-b8f71f8061de",
	219,
	1,
	'test line: 219');
INSERT INTO ACT_SEL
	VALUES ("dae5496e-98d4-446f-a513-d0b96518fad2",
	"b7f93e8e-067d-4288-bcbd-6f089d974e24",
	1,
	'one',
	"921f9f0f-688b-40ce-89ff-6f0a34367f11");
INSERT INTO ACT_SR
	VALUES ("dae5496e-98d4-446f-a513-d0b96518fad2");
INSERT INTO ACT_LNK
	VALUES ("61979df7-3eb5-4151-982b-ea1cebc0c6ca",
	'''learns_from''',
	"dae5496e-98d4-446f-a513-d0b96518fad2",
	"5c4fbd89-e86f-48d7-9a05-d562e12be703",
	"00000000-0000-0000-0000-000000000000",
	2,
	"2b75ff93-ab57-42e7-8100-af7086b8d12b",
	219,
	29,
	219,
	42,
	219,
	45);
INSERT INTO ACT_SMT
	VALUES ("32e612c0-78cf-4987-b5d1-b8f71f8061de",
	"1419f51f-5aa1-4d3f-bbc3-2570191c85cc",
	"deb0d835-db4b-4368-9f8f-a7a5be61b394",
	220,
	1,
	'test line: 220');
INSERT INTO ACT_IF
	VALUES ("32e612c0-78cf-4987-b5d1-b8f71f8061de",
	"ee40bffd-6ba2-4c4c-a5af-84744ec14c98",
	"98aa02d3-3e74-4cd0-9af8-8c05dd8ec876",
	"00000000-0000-0000-0000-000000000000",
	"00000000-0000-0000-0000-000000000000");
INSERT INTO ACT_SMT
	VALUES ("297191dc-868d-4e03-8d87-26ce3eedebf5",
	"1419f51f-5aa1-4d3f-bbc3-2570191c85cc",
	"00000000-0000-0000-0000-000000000000",
	222,
	1,
	'test line: 222');
INSERT INTO ACT_E
	VALUES ("297191dc-868d-4e03-8d87-26ce3eedebf5",
	"1c2c3bc0-06f3-4498-b5aa-687d2b842eeb",
	"32e612c0-78cf-4987-b5d1-b8f71f8061de");
INSERT INTO ACT_SMT
	VALUES ("deb0d835-db4b-4368-9f8f-a7a5be61b394",
	"1419f51f-5aa1-4d3f-bbc3-2570191c85cc",
	"f59c41b1-29b2-4077-9130-0ec67e1ffd4b",
	227,
	1,
	'test line: 227');
INSERT INTO ACT_FIW
	VALUES ("deb0d835-db4b-4368-9f8f-a7a5be61b394",
	"f4c51203-66ab-474a-a666-320596a5855c",
	0,
	'any',
	"a3ec8428-730e-4085-a4af-032dfbfccdd3",
	"2b75ff93-ab57-42e7-8100-af7086b8d12b",
	227,
	32);
INSERT INTO ACT_SMT
	VALUES ("f59c41b1-29b2-4077-9130-0ec67e1ffd4b",
	"1419f51f-5aa1-4d3f-bbc3-2570191c85cc",
	"bd1f4fe2-36c6-405b-8147-1016b27c3fcf",
	228,
	1,
	'test line: 228');
INSERT INTO ACT_SEL
	VALUES ("f59c41b1-29b2-4077-9130-0ec67e1ffd4b",
	"b7f93e8e-067d-4288-bcbd-6f089d974e24",
	0,
	'one',
	"d3b57196-a83e-4714-a1fe-fddf54f10201");
INSERT INTO ACT_SR
	VALUES ("f59c41b1-29b2-4077-9130-0ec67e1ffd4b");
INSERT INTO ACT_LNK
	VALUES ("32410fc7-3d8e-4899-a50e-401bbd7d3617",
	'''learns_from''',
	"f59c41b1-29b2-4077-9130-0ec67e1ffd4b",
	"5c4fbd89-e86f-48d7-9a05-d562e12be703",
	"00000000-0000-0000-0000-000000000000",
	2,
	"2b75ff93-ab57-42e7-8100-af7086b8d12b",
	228,
	29,
	228,
	42,
	228,
	45);
INSERT INTO ACT_SMT
	VALUES ("bd1f4fe2-36c6-405b-8147-1016b27c3fcf",
	"1419f51f-5aa1-4d3f-bbc3-2570191c85cc",
	"a9094350-2295-432b-83e3-31e7b24c6dc9",
	229,
	1,
	'test line: 229');
INSERT INTO ACT_IF
	VALUES ("bd1f4fe2-36c6-405b-8147-1016b27c3fcf",
	"6acd700b-9737-43f5-b79c-04695971c9d0",
	"34cfebb7-6937-497e-b38b-6c8de1ecce67",
	"00000000-0000-0000-0000-000000000000",
	"00000000-0000-0000-0000-000000000000");
INSERT INTO ACT_SMT
	VALUES ("b7e0bdee-4f44-45db-a780-2c0c4e2c72a1",
	"1419f51f-5aa1-4d3f-bbc3-2570191c85cc",
	"00000000-0000-0000-0000-000000000000",
	231,
	1,
	'test line: 231');
INSERT INTO ACT_E
	VALUES ("b7e0bdee-4f44-45db-a780-2c0c4e2c72a1",
	"a534a51b-3df4-48bf-95bb-85da8db69152",
	"bd1f4fe2-36c6-405b-8147-1016b27c3fcf");
INSERT INTO ACT_SMT
	VALUES ("a9094350-2295-432b-83e3-31e7b24c6dc9",
	"1419f51f-5aa1-4d3f-bbc3-2570191c85cc",
	"ae82e33f-bc86-4b61-bbec-b31055fc07be",
	236,
	1,
	'test line: 236');
INSERT INTO ACT_FIW
	VALUES ("a9094350-2295-432b-83e3-31e7b24c6dc9",
	"f4c51203-66ab-474a-a666-320596a5855c",
	0,
	'any',
	"e8578766-9e6b-49d9-8dfd-db6dd2e55e8b",
	"2b75ff93-ab57-42e7-8100-af7086b8d12b",
	236,
	32);
INSERT INTO ACT_SMT
	VALUES ("ae82e33f-bc86-4b61-bbec-b31055fc07be",
	"1419f51f-5aa1-4d3f-bbc3-2570191c85cc",
	"095a7fca-0c02-4e17-8809-3abd175ebc65",
	237,
	1,
	'test line: 237');
INSERT INTO ACT_SEL
	VALUES ("ae82e33f-bc86-4b61-bbec-b31055fc07be",
	"b7f93e8e-067d-4288-bcbd-6f089d974e24",
	0,
	'one',
	"c038acf2-2ab9-46bc-93f9-132be8abcb6e");
INSERT INTO ACT_SR
	VALUES ("ae82e33f-bc86-4b61-bbec-b31055fc07be");
INSERT INTO ACT_LNK
	VALUES ("17a1c46d-753f-4e92-b540-7f1dafa7fff7",
	'''learns_from''',
	"ae82e33f-bc86-4b61-bbec-b31055fc07be",
	"5c4fbd89-e86f-48d7-9a05-d562e12be703",
	"00000000-0000-0000-0000-000000000000",
	2,
	"2b75ff93-ab57-42e7-8100-af7086b8d12b",
	237,
	29,
	237,
	42,
	237,
	45);
INSERT INTO ACT_SMT
	VALUES ("095a7fca-0c02-4e17-8809-3abd175ebc65",
	"1419f51f-5aa1-4d3f-bbc3-2570191c85cc",
	"a495786a-dacf-4268-a656-f846dedbe81b",
	238,
	1,
	'test line: 238');
INSERT INTO ACT_IF
	VALUES ("095a7fca-0c02-4e17-8809-3abd175ebc65",
	"bdfd44d1-4412-47bc-a8a4-d69820afde1f",
	"eb320365-0788-435c-95fd-d0db63cda961",
	"00000000-0000-0000-0000-000000000000",
	"00000000-0000-0000-0000-000000000000");
INSERT INTO ACT_SMT
	VALUES ("f5ff82df-457c-4bfd-b81a-475d32f9b377",
	"1419f51f-5aa1-4d3f-bbc3-2570191c85cc",
	"00000000-0000-0000-0000-000000000000",
	240,
	1,
	'test line: 240');
INSERT INTO ACT_E
	VALUES ("f5ff82df-457c-4bfd-b81a-475d32f9b377",
	"0258a2ef-ee1a-4a75-bc78-6bbfd7c0c227",
	"095a7fca-0c02-4e17-8809-3abd175ebc65");
INSERT INTO ACT_SMT
	VALUES ("a495786a-dacf-4268-a656-f846dedbe81b",
	"1419f51f-5aa1-4d3f-bbc3-2570191c85cc",
	"f85f2e32-cf93-4c1d-b680-08d324c1a5f7",
	249,
	1,
	'test line: 249');
INSERT INTO ACT_FIW
	VALUES ("a495786a-dacf-4268-a656-f846dedbe81b",
	"4dd32c55-2ad0-4024-8d2d-08c67e177ebb",
	1,
	'any',
	"089cab77-33a1-4faf-a6d9-701d34104b1a",
	"38f266c8-6c6c-48af-a7ef-9aa0763aa5e5",
	249,
	32);
INSERT INTO ACT_SMT
	VALUES ("f85f2e32-cf93-4c1d-b680-08d324c1a5f7",
	"1419f51f-5aa1-4d3f-bbc3-2570191c85cc",
	"4ec9e875-7d88-40d3-bbce-1a2cace06d22",
	250,
	1,
	'test line: 250');
INSERT INTO ACT_SEL
	VALUES ("f85f2e32-cf93-4c1d-b680-08d324c1a5f7",
	"f242f845-6286-4032-b8ec-0f2a42e9b8f0",
	1,
	'many',
	"6e027286-a73a-46d2-b27e-2be51cbe6d04");
INSERT INTO ACT_SR
	VALUES ("f85f2e32-cf93-4c1d-b680-08d324c1a5f7");
INSERT INTO ACT_LNK
	VALUES ("92e31f49-d1ec-44e4-ab51-04a84f699118",
	'''manages''',
	"f85f2e32-cf93-4c1d-b680-08d324c1a5f7",
	"61977fa6-739c-4021-ad2e-d8d060cc4bf8",
	"00000000-0000-0000-0000-000000000000",
	3,
	"38f266c8-6c6c-48af-a7ef-9aa0763aa5e5",
	250,
	30,
	250,
	39,
	250,
	42);
INSERT INTO ACT_SMT
	VALUES ("4ec9e875-7d88-40d3-bbce-1a2cace06d22",
	"1419f51f-5aa1-4d3f-bbc3-2570191c85cc",
	"67454a9f-0a2b-4054-a87b-5e7e9f03bf7f",
	251,
	1,
	'test line: 251');
INSERT INTO ACT_IF
	VALUES ("4ec9e875-7d88-40d3-bbce-1a2cace06d22",
	"1b1ca9ce-e609-4fe2-bf38-f1e60772f8cb",
	"def5211d-4e67-4faa-a3ea-9d50bad92e32",
	"00000000-0000-0000-0000-000000000000",
	"00000000-0000-0000-0000-000000000000");
INSERT INTO ACT_SMT
	VALUES ("67454a9f-0a2b-4054-a87b-5e7e9f03bf7f",
	"1419f51f-5aa1-4d3f-bbc3-2570191c85cc",
	"c1ad6f17-67aa-4aa3-9b81-3f48b01d85be",
	254,
	1,
	'test line: 254');
INSERT INTO ACT_CR
	VALUES ("67454a9f-0a2b-4054-a87b-5e7e9f03bf7f",
	"7ed06241-d27e-42f8-a525-2b34eccdb97b",
	1,
	"38f266c8-6c6c-48af-a7ef-9aa0763aa5e5",
	254,
	30);
INSERT INTO ACT_SMT
	VALUES ("c1ad6f17-67aa-4aa3-9b81-3f48b01d85be",
	"1419f51f-5aa1-4d3f-bbc3-2570191c85cc",
	"2de6eb97-8e51-44f2-9c6a-bc0f521b04b7",
	255,
	1,
	'test line: 255');
INSERT INTO ACT_CR
	VALUES ("c1ad6f17-67aa-4aa3-9b81-3f48b01d85be",
	"50fd7243-e4bc-4c1f-bc7b-f32276b69612",
	1,
	"38f266c8-6c6c-48af-a7ef-9aa0763aa5e5",
	255,
	30);
INSERT INTO ACT_SMT
	VALUES ("2de6eb97-8e51-44f2-9c6a-bc0f521b04b7",
	"1419f51f-5aa1-4d3f-bbc3-2570191c85cc",
	"f5ac7361-dedd-469c-b1a9-55f2a719c39b",
	256,
	1,
	'test line: 256');
INSERT INTO ACT_DEL
	VALUES ("2de6eb97-8e51-44f2-9c6a-bc0f521b04b7",
	"50fd7243-e4bc-4c1f-bc7b-f32276b69612");
INSERT INTO ACT_SMT
	VALUES ("f5ac7361-dedd-469c-b1a9-55f2a719c39b",
	"1419f51f-5aa1-4d3f-bbc3-2570191c85cc",
	"0f194b8c-1116-4a56-90fb-ae389d5d2f12",
	257,
	1,
	'test line: 257');
INSERT INTO ACT_AI
	VALUES ("f5ac7361-dedd-469c-b1a9-55f2a719c39b",
	"326a930d-68e8-4c13-b181-299471ec5dbe",
	"b685f4bf-372a-44ef-a58c-6e13d3aa1ea4",
	0,
	0);
INSERT INTO ACT_SMT
	VALUES ("0f194b8c-1116-4a56-90fb-ae389d5d2f12",
	"1419f51f-5aa1-4d3f-bbc3-2570191c85cc",
	"0294169b-4bf7-45e2-8d91-607e19567a11",
	258,
	1,
	'test line: 258');
INSERT INTO ACT_FOR
	VALUES ("0f194b8c-1116-4a56-90fb-ae389d5d2f12",
	"4cac168e-d230-4e40-87c8-e43da0b1ca09",
	0,
	"4dd32c55-2ad0-4024-8d2d-08c67e177ebb",
	"f242f845-6286-4032-b8ec-0f2a42e9b8f0",
	"38f266c8-6c6c-48af-a7ef-9aa0763aa5e5");
INSERT INTO ACT_SMT
	VALUES ("0294169b-4bf7-45e2-8d91-607e19567a11",
	"1419f51f-5aa1-4d3f-bbc3-2570191c85cc",
	"d22970ec-1ee8-4c78-a1da-adcedddcf21c",
	263,
	1,
	'test line: 263');
INSERT INTO ACT_DEL
	VALUES ("0294169b-4bf7-45e2-8d91-607e19567a11",
	"7ed06241-d27e-42f8-a525-2b34eccdb97b");
INSERT INTO ACT_SMT
	VALUES ("d22970ec-1ee8-4c78-a1da-adcedddcf21c",
	"1419f51f-5aa1-4d3f-bbc3-2570191c85cc",
	"80ca542d-7a52-4869-8aa8-1433e0f33444",
	264,
	1,
	'test line: 264');
INSERT INTO ACT_FIW
	VALUES ("d22970ec-1ee8-4c78-a1da-adcedddcf21c",
	"4dd32c55-2ad0-4024-8d2d-08c67e177ebb",
	0,
	'any',
	"1541c322-b7ba-4af2-acc1-f214c7691a05",
	"38f266c8-6c6c-48af-a7ef-9aa0763aa5e5",
	264,
	32);
INSERT INTO ACT_SMT
	VALUES ("80ca542d-7a52-4869-8aa8-1433e0f33444",
	"1419f51f-5aa1-4d3f-bbc3-2570191c85cc",
	"4c01ced8-0b83-474c-8f8c-5fb38b803862",
	265,
	1,
	'test line: 265');
INSERT INTO ACT_SEL
	VALUES ("80ca542d-7a52-4869-8aa8-1433e0f33444",
	"73237db5-d124-4e3b-818d-792a66bb3059",
	1,
	'one',
	"ce3d92a7-a283-4b35-a98e-f662cf713d63");
INSERT INTO ACT_SR
	VALUES ("80ca542d-7a52-4869-8aa8-1433e0f33444");
INSERT INTO ACT_LNK
	VALUES ("c6d877c8-d303-45ef-82c9-362b3676e026",
	'''works_for''',
	"80ca542d-7a52-4869-8aa8-1433e0f33444",
	"61977fa6-739c-4021-ad2e-d8d060cc4bf8",
	"00000000-0000-0000-0000-000000000000",
	2,
	"38f266c8-6c6c-48af-a7ef-9aa0763aa5e5",
	265,
	31,
	265,
	40,
	265,
	43);
INSERT INTO ACT_SMT
	VALUES ("4c01ced8-0b83-474c-8f8c-5fb38b803862",
	"1419f51f-5aa1-4d3f-bbc3-2570191c85cc",
	"7756fe74-edd8-4078-9165-f6c6fdee7874",
	266,
	1,
	'test line: 266');
INSERT INTO ACT_IF
	VALUES ("4c01ced8-0b83-474c-8f8c-5fb38b803862",
	"7f5d6d6d-a254-43aa-973c-5c029627e8f2",
	"58dafb83-4247-4f4a-bf33-bbee8185a290",
	"00000000-0000-0000-0000-000000000000",
	"00000000-0000-0000-0000-000000000000");
INSERT INTO ACT_SMT
	VALUES ("fa6f4838-80d9-4fb2-b7d8-037b6521613a",
	"1419f51f-5aa1-4d3f-bbc3-2570191c85cc",
	"00000000-0000-0000-0000-000000000000",
	268,
	1,
	'test line: 268');
INSERT INTO ACT_E
	VALUES ("fa6f4838-80d9-4fb2-b7d8-037b6521613a",
	"3bef2363-5811-41bd-af1f-0922d1c8bfee",
	"4c01ced8-0b83-474c-8f8c-5fb38b803862");
INSERT INTO ACT_SMT
	VALUES ("7756fe74-edd8-4078-9165-f6c6fdee7874",
	"1419f51f-5aa1-4d3f-bbc3-2570191c85cc",
	"4761dc86-d2e5-4071-a795-0ee389b239b6",
	273,
	1,
	'test line: 273');
INSERT INTO ACT_FIW
	VALUES ("7756fe74-edd8-4078-9165-f6c6fdee7874",
	"4dd32c55-2ad0-4024-8d2d-08c67e177ebb",
	0,
	'any',
	"d5127417-d467-48ca-a969-b373102dce45",
	"38f266c8-6c6c-48af-a7ef-9aa0763aa5e5",
	273,
	32);
INSERT INTO ACT_SMT
	VALUES ("4761dc86-d2e5-4071-a795-0ee389b239b6",
	"1419f51f-5aa1-4d3f-bbc3-2570191c85cc",
	"7c0347f3-7577-4c95-a72c-4ac245363484",
	274,
	1,
	'test line: 274');
INSERT INTO ACT_SEL
	VALUES ("4761dc86-d2e5-4071-a795-0ee389b239b6",
	"3afae416-c69b-4a89-999c-97b1dcc94770",
	1,
	'one',
	"7b0bc311-8255-4a50-ad16-0f93206f4b62");
INSERT INTO ACT_SR
	VALUES ("4761dc86-d2e5-4071-a795-0ee389b239b6");
INSERT INTO ACT_LNK
	VALUES ("df4fde45-72f5-45d6-8aac-c3e2ba34c097",
	'''works_for''',
	"4761dc86-d2e5-4071-a795-0ee389b239b6",
	"61977fa6-739c-4021-ad2e-d8d060cc4bf8",
	"00000000-0000-0000-0000-000000000000",
	2,
	"19e5ff06-3b46-4569-a048-93bb3afac2ba",
	274,
	28,
	274,
	40,
	274,
	43);
INSERT INTO ACT_SMT
	VALUES ("7c0347f3-7577-4c95-a72c-4ac245363484",
	"1419f51f-5aa1-4d3f-bbc3-2570191c85cc",
	"05d1da98-381f-4917-ab37-2d39db89fcd7",
	275,
	1,
	'test line: 275');
INSERT INTO ACT_IF
	VALUES ("7c0347f3-7577-4c95-a72c-4ac245363484",
	"b40327ad-715b-416a-9159-50951f048b03",
	"5bd2171e-e172-4bf7-b49b-063a30d508e5",
	"00000000-0000-0000-0000-000000000000",
	"00000000-0000-0000-0000-000000000000");
INSERT INTO ACT_SMT
	VALUES ("86ec1741-84bc-45f8-ab27-1e300f1ff522",
	"1419f51f-5aa1-4d3f-bbc3-2570191c85cc",
	"00000000-0000-0000-0000-000000000000",
	277,
	1,
	'test line: 277');
INSERT INTO ACT_E
	VALUES ("86ec1741-84bc-45f8-ab27-1e300f1ff522",
	"fca89641-e902-4ae3-906c-d29ff505f08e",
	"7c0347f3-7577-4c95-a72c-4ac245363484");
INSERT INTO ACT_SMT
	VALUES ("05d1da98-381f-4917-ab37-2d39db89fcd7",
	"1419f51f-5aa1-4d3f-bbc3-2570191c85cc",
	"4231eb0d-bb45-412c-9e6a-bd291b4bbdcb",
	286,
	1,
	'test line: 286');
INSERT INTO ACT_FIW
	VALUES ("05d1da98-381f-4917-ab37-2d39db89fcd7",
	"4dd32c55-2ad0-4024-8d2d-08c67e177ebb",
	0,
	'any',
	"6856f7e1-a973-4318-95d7-193bfdf6fd9e",
	"38f266c8-6c6c-48af-a7ef-9aa0763aa5e5",
	286,
	32);
INSERT INTO ACT_SMT
	VALUES ("4231eb0d-bb45-412c-9e6a-bd291b4bbdcb",
	"1419f51f-5aa1-4d3f-bbc3-2570191c85cc",
	"b3e59191-5dad-45ae-b06e-2030ee4f65c7",
	287,
	1,
	'test line: 287');
INSERT INTO ACT_SEL
	VALUES ("4231eb0d-bb45-412c-9e6a-bd291b4bbdcb",
	"f242f845-6286-4032-b8ec-0f2a42e9b8f0",
	0,
	'many',
	"6f807aa3-5141-4ede-bc9e-b054541e0728");
INSERT INTO ACT_SR
	VALUES ("4231eb0d-bb45-412c-9e6a-bd291b4bbdcb");
INSERT INTO ACT_LNK
	VALUES ("cfdef7e5-9c22-4f61-b8cb-31344f572da4",
	'''manages''',
	"4231eb0d-bb45-412c-9e6a-bd291b4bbdcb",
	"61977fa6-739c-4021-ad2e-d8d060cc4bf8",
	"00000000-0000-0000-0000-000000000000",
	3,
	"38f266c8-6c6c-48af-a7ef-9aa0763aa5e5",
	287,
	30,
	287,
	39,
	287,
	42);
INSERT INTO ACT_SMT
	VALUES ("b3e59191-5dad-45ae-b06e-2030ee4f65c7",
	"1419f51f-5aa1-4d3f-bbc3-2570191c85cc",
	"91e004a4-1bd2-4022-8d11-b5a2e8fa6707",
	288,
	1,
	'test line: 288');
INSERT INTO ACT_IF
	VALUES ("b3e59191-5dad-45ae-b06e-2030ee4f65c7",
	"e529812e-f5fb-4174-8ea3-b27dfdc81daa",
	"c07ecbfc-249e-4e36-a6a1-f5b5439cd60f",
	"00000000-0000-0000-0000-000000000000",
	"00000000-0000-0000-0000-000000000000");
INSERT INTO ACT_SMT
	VALUES ("91e004a4-1bd2-4022-8d11-b5a2e8fa6707",
	"1419f51f-5aa1-4d3f-bbc3-2570191c85cc",
	"b221edbe-50cb-45d9-b0fd-020b86a5b5f6",
	291,
	1,
	'test line: 291');
INSERT INTO ACT_FOR
	VALUES ("91e004a4-1bd2-4022-8d11-b5a2e8fa6707",
	"f39b32bf-7215-4c10-93ce-7694698259e2",
	0,
	"4dd32c55-2ad0-4024-8d2d-08c67e177ebb",
	"f242f845-6286-4032-b8ec-0f2a42e9b8f0",
	"38f266c8-6c6c-48af-a7ef-9aa0763aa5e5");
INSERT INTO ACT_SMT
	VALUES ("b221edbe-50cb-45d9-b0fd-020b86a5b5f6",
	"1419f51f-5aa1-4d3f-bbc3-2570191c85cc",
	"d20cd8bb-29e7-4bdd-b367-7ff711ec46fa",
	301,
	1,
	'test line: 301');
INSERT INTO ACT_FIW
	VALUES ("b221edbe-50cb-45d9-b0fd-020b86a5b5f6",
	"af08d23a-ec62-4548-a30b-4a4632d5f456",
	1,
	'any',
	"e0398644-dd69-4090-9fe1-65170e661265",
	"51d33202-1bc5-4cb1-87ab-6d049b279014",
	301,
	32);
INSERT INTO ACT_SMT
	VALUES ("d20cd8bb-29e7-4bdd-b367-7ff711ec46fa",
	"1419f51f-5aa1-4d3f-bbc3-2570191c85cc",
	"23e1d9b6-232e-4089-b7f9-285974b9bbbc",
	302,
	1,
	'test line: 302');
INSERT INTO ACT_SEL
	VALUES ("d20cd8bb-29e7-4bdd-b367-7ff711ec46fa",
	"581dd2a3-3214-4b84-8e89-22181583d62b",
	1,
	'one',
	"e142dcc1-b32c-45a5-b8b1-dc061b3ced91");
INSERT INTO ACT_SR
	VALUES ("d20cd8bb-29e7-4bdd-b367-7ff711ec46fa");
INSERT INTO ACT_LNK
	VALUES ("2feac537-15b3-489b-86d0-0e7c0b7acba9",
	'',
	"d20cd8bb-29e7-4bdd-b367-7ff711ec46fa",
	"0b47783f-a691-4a8b-95d1-90f6cd82c170",
	"00000000-0000-0000-0000-000000000000",
	2,
	"6804fe30-06ab-4a76-91ef-cf622b4abd28",
	302,
	28,
	302,
	41,
	0,
	0);
INSERT INTO ACT_SMT
	VALUES ("23e1d9b6-232e-4089-b7f9-285974b9bbbc",
	"1419f51f-5aa1-4d3f-bbc3-2570191c85cc",
	"2280701b-45f9-46ca-8735-dd63bec5f254",
	303,
	1,
	'test line: 303');
INSERT INTO ACT_IF
	VALUES ("23e1d9b6-232e-4089-b7f9-285974b9bbbc",
	"c5ce622e-733f-4dda-9e37-5ee4d5e6f8f9",
	"aea43fcc-2367-4440-b0f2-ea0e8fdb1c9d",
	"00000000-0000-0000-0000-000000000000",
	"00000000-0000-0000-0000-000000000000");
INSERT INTO ACT_SMT
	VALUES ("2280701b-45f9-46ca-8735-dd63bec5f254",
	"1419f51f-5aa1-4d3f-bbc3-2570191c85cc",
	"fc70c764-5b8c-482c-9333-93bbcf6aa390",
	306,
	1,
	'test line: 306');
INSERT INTO ACT_FIW
	VALUES ("2280701b-45f9-46ca-8735-dd63bec5f254",
	"581dd2a3-3214-4b84-8e89-22181583d62b",
	0,
	'any',
	"a78c60f6-aa63-4b40-b9c1-5ae5a204ba84",
	"6804fe30-06ab-4a76-91ef-cf622b4abd28",
	306,
	32);
INSERT INTO ACT_SMT
	VALUES ("fc70c764-5b8c-482c-9333-93bbcf6aa390",
	"1419f51f-5aa1-4d3f-bbc3-2570191c85cc",
	"072c818c-3275-45b0-9de8-2f344431f6b3",
	307,
	1,
	'test line: 307');
INSERT INTO ACT_SEL
	VALUES ("fc70c764-5b8c-482c-9333-93bbcf6aa390",
	"af08d23a-ec62-4548-a30b-4a4632d5f456",
	0,
	'one',
	"844afe49-6b31-4a34-92c8-07eda4d40188");
INSERT INTO ACT_SR
	VALUES ("fc70c764-5b8c-482c-9333-93bbcf6aa390");
INSERT INTO ACT_LNK
	VALUES ("647bf708-abee-432b-84ff-81c2fa2440be",
	'',
	"fc70c764-5b8c-482c-9333-93bbcf6aa390",
	"0b47783f-a691-4a8b-95d1-90f6cd82c170",
	"00000000-0000-0000-0000-000000000000",
	2,
	"51d33202-1bc5-4cb1-87ab-6d049b279014",
	307,
	28,
	307,
	39,
	0,
	0);
INSERT INTO ACT_SMT
	VALUES ("072c818c-3275-45b0-9de8-2f344431f6b3",
	"1419f51f-5aa1-4d3f-bbc3-2570191c85cc",
	"beb745c8-8a00-412c-b863-e3a2b09ed8d6",
	308,
	1,
	'test line: 308');
INSERT INTO ACT_IF
	VALUES ("072c818c-3275-45b0-9de8-2f344431f6b3",
	"aca2f5da-b8cb-4fdd-9646-d86e1a127685",
	"bbb543c9-69f0-4f29-9346-7758be43f29d",
	"00000000-0000-0000-0000-000000000000",
	"00000000-0000-0000-0000-000000000000");
INSERT INTO ACT_SMT
	VALUES ("beb745c8-8a00-412c-b863-e3a2b09ed8d6",
	"1419f51f-5aa1-4d3f-bbc3-2570191c85cc",
	"747a4ad1-4e1a-4f42-80f4-efbbf87da3d2",
	311,
	1,
	'test line: 311');
INSERT INTO ACT_FIW
	VALUES ("beb745c8-8a00-412c-b863-e3a2b09ed8d6",
	"af08d23a-ec62-4548-a30b-4a4632d5f456",
	0,
	'any',
	"883dcdf0-433b-435a-92ab-3b4d95219a0e",
	"51d33202-1bc5-4cb1-87ab-6d049b279014",
	311,
	32);
INSERT INTO ACT_SMT
	VALUES ("747a4ad1-4e1a-4f42-80f4-efbbf87da3d2",
	"1419f51f-5aa1-4d3f-bbc3-2570191c85cc",
	"112abde5-d449-4754-9e89-4527cece8400",
	312,
	1,
	'test line: 312');
INSERT INTO ACT_SEL
	VALUES ("747a4ad1-4e1a-4f42-80f4-efbbf87da3d2",
	"7523039d-1c61-4b0f-bdbd-bff744c83c9a",
	1,
	'one',
	"1a4c5b80-af6e-45e7-b308-d42a7df145fc");
INSERT INTO ACT_SR
	VALUES ("747a4ad1-4e1a-4f42-80f4-efbbf87da3d2");
INSERT INTO ACT_LNK
	VALUES ("1f4fc968-2a78-41c5-a1d9-2a4fda294977",
	'',
	"747a4ad1-4e1a-4f42-80f4-efbbf87da3d2",
	"0b47783f-a691-4a8b-95d1-90f6cd82c170",
	"00000000-0000-0000-0000-000000000000",
	2,
	"e46bd84d-ce9b-4e47-b607-5c2663f180d1",
	312,
	28,
	312,
	36,
	0,
	0);
INSERT INTO ACT_SMT
	VALUES ("112abde5-d449-4754-9e89-4527cece8400",
	"1419f51f-5aa1-4d3f-bbc3-2570191c85cc",
	"65340a01-9107-4eb8-8ac2-70e554a1c200",
	313,
	1,
	'test line: 313');
INSERT INTO ACT_IF
	VALUES ("112abde5-d449-4754-9e89-4527cece8400",
	"c102364b-cade-4410-b667-f099b94b816b",
	"dc221afd-9cac-4f51-80b6-ed30a31d17d0",
	"00000000-0000-0000-0000-000000000000",
	"00000000-0000-0000-0000-000000000000");
INSERT INTO ACT_SMT
	VALUES ("a52e3d00-4c4f-405a-b393-dab34b05ceb8",
	"1419f51f-5aa1-4d3f-bbc3-2570191c85cc",
	"00000000-0000-0000-0000-000000000000",
	315,
	1,
	'test line: 315');
INSERT INTO ACT_E
	VALUES ("a52e3d00-4c4f-405a-b393-dab34b05ceb8",
	"d565111c-0e06-4102-b477-f5b297286dfe",
	"112abde5-d449-4754-9e89-4527cece8400");
INSERT INTO ACT_SMT
	VALUES ("65340a01-9107-4eb8-8ac2-70e554a1c200",
	"1419f51f-5aa1-4d3f-bbc3-2570191c85cc",
	"4bddbafc-e693-41cf-99a7-7eae755e137a",
	324,
	1,
	'test line: 324');
INSERT INTO ACT_FIW
	VALUES ("65340a01-9107-4eb8-8ac2-70e554a1c200",
	"3a63ef99-bb80-4b6e-aa98-557076baddae",
	1,
	'any',
	"8a453e1f-f573-4413-9b46-157b2c0df2f7",
	"7f36c39d-4387-48b0-81be-bd38a72789eb",
	324,
	32);
INSERT INTO ACT_SMT
	VALUES ("4bddbafc-e693-41cf-99a7-7eae755e137a",
	"1419f51f-5aa1-4d3f-bbc3-2570191c85cc",
	"3f2381fb-c7fd-48bf-a56e-099aff6a9f3d",
	325,
	1,
	'test line: 325');
INSERT INTO ACT_SEL
	VALUES ("4bddbafc-e693-41cf-99a7-7eae755e137a",
	"6fbef6fb-e997-441f-a28b-83a658e2399f",
	1,
	'many',
	"d0582dde-aa83-4b50-b2a3-c2b5ac8a3e5f");
INSERT INTO ACT_SR
	VALUES ("4bddbafc-e693-41cf-99a7-7eae755e137a");
INSERT INTO ACT_LNK
	VALUES ("74ef04c5-df33-4306-bcf0-9e5a7b5059eb",
	'',
	"4bddbafc-e693-41cf-99a7-7eae755e137a",
	"c07b0f46-6196-4dc6-86cb-6e62653bd340",
	"00000000-0000-0000-0000-000000000000",
	3,
	"9de905e1-46fc-4263-835c-6063781f6921",
	325,
	30,
	325,
	43,
	0,
	0);
INSERT INTO ACT_SMT
	VALUES ("3f2381fb-c7fd-48bf-a56e-099aff6a9f3d",
	"1419f51f-5aa1-4d3f-bbc3-2570191c85cc",
	"ed4ca0cd-435e-4b2d-b7c3-0fcc15426b49",
	326,
	1,
	'test line: 326');
INSERT INTO ACT_IF
	VALUES ("3f2381fb-c7fd-48bf-a56e-099aff6a9f3d",
	"d7e91917-fc89-4759-be07-64fea335fcf6",
	"79acde3c-74e8-4473-90cf-b81826218cf3",
	"00000000-0000-0000-0000-000000000000",
	"00000000-0000-0000-0000-000000000000");
INSERT INTO ACT_SMT
	VALUES ("ed4ca0cd-435e-4b2d-b7c3-0fcc15426b49",
	"1419f51f-5aa1-4d3f-bbc3-2570191c85cc",
	"163ffa2e-2e7c-4290-a124-2d892037b4e7",
	329,
	1,
	'test line: 329');
INSERT INTO ACT_FOR
	VALUES ("ed4ca0cd-435e-4b2d-b7c3-0fcc15426b49",
	"9c18aa07-cfca-4aec-80c3-50328219c355",
	1,
	"a63cbe2a-4b9a-4f2e-8e2a-b2b4d57f40ff",
	"6fbef6fb-e997-441f-a28b-83a658e2399f",
	"9de905e1-46fc-4263-835c-6063781f6921");
INSERT INTO ACT_SMT
	VALUES ("163ffa2e-2e7c-4290-a124-2d892037b4e7",
	"1419f51f-5aa1-4d3f-bbc3-2570191c85cc",
	"9d0b81d4-390e-480b-817e-1ede02f12283",
	338,
	1,
	'test line: 338');
INSERT INTO ACT_FIW
	VALUES ("163ffa2e-2e7c-4290-a124-2d892037b4e7",
	"a63cbe2a-4b9a-4f2e-8e2a-b2b4d57f40ff",
	0,
	'any',
	"6c64bd6b-fd2d-4e34-b903-160284eabed6",
	"9de905e1-46fc-4263-835c-6063781f6921",
	338,
	32);
INSERT INTO ACT_SMT
	VALUES ("9d0b81d4-390e-480b-817e-1ede02f12283",
	"1419f51f-5aa1-4d3f-bbc3-2570191c85cc",
	"5156e18d-4d23-40de-8de5-ea17f71e5fcf",
	339,
	1,
	'test line: 339');
INSERT INTO ACT_SEL
	VALUES ("9d0b81d4-390e-480b-817e-1ede02f12283",
	"3a63ef99-bb80-4b6e-aa98-557076baddae",
	0,
	'one',
	"e87c7f43-1e4a-47c4-bd63-9f6626577fba");
INSERT INTO ACT_SR
	VALUES ("9d0b81d4-390e-480b-817e-1ede02f12283");
INSERT INTO ACT_LNK
	VALUES ("c01d8f92-0143-43e0-9f2e-b0b27c0bb902",
	'',
	"9d0b81d4-390e-480b-817e-1ede02f12283",
	"c07b0f46-6196-4dc6-86cb-6e62653bd340",
	"00000000-0000-0000-0000-000000000000",
	2,
	"7f36c39d-4387-48b0-81be-bd38a72789eb",
	339,
	28,
	339,
	43,
	0,
	0);
INSERT INTO ACT_SMT
	VALUES ("5156e18d-4d23-40de-8de5-ea17f71e5fcf",
	"1419f51f-5aa1-4d3f-bbc3-2570191c85cc",
	"34763cde-e932-4bbf-9758-ebe2dbcbaf50",
	340,
	1,
	'test line: 340');
INSERT INTO ACT_SEL
	VALUES ("5156e18d-4d23-40de-8de5-ea17f71e5fcf",
	"9507e9e2-1f5b-4e98-841e-7bc0e9e226c1",
	1,
	'any',
	"3fca4049-d5ab-44fd-a357-51ddf393d5d5");
INSERT INTO ACT_SRW
	VALUES ("5156e18d-4d23-40de-8de5-ea17f71e5fcf",
	"3cbfc08f-9c83-43d9-98a2-1c0ecf59801f");
INSERT INTO ACT_LNK
	VALUES ("24d1f09e-899a-4daa-b449-d19679674952",
	'',
	"5156e18d-4d23-40de-8de5-ea17f71e5fcf",
	"c07b0f46-6196-4dc6-86cb-6e62653bd340",
	"00000000-0000-0000-0000-000000000000",
	3,
	"7f6f388d-edba-4bfb-b83c-533ee6906124",
	340,
	28,
	340,
	35,
	0,
	0);
INSERT INTO ACT_SMT
	VALUES ("34763cde-e932-4bbf-9758-ebe2dbcbaf50",
	"1419f51f-5aa1-4d3f-bbc3-2570191c85cc",
	"1faec3dd-ca14-4452-b269-998be9c2e6cd",
	341,
	1,
	'test line: 341');
INSERT INTO ACT_IF
	VALUES ("34763cde-e932-4bbf-9758-ebe2dbcbaf50",
	"74459a40-dba5-4c0d-b5d4-d3d0e6b152b4",
	"cfff60b7-7d0b-4066-99da-55e8923563b4",
	"00000000-0000-0000-0000-000000000000",
	"00000000-0000-0000-0000-000000000000");
INSERT INTO ACT_SMT
	VALUES ("57d03924-cf80-4a9d-a941-5974d1c80229",
	"1419f51f-5aa1-4d3f-bbc3-2570191c85cc",
	"00000000-0000-0000-0000-000000000000",
	343,
	1,
	'test line: 343');
INSERT INTO ACT_E
	VALUES ("57d03924-cf80-4a9d-a941-5974d1c80229",
	"8d64dcf6-a431-4eeb-a0a6-71694c7878f2",
	"34763cde-e932-4bbf-9758-ebe2dbcbaf50");
INSERT INTO ACT_SMT
	VALUES ("1faec3dd-ca14-4452-b269-998be9c2e6cd",
	"1419f51f-5aa1-4d3f-bbc3-2570191c85cc",
	"2d77549a-9b02-4e43-9b43-97ebcba1d233",
	352,
	1,
	'test line: 352');
INSERT INTO ACT_FIW
	VALUES ("1faec3dd-ca14-4452-b269-998be9c2e6cd",
	"80cb842e-1c2b-4dee-b3c9-5ad1be9b39b3",
	1,
	'any',
	"4e8755bf-c51a-4db9-b98c-3dd46558f70f",
	"16f7cfb9-3145-4027-8b3a-13a0b9770ae3",
	352,
	32);
INSERT INTO ACT_SMT
	VALUES ("2d77549a-9b02-4e43-9b43-97ebcba1d233",
	"1419f51f-5aa1-4d3f-bbc3-2570191c85cc",
	"21fb16f2-2660-4b57-a678-9b930485ca5e",
	353,
	1,
	'test line: 353');
INSERT INTO ACT_SEL
	VALUES ("2d77549a-9b02-4e43-9b43-97ebcba1d233",
	"635ec44a-3b4a-4a4e-8e45-4c70b6fa36d1",
	1,
	'one',
	"e2943d02-e387-4b32-a052-42cc824757ff");
INSERT INTO ACT_SR
	VALUES ("2d77549a-9b02-4e43-9b43-97ebcba1d233");
INSERT INTO ACT_LNK
	VALUES ("c568c0c5-b382-46af-8ed2-50e7a3db750a",
	'''is_wife_of''',
	"2d77549a-9b02-4e43-9b43-97ebcba1d233",
	"9024e829-870c-4da4-8fe9-ca288edc0839",
	"00000000-0000-0000-0000-000000000000",
	2,
	"16f7cfb9-3145-4027-8b3a-13a0b9770ae3",
	353,
	34,
	353,
	41,
	353,
	45);
INSERT INTO ACT_SMT
	VALUES ("21fb16f2-2660-4b57-a678-9b930485ca5e",
	"1419f51f-5aa1-4d3f-bbc3-2570191c85cc",
	"674ca278-36af-4f9e-a5f1-b50419ab1ec3",
	354,
	1,
	'test line: 354');
INSERT INTO ACT_IF
	VALUES ("21fb16f2-2660-4b57-a678-9b930485ca5e",
	"16efac8f-61e9-4c39-9356-dc8b1c5ac114",
	"d319ed0d-61bb-46c6-8a8c-d5b3325db024",
	"00000000-0000-0000-0000-000000000000",
	"00000000-0000-0000-0000-000000000000");
INSERT INTO ACT_SMT
	VALUES ("674ca278-36af-4f9e-a5f1-b50419ab1ec3",
	"1419f51f-5aa1-4d3f-bbc3-2570191c85cc",
	"5b95d3d4-ca4f-4cf3-8dcb-ecd8a528424e",
	357,
	1,
	'test line: 357');
INSERT INTO ACT_FIW
	VALUES ("674ca278-36af-4f9e-a5f1-b50419ab1ec3",
	"80cb842e-1c2b-4dee-b3c9-5ad1be9b39b3",
	0,
	'any',
	"3d71042f-005b-4ce6-a01b-ade4281de4cd",
	"16f7cfb9-3145-4027-8b3a-13a0b9770ae3",
	357,
	32);
INSERT INTO ACT_SMT
	VALUES ("5b95d3d4-ca4f-4cf3-8dcb-ecd8a528424e",
	"1419f51f-5aa1-4d3f-bbc3-2570191c85cc",
	"21170261-817f-49d2-91ed-fbacb9f650c1",
	358,
	1,
	'test line: 358');
INSERT INTO ACT_SEL
	VALUES ("5b95d3d4-ca4f-4cf3-8dcb-ecd8a528424e",
	"635ec44a-3b4a-4a4e-8e45-4c70b6fa36d1",
	0,
	'one',
	"c495ffd9-2f28-4f5a-aa17-55f54f306abd");
INSERT INTO ACT_SR
	VALUES ("5b95d3d4-ca4f-4cf3-8dcb-ecd8a528424e");
INSERT INTO ACT_LNK
	VALUES ("c743b46e-fc66-4ecd-a9c9-f915802b9ae8",
	'''is_wife_of''',
	"5b95d3d4-ca4f-4cf3-8dcb-ecd8a528424e",
	"9024e829-870c-4da4-8fe9-ca288edc0839",
	"00000000-0000-0000-0000-000000000000",
	2,
	"16f7cfb9-3145-4027-8b3a-13a0b9770ae3",
	358,
	34,
	358,
	41,
	358,
	45);
INSERT INTO ACT_SMT
	VALUES ("21170261-817f-49d2-91ed-fbacb9f650c1",
	"1419f51f-5aa1-4d3f-bbc3-2570191c85cc",
	"c4a66e5c-b37d-4180-a62d-3edf5ffd9ab5",
	359,
	1,
	'test line: 359');
INSERT INTO ACT_IF
	VALUES ("21170261-817f-49d2-91ed-fbacb9f650c1",
	"35e13e2e-b108-449a-b1aa-c1b57bc995cf",
	"5d1c90d7-d0b0-403c-811f-82f6e534cc7b",
	"00000000-0000-0000-0000-000000000000",
	"00000000-0000-0000-0000-000000000000");
INSERT INTO ACT_SMT
	VALUES ("c4a66e5c-b37d-4180-a62d-3edf5ffd9ab5",
	"1419f51f-5aa1-4d3f-bbc3-2570191c85cc",
	"6fb0d221-c60e-4a5c-baa1-76929a42c825",
	362,
	1,
	'test line: 362');
INSERT INTO ACT_FIW
	VALUES ("c4a66e5c-b37d-4180-a62d-3edf5ffd9ab5",
	"9dcb0181-0b2d-4c26-9943-87ad0b1ef443",
	1,
	'any',
	"6869f48a-f8dd-4399-a4fc-fa220e8c376b",
	"16f7cfb9-3145-4027-8b3a-13a0b9770ae3",
	362,
	34);
INSERT INTO ACT_SMT
	VALUES ("6fb0d221-c60e-4a5c-baa1-76929a42c825",
	"1419f51f-5aa1-4d3f-bbc3-2570191c85cc",
	"0183605f-fd8a-4f70-beff-a819ffa0c173",
	363,
	1,
	'test line: 363');
INSERT INTO ACT_SEL
	VALUES ("6fb0d221-c60e-4a5c-baa1-76929a42c825",
	"7b181940-fa35-41cd-b919-e56a7cc8a85a",
	1,
	'one',
	"99e1b25b-03be-460f-9c6d-67c30093dfc1");
INSERT INTO ACT_SR
	VALUES ("6fb0d221-c60e-4a5c-baa1-76929a42c825");
INSERT INTO ACT_LNK
	VALUES ("d45aeee4-91d3-4dc1-b38d-2870b6646b95",
	'''is_husband_of''',
	"6fb0d221-c60e-4a5c-baa1-76929a42c825",
	"9024e829-870c-4da4-8fe9-ca288edc0839",
	"00000000-0000-0000-0000-000000000000",
	2,
	"16f7cfb9-3145-4027-8b3a-13a0b9770ae3",
	363,
	33,
	363,
	40,
	363,
	44);
INSERT INTO ACT_SMT
	VALUES ("0183605f-fd8a-4f70-beff-a819ffa0c173",
	"1419f51f-5aa1-4d3f-bbc3-2570191c85cc",
	"c778e99f-c64a-4dfd-8c20-bcb369f8226a",
	364,
	1,
	'test line: 364');
INSERT INTO ACT_IF
	VALUES ("0183605f-fd8a-4f70-beff-a819ffa0c173",
	"f6916f1a-349f-41bf-9bab-d1382b20a19a",
	"f74c592f-d084-44ca-ae9f-c1067e1aa58b",
	"00000000-0000-0000-0000-000000000000",
	"00000000-0000-0000-0000-000000000000");
INSERT INTO ACT_SMT
	VALUES ("c778e99f-c64a-4dfd-8c20-bcb369f8226a",
	"1419f51f-5aa1-4d3f-bbc3-2570191c85cc",
	"6b5f1e7f-fe5b-4d7f-adb7-8946570b4d23",
	367,
	1,
	'test line: 367');
INSERT INTO ACT_FIW
	VALUES ("c778e99f-c64a-4dfd-8c20-bcb369f8226a",
	"1dfffbc9-e6a3-4a15-a8ca-3dc8fe4d41dc",
	1,
	'any',
	"864819aa-1a27-46d2-9fe1-456a6dc391e8",
	"1303c58a-6a69-454d-8f4f-63a4c1d6bab1",
	367,
	32);
INSERT INTO ACT_SMT
	VALUES ("6b5f1e7f-fe5b-4d7f-adb7-8946570b4d23",
	"1419f51f-5aa1-4d3f-bbc3-2570191c85cc",
	"f6ea43f0-1c3d-4b34-8d23-4ac4765d581a",
	368,
	1,
	'test line: 368');
INSERT INTO ACT_IF
	VALUES ("6b5f1e7f-fe5b-4d7f-adb7-8946570b4d23",
	"d43c8284-7d51-40a5-9929-8bb1febd83ae",
	"f041a715-630a-45f8-833e-3e069acc4feb",
	"00000000-0000-0000-0000-000000000000",
	"00000000-0000-0000-0000-000000000000");
INSERT INTO ACT_SMT
	VALUES ("f6ea43f0-1c3d-4b34-8d23-4ac4765d581a",
	"1419f51f-5aa1-4d3f-bbc3-2570191c85cc",
	"fa8df037-05ec-4a1f-a2bf-499462fa0613",
	375,
	1,
	'test line: 375');
INSERT INTO ACT_FIW
	VALUES ("f6ea43f0-1c3d-4b34-8d23-4ac4765d581a",
	"6991e698-d1ea-4716-88b2-07de3aae09c5",
	1,
	'any',
	"01e1b6bc-969e-4caf-8703-e96327eb5dd1",
	"37232c72-a7ed-4c17-9fbc-5129fd3a4bae",
	375,
	32);
INSERT INTO ACT_SMT
	VALUES ("fa8df037-05ec-4a1f-a2bf-499462fa0613",
	"1419f51f-5aa1-4d3f-bbc3-2570191c85cc",
	"14a559a0-b7c8-48f3-bded-cbfa7cf95503",
	376,
	1,
	'test line: 376');
INSERT INTO ACT_IF
	VALUES ("fa8df037-05ec-4a1f-a2bf-499462fa0613",
	"cab177b1-40f8-42e5-b6f1-4df6db744711",
	"c28350d2-482d-4c7e-8027-ae96df5b3d44",
	"00000000-0000-0000-0000-000000000000",
	"00000000-0000-0000-0000-000000000000");
INSERT INTO ACT_SMT
	VALUES ("14a559a0-b7c8-48f3-bded-cbfa7cf95503",
	"1419f51f-5aa1-4d3f-bbc3-2570191c85cc",
	"3ee91e04-c86f-4f3f-8a45-f82be0171509",
	379,
	1,
	'test line: 379');
INSERT INTO ACT_SEL
	VALUES ("14a559a0-b7c8-48f3-bded-cbfa7cf95503",
	"1f09a769-f1b9-438f-a3a7-a02bd5af7fcb",
	1,
	'many',
	"4e1cce44-edb3-4820-b188-f3461223b817");
INSERT INTO ACT_SR
	VALUES ("14a559a0-b7c8-48f3-bded-cbfa7cf95503");
INSERT INTO ACT_LNK
	VALUES ("5da30f37-dbfe-4b69-a5aa-6854447811e9",
	'''is_pal_of''',
	"14a559a0-b7c8-48f3-bded-cbfa7cf95503",
	"335e690e-68a7-436f-a7c2-a0c9c7dc0fd4",
	"00000000-0000-0000-0000-000000000000",
	3,
	"37232c72-a7ed-4c17-9fbc-5129fd3a4bae",
	379,
	30,
	379,
	37,
	379,
	41);
INSERT INTO ACT_SMT
	VALUES ("3ee91e04-c86f-4f3f-8a45-f82be0171509",
	"1419f51f-5aa1-4d3f-bbc3-2570191c85cc",
	"160881ea-2855-4bb1-8fd2-02c01c3bf194",
	380,
	1,
	'test line: 380');
INSERT INTO ACT_AI
	VALUES ("3ee91e04-c86f-4f3f-8a45-f82be0171509",
	"f588aaf8-01ea-4daf-a552-e752ff7018f9",
	"083d0d01-a21c-46c7-9ed5-d0b9d7e5575a",
	0,
	0);
INSERT INTO ACT_SMT
	VALUES ("160881ea-2855-4bb1-8fd2-02c01c3bf194",
	"1419f51f-5aa1-4d3f-bbc3-2570191c85cc",
	"3bfc2cae-da6e-4bf5-9cad-11763c22010f",
	381,
	1,
	'test line: 381');
INSERT INTO ACT_SEL
	VALUES ("160881ea-2855-4bb1-8fd2-02c01c3bf194",
	"1f09a769-f1b9-438f-a3a7-a02bd5af7fcb",
	0,
	'many',
	"8563ae68-c3e6-4305-9237-7ba019aa8fef");
INSERT INTO ACT_SR
	VALUES ("160881ea-2855-4bb1-8fd2-02c01c3bf194");
INSERT INTO ACT_LNK
	VALUES ("890ede94-a5f3-458b-b2aa-c623e4e7ae94",
	'''is_buddy_of''',
	"160881ea-2855-4bb1-8fd2-02c01c3bf194",
	"335e690e-68a7-436f-a7c2-a0c9c7dc0fd4",
	"00000000-0000-0000-0000-000000000000",
	3,
	"37232c72-a7ed-4c17-9fbc-5129fd3a4bae",
	381,
	30,
	381,
	37,
	381,
	41);
INSERT INTO ACT_SMT
	VALUES ("3bfc2cae-da6e-4bf5-9cad-11763c22010f",
	"1419f51f-5aa1-4d3f-bbc3-2570191c85cc",
	"ceb66021-b5de-4714-8ca0-c7638c293164",
	382,
	1,
	'test line: 382');
INSERT INTO ACT_AI
	VALUES ("3bfc2cae-da6e-4bf5-9cad-11763c22010f",
	"48ce021f-3ed5-48a3-9541-21054e1c81ba",
	"f59f2633-ee6f-4d46-ab12-9a61c2758018",
	0,
	0);
INSERT INTO ACT_SMT
	VALUES ("ceb66021-b5de-4714-8ca0-c7638c293164",
	"1419f51f-5aa1-4d3f-bbc3-2570191c85cc",
	"382170ae-081b-4247-856f-adf0b6f03e10",
	383,
	1,
	'test line: 383');
INSERT INTO ACT_IF
	VALUES ("ceb66021-b5de-4714-8ca0-c7638c293164",
	"e8bb9fac-ad89-4963-834b-3b82c6e30880",
	"fcbe1e65-5a56-41af-b353-df40c8bd8834",
	"00000000-0000-0000-0000-000000000000",
	"00000000-0000-0000-0000-000000000000");
INSERT INTO ACT_SMT
	VALUES ("382170ae-081b-4247-856f-adf0b6f03e10",
	"1419f51f-5aa1-4d3f-bbc3-2570191c85cc",
	"a8e084ab-4a9e-4ec1-bd4b-889e9ddb5135",
	386,
	1,
	'test line: 386');
INSERT INTO ACT_FIW
	VALUES ("382170ae-081b-4247-856f-adf0b6f03e10",
	"729db435-67ea-4a60-bee6-479617df437f",
	1,
	'many',
	"6932d27d-c0e3-4705-b905-95062f815b79",
	"1a0a7fbf-fcee-426a-a47f-eb1a0de6fbe2",
	386,
	34);
INSERT INTO ACT_SMT
	VALUES ("a8e084ab-4a9e-4ec1-bd4b-889e9ddb5135",
	"1419f51f-5aa1-4d3f-bbc3-2570191c85cc",
	"5df76219-8518-4546-a3e4-73e0b7155a78",
	388,
	1,
	'test line: 388');
INSERT INTO ACT_IF
	VALUES ("a8e084ab-4a9e-4ec1-bd4b-889e9ddb5135",
	"84b43461-91c6-4cc2-8e90-196a2f5b1259",
	"d2b382ec-4c47-40d8-aafa-73896339e233",
	"00000000-0000-0000-0000-000000000000",
	"00000000-0000-0000-0000-000000000000");
INSERT INTO ACT_SMT
	VALUES ("5df76219-8518-4546-a3e4-73e0b7155a78",
	"1419f51f-5aa1-4d3f-bbc3-2570191c85cc",
	"d73f0179-858d-462b-86d4-59c9c50139b6",
	392,
	1,
	'test line: 392');
INSERT INTO ACT_FIW
	VALUES ("5df76219-8518-4546-a3e4-73e0b7155a78",
	"6991e698-d1ea-4716-88b2-07de3aae09c5",
	0,
	'any',
	"20c68474-d5bf-4e0a-bbdf-31a384bbaf64",
	"37232c72-a7ed-4c17-9fbc-5129fd3a4bae",
	392,
	32);
INSERT INTO ACT_SMT
	VALUES ("d73f0179-858d-462b-86d4-59c9c50139b6",
	"1419f51f-5aa1-4d3f-bbc3-2570191c85cc",
	"b5dd2f16-62ec-48ae-b07b-1183313ec5f8",
	393,
	1,
	'test line: 393');
INSERT INTO ACT_IF
	VALUES ("d73f0179-858d-462b-86d4-59c9c50139b6",
	"f71eb0c1-5320-4576-a70d-4d06116f8c38",
	"bba22e7e-8e51-471c-b0d9-459c39e0e6c6",
	"00000000-0000-0000-0000-000000000000",
	"00000000-0000-0000-0000-000000000000");
INSERT INTO ACT_SMT
	VALUES ("b5dd2f16-62ec-48ae-b07b-1183313ec5f8",
	"1419f51f-5aa1-4d3f-bbc3-2570191c85cc",
	"778d2bdf-c429-44ad-bb38-aaabd344c33a",
	396,
	1,
	'test line: 396');
INSERT INTO ACT_SEL
	VALUES ("b5dd2f16-62ec-48ae-b07b-1183313ec5f8",
	"9bd15ebd-d4ad-4240-9268-cb4cfbe34cdb",
	1,
	'any',
	"1d99c9c6-5f97-44e1-9b89-7e9b43b3d876");
INSERT INTO ACT_SR
	VALUES ("b5dd2f16-62ec-48ae-b07b-1183313ec5f8");
INSERT INTO ACT_LNK
	VALUES ("952ac516-d6b6-4350-af78-74b187b18403",
	'''is_pal_of''',
	"b5dd2f16-62ec-48ae-b07b-1183313ec5f8",
	"335e690e-68a7-436f-a7c2-a0c9c7dc0fd4",
	"00000000-0000-0000-0000-000000000000",
	3,
	"37232c72-a7ed-4c17-9fbc-5129fd3a4bae",
	396,
	29,
	396,
	36,
	396,
	40);
INSERT INTO ACT_SMT
	VALUES ("778d2bdf-c429-44ad-bb38-aaabd344c33a",
	"1419f51f-5aa1-4d3f-bbc3-2570191c85cc",
	"a5d80f6a-32e2-45d2-966b-12e927c0df99",
	397,
	1,
	'test line: 397');
INSERT INTO ACT_IF
	VALUES ("778d2bdf-c429-44ad-bb38-aaabd344c33a",
	"0158e9d2-680b-4b0e-a117-6b24e15a01f4",
	"3b74d2dc-9ef2-4e10-acd2-28a90e49836d",
	"00000000-0000-0000-0000-000000000000",
	"00000000-0000-0000-0000-000000000000");
INSERT INTO ACT_SMT
	VALUES ("a5d80f6a-32e2-45d2-966b-12e927c0df99",
	"1419f51f-5aa1-4d3f-bbc3-2570191c85cc",
	"d3286484-3123-43a4-acab-b2c4338ab59e",
	400,
	1,
	'test line: 400');
INSERT INTO ACT_FIW
	VALUES ("a5d80f6a-32e2-45d2-966b-12e927c0df99",
	"6991e698-d1ea-4716-88b2-07de3aae09c5",
	0,
	'any',
	"a945b489-06ca-42b9-837d-acb0c586fd01",
	"37232c72-a7ed-4c17-9fbc-5129fd3a4bae",
	400,
	32);
INSERT INTO ACT_SMT
	VALUES ("d3286484-3123-43a4-acab-b2c4338ab59e",
	"1419f51f-5aa1-4d3f-bbc3-2570191c85cc",
	"43f56f63-67be-496c-8e00-de9244e28005",
	401,
	1,
	'test line: 401');
INSERT INTO ACT_IF
	VALUES ("d3286484-3123-43a4-acab-b2c4338ab59e",
	"6ff062d8-2f54-4b37-b1f2-c2f5a9d33270",
	"ebd5bedf-9a30-4bb1-ad58-44764e3d9158",
	"00000000-0000-0000-0000-000000000000",
	"00000000-0000-0000-0000-000000000000");
INSERT INTO ACT_SMT
	VALUES ("43f56f63-67be-496c-8e00-de9244e28005",
	"1419f51f-5aa1-4d3f-bbc3-2570191c85cc",
	"e319e1e9-0ce3-4f60-8dfa-706e1e4741ae",
	404,
	1,
	'test line: 404');
INSERT INTO ACT_SEL
	VALUES ("43f56f63-67be-496c-8e00-de9244e28005",
	"9bd15ebd-d4ad-4240-9268-cb4cfbe34cdb",
	0,
	'any',
	"e3996003-4ea5-40c0-94d3-8c753e9376e0");
INSERT INTO ACT_SR
	VALUES ("43f56f63-67be-496c-8e00-de9244e28005");
INSERT INTO ACT_LNK
	VALUES ("ec4b123c-37f0-47cf-9abc-56e1c598a718",
	'''is_buddy_of''',
	"43f56f63-67be-496c-8e00-de9244e28005",
	"335e690e-68a7-436f-a7c2-a0c9c7dc0fd4",
	"00000000-0000-0000-0000-000000000000",
	3,
	"37232c72-a7ed-4c17-9fbc-5129fd3a4bae",
	404,
	29,
	404,
	36,
	404,
	40);
INSERT INTO ACT_SMT
	VALUES ("e319e1e9-0ce3-4f60-8dfa-706e1e4741ae",
	"1419f51f-5aa1-4d3f-bbc3-2570191c85cc",
	"ab9b8ba7-3941-42c8-b2b0-fd464d3f0b0c",
	405,
	1,
	'test line: 405');
INSERT INTO ACT_IF
	VALUES ("e319e1e9-0ce3-4f60-8dfa-706e1e4741ae",
	"23fa8fce-16a8-423f-9882-99666f88800e",
	"ba8c3695-51d7-403c-8e13-4d00c19d503e",
	"00000000-0000-0000-0000-000000000000",
	"00000000-0000-0000-0000-000000000000");
INSERT INTO ACT_SMT
	VALUES ("ab9b8ba7-3941-42c8-b2b0-fd464d3f0b0c",
	"1419f51f-5aa1-4d3f-bbc3-2570191c85cc",
	"80b18e15-fb54-4cc1-9290-b8bacb5cf7d6",
	408,
	1,
	'test line: 408');
INSERT INTO ACT_FIO
	VALUES ("ab9b8ba7-3941-42c8-b2b0-fd464d3f0b0c",
	"d23dcb42-b5ce-4ee3-a03d-2a89e81c1ca8",
	1,
	'any',
	"1a0a7fbf-fcee-426a-a47f-eb1a0de6fbe2",
	408,
	32);
INSERT INTO ACT_SMT
	VALUES ("80b18e15-fb54-4cc1-9290-b8bacb5cf7d6",
	"1419f51f-5aa1-4d3f-bbc3-2570191c85cc",
	"a968abd3-c27d-4a22-973e-807dde64256a",
	409,
	1,
	'test line: 409');
INSERT INTO ACT_SEL
	VALUES ("80b18e15-fb54-4cc1-9290-b8bacb5cf7d6",
	"6991e698-d1ea-4716-88b2-07de3aae09c5",
	0,
	'one',
	"4966499f-4185-4aea-93c6-bcbc8dd50b3a");
INSERT INTO ACT_SR
	VALUES ("80b18e15-fb54-4cc1-9290-b8bacb5cf7d6");
INSERT INTO ACT_LNK
	VALUES ("79c83c26-4050-4db6-96cf-1c0adee3987c",
	'''is_pal_of''',
	"80b18e15-fb54-4cc1-9290-b8bacb5cf7d6",
	"335e690e-68a7-436f-a7c2-a0c9c7dc0fd4",
	"00000000-0000-0000-0000-000000000000",
	2,
	"37232c72-a7ed-4c17-9fbc-5129fd3a4bae",
	409,
	28,
	409,
	35,
	409,
	39);
INSERT INTO ACT_SMT
	VALUES ("a968abd3-c27d-4a22-973e-807dde64256a",
	"1419f51f-5aa1-4d3f-bbc3-2570191c85cc",
	"050898d9-003d-4543-8fd5-02a5da1866f2",
	410,
	1,
	'test line: 410');
INSERT INTO ACT_IF
	VALUES ("a968abd3-c27d-4a22-973e-807dde64256a",
	"e5c08b9b-efd6-40fb-a3bf-bd84d6611473",
	"efa4390a-0fd4-4754-b09a-8ecb3bbb0cd6",
	"00000000-0000-0000-0000-000000000000",
	"00000000-0000-0000-0000-000000000000");
INSERT INTO ACT_SMT
	VALUES ("050898d9-003d-4543-8fd5-02a5da1866f2",
	"1419f51f-5aa1-4d3f-bbc3-2570191c85cc",
	"cdc6daa7-f711-4009-979b-bd6e3b7d63c3",
	413,
	1,
	'test line: 413');
INSERT INTO ACT_SEL
	VALUES ("050898d9-003d-4543-8fd5-02a5da1866f2",
	"6991e698-d1ea-4716-88b2-07de3aae09c5",
	0,
	'one',
	"c155a365-8f36-47e5-83af-2ae0deacf134");
INSERT INTO ACT_SR
	VALUES ("050898d9-003d-4543-8fd5-02a5da1866f2");
INSERT INTO ACT_LNK
	VALUES ("3002f4e9-0a27-4d6c-8c02-0dae56975179",
	'''is_buddy_of''',
	"050898d9-003d-4543-8fd5-02a5da1866f2",
	"335e690e-68a7-436f-a7c2-a0c9c7dc0fd4",
	"00000000-0000-0000-0000-000000000000",
	2,
	"37232c72-a7ed-4c17-9fbc-5129fd3a4bae",
	413,
	28,
	413,
	35,
	413,
	39);
INSERT INTO ACT_SMT
	VALUES ("cdc6daa7-f711-4009-979b-bd6e3b7d63c3",
	"1419f51f-5aa1-4d3f-bbc3-2570191c85cc",
	"776a91dd-15e6-4798-962f-1e494b383f14",
	414,
	1,
	'test line: 414');
INSERT INTO ACT_IF
	VALUES ("cdc6daa7-f711-4009-979b-bd6e3b7d63c3",
	"2dbecbb8-83da-476c-b72f-e864ff52771e",
	"927a14f0-7417-43fd-83ba-3ac5ebde06f2",
	"00000000-0000-0000-0000-000000000000",
	"00000000-0000-0000-0000-000000000000");
INSERT INTO ACT_SMT
	VALUES ("776a91dd-15e6-4798-962f-1e494b383f14",
	"1419f51f-5aa1-4d3f-bbc3-2570191c85cc",
	"5ad730b3-a057-43d5-9672-8a09a1d03771",
	422,
	1,
	'test line: 422');
INSERT INTO ACT_FIW
	VALUES ("776a91dd-15e6-4798-962f-1e494b383f14",
	"27901acc-d8ab-4128-aba9-89b9d5709ea6",
	1,
	'any',
	"7a21357f-2665-40cf-8ffc-292082b4816a",
	"2d8a3a17-c338-4915-b084-15abec5d8a3d",
	422,
	32);
INSERT INTO ACT_SMT
	VALUES ("5ad730b3-a057-43d5-9672-8a09a1d03771",
	"1419f51f-5aa1-4d3f-bbc3-2570191c85cc",
	"32701ecc-3900-4ba0-87bb-3c7a75a5cceb",
	423,
	1,
	'test line: 423');
INSERT INTO ACT_IF
	VALUES ("5ad730b3-a057-43d5-9672-8a09a1d03771",
	"bc80a56d-fc38-48d9-9c84-fd19145608d7",
	"13f10d7b-2c2a-4079-8666-e4691c921b8c",
	"00000000-0000-0000-0000-000000000000",
	"00000000-0000-0000-0000-000000000000");
INSERT INTO ACT_SMT
	VALUES ("32701ecc-3900-4ba0-87bb-3c7a75a5cceb",
	"1419f51f-5aa1-4d3f-bbc3-2570191c85cc",
	"e41b9d0a-83f9-40bd-bc76-7edb4b62a97b",
	426,
	1,
	'test line: 426');
INSERT INTO ACT_SEL
	VALUES ("32701ecc-3900-4ba0-87bb-3c7a75a5cceb",
	"a3a63b24-1c78-4c5d-8950-ed4c8ded0138",
	1,
	'many',
	"66df27f9-4b4b-4860-a4fd-17da70220283");
INSERT INTO ACT_SR
	VALUES ("32701ecc-3900-4ba0-87bb-3c7a75a5cceb");
INSERT INTO ACT_LNK
	VALUES ("d9639210-bd08-43de-a8b8-471cd3183741",
	'''buys_from''',
	"32701ecc-3900-4ba0-87bb-3c7a75a5cceb",
	"01676442-9b26-4184-9daf-6739c481e1e0",
	"00000000-0000-0000-0000-000000000000",
	3,
	"2d8a3a17-c338-4915-b084-15abec5d8a3d",
	426,
	30,
	426,
	37,
	426,
	41);
INSERT INTO ACT_SMT
	VALUES ("e41b9d0a-83f9-40bd-bc76-7edb4b62a97b",
	"1419f51f-5aa1-4d3f-bbc3-2570191c85cc",
	"1e3cd132-0f60-44f4-8837-388d77eecb14",
	427,
	1,
	'test line: 427');
INSERT INTO ACT_IF
	VALUES ("e41b9d0a-83f9-40bd-bc76-7edb4b62a97b",
	"959156a7-8192-491c-a902-995ad4f1f677",
	"6a6391de-da5f-4d3e-8ab2-b7f66be62867",
	"00000000-0000-0000-0000-000000000000",
	"00000000-0000-0000-0000-000000000000");
INSERT INTO ACT_SMT
	VALUES ("1e3cd132-0f60-44f4-8837-388d77eecb14",
	"1419f51f-5aa1-4d3f-bbc3-2570191c85cc",
	"a458a0a8-fe55-4c99-a570-cfad5d335e33",
	430,
	1,
	'test line: 430');
INSERT INTO ACT_FIO
	VALUES ("1e3cd132-0f60-44f4-8837-388d77eecb14",
	"91cbd97a-e60f-4c2d-a2d7-a6af93e5e9d6",
	1,
	'any',
	"8bdb72ca-c37d-49f6-bc98-b97b5539f176",
	430,
	33);
INSERT INTO ACT_SMT
	VALUES ("a458a0a8-fe55-4c99-a570-cfad5d335e33",
	"1419f51f-5aa1-4d3f-bbc3-2570191c85cc",
	"5dfe9e08-2d9c-43ea-9c24-c9106772c51c",
	431,
	1,
	'test line: 431');
INSERT INTO ACT_SEL
	VALUES ("a458a0a8-fe55-4c99-a570-cfad5d335e33",
	"27901acc-d8ab-4128-aba9-89b9d5709ea6",
	0,
	'one',
	"328a333d-ecf6-4724-91be-eac43b0e01ee");
INSERT INTO ACT_SR
	VALUES ("a458a0a8-fe55-4c99-a570-cfad5d335e33");
INSERT INTO ACT_LNK
	VALUES ("5697060c-90fc-4b4a-8592-4e0f6b6ca002",
	'''buys_from''',
	"a458a0a8-fe55-4c99-a570-cfad5d335e33",
	"01676442-9b26-4184-9daf-6739c481e1e0",
	"00000000-0000-0000-0000-000000000000",
	2,
	"2d8a3a17-c338-4915-b084-15abec5d8a3d",
	431,
	29,
	431,
	36,
	431,
	40);
INSERT INTO ACT_SMT
	VALUES ("5dfe9e08-2d9c-43ea-9c24-c9106772c51c",
	"1419f51f-5aa1-4d3f-bbc3-2570191c85cc",
	"3ec29e12-458a-4f79-b71e-4a20a9c29c86",
	432,
	1,
	'test line: 432');
INSERT INTO ACT_IF
	VALUES ("5dfe9e08-2d9c-43ea-9c24-c9106772c51c",
	"49027550-8a8b-45a1-b6fd-f4d259fba840",
	"36b21b16-246e-41ce-b357-e9bb2101d0a0",
	"00000000-0000-0000-0000-000000000000",
	"00000000-0000-0000-0000-000000000000");
INSERT INTO ACT_SMT
	VALUES ("3ec29e12-458a-4f79-b71e-4a20a9c29c86",
	"1419f51f-5aa1-4d3f-bbc3-2570191c85cc",
	"2e8e470d-8664-4676-9e4f-d634ba0c3f30",
	435,
	1,
	'test line: 435');
INSERT INTO ACT_SEL
	VALUES ("3ec29e12-458a-4f79-b71e-4a20a9c29c86",
	"27901acc-d8ab-4128-aba9-89b9d5709ea6",
	0,
	'one',
	"1d975d5c-9a6b-4dd2-80b3-4548fe2950d7");
INSERT INTO ACT_SR
	VALUES ("3ec29e12-458a-4f79-b71e-4a20a9c29c86");
INSERT INTO ACT_LNK
	VALUES ("2e393f50-5f1f-4a8b-a84f-e148a302d66d",
	'''sells_to''',
	"3ec29e12-458a-4f79-b71e-4a20a9c29c86",
	"01676442-9b26-4184-9daf-6739c481e1e0",
	"00000000-0000-0000-0000-000000000000",
	2,
	"2d8a3a17-c338-4915-b084-15abec5d8a3d",
	435,
	29,
	435,
	36,
	435,
	40);
INSERT INTO ACT_SMT
	VALUES ("2e8e470d-8664-4676-9e4f-d634ba0c3f30",
	"1419f51f-5aa1-4d3f-bbc3-2570191c85cc",
	"2b5b0082-c212-4e1f-a14f-61da5322f0a8",
	436,
	1,
	'test line: 436');
INSERT INTO ACT_IF
	VALUES ("2e8e470d-8664-4676-9e4f-d634ba0c3f30",
	"85cea609-ebbc-4123-89ee-4f3a2d101156",
	"7984a2f6-d123-47e1-8931-ce38f1295757",
	"00000000-0000-0000-0000-000000000000",
	"00000000-0000-0000-0000-000000000000");
INSERT INTO ACT_SMT
	VALUES ("2b5b0082-c212-4e1f-a14f-61da5322f0a8",
	"1419f51f-5aa1-4d3f-bbc3-2570191c85cc",
	"00000000-0000-0000-0000-000000000000",
	440,
	1,
	'test line: 440');
INSERT INTO ACT_BRG
	VALUES ("2b5b0082-c212-4e1f-a14f-61da5322f0a8",
	"c56d3597-5a54-4d78-8914-2dc2594c2af4",
	440,
	6,
	440,
	1);
INSERT INTO V_VAL
	VALUES ("a4741570-7515-4de5-89fb-a25eef2d412f",
	0,
	0,
	6,
	11,
	11,
	0,
	0,
	0,
	0,
	"ba5eda7a-def5-0000-0000-000000000008",
	"1419f51f-5aa1-4d3f-bbc3-2570191c85cc");
INSERT INTO V_IRF
	VALUES ("a4741570-7515-4de5-89fb-a25eef2d412f",
	"43eb3eff-3262-4472-870f-9f50475741e9");
INSERT INTO V_VAL
	VALUES ("7671524b-4c6c-41de-a186-47bada2beb85",
	0,
	0,
	-1,
	-1,
	-1,
	0,
	0,
	0,
	0,
	"ba5eda7a-def5-0000-0000-000000000001",
	"1419f51f-5aa1-4d3f-bbc3-2570191c85cc");
INSERT INTO V_UNY
	VALUES ("7671524b-4c6c-41de-a186-47bada2beb85",
	"a4741570-7515-4de5-89fb-a25eef2d412f",
	'empty');
INSERT INTO V_VAL
	VALUES ("bbf714c6-7e96-48e1-a92e-db918e82d9a3",
	0,
	0,
	11,
	17,
	18,
	0,
	0,
	0,
	0,
	"ba5eda7a-def5-0000-0000-000000000009",
	"1419f51f-5aa1-4d3f-bbc3-2570191c85cc");
INSERT INTO V_ISR
	VALUES ("bbf714c6-7e96-48e1-a92e-db918e82d9a3",
	"dd0e8277-a3f9-407e-ba3e-0ca50f9eb5f9");
INSERT INTO V_VAL
	VALUES ("8107fac5-c066-4777-b6ee-6c6610d62265",
	0,
	0,
	-1,
	-1,
	-1,
	0,
	0,
	0,
	0,
	"ba5eda7a-def5-0000-0000-000000000002",
	"1419f51f-5aa1-4d3f-bbc3-2570191c85cc");
INSERT INTO V_UNY
	VALUES ("8107fac5-c066-4777-b6ee-6c6610d62265",
	"bbf714c6-7e96-48e1-a92e-db918e82d9a3",
	'cardinality');
INSERT INTO V_VAL
	VALUES ("d159285f-df18-4b0f-afe1-58155835e010",
	0,
	0,
	-1,
	-1,
	-1,
	0,
	0,
	0,
	0,
	"ba5eda7a-def5-0000-0000-000000000001",
	"1419f51f-5aa1-4d3f-bbc3-2570191c85cc");
INSERT INTO V_BIN
	VALUES ("d159285f-df18-4b0f-afe1-58155835e010",
	"be81aafb-02b4-4070-a0bf-255f3d9394d0",
	"8107fac5-c066-4777-b6ee-6c6610d62265",
	'!=');
INSERT INTO V_VAL
	VALUES ("be81aafb-02b4-4070-a0bf-255f3d9394d0",
	0,
	0,
	11,
	23,
	23,
	0,
	0,
	0,
	0,
	"ba5eda7a-def5-0000-0000-000000000002",
	"1419f51f-5aa1-4d3f-bbc3-2570191c85cc");
INSERT INTO V_LIN
	VALUES ("be81aafb-02b4-4070-a0bf-255f3d9394d0",
	'5');
INSERT INTO V_VAL
	VALUES ("29093bfb-8deb-4250-ac44-a33b2e8d1ee8",
	0,
	0,
	15,
	6,
	7,
	0,
	0,
	0,
	0,
	"ba5eda7a-def5-0000-0000-000000000009",
	"1419f51f-5aa1-4d3f-bbc3-2570191c85cc");
INSERT INTO V_ISR
	VALUES ("29093bfb-8deb-4250-ac44-a33b2e8d1ee8",
	"dd0e8277-a3f9-407e-ba3e-0ca50f9eb5f9");
INSERT INTO V_VAL
	VALUES ("9a88a24d-f794-4a2c-8256-44e5dcb1f320",
	0,
	0,
	15,
	6,
	19,
	0,
	0,
	0,
	0,
	"ba5eda7a-def5-0000-0000-000000000001",
	"1419f51f-5aa1-4d3f-bbc3-2570191c85cc");
INSERT INTO V_BIN
	VALUES ("9a88a24d-f794-4a2c-8256-44e5dcb1f320",
	"209e85f5-4973-4c6d-8d69-a94d05379b3d",
	"29093bfb-8deb-4250-ac44-a33b2e8d1ee8",
	'!=');
INSERT INTO V_VAL
	VALUES ("209e85f5-4973-4c6d-8d69-a94d05379b3d",
	0,
	0,
	15,
	12,
	19,
	0,
	0,
	0,
	0,
	"ba5eda7a-def5-0000-0000-000000000009",
	"1419f51f-5aa1-4d3f-bbc3-2570191c85cc");
INSERT INTO V_ISR
	VALUES ("209e85f5-4973-4c6d-8d69-a94d05379b3d",
	"dc5829b4-5ba5-424c-aeb4-95460754db30");
INSERT INTO V_VAL
	VALUES ("87c904a4-8973-4d52-abae-f47e151aceec",
	1,
	0,
	19,
	36,
	37,
	0,
	0,
	0,
	0,
	"ba5eda7a-def5-0000-0000-000000000008",
	"1419f51f-5aa1-4d3f-bbc3-2570191c85cc");
INSERT INTO V_IRF
	VALUES ("87c904a4-8973-4d52-abae-f47e151aceec",
	"34692508-0f26-4fa5-b288-1445319092b5");
INSERT INTO V_VAL
	VALUES ("6284bdc9-5f27-4329-9156-bb6ea1289492",
	1,
	0,
	19,
	39,
	39,
	0,
	0,
	0,
	0,
	"ba5eda7a-def5-0000-0000-000000000002",
	"1419f51f-5aa1-4d3f-bbc3-2570191c85cc");
INSERT INTO V_AVL
	VALUES ("6284bdc9-5f27-4329-9156-bb6ea1289492",
	"87c904a4-8973-4d52-abae-f47e151aceec",
	"9e07c28d-77a6-489a-85f6-d1ae2b7a22b4",
	"f60ba351-2e9d-4bee-8563-1c89949c07f9");
INSERT INTO V_VAL
	VALUES ("7dbce236-da76-4e50-9bea-9b3ea0c30acc",
	0,
	0,
	19,
	43,
	45,
	0,
	0,
	0,
	0,
	"ba5eda7a-def5-0000-0000-000000000002",
	"1419f51f-5aa1-4d3f-bbc3-2570191c85cc");
INSERT INTO V_LIN
	VALUES ("7dbce236-da76-4e50-9bea-9b3ea0c30acc",
	'101');
INSERT INTO V_VAL
	VALUES ("1cd03ea8-dbc3-48b5-855f-dfd470507f41",
	0,
	0,
	20,
	44,
	-1,
	0,
	0,
	0,
	0,
	"ba5eda7a-def5-0000-0000-000000000008",
	"1419f51f-5aa1-4d3f-bbc3-2570191c85cc");
INSERT INTO V_SLR
	VALUES ("1cd03ea8-dbc3-48b5-855f-dfd470507f41",
	"00000000-0000-0000-0000-000000000000",
	"00000000-0000-0000-0000-000000000000",
	"00000000-0000-0000-0000-000000000000");
INSERT INTO V_VAL
	VALUES ("bb2b1881-03ed-4cdf-9d19-b5ccb689577d",
	0,
	0,
	20,
	53,
	53,
	0,
	0,
	0,
	0,
	"ba5eda7a-def5-0000-0000-000000000002",
	"1419f51f-5aa1-4d3f-bbc3-2570191c85cc");
INSERT INTO V_AVL
	VALUES ("bb2b1881-03ed-4cdf-9d19-b5ccb689577d",
	"1cd03ea8-dbc3-48b5-855f-dfd470507f41",
	"9e07c28d-77a6-489a-85f6-d1ae2b7a22b4",
	"f60ba351-2e9d-4bee-8563-1c89949c07f9");
INSERT INTO V_VAL
	VALUES ("47c2a80d-5337-477d-865c-9e9c1be3f7e3",
	0,
	0,
	20,
	53,
	58,
	0,
	0,
	0,
	0,
	"ba5eda7a-def5-0000-0000-000000000001",
	"1419f51f-5aa1-4d3f-bbc3-2570191c85cc");
INSERT INTO V_BIN
	VALUES ("47c2a80d-5337-477d-865c-9e9c1be3f7e3",
	"c8b8c87d-dd41-47d2-8b52-001dd6142215",
	"bb2b1881-03ed-4cdf-9d19-b5ccb689577d",
	'==');
INSERT INTO V_VAL
	VALUES ("c8b8c87d-dd41-47d2-8b52-001dd6142215",
	0,
	0,
	20,
	58,
	58,
	0,
	0,
	0,
	0,
	"ba5eda7a-def5-0000-0000-000000000002",
	"1419f51f-5aa1-4d3f-bbc3-2570191c85cc");
INSERT INTO V_LIN
	VALUES ("c8b8c87d-dd41-47d2-8b52-001dd6142215",
	'1');
INSERT INTO V_VAL
	VALUES ("b3d8e10a-1c82-4549-a635-569a8f9951cd",
	0,
	0,
	21,
	11,
	11,
	0,
	0,
	0,
	0,
	"ba5eda7a-def5-0000-0000-000000000008",
	"1419f51f-5aa1-4d3f-bbc3-2570191c85cc");
INSERT INTO V_IRF
	VALUES ("b3d8e10a-1c82-4549-a635-569a8f9951cd",
	"43eb3eff-3262-4472-870f-9f50475741e9");
INSERT INTO V_VAL
	VALUES ("c60a2b43-971e-4f6f-b121-e5d7d9cbed36",
	0,
	0,
	-1,
	-1,
	-1,
	0,
	0,
	0,
	0,
	"ba5eda7a-def5-0000-0000-000000000001",
	"1419f51f-5aa1-4d3f-bbc3-2570191c85cc");
INSERT INTO V_UNY
	VALUES ("c60a2b43-971e-4f6f-b121-e5d7d9cbed36",
	"b3d8e10a-1c82-4549-a635-569a8f9951cd",
	'empty');
INSERT INTO V_VAL
	VALUES ("84bc6d1c-f5ed-4283-94e2-3362c095987b",
	0,
	0,
	26,
	46,
	-1,
	0,
	0,
	0,
	0,
	"ba5eda7a-def5-0000-0000-000000000008",
	"1419f51f-5aa1-4d3f-bbc3-2570191c85cc");
INSERT INTO V_SLR
	VALUES ("84bc6d1c-f5ed-4283-94e2-3362c095987b",
	"00000000-0000-0000-0000-000000000000",
	"00000000-0000-0000-0000-000000000000",
	"00000000-0000-0000-0000-000000000000");
INSERT INTO V_VAL
	VALUES ("a89d1db5-8fb9-42e8-8cff-00fbe12c7463",
	0,
	0,
	26,
	55,
	55,
	0,
	0,
	0,
	0,
	"ba5eda7a-def5-0000-0000-000000000002",
	"1419f51f-5aa1-4d3f-bbc3-2570191c85cc");
INSERT INTO V_AVL
	VALUES ("a89d1db5-8fb9-42e8-8cff-00fbe12c7463",
	"84bc6d1c-f5ed-4283-94e2-3362c095987b",
	"4fe7dec5-7125-46ae-99c5-0fbe0635efc5",
	"b11a68ca-2126-49a6-aae6-5cfb689249ee");
INSERT INTO V_VAL
	VALUES ("5dc0eefb-5549-4d5f-abf8-8ab2fe4d2f58",
	0,
	0,
	26,
	55,
	61,
	0,
	0,
	0,
	0,
	"ba5eda7a-def5-0000-0000-000000000001",
	"1419f51f-5aa1-4d3f-bbc3-2570191c85cc");
INSERT INTO V_BIN
	VALUES ("5dc0eefb-5549-4d5f-abf8-8ab2fe4d2f58",
	"e5101165-8a5d-44ee-af4d-1a7c4bff8eb8",
	"a89d1db5-8fb9-42e8-8cff-00fbe12c7463",
	'==');
INSERT INTO V_VAL
	VALUES ("e5101165-8a5d-44ee-af4d-1a7c4bff8eb8",
	0,
	0,
	26,
	60,
	61,
	0,
	0,
	0,
	0,
	"ba5eda7a-def5-0000-0000-000000000002",
	"1419f51f-5aa1-4d3f-bbc3-2570191c85cc");
INSERT INTO V_LIN
	VALUES ("e5101165-8a5d-44ee-af4d-1a7c4bff8eb8",
	'20');
INSERT INTO V_VAL
	VALUES ("669184b5-3daf-4d88-a42b-28d40e9b3bb3",
	0,
	0,
	27,
	15,
	15,
	0,
	0,
	0,
	0,
	"ba5eda7a-def5-0000-0000-000000000008",
	"1419f51f-5aa1-4d3f-bbc3-2570191c85cc");
INSERT INTO V_IRF
	VALUES ("669184b5-3daf-4d88-a42b-28d40e9b3bb3",
	"af83bdeb-22a9-45e3-8431-0a2169f9a34e");
INSERT INTO V_VAL
	VALUES ("0078e62f-edcc-4a14-bd5f-d8c07d08ea86",
	0,
	0,
	-1,
	-1,
	-1,
	0,
	0,
	0,
	0,
	"ba5eda7a-def5-0000-0000-000000000001",
	"1419f51f-5aa1-4d3f-bbc3-2570191c85cc");
INSERT INTO V_UNY
	VALUES ("0078e62f-edcc-4a14-bd5f-d8c07d08ea86",
	"669184b5-3daf-4d88-a42b-28d40e9b3bb3",
	'empty');
INSERT INTO V_VAL
	VALUES ("8364d2dd-28b5-46f3-b09d-34781db18380",
	0,
	0,
	-1,
	-1,
	-1,
	0,
	0,
	0,
	0,
	"ba5eda7a-def5-0000-0000-000000000001",
	"1419f51f-5aa1-4d3f-bbc3-2570191c85cc");
INSERT INTO V_UNY
	VALUES ("8364d2dd-28b5-46f3-b09d-34781db18380",
	"0078e62f-edcc-4a14-bd5f-d8c07d08ea86",
	'not');
INSERT INTO V_VAL
	VALUES ("83e783fd-4d09-41f1-9ce8-b35f95a0fbd8",
	0,
	0,
	31,
	46,
	-1,
	0,
	0,
	0,
	0,
	"ba5eda7a-def5-0000-0000-000000000008",
	"1419f51f-5aa1-4d3f-bbc3-2570191c85cc");
INSERT INTO V_SLR
	VALUES ("83e783fd-4d09-41f1-9ce8-b35f95a0fbd8",
	"00000000-0000-0000-0000-000000000000",
	"00000000-0000-0000-0000-000000000000",
	"00000000-0000-0000-0000-000000000000");
INSERT INTO V_VAL
	VALUES ("24163ccb-698f-4973-8fea-d0360f4865a9",
	0,
	0,
	31,
	55,
	55,
	0,
	0,
	0,
	0,
	"ba5eda7a-def5-0000-0000-000000000002",
	"1419f51f-5aa1-4d3f-bbc3-2570191c85cc");
INSERT INTO V_AVL
	VALUES ("24163ccb-698f-4973-8fea-d0360f4865a9",
	"83e783fd-4d09-41f1-9ce8-b35f95a0fbd8",
	"4fe7dec5-7125-46ae-99c5-0fbe0635efc5",
	"b11a68ca-2126-49a6-aae6-5cfb689249ee");
INSERT INTO V_VAL
	VALUES ("42e5172d-026e-4772-86b9-03ca42f3c93c",
	0,
	0,
	31,
	55,
	60,
	0,
	0,
	0,
	0,
	"ba5eda7a-def5-0000-0000-000000000001",
	"1419f51f-5aa1-4d3f-bbc3-2570191c85cc");
INSERT INTO V_BIN
	VALUES ("42e5172d-026e-4772-86b9-03ca42f3c93c",
	"35e30446-44c0-4d09-9e0e-34d99a1bba35",
	"24163ccb-698f-4973-8fea-d0360f4865a9",
	'==');
INSERT INTO V_VAL
	VALUES ("35e30446-44c0-4d09-9e0e-34d99a1bba35",
	0,
	0,
	31,
	60,
	60,
	0,
	0,
	0,
	0,
	"ba5eda7a-def5-0000-0000-000000000002",
	"1419f51f-5aa1-4d3f-bbc3-2570191c85cc");
INSERT INTO V_LIN
	VALUES ("35e30446-44c0-4d09-9e0e-34d99a1bba35",
	'2');
INSERT INTO V_VAL
	VALUES ("4f6e6bd6-a11e-4409-bfb8-967604ecd7a9",
	0,
	0,
	32,
	11,
	11,
	0,
	0,
	0,
	0,
	"ba5eda7a-def5-0000-0000-000000000008",
	"1419f51f-5aa1-4d3f-bbc3-2570191c85cc");
INSERT INTO V_IRF
	VALUES ("4f6e6bd6-a11e-4409-bfb8-967604ecd7a9",
	"af83bdeb-22a9-45e3-8431-0a2169f9a34e");
INSERT INTO V_VAL
	VALUES ("af97b60c-7b9f-4c31-890d-0847922472f7",
	0,
	0,
	-1,
	-1,
	-1,
	0,
	0,
	0,
	0,
	"ba5eda7a-def5-0000-0000-000000000001",
	"1419f51f-5aa1-4d3f-bbc3-2570191c85cc");
INSERT INTO V_UNY
	VALUES ("af97b60c-7b9f-4c31-890d-0847922472f7",
	"4f6e6bd6-a11e-4409-bfb8-967604ecd7a9",
	'empty');
INSERT INTO V_VAL
	VALUES ("57402c9b-42df-488e-a3cd-5e6c203ff767",
	0,
	0,
	39,
	44,
	-1,
	0,
	0,
	0,
	0,
	"ba5eda7a-def5-0000-0000-000000000008",
	"1419f51f-5aa1-4d3f-bbc3-2570191c85cc");
INSERT INTO V_SLR
	VALUES ("57402c9b-42df-488e-a3cd-5e6c203ff767",
	"00000000-0000-0000-0000-000000000000",
	"00000000-0000-0000-0000-000000000000",
	"00000000-0000-0000-0000-000000000000");
INSERT INTO V_VAL
	VALUES ("167c02d2-22f0-4d2f-96f1-0d58109bbb95",
	0,
	0,
	39,
	53,
	53,
	0,
	0,
	0,
	0,
	"ba5eda7a-def5-0000-0000-000000000002",
	"1419f51f-5aa1-4d3f-bbc3-2570191c85cc");
INSERT INTO V_AVL
	VALUES ("167c02d2-22f0-4d2f-96f1-0d58109bbb95",
	"57402c9b-42df-488e-a3cd-5e6c203ff767",
	"9e07c28d-77a6-489a-85f6-d1ae2b7a22b4",
	"f60ba351-2e9d-4bee-8563-1c89949c07f9");
INSERT INTO V_VAL
	VALUES ("8eb084bf-a764-4247-b995-b3798668a2c1",
	0,
	0,
	39,
	53,
	58,
	0,
	0,
	0,
	0,
	"ba5eda7a-def5-0000-0000-000000000001",
	"1419f51f-5aa1-4d3f-bbc3-2570191c85cc");
INSERT INTO V_BIN
	VALUES ("8eb084bf-a764-4247-b995-b3798668a2c1",
	"619ffa89-a1ae-460f-a2ba-d976bb58d83f",
	"167c02d2-22f0-4d2f-96f1-0d58109bbb95",
	'==');
INSERT INTO V_VAL
	VALUES ("619ffa89-a1ae-460f-a2ba-d976bb58d83f",
	0,
	0,
	39,
	58,
	58,
	0,
	0,
	0,
	0,
	"ba5eda7a-def5-0000-0000-000000000002",
	"1419f51f-5aa1-4d3f-bbc3-2570191c85cc");
INSERT INTO V_LIN
	VALUES ("619ffa89-a1ae-460f-a2ba-d976bb58d83f",
	'3');
INSERT INTO V_VAL
	VALUES ("c829d6e5-9b02-46d1-aeeb-ad904e7321e2",
	0,
	0,
	40,
	25,
	25,
	0,
	0,
	0,
	0,
	"ba5eda7a-def5-0000-0000-000000000008",
	"1419f51f-5aa1-4d3f-bbc3-2570191c85cc");
INSERT INTO V_IRF
	VALUES ("c829d6e5-9b02-46d1-aeeb-ad904e7321e2",
	"43eb3eff-3262-4472-870f-9f50475741e9");
INSERT INTO V_VAL
	VALUES ("946c5ca3-42ff-4e72-8686-0177a58e011a",
	0,
	0,
	41,
	11,
	11,
	0,
	0,
	0,
	0,
	"ba5eda7a-def5-0000-0000-000000000008",
	"1419f51f-5aa1-4d3f-bbc3-2570191c85cc");
INSERT INTO V_IRF
	VALUES ("946c5ca3-42ff-4e72-8686-0177a58e011a",
	"af83bdeb-22a9-45e3-8431-0a2169f9a34e");
INSERT INTO V_VAL
	VALUES ("7a8be367-8292-4151-ba6d-e64d9d42f0ef",
	0,
	0,
	-1,
	-1,
	-1,
	0,
	0,
	0,
	0,
	"ba5eda7a-def5-0000-0000-000000000001",
	"1419f51f-5aa1-4d3f-bbc3-2570191c85cc");
INSERT INTO V_UNY
	VALUES ("7a8be367-8292-4151-ba6d-e64d9d42f0ef",
	"946c5ca3-42ff-4e72-8686-0177a58e011a",
	'empty');
INSERT INTO V_VAL
	VALUES ("be82152a-6907-4fe7-8fbd-e1e1e3260707",
	0,
	0,
	44,
	5,
	5,
	0,
	0,
	0,
	0,
	"ba5eda7a-def5-0000-0000-000000000008",
	"1419f51f-5aa1-4d3f-bbc3-2570191c85cc");
INSERT INTO V_IRF
	VALUES ("be82152a-6907-4fe7-8fbd-e1e1e3260707",
	"af83bdeb-22a9-45e3-8431-0a2169f9a34e");
INSERT INTO V_VAL
	VALUES ("1c8f1b53-19c2-455b-a95b-86439d8f1b89",
	0,
	0,
	44,
	7,
	7,
	0,
	0,
	0,
	0,
	"ba5eda7a-def5-0000-0000-000000000002",
	"1419f51f-5aa1-4d3f-bbc3-2570191c85cc");
INSERT INTO V_AVL
	VALUES ("1c8f1b53-19c2-455b-a95b-86439d8f1b89",
	"be82152a-6907-4fe7-8fbd-e1e1e3260707",
	"4fe7dec5-7125-46ae-99c5-0fbe0635efc5",
	"b11a68ca-2126-49a6-aae6-5cfb689249ee");
INSERT INTO V_VAL
	VALUES ("ff1db418-e669-4f29-a9a2-987712633a17",
	0,
	0,
	44,
	7,
	12,
	0,
	0,
	0,
	0,
	"ba5eda7a-def5-0000-0000-000000000001",
	"1419f51f-5aa1-4d3f-bbc3-2570191c85cc");
INSERT INTO V_BIN
	VALUES ("ff1db418-e669-4f29-a9a2-987712633a17",
	"bc58261e-1edc-4d65-80dc-db4f2f90076d",
	"1c8f1b53-19c2-455b-a95b-86439d8f1b89",
	'!=');
INSERT INTO V_VAL
	VALUES ("bc58261e-1edc-4d65-80dc-db4f2f90076d",
	0,
	0,
	44,
	12,
	12,
	0,
	0,
	0,
	0,
	"ba5eda7a-def5-0000-0000-000000000002",
	"1419f51f-5aa1-4d3f-bbc3-2570191c85cc");
INSERT INTO V_LIN
	VALUES ("bc58261e-1edc-4d65-80dc-db4f2f90076d",
	'4');
INSERT INTO V_VAL
	VALUES ("d20e831d-baab-4031-964e-d21315d58323",
	0,
	0,
	50,
	30,
	30,
	0,
	0,
	0,
	0,
	"ba5eda7a-def5-0000-0000-000000000008",
	"1419f51f-5aa1-4d3f-bbc3-2570191c85cc");
INSERT INTO V_IRF
	VALUES ("d20e831d-baab-4031-964e-d21315d58323",
	"43eb3eff-3262-4472-870f-9f50475741e9");
INSERT INTO V_VAL
	VALUES ("44949bd6-e79f-4dcc-b9c5-3244cb0e00a0",
	0,
	0,
	51,
	12,
	17,
	0,
	0,
	0,
	0,
	"ba5eda7a-def5-0000-0000-000000000008",
	"1419f51f-5aa1-4d3f-bbc3-2570191c85cc");
INSERT INTO V_IRF
	VALUES ("44949bd6-e79f-4dcc-b9c5-3244cb0e00a0",
	"a7566092-9e4d-4b91-aa8e-2f9f61412d63");
INSERT INTO V_VAL
	VALUES ("f66fc38c-e7e7-44d3-b512-f319b70d9a4e",
	0,
	0,
	-1,
	-1,
	-1,
	0,
	0,
	0,
	0,
	"ba5eda7a-def5-0000-0000-000000000001",
	"1419f51f-5aa1-4d3f-bbc3-2570191c85cc");
INSERT INTO V_UNY
	VALUES ("f66fc38c-e7e7-44d3-b512-f319b70d9a4e",
	"44949bd6-e79f-4dcc-b9c5-3244cb0e00a0",
	'empty');
INSERT INTO V_VAL
	VALUES ("06432f9b-7caa-4369-bff2-1cfec32c7f26",
	0,
	0,
	62,
	25,
	25,
	0,
	0,
	0,
	0,
	"ba5eda7a-def5-0000-0000-000000000008",
	"1419f51f-5aa1-4d3f-bbc3-2570191c85cc");
INSERT INTO V_IRF
	VALUES ("06432f9b-7caa-4369-bff2-1cfec32c7f26",
	"af83bdeb-22a9-45e3-8431-0a2169f9a34e");
INSERT INTO V_VAL
	VALUES ("afbce9ef-90bc-4276-ab2e-5e68ab0d4aec",
	0,
	0,
	63,
	11,
	11,
	0,
	0,
	0,
	0,
	"ba5eda7a-def5-0000-0000-000000000008",
	"1419f51f-5aa1-4d3f-bbc3-2570191c85cc");
INSERT INTO V_IRF
	VALUES ("afbce9ef-90bc-4276-ab2e-5e68ab0d4aec",
	"43eb3eff-3262-4472-870f-9f50475741e9");
INSERT INTO V_VAL
	VALUES ("4edc9b82-0e95-413f-9933-affa014565b0",
	0,
	0,
	-1,
	-1,
	-1,
	0,
	0,
	0,
	0,
	"ba5eda7a-def5-0000-0000-000000000001",
	"1419f51f-5aa1-4d3f-bbc3-2570191c85cc");
INSERT INTO V_UNY
	VALUES ("4edc9b82-0e95-413f-9933-affa014565b0",
	"afbce9ef-90bc-4276-ab2e-5e68ab0d4aec",
	'empty');
INSERT INTO V_VAL
	VALUES ("6df944af-48e7-4255-8fa1-ba347d3acd3e",
	0,
	0,
	66,
	5,
	5,
	0,
	0,
	0,
	0,
	"ba5eda7a-def5-0000-0000-000000000008",
	"1419f51f-5aa1-4d3f-bbc3-2570191c85cc");
INSERT INTO V_IRF
	VALUES ("6df944af-48e7-4255-8fa1-ba347d3acd3e",
	"43eb3eff-3262-4472-870f-9f50475741e9");
INSERT INTO V_VAL
	VALUES ("cc810a46-150a-47b9-9ba0-7722876cdea6",
	0,
	0,
	66,
	7,
	7,
	0,
	0,
	0,
	0,
	"ba5eda7a-def5-0000-0000-000000000002",
	"1419f51f-5aa1-4d3f-bbc3-2570191c85cc");
INSERT INTO V_AVL
	VALUES ("cc810a46-150a-47b9-9ba0-7722876cdea6",
	"6df944af-48e7-4255-8fa1-ba347d3acd3e",
	"9e07c28d-77a6-489a-85f6-d1ae2b7a22b4",
	"f60ba351-2e9d-4bee-8563-1c89949c07f9");
INSERT INTO V_VAL
	VALUES ("a7b3882c-91b5-495f-a2a1-11e830444b5a",
	0,
	0,
	66,
	7,
	12,
	0,
	0,
	0,
	0,
	"ba5eda7a-def5-0000-0000-000000000001",
	"1419f51f-5aa1-4d3f-bbc3-2570191c85cc");
INSERT INTO V_BIN
	VALUES ("a7b3882c-91b5-495f-a2a1-11e830444b5a",
	"5588aa11-14e6-4d93-a228-af59dbb2660e",
	"cc810a46-150a-47b9-9ba0-7722876cdea6",
	'!=');
INSERT INTO V_VAL
	VALUES ("5588aa11-14e6-4d93-a228-af59dbb2660e",
	0,
	0,
	66,
	12,
	12,
	0,
	0,
	0,
	0,
	"ba5eda7a-def5-0000-0000-000000000002",
	"1419f51f-5aa1-4d3f-bbc3-2570191c85cc");
INSERT INTO V_LIN
	VALUES ("5588aa11-14e6-4d93-a228-af59dbb2660e",
	'3');
INSERT INTO V_VAL
	VALUES ("5821bd93-9277-4786-b12e-d57ceb85f366",
	0,
	0,
	75,
	50,
	-1,
	0,
	0,
	0,
	0,
	"ba5eda7a-def5-0000-0000-000000000008",
	"1419f51f-5aa1-4d3f-bbc3-2570191c85cc");
INSERT INTO V_SLR
	VALUES ("5821bd93-9277-4786-b12e-d57ceb85f366",
	"00000000-0000-0000-0000-000000000000",
	"00000000-0000-0000-0000-000000000000",
	"00000000-0000-0000-0000-000000000000");
INSERT INTO V_VAL
	VALUES ("96b05514-51c3-454e-a5b8-7046c80bb10b",
	0,
	0,
	75,
	59,
	62,
	0,
	0,
	0,
	0,
	"ba5eda7a-def5-0000-0000-000000000004",
	"1419f51f-5aa1-4d3f-bbc3-2570191c85cc");
INSERT INTO V_AVL
	VALUES ("96b05514-51c3-454e-a5b8-7046c80bb10b",
	"5821bd93-9277-4786-b12e-d57ceb85f366",
	"8e6ffc50-e410-47a1-8bcf-8229c2ca4642",
	"b59b6082-04aa-4b90-93d5-fa0f4cbdf717");
INSERT INTO V_VAL
	VALUES ("e35374a8-3a64-4457-913c-68a78d274a77",
	0,
	0,
	75,
	59,
	73,
	0,
	0,
	0,
	0,
	"ba5eda7a-def5-0000-0000-000000000001",
	"1419f51f-5aa1-4d3f-bbc3-2570191c85cc");
INSERT INTO V_BIN
	VALUES ("e35374a8-3a64-4457-913c-68a78d274a77",
	"da1e680e-6f11-4eb8-bd35-03cf8e87d8fd",
	"96b05514-51c3-454e-a5b8-7046c80bb10b",
	'==');
INSERT INTO V_VAL
	VALUES ("da1e680e-6f11-4eb8-bd35-03cf8e87d8fd",
	0,
	0,
	75,
	67,
	73,
	0,
	0,
	0,
	0,
	"ba5eda7a-def5-0000-0000-000000000004",
	"1419f51f-5aa1-4d3f-bbc3-2570191c85cc");
INSERT INTO V_LST
	VALUES ("da1e680e-6f11-4eb8-bd35-03cf8e87d8fd",
	'DeeTwo');
INSERT INTO V_VAL
	VALUES ("6e175752-d249-4443-b27b-44ccba23c5ea",
	0,
	0,
	76,
	11,
	11,
	0,
	0,
	0,
	0,
	"ba5eda7a-def5-0000-0000-000000000008",
	"1419f51f-5aa1-4d3f-bbc3-2570191c85cc");
INSERT INTO V_IRF
	VALUES ("6e175752-d249-4443-b27b-44ccba23c5ea",
	"18b18349-138c-4749-a78d-178ee4d7c3f2");
INSERT INTO V_VAL
	VALUES ("d2aaf2f8-15ef-4b56-8aca-cd475052b014",
	0,
	0,
	-1,
	-1,
	-1,
	0,
	0,
	0,
	0,
	"ba5eda7a-def5-0000-0000-000000000001",
	"1419f51f-5aa1-4d3f-bbc3-2570191c85cc");
INSERT INTO V_UNY
	VALUES ("d2aaf2f8-15ef-4b56-8aca-cd475052b014",
	"6e175752-d249-4443-b27b-44ccba23c5ea",
	'empty');
INSERT INTO V_VAL
	VALUES ("648174c9-50d4-4d78-b01b-31502f1b3d2b",
	0,
	0,
	83,
	27,
	27,
	0,
	0,
	0,
	0,
	"ba5eda7a-def5-0000-0000-000000000008",
	"1419f51f-5aa1-4d3f-bbc3-2570191c85cc");
INSERT INTO V_IRF
	VALUES ("648174c9-50d4-4d78-b01b-31502f1b3d2b",
	"18b18349-138c-4749-a78d-178ee4d7c3f2");
INSERT INTO V_VAL
	VALUES ("be1a37f1-29ec-48a2-94dd-717052596e67",
	0,
	0,
	84,
	18,
	19,
	0,
	0,
	0,
	0,
	"ba5eda7a-def5-0000-0000-000000000009",
	"1419f51f-5aa1-4d3f-bbc3-2570191c85cc");
INSERT INTO V_ISR
	VALUES ("be1a37f1-29ec-48a2-94dd-717052596e67",
	"ff4c4ffe-ad43-4680-ac71-b60c4757082c");
INSERT INTO V_VAL
	VALUES ("3c22f6a7-25c4-4fca-b140-684e021493c5",
	0,
	0,
	-1,
	-1,
	-1,
	0,
	0,
	0,
	0,
	"ba5eda7a-def5-0000-0000-000000000002",
	"1419f51f-5aa1-4d3f-bbc3-2570191c85cc");
INSERT INTO V_UNY
	VALUES ("3c22f6a7-25c4-4fca-b140-684e021493c5",
	"be1a37f1-29ec-48a2-94dd-717052596e67",
	'cardinality');
INSERT INTO V_VAL
	VALUES ("e44f0fe1-7272-4251-bebc-4270e29dda5e",
	0,
	0,
	-1,
	-1,
	-1,
	0,
	0,
	0,
	0,
	"ba5eda7a-def5-0000-0000-000000000001",
	"1419f51f-5aa1-4d3f-bbc3-2570191c85cc");
INSERT INTO V_BIN
	VALUES ("e44f0fe1-7272-4251-bebc-4270e29dda5e",
	"b43d9bd8-b6ec-4f8f-bfcd-1a8a3b9740a7",
	"3c22f6a7-25c4-4fca-b140-684e021493c5",
	'!=');
INSERT INTO V_VAL
	VALUES ("b43d9bd8-b6ec-4f8f-bfcd-1a8a3b9740a7",
	0,
	0,
	84,
	24,
	24,
	0,
	0,
	0,
	0,
	"ba5eda7a-def5-0000-0000-000000000002",
	"1419f51f-5aa1-4d3f-bbc3-2570191c85cc");
INSERT INTO V_LIN
	VALUES ("b43d9bd8-b6ec-4f8f-bfcd-1a8a3b9740a7",
	'4');
INSERT INTO V_VAL
	VALUES ("29f22032-6173-467e-957c-08963b7bc63d",
	0,
	0,
	100,
	45,
	-1,
	0,
	0,
	0,
	0,
	"ba5eda7a-def5-0000-0000-000000000008",
	"1419f51f-5aa1-4d3f-bbc3-2570191c85cc");
INSERT INTO V_SLR
	VALUES ("29f22032-6173-467e-957c-08963b7bc63d",
	"00000000-0000-0000-0000-000000000000",
	"00000000-0000-0000-0000-000000000000",
	"00000000-0000-0000-0000-000000000000");
INSERT INTO V_VAL
	VALUES ("879d30f7-ecf3-4e65-9dd9-22c6e71abd07",
	0,
	0,
	100,
	54,
	56,
	0,
	0,
	0,
	0,
	"ba5eda7a-def5-0000-0000-000000000002",
	"1419f51f-5aa1-4d3f-bbc3-2570191c85cc");
INSERT INTO V_AVL
	VALUES ("879d30f7-ecf3-4e65-9dd9-22c6e71abd07",
	"29f22032-6173-467e-957c-08963b7bc63d",
	"6ee088c1-7097-4fe8-96fc-815a18b47c81",
	"5438df3e-19d1-4d42-97ac-96ff3e4817ba");
INSERT INTO V_VAL
	VALUES ("65c9280f-9f7e-4831-a67f-24deccde38ae",
	0,
	0,
	100,
	54,
	61,
	0,
	0,
	0,
	0,
	"ba5eda7a-def5-0000-0000-000000000001",
	"1419f51f-5aa1-4d3f-bbc3-2570191c85cc");
INSERT INTO V_BIN
	VALUES ("65c9280f-9f7e-4831-a67f-24deccde38ae",
	"cc2a3ac3-a8a6-4009-835a-df6af710ae87",
	"879d30f7-ecf3-4e65-9dd9-22c6e71abd07",
	'==');
INSERT INTO V_VAL
	VALUES ("cc2a3ac3-a8a6-4009-835a-df6af710ae87",
	0,
	0,
	100,
	61,
	61,
	0,
	0,
	0,
	0,
	"ba5eda7a-def5-0000-0000-000000000002",
	"1419f51f-5aa1-4d3f-bbc3-2570191c85cc");
INSERT INTO V_LIN
	VALUES ("cc2a3ac3-a8a6-4009-835a-df6af710ae87",
	'2');
INSERT INTO V_VAL
	VALUES ("c0a618ae-6dfa-42a0-a82f-9439d305ce68",
	0,
	0,
	101,
	12,
	12,
	0,
	0,
	0,
	0,
	"ba5eda7a-def5-0000-0000-000000000008",
	"1419f51f-5aa1-4d3f-bbc3-2570191c85cc");
INSERT INTO V_IRF
	VALUES ("c0a618ae-6dfa-42a0-a82f-9439d305ce68",
	"81e1dda4-d73d-4396-9afb-0374babe5c3f");
INSERT INTO V_VAL
	VALUES ("294323fa-88a0-4c5a-bdcf-2c8e40183958",
	0,
	0,
	-1,
	-1,
	-1,
	0,
	0,
	0,
	0,
	"ba5eda7a-def5-0000-0000-000000000001",
	"1419f51f-5aa1-4d3f-bbc3-2570191c85cc");
INSERT INTO V_UNY
	VALUES ("294323fa-88a0-4c5a-bdcf-2c8e40183958",
	"c0a618ae-6dfa-42a0-a82f-9439d305ce68",
	'empty');
INSERT INTO V_VAL
	VALUES ("b6e202fb-8235-40ca-a47f-417f52d00844",
	0,
	0,
	104,
	25,
	25,
	0,
	0,
	0,
	0,
	"ba5eda7a-def5-0000-0000-000000000008",
	"1419f51f-5aa1-4d3f-bbc3-2570191c85cc");
INSERT INTO V_IRF
	VALUES ("b6e202fb-8235-40ca-a47f-417f52d00844",
	"81e1dda4-d73d-4396-9afb-0374babe5c3f");
INSERT INTO V_VAL
	VALUES ("50e9ed4b-a67a-4c3b-b3d8-a9fa5c1170d0",
	0,
	0,
	105,
	12,
	12,
	0,
	0,
	0,
	0,
	"ba5eda7a-def5-0000-0000-000000000008",
	"1419f51f-5aa1-4d3f-bbc3-2570191c85cc");
INSERT INTO V_IRF
	VALUES ("50e9ed4b-a67a-4c3b-b3d8-a9fa5c1170d0",
	"674ca723-8eb2-4736-88e8-c7f045696ebd");
INSERT INTO V_VAL
	VALUES ("265878fe-63f1-4772-8eb3-22ecda767e9b",
	0,
	0,
	-1,
	-1,
	-1,
	0,
	0,
	0,
	0,
	"ba5eda7a-def5-0000-0000-000000000001",
	"1419f51f-5aa1-4d3f-bbc3-2570191c85cc");
INSERT INTO V_UNY
	VALUES ("265878fe-63f1-4772-8eb3-22ecda767e9b",
	"50e9ed4b-a67a-4c3b-b3d8-a9fa5c1170d0",
	'empty');
INSERT INTO V_VAL
	VALUES ("2b1821cd-70a8-4ca3-abff-232da6c567f3",
	0,
	0,
	112,
	27,
	27,
	0,
	0,
	0,
	0,
	"ba5eda7a-def5-0000-0000-000000000008",
	"1419f51f-5aa1-4d3f-bbc3-2570191c85cc");
INSERT INTO V_IRF
	VALUES ("2b1821cd-70a8-4ca3-abff-232da6c567f3",
	"674ca723-8eb2-4736-88e8-c7f045696ebd");
INSERT INTO V_VAL
	VALUES ("0abb8ad1-53e2-4124-a4e4-9e699659811e",
	0,
	0,
	113,
	18,
	19,
	0,
	0,
	0,
	0,
	"ba5eda7a-def5-0000-0000-000000000009",
	"1419f51f-5aa1-4d3f-bbc3-2570191c85cc");
INSERT INTO V_ISR
	VALUES ("0abb8ad1-53e2-4124-a4e4-9e699659811e",
	"6f38449d-da96-4bd4-a1e8-04fd2a734c29");
INSERT INTO V_VAL
	VALUES ("8ba818af-1e46-41ca-afa3-5e9e3200311b",
	0,
	0,
	-1,
	-1,
	-1,
	0,
	0,
	0,
	0,
	"ba5eda7a-def5-0000-0000-000000000002",
	"1419f51f-5aa1-4d3f-bbc3-2570191c85cc");
INSERT INTO V_UNY
	VALUES ("8ba818af-1e46-41ca-afa3-5e9e3200311b",
	"0abb8ad1-53e2-4124-a4e4-9e699659811e",
	'cardinality');
INSERT INTO V_VAL
	VALUES ("824bdc13-b278-404b-bd3a-68f5580cbb4e",
	0,
	0,
	-1,
	-1,
	-1,
	0,
	0,
	0,
	0,
	"ba5eda7a-def5-0000-0000-000000000001",
	"1419f51f-5aa1-4d3f-bbc3-2570191c85cc");
INSERT INTO V_BIN
	VALUES ("824bdc13-b278-404b-bd3a-68f5580cbb4e",
	"8f618760-323b-40d8-b4c8-b86410af789a",
	"8ba818af-1e46-41ca-afa3-5e9e3200311b",
	'!=');
INSERT INTO V_VAL
	VALUES ("8f618760-323b-40d8-b4c8-b86410af789a",
	0,
	0,
	113,
	24,
	24,
	0,
	0,
	0,
	0,
	"ba5eda7a-def5-0000-0000-000000000002",
	"1419f51f-5aa1-4d3f-bbc3-2570191c85cc");
INSERT INTO V_LIN
	VALUES ("8f618760-323b-40d8-b4c8-b86410af789a",
	'2');
INSERT INTO V_VAL
	VALUES ("b09b2402-059d-41ac-bbe4-9287b04fbeb4",
	0,
	0,
	116,
	25,
	25,
	0,
	0,
	0,
	0,
	"ba5eda7a-def5-0000-0000-000000000008",
	"1419f51f-5aa1-4d3f-bbc3-2570191c85cc");
INSERT INTO V_IRF
	VALUES ("b09b2402-059d-41ac-bbe4-9287b04fbeb4",
	"81e1dda4-d73d-4396-9afb-0374babe5c3f");
INSERT INTO V_VAL
	VALUES ("e3f0d1e7-8231-48d1-afa5-ca15d5f20780",
	0,
	0,
	117,
	6,
	6,
	0,
	0,
	0,
	0,
	"ba5eda7a-def5-0000-0000-000000000008",
	"1419f51f-5aa1-4d3f-bbc3-2570191c85cc");
INSERT INTO V_IRF
	VALUES ("e3f0d1e7-8231-48d1-afa5-ca15d5f20780",
	"d28b228f-2871-4cda-ae27-83553949cc0a");
INSERT INTO V_VAL
	VALUES ("7e431af1-8aab-4f3b-aae3-cc2ac9b30af4",
	0,
	0,
	117,
	8,
	10,
	0,
	0,
	0,
	0,
	"ba5eda7a-def5-0000-0000-000000000002",
	"1419f51f-5aa1-4d3f-bbc3-2570191c85cc");
INSERT INTO V_AVL
	VALUES ("7e431af1-8aab-4f3b-aae3-cc2ac9b30af4",
	"e3f0d1e7-8231-48d1-afa5-ca15d5f20780",
	"39297b1a-c5e8-4464-b85c-7f1c6dadf459",
	"3fa84fe0-3207-4e04-bfe4-723563890514");
INSERT INTO V_VAL
	VALUES ("4f38b633-7653-41e6-90bf-3d94d57f65ce",
	0,
	0,
	117,
	8,
	15,
	0,
	0,
	0,
	0,
	"ba5eda7a-def5-0000-0000-000000000001",
	"1419f51f-5aa1-4d3f-bbc3-2570191c85cc");
INSERT INTO V_BIN
	VALUES ("4f38b633-7653-41e6-90bf-3d94d57f65ce",
	"044e9627-1cce-4bbc-a367-42c541724697",
	"7e431af1-8aab-4f3b-aae3-cc2ac9b30af4",
	'!=');
INSERT INTO V_VAL
	VALUES ("044e9627-1cce-4bbc-a367-42c541724697",
	0,
	0,
	117,
	15,
	15,
	0,
	0,
	0,
	0,
	"ba5eda7a-def5-0000-0000-000000000002",
	"1419f51f-5aa1-4d3f-bbc3-2570191c85cc");
INSERT INTO V_LIN
	VALUES ("044e9627-1cce-4bbc-a367-42c541724697",
	'3');
INSERT INTO V_VAL
	VALUES ("8a839714-8fa7-4bc5-ab9d-4b3a439db823",
	0,
	0,
	120,
	8,
	8,
	0,
	0,
	0,
	0,
	"ba5eda7a-def5-0000-0000-000000000008",
	"1419f51f-5aa1-4d3f-bbc3-2570191c85cc");
INSERT INTO V_IRF
	VALUES ("8a839714-8fa7-4bc5-ab9d-4b3a439db823",
	"d28b228f-2871-4cda-ae27-83553949cc0a");
INSERT INTO V_VAL
	VALUES ("7178a639-c843-42ea-8ee5-72b7083c0fe8",
	0,
	0,
	120,
	10,
	12,
	0,
	0,
	0,
	0,
	"ba5eda7a-def5-0000-0000-000000000002",
	"1419f51f-5aa1-4d3f-bbc3-2570191c85cc");
INSERT INTO V_AVL
	VALUES ("7178a639-c843-42ea-8ee5-72b7083c0fe8",
	"8a839714-8fa7-4bc5-ab9d-4b3a439db823",
	"39297b1a-c5e8-4464-b85c-7f1c6dadf459",
	"d8dbc81e-6de7-4d21-9668-556b805a4ca6");
INSERT INTO V_VAL
	VALUES ("0fb7803a-fe47-4d8c-a56f-a6e33c03fa35",
	0,
	0,
	120,
	10,
	21,
	0,
	0,
	0,
	0,
	"ba5eda7a-def5-0000-0000-000000000001",
	"1419f51f-5aa1-4d3f-bbc3-2570191c85cc");
INSERT INTO V_BIN
	VALUES ("0fb7803a-fe47-4d8c-a56f-a6e33c03fa35",
	"05e07727-ad4b-43e3-b4dd-7d7fdff2c888",
	"7178a639-c843-42ea-8ee5-72b7083c0fe8",
	'!=');
INSERT INTO V_VAL
	VALUES ("7639c2bd-9530-4b34-b721-a2dac5f18d55",
	0,
	0,
	120,
	17,
	17,
	0,
	0,
	0,
	0,
	"ba5eda7a-def5-0000-0000-000000000008",
	"1419f51f-5aa1-4d3f-bbc3-2570191c85cc");
INSERT INTO V_IRF
	VALUES ("7639c2bd-9530-4b34-b721-a2dac5f18d55",
	"81e1dda4-d73d-4396-9afb-0374babe5c3f");
INSERT INTO V_VAL
	VALUES ("05e07727-ad4b-43e3-b4dd-7d7fdff2c888",
	0,
	0,
	120,
	19,
	21,
	0,
	0,
	0,
	0,
	"ba5eda7a-def5-0000-0000-000000000002",
	"1419f51f-5aa1-4d3f-bbc3-2570191c85cc");
INSERT INTO V_AVL
	VALUES ("05e07727-ad4b-43e3-b4dd-7d7fdff2c888",
	"7639c2bd-9530-4b34-b721-a2dac5f18d55",
	"6ee088c1-7097-4fe8-96fc-815a18b47c81",
	"5438df3e-19d1-4d42-97ac-96ff3e4817ba");
INSERT INTO V_VAL
	VALUES ("ace141d6-2ef8-4847-84da-b45db6698d3e",
	0,
	0,
	120,
	30,
	30,
	0,
	0,
	0,
	0,
	"ba5eda7a-def5-0000-0000-000000000008",
	"1419f51f-5aa1-4d3f-bbc3-2570191c85cc");
INSERT INTO V_IRF
	VALUES ("ace141d6-2ef8-4847-84da-b45db6698d3e",
	"d28b228f-2871-4cda-ae27-83553949cc0a");
INSERT INTO V_VAL
	VALUES ("ec3dd0a9-74ee-4f5e-bbb5-20edae267187",
	0,
	0,
	120,
	32,
	34,
	0,
	0,
	0,
	0,
	"ba5eda7a-def5-0000-0000-000000000002",
	"1419f51f-5aa1-4d3f-bbc3-2570191c85cc");
INSERT INTO V_AVL
	VALUES ("ec3dd0a9-74ee-4f5e-bbb5-20edae267187",
	"ace141d6-2ef8-4847-84da-b45db6698d3e",
	"39297b1a-c5e8-4464-b85c-7f1c6dadf459",
	"d3c7e8cc-ad8f-495b-9f2c-1712650ea780");
INSERT INTO V_VAL
	VALUES ("d83e143f-5940-459c-b311-813b9f7bc54f",
	0,
	0,
	120,
	32,
	43,
	0,
	0,
	0,
	0,
	"ba5eda7a-def5-0000-0000-000000000001",
	"1419f51f-5aa1-4d3f-bbc3-2570191c85cc");
INSERT INTO V_BIN
	VALUES ("d83e143f-5940-459c-b311-813b9f7bc54f",
	"826c4da6-cbb0-4202-8bb9-fe141793e360",
	"ec3dd0a9-74ee-4f5e-bbb5-20edae267187",
	'!=');
INSERT INTO V_VAL
	VALUES ("9f353081-3940-461f-9c9f-604a914a7105",
	0,
	0,
	120,
	39,
	39,
	0,
	0,
	0,
	0,
	"ba5eda7a-def5-0000-0000-000000000008",
	"1419f51f-5aa1-4d3f-bbc3-2570191c85cc");
INSERT INTO V_IRF
	VALUES ("9f353081-3940-461f-9c9f-604a914a7105",
	"674ca723-8eb2-4736-88e8-c7f045696ebd");
INSERT INTO V_VAL
	VALUES ("826c4da6-cbb0-4202-8bb9-fe141793e360",
	0,
	0,
	120,
	41,
	43,
	0,
	0,
	0,
	0,
	"ba5eda7a-def5-0000-0000-000000000002",
	"1419f51f-5aa1-4d3f-bbc3-2570191c85cc");
INSERT INTO V_AVL
	VALUES ("826c4da6-cbb0-4202-8bb9-fe141793e360",
	"9f353081-3940-461f-9c9f-604a914a7105",
	"c21a9ecf-e844-47a4-910a-7d8c7aa3d553",
	"1dafc789-1342-4d0e-beff-7eabf04d8b9f");
INSERT INTO V_VAL
	VALUES ("70b2fa16-ef51-4864-aa32-4da105a1943c",
	0,
	0,
	120,
	10,
	43,
	0,
	0,
	0,
	0,
	"ba5eda7a-def5-0000-0000-000000000001",
	"1419f51f-5aa1-4d3f-bbc3-2570191c85cc");
INSERT INTO V_BIN
	VALUES ("70b2fa16-ef51-4864-aa32-4da105a1943c",
	"d83e143f-5940-459c-b311-813b9f7bc54f",
	"0fb7803a-fe47-4d8c-a56f-a6e33c03fa35",
	'or');
INSERT INTO V_VAL
	VALUES ("6c4dc2ee-612f-4120-a02c-a5dabe3c70e9",
	0,
	0,
	132,
	54,
	-1,
	0,
	0,
	0,
	0,
	"ba5eda7a-def5-0000-0000-000000000008",
	"1419f51f-5aa1-4d3f-bbc3-2570191c85cc");
INSERT INTO V_SLR
	VALUES ("6c4dc2ee-612f-4120-a02c-a5dabe3c70e9",
	"00000000-0000-0000-0000-000000000000",
	"00000000-0000-0000-0000-000000000000",
	"00000000-0000-0000-0000-000000000000");
INSERT INTO V_VAL
	VALUES ("9e361c65-bebf-4742-af5b-ab997c7cee39",
	0,
	0,
	132,
	63,
	65,
	0,
	0,
	0,
	0,
	"ba5eda7a-def5-0000-0000-000000000002",
	"1419f51f-5aa1-4d3f-bbc3-2570191c85cc");
INSERT INTO V_AVL
	VALUES ("9e361c65-bebf-4742-af5b-ab997c7cee39",
	"6c4dc2ee-612f-4120-a02c-a5dabe3c70e9",
	"2620e093-f578-450b-aabf-d9a801df6972",
	"bd139488-e872-42b8-b2d5-548fdcb6ce53");
INSERT INTO V_VAL
	VALUES ("0a55aa5a-58cd-4d7c-b09a-c0693f0ff900",
	0,
	0,
	132,
	63,
	70,
	0,
	0,
	0,
	0,
	"ba5eda7a-def5-0000-0000-000000000001",
	"1419f51f-5aa1-4d3f-bbc3-2570191c85cc");
INSERT INTO V_BIN
	VALUES ("0a55aa5a-58cd-4d7c-b09a-c0693f0ff900",
	"48413fbc-f68e-4e4f-abb8-e5a889d930f7",
	"9e361c65-bebf-4742-af5b-ab997c7cee39",
	'==');
INSERT INTO V_VAL
	VALUES ("48413fbc-f68e-4e4f-abb8-e5a889d930f7",
	0,
	0,
	132,
	70,
	70,
	0,
	0,
	0,
	0,
	"ba5eda7a-def5-0000-0000-000000000002",
	"1419f51f-5aa1-4d3f-bbc3-2570191c85cc");
INSERT INTO V_LIN
	VALUES ("48413fbc-f68e-4e4f-abb8-e5a889d930f7",
	'1');
INSERT INTO V_VAL
	VALUES ("db54bdab-7cb4-4fe9-8994-4fe178508a31",
	0,
	0,
	133,
	12,
	13,
	0,
	0,
	0,
	0,
	"ba5eda7a-def5-0000-0000-000000000008",
	"1419f51f-5aa1-4d3f-bbc3-2570191c85cc");
INSERT INTO V_IRF
	VALUES ("db54bdab-7cb4-4fe9-8994-4fe178508a31",
	"84f915cf-dbfa-4bf2-a64f-5268b21bd85a");
INSERT INTO V_VAL
	VALUES ("2067abb7-28d2-40f4-9f3c-3c6df482434c",
	0,
	0,
	-1,
	-1,
	-1,
	0,
	0,
	0,
	0,
	"ba5eda7a-def5-0000-0000-000000000001",
	"1419f51f-5aa1-4d3f-bbc3-2570191c85cc");
INSERT INTO V_UNY
	VALUES ("2067abb7-28d2-40f4-9f3c-3c6df482434c",
	"db54bdab-7cb4-4fe9-8994-4fe178508a31",
	'empty');
INSERT INTO V_VAL
	VALUES ("ae0226fa-5039-43ea-9b9c-96d703a87e14",
	0,
	0,
	136,
	26,
	27,
	0,
	0,
	0,
	0,
	"ba5eda7a-def5-0000-0000-000000000008",
	"1419f51f-5aa1-4d3f-bbc3-2570191c85cc");
INSERT INTO V_IRF
	VALUES ("ae0226fa-5039-43ea-9b9c-96d703a87e14",
	"84f915cf-dbfa-4bf2-a64f-5268b21bd85a");
INSERT INTO V_VAL
	VALUES ("47eb119e-6681-43e0-9cfa-463d7b777d99",
	0,
	0,
	137,
	6,
	7,
	0,
	0,
	0,
	0,
	"ba5eda7a-def5-0000-0000-000000000008",
	"1419f51f-5aa1-4d3f-bbc3-2570191c85cc");
INSERT INTO V_IRF
	VALUES ("47eb119e-6681-43e0-9cfa-463d7b777d99",
	"16099a23-be1d-4ef8-889e-8db7eba14d56");
INSERT INTO V_VAL
	VALUES ("54474cc0-22e8-4b56-a1e7-ab76ee50c68a",
	0,
	0,
	137,
	9,
	11,
	0,
	0,
	0,
	0,
	"ba5eda7a-def5-0000-0000-000000000002",
	"1419f51f-5aa1-4d3f-bbc3-2570191c85cc");
INSERT INTO V_AVL
	VALUES ("54474cc0-22e8-4b56-a1e7-ab76ee50c68a",
	"47eb119e-6681-43e0-9cfa-463d7b777d99",
	"2620e093-f578-450b-aabf-d9a801df6972",
	"bd139488-e872-42b8-b2d5-548fdcb6ce53");
INSERT INTO V_VAL
	VALUES ("e930dd73-933b-4916-976e-8a11b6e8d825",
	0,
	0,
	137,
	9,
	16,
	0,
	0,
	0,
	0,
	"ba5eda7a-def5-0000-0000-000000000001",
	"1419f51f-5aa1-4d3f-bbc3-2570191c85cc");
INSERT INTO V_BIN
	VALUES ("e930dd73-933b-4916-976e-8a11b6e8d825",
	"8b1ce635-1f7e-4acb-abfc-df47bf5eb378",
	"54474cc0-22e8-4b56-a1e7-ab76ee50c68a",
	'!=');
INSERT INTO V_VAL
	VALUES ("8b1ce635-1f7e-4acb-abfc-df47bf5eb378",
	0,
	0,
	137,
	16,
	16,
	0,
	0,
	0,
	0,
	"ba5eda7a-def5-0000-0000-000000000002",
	"1419f51f-5aa1-4d3f-bbc3-2570191c85cc");
INSERT INTO V_LIN
	VALUES ("8b1ce635-1f7e-4acb-abfc-df47bf5eb378",
	'2');
INSERT INTO V_VAL
	VALUES ("ad15df90-ad36-4213-a4e5-59f4256bc4b6",
	0,
	0,
	140,
	6,
	7,
	0,
	0,
	0,
	0,
	"ba5eda7a-def5-0000-0000-000000000008",
	"1419f51f-5aa1-4d3f-bbc3-2570191c85cc");
INSERT INTO V_IRF
	VALUES ("ad15df90-ad36-4213-a4e5-59f4256bc4b6",
	"84f915cf-dbfa-4bf2-a64f-5268b21bd85a");
INSERT INTO V_VAL
	VALUES ("0604bf78-289d-4606-bb33-533551a6c07f",
	0,
	0,
	140,
	9,
	11,
	0,
	0,
	0,
	0,
	"ba5eda7a-def5-0000-0000-000000000002",
	"1419f51f-5aa1-4d3f-bbc3-2570191c85cc");
INSERT INTO V_AVL
	VALUES ("0604bf78-289d-4606-bb33-533551a6c07f",
	"ad15df90-ad36-4213-a4e5-59f4256bc4b6",
	"2620e093-f578-450b-aabf-d9a801df6972",
	"bd139488-e872-42b8-b2d5-548fdcb6ce53");
INSERT INTO V_VAL
	VALUES ("c7bfd49b-c2bb-471c-beeb-2ad6655ed9ea",
	0,
	0,
	140,
	9,
	25,
	0,
	0,
	0,
	0,
	"ba5eda7a-def5-0000-0000-000000000001",
	"1419f51f-5aa1-4d3f-bbc3-2570191c85cc");
INSERT INTO V_BIN
	VALUES ("c7bfd49b-c2bb-471c-beeb-2ad6655ed9ea",
	"555427bd-042b-4c57-8e46-3fa58dee6401",
	"0604bf78-289d-4606-bb33-533551a6c07f",
	'!=');
INSERT INTO V_VAL
	VALUES ("2b2443d8-00f2-4b5d-9f75-2ee01b09660c",
	0,
	0,
	140,
	16,
	17,
	0,
	0,
	0,
	0,
	"ba5eda7a-def5-0000-0000-000000000008",
	"1419f51f-5aa1-4d3f-bbc3-2570191c85cc");
INSERT INTO V_IRF
	VALUES ("2b2443d8-00f2-4b5d-9f75-2ee01b09660c",
	"16099a23-be1d-4ef8-889e-8db7eba14d56");
INSERT INTO V_VAL
	VALUES ("555427bd-042b-4c57-8e46-3fa58dee6401",
	0,
	0,
	140,
	19,
	25,
	0,
	0,
	0,
	0,
	"ba5eda7a-def5-0000-0000-000000000002",
	"1419f51f-5aa1-4d3f-bbc3-2570191c85cc");
INSERT INTO V_AVL
	VALUES ("555427bd-042b-4c57-8e46-3fa58dee6401",
	"2b2443d8-00f2-4b5d-9f75-2ee01b09660c",
	"2620e093-f578-450b-aabf-d9a801df6972",
	"24ed18ae-79d8-41b1-bb41-baf9b5d48a2d");
INSERT INTO V_VAL
	VALUES ("cb86293d-d8df-4872-813a-a3201af0dd96",
	0,
	0,
	143,
	26,
	27,
	0,
	0,
	0,
	0,
	"ba5eda7a-def5-0000-0000-000000000008",
	"1419f51f-5aa1-4d3f-bbc3-2570191c85cc");
INSERT INTO V_IRF
	VALUES ("cb86293d-d8df-4872-813a-a3201af0dd96",
	"16099a23-be1d-4ef8-889e-8db7eba14d56");
INSERT INTO V_VAL
	VALUES ("02236be5-cf04-40e7-b286-52047b829a5e",
	0,
	0,
	144,
	6,
	7,
	0,
	0,
	0,
	0,
	"ba5eda7a-def5-0000-0000-000000000008",
	"1419f51f-5aa1-4d3f-bbc3-2570191c85cc");
INSERT INTO V_IRF
	VALUES ("02236be5-cf04-40e7-b286-52047b829a5e",
	"a9508292-8cbe-47bf-a169-fff9d55aab24");
INSERT INTO V_VAL
	VALUES ("178d11c3-b6ca-45d1-b8c0-4f3a453b534e",
	0,
	0,
	144,
	9,
	11,
	0,
	0,
	0,
	0,
	"ba5eda7a-def5-0000-0000-000000000002",
	"1419f51f-5aa1-4d3f-bbc3-2570191c85cc");
INSERT INTO V_AVL
	VALUES ("178d11c3-b6ca-45d1-b8c0-4f3a453b534e",
	"02236be5-cf04-40e7-b286-52047b829a5e",
	"2620e093-f578-450b-aabf-d9a801df6972",
	"bd139488-e872-42b8-b2d5-548fdcb6ce53");
INSERT INTO V_VAL
	VALUES ("a30216b5-9c68-48c4-b1dd-40d1b2e51788",
	0,
	0,
	144,
	9,
	16,
	0,
	0,
	0,
	0,
	"ba5eda7a-def5-0000-0000-000000000001",
	"1419f51f-5aa1-4d3f-bbc3-2570191c85cc");
INSERT INTO V_BIN
	VALUES ("a30216b5-9c68-48c4-b1dd-40d1b2e51788",
	"5c40d7c2-afb1-42d3-b76b-2acced6f36ce",
	"178d11c3-b6ca-45d1-b8c0-4f3a453b534e",
	'!=');
INSERT INTO V_VAL
	VALUES ("5c40d7c2-afb1-42d3-b76b-2acced6f36ce",
	0,
	0,
	144,
	16,
	16,
	0,
	0,
	0,
	0,
	"ba5eda7a-def5-0000-0000-000000000002",
	"1419f51f-5aa1-4d3f-bbc3-2570191c85cc");
INSERT INTO V_LIN
	VALUES ("5c40d7c2-afb1-42d3-b76b-2acced6f36ce",
	'3');
INSERT INTO V_VAL
	VALUES ("cf09b2c6-5b08-483b-a6a7-bc4fff016e1d",
	0,
	0,
	147,
	6,
	7,
	0,
	0,
	0,
	0,
	"ba5eda7a-def5-0000-0000-000000000008",
	"1419f51f-5aa1-4d3f-bbc3-2570191c85cc");
INSERT INTO V_IRF
	VALUES ("cf09b2c6-5b08-483b-a6a7-bc4fff016e1d",
	"16099a23-be1d-4ef8-889e-8db7eba14d56");
INSERT INTO V_VAL
	VALUES ("c6790393-df5b-43fa-9d2f-1c87a6aa3489",
	0,
	0,
	147,
	9,
	11,
	0,
	0,
	0,
	0,
	"ba5eda7a-def5-0000-0000-000000000002",
	"1419f51f-5aa1-4d3f-bbc3-2570191c85cc");
INSERT INTO V_AVL
	VALUES ("c6790393-df5b-43fa-9d2f-1c87a6aa3489",
	"cf09b2c6-5b08-483b-a6a7-bc4fff016e1d",
	"2620e093-f578-450b-aabf-d9a801df6972",
	"bd139488-e872-42b8-b2d5-548fdcb6ce53");
INSERT INTO V_VAL
	VALUES ("f51abb3a-ed68-4c8f-88f2-70c57f27a28a",
	0,
	0,
	147,
	9,
	25,
	0,
	0,
	0,
	0,
	"ba5eda7a-def5-0000-0000-000000000001",
	"1419f51f-5aa1-4d3f-bbc3-2570191c85cc");
INSERT INTO V_BIN
	VALUES ("f51abb3a-ed68-4c8f-88f2-70c57f27a28a",
	"17bcb59c-f201-4098-8fb8-48c2416c67ba",
	"c6790393-df5b-43fa-9d2f-1c87a6aa3489",
	'!=');
INSERT INTO V_VAL
	VALUES ("97590f59-3e85-4d4f-9d1a-d24e636afacd",
	0,
	0,
	147,
	16,
	17,
	0,
	0,
	0,
	0,
	"ba5eda7a-def5-0000-0000-000000000008",
	"1419f51f-5aa1-4d3f-bbc3-2570191c85cc");
INSERT INTO V_IRF
	VALUES ("97590f59-3e85-4d4f-9d1a-d24e636afacd",
	"a9508292-8cbe-47bf-a169-fff9d55aab24");
INSERT INTO V_VAL
	VALUES ("17bcb59c-f201-4098-8fb8-48c2416c67ba",
	0,
	0,
	147,
	19,
	25,
	0,
	0,
	0,
	0,
	"ba5eda7a-def5-0000-0000-000000000002",
	"1419f51f-5aa1-4d3f-bbc3-2570191c85cc");
INSERT INTO V_AVL
	VALUES ("17bcb59c-f201-4098-8fb8-48c2416c67ba",
	"97590f59-3e85-4d4f-9d1a-d24e636afacd",
	"2620e093-f578-450b-aabf-d9a801df6972",
	"24ed18ae-79d8-41b1-bb41-baf9b5d48a2d");
INSERT INTO V_VAL
	VALUES ("803c4362-bf72-449d-8228-dc5bf5775558",
	0,
	0,
	150,
	25,
	26,
	0,
	0,
	0,
	0,
	"ba5eda7a-def5-0000-0000-000000000008",
	"1419f51f-5aa1-4d3f-bbc3-2570191c85cc");
INSERT INTO V_IRF
	VALUES ("803c4362-bf72-449d-8228-dc5bf5775558",
	"84f915cf-dbfa-4bf2-a64f-5268b21bd85a");
INSERT INTO V_VAL
	VALUES ("5e3758d5-0ad0-4bee-bc8b-b33b8866b7e5",
	0,
	0,
	151,
	6,
	6,
	0,
	0,
	0,
	0,
	"ba5eda7a-def5-0000-0000-000000000008",
	"1419f51f-5aa1-4d3f-bbc3-2570191c85cc");
INSERT INTO V_IRF
	VALUES ("5e3758d5-0ad0-4bee-bc8b-b33b8866b7e5",
	"769fa316-88d3-4590-ab1a-0c88b743c2f1");
INSERT INTO V_VAL
	VALUES ("5697f5ad-f3be-4333-82ba-a416eff61aba",
	0,
	0,
	151,
	8,
	10,
	0,
	0,
	0,
	0,
	"ba5eda7a-def5-0000-0000-000000000002",
	"1419f51f-5aa1-4d3f-bbc3-2570191c85cc");
INSERT INTO V_AVL
	VALUES ("5697f5ad-f3be-4333-82ba-a416eff61aba",
	"5e3758d5-0ad0-4bee-bc8b-b33b8866b7e5",
	"2620e093-f578-450b-aabf-d9a801df6972",
	"bd139488-e872-42b8-b2d5-548fdcb6ce53");
INSERT INTO V_VAL
	VALUES ("38e72e4c-6297-4d51-9734-34c38d4d97cc",
	0,
	0,
	151,
	8,
	15,
	0,
	0,
	0,
	0,
	"ba5eda7a-def5-0000-0000-000000000001",
	"1419f51f-5aa1-4d3f-bbc3-2570191c85cc");
INSERT INTO V_BIN
	VALUES ("38e72e4c-6297-4d51-9734-34c38d4d97cc",
	"0cba8650-4bd7-49f9-b05e-56767f9fbb80",
	"5697f5ad-f3be-4333-82ba-a416eff61aba",
	'!=');
INSERT INTO V_VAL
	VALUES ("0cba8650-4bd7-49f9-b05e-56767f9fbb80",
	0,
	0,
	151,
	15,
	15,
	0,
	0,
	0,
	0,
	"ba5eda7a-def5-0000-0000-000000000002",
	"1419f51f-5aa1-4d3f-bbc3-2570191c85cc");
INSERT INTO V_LIN
	VALUES ("0cba8650-4bd7-49f9-b05e-56767f9fbb80",
	'3');
INSERT INTO V_VAL
	VALUES ("7ed01e0f-07f2-48b1-af81-99f2cd150c5e",
	0,
	0,
	154,
	25,
	26,
	0,
	0,
	0,
	0,
	"ba5eda7a-def5-0000-0000-000000000008",
	"1419f51f-5aa1-4d3f-bbc3-2570191c85cc");
INSERT INTO V_IRF
	VALUES ("7ed01e0f-07f2-48b1-af81-99f2cd150c5e",
	"a9508292-8cbe-47bf-a169-fff9d55aab24");
INSERT INTO V_VAL
	VALUES ("435dc8f2-e306-497b-93d5-3e847181d4bd",
	0,
	0,
	155,
	6,
	6,
	0,
	0,
	0,
	0,
	"ba5eda7a-def5-0000-0000-000000000008",
	"1419f51f-5aa1-4d3f-bbc3-2570191c85cc");
INSERT INTO V_IRF
	VALUES ("435dc8f2-e306-497b-93d5-3e847181d4bd",
	"769fa316-88d3-4590-ab1a-0c88b743c2f1");
INSERT INTO V_VAL
	VALUES ("890f9bfb-8cfd-41e0-9a1e-458151de16b1",
	0,
	0,
	155,
	8,
	10,
	0,
	0,
	0,
	0,
	"ba5eda7a-def5-0000-0000-000000000002",
	"1419f51f-5aa1-4d3f-bbc3-2570191c85cc");
INSERT INTO V_AVL
	VALUES ("890f9bfb-8cfd-41e0-9a1e-458151de16b1",
	"435dc8f2-e306-497b-93d5-3e847181d4bd",
	"2620e093-f578-450b-aabf-d9a801df6972",
	"bd139488-e872-42b8-b2d5-548fdcb6ce53");
INSERT INTO V_VAL
	VALUES ("4779b5e2-2915-4e3f-81d8-279c4cf2436d",
	0,
	0,
	155,
	8,
	15,
	0,
	0,
	0,
	0,
	"ba5eda7a-def5-0000-0000-000000000001",
	"1419f51f-5aa1-4d3f-bbc3-2570191c85cc");
INSERT INTO V_BIN
	VALUES ("4779b5e2-2915-4e3f-81d8-279c4cf2436d",
	"34eccf2e-fb60-44de-bf8c-52c077ef6c99",
	"890f9bfb-8cfd-41e0-9a1e-458151de16b1",
	'!=');
INSERT INTO V_VAL
	VALUES ("34eccf2e-fb60-44de-bf8c-52c077ef6c99",
	0,
	0,
	155,
	15,
	15,
	0,
	0,
	0,
	0,
	"ba5eda7a-def5-0000-0000-000000000002",
	"1419f51f-5aa1-4d3f-bbc3-2570191c85cc");
INSERT INTO V_LIN
	VALUES ("34eccf2e-fb60-44de-bf8c-52c077ef6c99",
	'1');
INSERT INTO V_VAL
	VALUES ("02655517-f7a1-4c5c-a3c7-71cbc85a023e",
	0,
	0,
	158,
	53,
	-1,
	0,
	0,
	0,
	0,
	"ba5eda7a-def5-0000-0000-000000000008",
	"1419f51f-5aa1-4d3f-bbc3-2570191c85cc");
INSERT INTO V_SLR
	VALUES ("02655517-f7a1-4c5c-a3c7-71cbc85a023e",
	"00000000-0000-0000-0000-000000000000",
	"00000000-0000-0000-0000-000000000000",
	"00000000-0000-0000-0000-000000000000");
INSERT INTO V_VAL
	VALUES ("4db5dbc6-1e9a-4897-bdf1-f8efa78f78f1",
	0,
	0,
	158,
	62,
	64,
	0,
	0,
	0,
	0,
	"ba5eda7a-def5-0000-0000-000000000002",
	"1419f51f-5aa1-4d3f-bbc3-2570191c85cc");
INSERT INTO V_AVL
	VALUES ("4db5dbc6-1e9a-4897-bdf1-f8efa78f78f1",
	"02655517-f7a1-4c5c-a3c7-71cbc85a023e",
	"2620e093-f578-450b-aabf-d9a801df6972",
	"bd139488-e872-42b8-b2d5-548fdcb6ce53");
INSERT INTO V_VAL
	VALUES ("d05dfc17-3a20-4a01-9803-c16eb4b2d4e3",
	0,
	0,
	158,
	62,
	69,
	0,
	0,
	0,
	0,
	"ba5eda7a-def5-0000-0000-000000000001",
	"1419f51f-5aa1-4d3f-bbc3-2570191c85cc");
INSERT INTO V_BIN
	VALUES ("d05dfc17-3a20-4a01-9803-c16eb4b2d4e3",
	"4ddbd023-c5c5-4ad4-9cd0-79438b8a7b39",
	"4db5dbc6-1e9a-4897-bdf1-f8efa78f78f1",
	'==');
INSERT INTO V_VAL
	VALUES ("4ddbd023-c5c5-4ad4-9cd0-79438b8a7b39",
	0,
	0,
	158,
	69,
	69,
	0,
	0,
	0,
	0,
	"ba5eda7a-def5-0000-0000-000000000002",
	"1419f51f-5aa1-4d3f-bbc3-2570191c85cc");
INSERT INTO V_LIN
	VALUES ("4ddbd023-c5c5-4ad4-9cd0-79438b8a7b39",
	'2');
INSERT INTO V_VAL
	VALUES ("79eb5ba9-3bb1-484d-9b32-1a7470a099dc",
	0,
	0,
	159,
	12,
	12,
	0,
	0,
	0,
	0,
	"ba5eda7a-def5-0000-0000-000000000008",
	"1419f51f-5aa1-4d3f-bbc3-2570191c85cc");
INSERT INTO V_IRF
	VALUES ("79eb5ba9-3bb1-484d-9b32-1a7470a099dc",
	"769fa316-88d3-4590-ab1a-0c88b743c2f1");
INSERT INTO V_VAL
	VALUES ("a7e730ca-5433-48de-895f-a71cff6a8ac9",
	0,
	0,
	-1,
	-1,
	-1,
	0,
	0,
	0,
	0,
	"ba5eda7a-def5-0000-0000-000000000001",
	"1419f51f-5aa1-4d3f-bbc3-2570191c85cc");
INSERT INTO V_UNY
	VALUES ("a7e730ca-5433-48de-895f-a71cff6a8ac9",
	"79eb5ba9-3bb1-484d-9b32-1a7470a099dc",
	'empty');
INSERT INTO V_VAL
	VALUES ("792b7364-db8c-4303-beaa-d0ed92eb42c2",
	0,
	0,
	162,
	26,
	26,
	0,
	0,
	0,
	0,
	"ba5eda7a-def5-0000-0000-000000000008",
	"1419f51f-5aa1-4d3f-bbc3-2570191c85cc");
INSERT INTO V_IRF
	VALUES ("792b7364-db8c-4303-beaa-d0ed92eb42c2",
	"769fa316-88d3-4590-ab1a-0c88b743c2f1");
INSERT INTO V_VAL
	VALUES ("67f6a776-93b5-4558-93b8-138e68b86846",
	0,
	0,
	163,
	6,
	7,
	0,
	0,
	0,
	0,
	"ba5eda7a-def5-0000-0000-000000000008",
	"1419f51f-5aa1-4d3f-bbc3-2570191c85cc");
INSERT INTO V_IRF
	VALUES ("67f6a776-93b5-4558-93b8-138e68b86846",
	"8d7fde51-30bc-4227-8d2a-aaa50b63e284");
INSERT INTO V_VAL
	VALUES ("a05ca658-2019-4d6f-ab85-ebad6fd139f8",
	0,
	0,
	163,
	9,
	11,
	0,
	0,
	0,
	0,
	"ba5eda7a-def5-0000-0000-000000000002",
	"1419f51f-5aa1-4d3f-bbc3-2570191c85cc");
INSERT INTO V_AVL
	VALUES ("a05ca658-2019-4d6f-ab85-ebad6fd139f8",
	"67f6a776-93b5-4558-93b8-138e68b86846",
	"2620e093-f578-450b-aabf-d9a801df6972",
	"bd139488-e872-42b8-b2d5-548fdcb6ce53");
INSERT INTO V_VAL
	VALUES ("15c6da4c-6322-40e5-a96e-9676c7070b19",
	0,
	0,
	163,
	9,
	16,
	0,
	0,
	0,
	0,
	"ba5eda7a-def5-0000-0000-000000000001",
	"1419f51f-5aa1-4d3f-bbc3-2570191c85cc");
INSERT INTO V_BIN
	VALUES ("15c6da4c-6322-40e5-a96e-9676c7070b19",
	"eec3c594-82b7-490c-adbe-7b55dd3f38af",
	"a05ca658-2019-4d6f-ab85-ebad6fd139f8",
	'!=');
INSERT INTO V_VAL
	VALUES ("eec3c594-82b7-490c-adbe-7b55dd3f38af",
	0,
	0,
	163,
	16,
	16,
	0,
	0,
	0,
	0,
	"ba5eda7a-def5-0000-0000-000000000002",
	"1419f51f-5aa1-4d3f-bbc3-2570191c85cc");
INSERT INTO V_LIN
	VALUES ("eec3c594-82b7-490c-adbe-7b55dd3f38af",
	'1');
INSERT INTO V_VAL
	VALUES ("961fd783-42a4-4fcf-b4cf-3135a28b90c5",
	0,
	0,
	166,
	6,
	7,
	0,
	0,
	0,
	0,
	"ba5eda7a-def5-0000-0000-000000000008",
	"1419f51f-5aa1-4d3f-bbc3-2570191c85cc");
INSERT INTO V_IRF
	VALUES ("961fd783-42a4-4fcf-b4cf-3135a28b90c5",
	"8d7fde51-30bc-4227-8d2a-aaa50b63e284");
INSERT INTO V_VAL
	VALUES ("7c45c4ad-7bcc-4575-8262-592224cfd8da",
	0,
	0,
	166,
	9,
	11,
	0,
	0,
	0,
	0,
	"ba5eda7a-def5-0000-0000-000000000002",
	"1419f51f-5aa1-4d3f-bbc3-2570191c85cc");
INSERT INTO V_AVL
	VALUES ("7c45c4ad-7bcc-4575-8262-592224cfd8da",
	"961fd783-42a4-4fcf-b4cf-3135a28b90c5",
	"2620e093-f578-450b-aabf-d9a801df6972",
	"bd139488-e872-42b8-b2d5-548fdcb6ce53");
INSERT INTO V_VAL
	VALUES ("76b70b72-78a0-424c-b725-2332f4258177",
	0,
	0,
	166,
	9,
	24,
	0,
	0,
	0,
	0,
	"ba5eda7a-def5-0000-0000-000000000001",
	"1419f51f-5aa1-4d3f-bbc3-2570191c85cc");
INSERT INTO V_BIN
	VALUES ("76b70b72-78a0-424c-b725-2332f4258177",
	"75c099c4-e50d-4fdb-a8cb-897056da337f",
	"7c45c4ad-7bcc-4575-8262-592224cfd8da",
	'!=');
INSERT INTO V_VAL
	VALUES ("6b147b39-cd2b-40d1-88ad-aebf980312f2",
	0,
	0,
	166,
	16,
	16,
	0,
	0,
	0,
	0,
	"ba5eda7a-def5-0000-0000-000000000008",
	"1419f51f-5aa1-4d3f-bbc3-2570191c85cc");
INSERT INTO V_IRF
	VALUES ("6b147b39-cd2b-40d1-88ad-aebf980312f2",
	"769fa316-88d3-4590-ab1a-0c88b743c2f1");
INSERT INTO V_VAL
	VALUES ("75c099c4-e50d-4fdb-a8cb-897056da337f",
	0,
	0,
	166,
	18,
	24,
	0,
	0,
	0,
	0,
	"ba5eda7a-def5-0000-0000-000000000002",
	"1419f51f-5aa1-4d3f-bbc3-2570191c85cc");
INSERT INTO V_AVL
	VALUES ("75c099c4-e50d-4fdb-a8cb-897056da337f",
	"6b147b39-cd2b-40d1-88ad-aebf980312f2",
	"2620e093-f578-450b-aabf-d9a801df6972",
	"24ed18ae-79d8-41b1-bb41-baf9b5d48a2d");
INSERT INTO V_VAL
	VALUES ("66015515-0871-4f38-84d7-57cc2c608b8b",
	0,
	0,
	169,
	26,
	26,
	0,
	0,
	0,
	0,
	"ba5eda7a-def5-0000-0000-000000000008",
	"1419f51f-5aa1-4d3f-bbc3-2570191c85cc");
INSERT INTO V_IRF
	VALUES ("66015515-0871-4f38-84d7-57cc2c608b8b",
	"769fa316-88d3-4590-ab1a-0c88b743c2f1");
INSERT INTO V_VAL
	VALUES ("64f9acc1-2ab7-4bcf-9dc7-3d75e9ad6f6b",
	0,
	0,
	170,
	6,
	7,
	0,
	0,
	0,
	0,
	"ba5eda7a-def5-0000-0000-000000000008",
	"1419f51f-5aa1-4d3f-bbc3-2570191c85cc");
INSERT INTO V_IRF
	VALUES ("64f9acc1-2ab7-4bcf-9dc7-3d75e9ad6f6b",
	"f16830d1-9653-47d7-9b24-533ad1fd5417");
INSERT INTO V_VAL
	VALUES ("85661922-c270-43f3-a931-b2c101b83c52",
	0,
	0,
	170,
	9,
	11,
	0,
	0,
	0,
	0,
	"ba5eda7a-def5-0000-0000-000000000002",
	"1419f51f-5aa1-4d3f-bbc3-2570191c85cc");
INSERT INTO V_AVL
	VALUES ("85661922-c270-43f3-a931-b2c101b83c52",
	"64f9acc1-2ab7-4bcf-9dc7-3d75e9ad6f6b",
	"2620e093-f578-450b-aabf-d9a801df6972",
	"bd139488-e872-42b8-b2d5-548fdcb6ce53");
INSERT INTO V_VAL
	VALUES ("4bff88b4-4567-4d18-8cee-fa76bbc5316a",
	0,
	0,
	170,
	9,
	16,
	0,
	0,
	0,
	0,
	"ba5eda7a-def5-0000-0000-000000000001",
	"1419f51f-5aa1-4d3f-bbc3-2570191c85cc");
INSERT INTO V_BIN
	VALUES ("4bff88b4-4567-4d18-8cee-fa76bbc5316a",
	"656546fc-688e-4b1a-b457-d65d39bcccd1",
	"85661922-c270-43f3-a931-b2c101b83c52",
	'!=');
INSERT INTO V_VAL
	VALUES ("656546fc-688e-4b1a-b457-d65d39bcccd1",
	0,
	0,
	170,
	16,
	16,
	0,
	0,
	0,
	0,
	"ba5eda7a-def5-0000-0000-000000000002",
	"1419f51f-5aa1-4d3f-bbc3-2570191c85cc");
INSERT INTO V_LIN
	VALUES ("656546fc-688e-4b1a-b457-d65d39bcccd1",
	'3');
INSERT INTO V_VAL
	VALUES ("d28fe512-72d9-4401-a779-7349126ba537",
	0,
	0,
	173,
	25,
	26,
	0,
	0,
	0,
	0,
	"ba5eda7a-def5-0000-0000-000000000008",
	"1419f51f-5aa1-4d3f-bbc3-2570191c85cc");
INSERT INTO V_IRF
	VALUES ("d28fe512-72d9-4401-a779-7349126ba537",
	"a9508292-8cbe-47bf-a169-fff9d55aab24");
INSERT INTO V_VAL
	VALUES ("b1544ae9-ec2b-4fc9-b478-97dafaa4acd5",
	0,
	0,
	174,
	6,
	6,
	0,
	0,
	0,
	0,
	"ba5eda7a-def5-0000-0000-000000000008",
	"1419f51f-5aa1-4d3f-bbc3-2570191c85cc");
INSERT INTO V_IRF
	VALUES ("b1544ae9-ec2b-4fc9-b478-97dafaa4acd5",
	"769fa316-88d3-4590-ab1a-0c88b743c2f1");
INSERT INTO V_VAL
	VALUES ("d5fde579-1ea4-4709-9e14-d1ccb5c2ceba",
	0,
	0,
	174,
	8,
	10,
	0,
	0,
	0,
	0,
	"ba5eda7a-def5-0000-0000-000000000002",
	"1419f51f-5aa1-4d3f-bbc3-2570191c85cc");
INSERT INTO V_AVL
	VALUES ("d5fde579-1ea4-4709-9e14-d1ccb5c2ceba",
	"b1544ae9-ec2b-4fc9-b478-97dafaa4acd5",
	"2620e093-f578-450b-aabf-d9a801df6972",
	"bd139488-e872-42b8-b2d5-548fdcb6ce53");
INSERT INTO V_VAL
	VALUES ("253a5ff7-2d7d-43e5-865f-1a84d885b794",
	0,
	0,
	174,
	8,
	15,
	0,
	0,
	0,
	0,
	"ba5eda7a-def5-0000-0000-000000000001",
	"1419f51f-5aa1-4d3f-bbc3-2570191c85cc");
INSERT INTO V_BIN
	VALUES ("253a5ff7-2d7d-43e5-865f-1a84d885b794",
	"6ded8a1e-5d0c-401b-8e1a-0e87be6456b8",
	"d5fde579-1ea4-4709-9e14-d1ccb5c2ceba",
	'!=');
INSERT INTO V_VAL
	VALUES ("6ded8a1e-5d0c-401b-8e1a-0e87be6456b8",
	0,
	0,
	174,
	15,
	15,
	0,
	0,
	0,
	0,
	"ba5eda7a-def5-0000-0000-000000000002",
	"1419f51f-5aa1-4d3f-bbc3-2570191c85cc");
INSERT INTO V_LIN
	VALUES ("6ded8a1e-5d0c-401b-8e1a-0e87be6456b8",
	'4');
INSERT INTO V_VAL
	VALUES ("a6b6e73f-53a3-49af-877e-87f6c824d0ea",
	0,
	0,
	177,
	6,
	7,
	0,
	0,
	0,
	0,
	"ba5eda7a-def5-0000-0000-000000000008",
	"1419f51f-5aa1-4d3f-bbc3-2570191c85cc");
INSERT INTO V_IRF
	VALUES ("a6b6e73f-53a3-49af-877e-87f6c824d0ea",
	"a9508292-8cbe-47bf-a169-fff9d55aab24");
INSERT INTO V_VAL
	VALUES ("db11555c-201a-471d-8ae2-4e65a64776a1",
	0,
	0,
	177,
	9,
	11,
	0,
	0,
	0,
	0,
	"ba5eda7a-def5-0000-0000-000000000002",
	"1419f51f-5aa1-4d3f-bbc3-2570191c85cc");
INSERT INTO V_AVL
	VALUES ("db11555c-201a-471d-8ae2-4e65a64776a1",
	"a6b6e73f-53a3-49af-877e-87f6c824d0ea",
	"2620e093-f578-450b-aabf-d9a801df6972",
	"bd139488-e872-42b8-b2d5-548fdcb6ce53");
INSERT INTO V_VAL
	VALUES ("c0f7b386-01bb-4f06-aee0-3764e33e8e2f",
	0,
	0,
	177,
	9,
	24,
	0,
	0,
	0,
	0,
	"ba5eda7a-def5-0000-0000-000000000001",
	"1419f51f-5aa1-4d3f-bbc3-2570191c85cc");
INSERT INTO V_BIN
	VALUES ("c0f7b386-01bb-4f06-aee0-3764e33e8e2f",
	"e9cf4852-8ce5-4762-a4dd-bf7947492f39",
	"db11555c-201a-471d-8ae2-4e65a64776a1",
	'!=');
INSERT INTO V_VAL
	VALUES ("b91d075c-fdc2-4247-8714-8d059b1917c6",
	0,
	0,
	177,
	16,
	16,
	0,
	0,
	0,
	0,
	"ba5eda7a-def5-0000-0000-000000000008",
	"1419f51f-5aa1-4d3f-bbc3-2570191c85cc");
INSERT INTO V_IRF
	VALUES ("b91d075c-fdc2-4247-8714-8d059b1917c6",
	"769fa316-88d3-4590-ab1a-0c88b743c2f1");
INSERT INTO V_VAL
	VALUES ("e9cf4852-8ce5-4762-a4dd-bf7947492f39",
	0,
	0,
	177,
	18,
	24,
	0,
	0,
	0,
	0,
	"ba5eda7a-def5-0000-0000-000000000002",
	"1419f51f-5aa1-4d3f-bbc3-2570191c85cc");
INSERT INTO V_AVL
	VALUES ("e9cf4852-8ce5-4762-a4dd-bf7947492f39",
	"b91d075c-fdc2-4247-8714-8d059b1917c6",
	"2620e093-f578-450b-aabf-d9a801df6972",
	"24ed18ae-79d8-41b1-bb41-baf9b5d48a2d");
INSERT INTO V_VAL
	VALUES ("1f3991da-71a3-4115-8497-fe94f024e261",
	0,
	0,
	184,
	44,
	-1,
	0,
	0,
	0,
	0,
	"ba5eda7a-def5-0000-0000-000000000008",
	"1419f51f-5aa1-4d3f-bbc3-2570191c85cc");
INSERT INTO V_SLR
	VALUES ("1f3991da-71a3-4115-8497-fe94f024e261",
	"00000000-0000-0000-0000-000000000000",
	"00000000-0000-0000-0000-000000000000",
	"00000000-0000-0000-0000-000000000000");
INSERT INTO V_VAL
	VALUES ("49c1a62a-6a6d-4222-bfe9-1dffbe7c631d",
	0,
	0,
	184,
	53,
	55,
	0,
	0,
	0,
	0,
	"ba5eda7a-def5-0000-0000-000000000002",
	"1419f51f-5aa1-4d3f-bbc3-2570191c85cc");
INSERT INTO V_AVL
	VALUES ("49c1a62a-6a6d-4222-bfe9-1dffbe7c631d",
	"1f3991da-71a3-4115-8497-fe94f024e261",
	"9dbd3ae1-6411-42eb-972d-0740a28a8c2c",
	"9572284e-1a83-497e-83db-f2402474ea3f");
INSERT INTO V_VAL
	VALUES ("2d426afd-c888-46dc-aee1-292432ddf3ae",
	0,
	0,
	184,
	53,
	62,
	0,
	0,
	0,
	0,
	"ba5eda7a-def5-0000-0000-000000000001",
	"1419f51f-5aa1-4d3f-bbc3-2570191c85cc");
INSERT INTO V_BIN
	VALUES ("2d426afd-c888-46dc-aee1-292432ddf3ae",
	"9dba2911-a779-4c03-995b-6016dcf9bdc9",
	"49c1a62a-6a6d-4222-bfe9-1dffbe7c631d",
	'==');
INSERT INTO V_VAL
	VALUES ("9dba2911-a779-4c03-995b-6016dcf9bdc9",
	0,
	0,
	184,
	60,
	62,
	0,
	0,
	0,
	0,
	"ba5eda7a-def5-0000-0000-000000000002",
	"1419f51f-5aa1-4d3f-bbc3-2570191c85cc");
INSERT INTO V_LIN
	VALUES ("9dba2911-a779-4c03-995b-6016dcf9bdc9",
	'200');
INSERT INTO V_VAL
	VALUES ("66d14ba2-e7c6-41c3-aedb-093159167720",
	0,
	0,
	185,
	12,
	12,
	0,
	0,
	0,
	0,
	"ba5eda7a-def5-0000-0000-000000000008",
	"1419f51f-5aa1-4d3f-bbc3-2570191c85cc");
INSERT INTO V_IRF
	VALUES ("66d14ba2-e7c6-41c3-aedb-093159167720",
	"a34fd105-bf0e-4252-9ab4-08d2f0a28224");
INSERT INTO V_VAL
	VALUES ("790828d4-4338-4227-8abc-a5ea66e83d00",
	0,
	0,
	-1,
	-1,
	-1,
	0,
	0,
	0,
	0,
	"ba5eda7a-def5-0000-0000-000000000001",
	"1419f51f-5aa1-4d3f-bbc3-2570191c85cc");
INSERT INTO V_UNY
	VALUES ("790828d4-4338-4227-8abc-a5ea66e83d00",
	"66d14ba2-e7c6-41c3-aedb-093159167720",
	'empty');
INSERT INTO V_VAL
	VALUES ("15aef62c-5703-418d-a0f2-e19f17dea462",
	0,
	0,
	188,
	25,
	25,
	0,
	0,
	0,
	0,
	"ba5eda7a-def5-0000-0000-000000000008",
	"1419f51f-5aa1-4d3f-bbc3-2570191c85cc");
INSERT INTO V_IRF
	VALUES ("15aef62c-5703-418d-a0f2-e19f17dea462",
	"a34fd105-bf0e-4252-9ab4-08d2f0a28224");
INSERT INTO V_VAL
	VALUES ("46b42a8a-570b-47cf-9040-a633f7fe2747",
	0,
	0,
	189,
	12,
	12,
	0,
	0,
	0,
	0,
	"ba5eda7a-def5-0000-0000-000000000008",
	"1419f51f-5aa1-4d3f-bbc3-2570191c85cc");
INSERT INTO V_IRF
	VALUES ("46b42a8a-570b-47cf-9040-a633f7fe2747",
	"f94980ca-e184-4c43-b3b2-4daf79b7f236");
INSERT INTO V_VAL
	VALUES ("c1dba51b-cb49-4a42-8b57-c32a3fc10c48",
	0,
	0,
	-1,
	-1,
	-1,
	0,
	0,
	0,
	0,
	"ba5eda7a-def5-0000-0000-000000000001",
	"1419f51f-5aa1-4d3f-bbc3-2570191c85cc");
INSERT INTO V_UNY
	VALUES ("c1dba51b-cb49-4a42-8b57-c32a3fc10c48",
	"46b42a8a-570b-47cf-9040-a633f7fe2747",
	'empty');
INSERT INTO V_VAL
	VALUES ("df2dd4a2-845c-4467-9f92-abbc302c44bd",
	0,
	0,
	199,
	25,
	25,
	0,
	0,
	0,
	0,
	"ba5eda7a-def5-0000-0000-000000000008",
	"1419f51f-5aa1-4d3f-bbc3-2570191c85cc");
INSERT INTO V_IRF
	VALUES ("df2dd4a2-845c-4467-9f92-abbc302c44bd",
	"a34fd105-bf0e-4252-9ab4-08d2f0a28224");
INSERT INTO V_VAL
	VALUES ("0b5535f3-8f52-4a11-82aa-38ff37d154ec",
	0,
	0,
	200,
	12,
	12,
	0,
	0,
	0,
	0,
	"ba5eda7a-def5-0000-0000-000000000008",
	"1419f51f-5aa1-4d3f-bbc3-2570191c85cc");
INSERT INTO V_IRF
	VALUES ("0b5535f3-8f52-4a11-82aa-38ff37d154ec",
	"e5e90a0a-17e5-4b77-a8c5-ff4580321274");
INSERT INTO V_VAL
	VALUES ("f097e359-e7c5-4bec-8f63-eec8518af88a",
	0,
	0,
	-1,
	-1,
	-1,
	0,
	0,
	0,
	0,
	"ba5eda7a-def5-0000-0000-000000000001",
	"1419f51f-5aa1-4d3f-bbc3-2570191c85cc");
INSERT INTO V_UNY
	VALUES ("f097e359-e7c5-4bec-8f63-eec8518af88a",
	"0b5535f3-8f52-4a11-82aa-38ff37d154ec",
	'empty');
INSERT INTO V_VAL
	VALUES ("7f85984a-1b5d-4845-a7cb-5f1476568e56",
	0,
	0,
	214,
	53,
	-1,
	0,
	0,
	0,
	0,
	"ba5eda7a-def5-0000-0000-000000000008",
	"1419f51f-5aa1-4d3f-bbc3-2570191c85cc");
INSERT INTO V_SLR
	VALUES ("7f85984a-1b5d-4845-a7cb-5f1476568e56",
	"00000000-0000-0000-0000-000000000000",
	"00000000-0000-0000-0000-000000000000",
	"00000000-0000-0000-0000-000000000000");
INSERT INTO V_VAL
	VALUES ("30cc0ad1-cdd0-444f-8855-723bf89a6a3e",
	0,
	0,
	214,
	62,
	64,
	0,
	0,
	0,
	0,
	"ba5eda7a-def5-0000-0000-000000000004",
	"1419f51f-5aa1-4d3f-bbc3-2570191c85cc");
INSERT INTO V_AVL
	VALUES ("30cc0ad1-cdd0-444f-8855-723bf89a6a3e",
	"7f85984a-1b5d-4845-a7cb-5f1476568e56",
	"2b75ff93-ab57-42e7-8100-af7086b8d12b",
	"33dd7d3f-48dc-4dc4-8751-531348695b48");
INSERT INTO V_VAL
	VALUES ("d4bc7245-ab5e-49b4-ba5b-338f03747e86",
	0,
	0,
	214,
	62,
	73,
	0,
	0,
	0,
	0,
	"ba5eda7a-def5-0000-0000-000000000001",
	"1419f51f-5aa1-4d3f-bbc3-2570191c85cc");
INSERT INTO V_BIN
	VALUES ("d4bc7245-ab5e-49b4-ba5b-338f03747e86",
	"3f1d5283-05f7-4771-957e-9819bdfad11e",
	"30cc0ad1-cdd0-444f-8855-723bf89a6a3e",
	'==');
INSERT INTO V_VAL
	VALUES ("3f1d5283-05f7-4771-957e-9819bdfad11e",
	0,
	0,
	214,
	69,
	73,
	0,
	0,
	0,
	0,
	"ba5eda7a-def5-0000-0000-000000000004",
	"1419f51f-5aa1-4d3f-bbc3-2570191c85cc");
INSERT INTO V_LST
	VALUES ("3f1d5283-05f7-4771-957e-9819bdfad11e",
	'Cort');
INSERT INTO V_VAL
	VALUES ("5ad6151b-6c15-4170-87db-a7eb3d945432",
	0,
	0,
	215,
	27,
	27,
	0,
	0,
	0,
	0,
	"ba5eda7a-def5-0000-0000-000000000008",
	"1419f51f-5aa1-4d3f-bbc3-2570191c85cc");
INSERT INTO V_IRF
	VALUES ("5ad6151b-6c15-4170-87db-a7eb3d945432",
	"f4c51203-66ab-474a-a666-320596a5855c");
INSERT INTO V_VAL
	VALUES ("09166f0e-1e9f-4bf4-b842-4120801971b0",
	0,
	0,
	216,
	18,
	19,
	0,
	0,
	0,
	0,
	"ba5eda7a-def5-0000-0000-000000000009",
	"1419f51f-5aa1-4d3f-bbc3-2570191c85cc");
INSERT INTO V_ISR
	VALUES ("09166f0e-1e9f-4bf4-b842-4120801971b0",
	"7c228ed5-9ece-42f1-a57f-dc927251957c");
INSERT INTO V_VAL
	VALUES ("bf5ce076-9753-4619-a02c-2e435d026947",
	0,
	0,
	-1,
	-1,
	-1,
	0,
	0,
	0,
	0,
	"ba5eda7a-def5-0000-0000-000000000002",
	"1419f51f-5aa1-4d3f-bbc3-2570191c85cc");
INSERT INTO V_UNY
	VALUES ("bf5ce076-9753-4619-a02c-2e435d026947",
	"09166f0e-1e9f-4bf4-b842-4120801971b0",
	'cardinality');
INSERT INTO V_VAL
	VALUES ("c67db174-9c94-4c95-95cd-3bda3432f149",
	0,
	0,
	-1,
	-1,
	-1,
	0,
	0,
	0,
	0,
	"ba5eda7a-def5-0000-0000-000000000001",
	"1419f51f-5aa1-4d3f-bbc3-2570191c85cc");
INSERT INTO V_BIN
	VALUES ("c67db174-9c94-4c95-95cd-3bda3432f149",
	"de43cbe8-5a0e-40ea-89a0-9c3f94faafb2",
	"bf5ce076-9753-4619-a02c-2e435d026947",
	'!=');
INSERT INTO V_VAL
	VALUES ("de43cbe8-5a0e-40ea-89a0-9c3f94faafb2",
	0,
	0,
	216,
	24,
	24,
	0,
	0,
	0,
	0,
	"ba5eda7a-def5-0000-0000-000000000002",
	"1419f51f-5aa1-4d3f-bbc3-2570191c85cc");
INSERT INTO V_LIN
	VALUES ("de43cbe8-5a0e-40ea-89a0-9c3f94faafb2",
	'3');
INSERT INTO V_VAL
	VALUES ("921f9f0f-688b-40ce-89ff-6f0a34367f11",
	0,
	0,
	219,
	26,
	26,
	0,
	0,
	0,
	0,
	"ba5eda7a-def5-0000-0000-000000000008",
	"1419f51f-5aa1-4d3f-bbc3-2570191c85cc");
INSERT INTO V_IRF
	VALUES ("921f9f0f-688b-40ce-89ff-6f0a34367f11",
	"f4c51203-66ab-474a-a666-320596a5855c");
INSERT INTO V_VAL
	VALUES ("90466f21-38b7-47ae-b9ac-43ce8bf0a6ed",
	0,
	0,
	220,
	6,
	7,
	0,
	0,
	0,
	0,
	"ba5eda7a-def5-0000-0000-000000000008",
	"1419f51f-5aa1-4d3f-bbc3-2570191c85cc");
INSERT INTO V_IRF
	VALUES ("90466f21-38b7-47ae-b9ac-43ce8bf0a6ed",
	"b7f93e8e-067d-4288-bcbd-6f089d974e24");
INSERT INTO V_VAL
	VALUES ("db3b2e98-b08a-46b4-84ea-c3389c798d0e",
	0,
	0,
	220,
	9,
	11,
	0,
	0,
	0,
	0,
	"ba5eda7a-def5-0000-0000-000000000004",
	"1419f51f-5aa1-4d3f-bbc3-2570191c85cc");
INSERT INTO V_AVL
	VALUES ("db3b2e98-b08a-46b4-84ea-c3389c798d0e",
	"90466f21-38b7-47ae-b9ac-43ce8bf0a6ed",
	"2b75ff93-ab57-42e7-8100-af7086b8d12b",
	"33dd7d3f-48dc-4dc4-8751-531348695b48");
INSERT INTO V_VAL
	VALUES ("98aa02d3-3e74-4cd0-9af8-8c05dd8ec876",
	0,
	0,
	220,
	9,
	21,
	0,
	0,
	0,
	0,
	"ba5eda7a-def5-0000-0000-000000000001",
	"1419f51f-5aa1-4d3f-bbc3-2570191c85cc");
INSERT INTO V_BIN
	VALUES ("98aa02d3-3e74-4cd0-9af8-8c05dd8ec876",
	"bf42e36d-7dcd-441a-93ca-f344b580785e",
	"db3b2e98-b08a-46b4-84ea-c3389c798d0e",
	'!=');
INSERT INTO V_VAL
	VALUES ("bf42e36d-7dcd-441a-93ca-f344b580785e",
	0,
	0,
	220,
	16,
	21,
	0,
	0,
	0,
	0,
	"ba5eda7a-def5-0000-0000-000000000004",
	"1419f51f-5aa1-4d3f-bbc3-2570191c85cc");
INSERT INTO V_LST
	VALUES ("bf42e36d-7dcd-441a-93ca-f344b580785e",
	'Kenny');
INSERT INTO V_VAL
	VALUES ("3e68ad90-e830-44fb-a224-c3d8e617de39",
	0,
	0,
	227,
	53,
	-1,
	0,
	0,
	0,
	0,
	"ba5eda7a-def5-0000-0000-000000000008",
	"1419f51f-5aa1-4d3f-bbc3-2570191c85cc");
INSERT INTO V_SLR
	VALUES ("3e68ad90-e830-44fb-a224-c3d8e617de39",
	"00000000-0000-0000-0000-000000000000",
	"00000000-0000-0000-0000-000000000000",
	"00000000-0000-0000-0000-000000000000");
INSERT INTO V_VAL
	VALUES ("2b6a2dfc-e40c-4064-848c-7f035f4a0cfb",
	0,
	0,
	227,
	62,
	64,
	0,
	0,
	0,
	0,
	"ba5eda7a-def5-0000-0000-000000000004",
	"1419f51f-5aa1-4d3f-bbc3-2570191c85cc");
INSERT INTO V_AVL
	VALUES ("2b6a2dfc-e40c-4064-848c-7f035f4a0cfb",
	"3e68ad90-e830-44fb-a224-c3d8e617de39",
	"2b75ff93-ab57-42e7-8100-af7086b8d12b",
	"33dd7d3f-48dc-4dc4-8751-531348695b48");
INSERT INTO V_VAL
	VALUES ("a3ec8428-730e-4085-a4af-032dfbfccdd3",
	0,
	0,
	227,
	62,
	74,
	0,
	0,
	0,
	0,
	"ba5eda7a-def5-0000-0000-000000000001",
	"1419f51f-5aa1-4d3f-bbc3-2570191c85cc");
INSERT INTO V_BIN
	VALUES ("a3ec8428-730e-4085-a4af-032dfbfccdd3",
	"bb6ad246-0022-4d17-8a4a-f6ea2d213b8e",
	"2b6a2dfc-e40c-4064-848c-7f035f4a0cfb",
	'==');
INSERT INTO V_VAL
	VALUES ("bb6ad246-0022-4d17-8a4a-f6ea2d213b8e",
	0,
	0,
	227,
	69,
	74,
	0,
	0,
	0,
	0,
	"ba5eda7a-def5-0000-0000-000000000004",
	"1419f51f-5aa1-4d3f-bbc3-2570191c85cc");
INSERT INTO V_LST
	VALUES ("bb6ad246-0022-4d17-8a4a-f6ea2d213b8e",
	'Ellen');
INSERT INTO V_VAL
	VALUES ("d3b57196-a83e-4714-a1fe-fddf54f10201",
	0,
	0,
	228,
	26,
	26,
	0,
	0,
	0,
	0,
	"ba5eda7a-def5-0000-0000-000000000008",
	"1419f51f-5aa1-4d3f-bbc3-2570191c85cc");
INSERT INTO V_IRF
	VALUES ("d3b57196-a83e-4714-a1fe-fddf54f10201",
	"f4c51203-66ab-474a-a666-320596a5855c");
INSERT INTO V_VAL
	VALUES ("a486ed5e-e7a9-4480-9d77-64645f182085",
	0,
	0,
	229,
	6,
	7,
	0,
	0,
	0,
	0,
	"ba5eda7a-def5-0000-0000-000000000008",
	"1419f51f-5aa1-4d3f-bbc3-2570191c85cc");
INSERT INTO V_IRF
	VALUES ("a486ed5e-e7a9-4480-9d77-64645f182085",
	"b7f93e8e-067d-4288-bcbd-6f089d974e24");
INSERT INTO V_VAL
	VALUES ("edc9397c-7f42-41ee-ad08-dea1f35b3a57",
	0,
	0,
	229,
	9,
	11,
	0,
	0,
	0,
	0,
	"ba5eda7a-def5-0000-0000-000000000004",
	"1419f51f-5aa1-4d3f-bbc3-2570191c85cc");
INSERT INTO V_AVL
	VALUES ("edc9397c-7f42-41ee-ad08-dea1f35b3a57",
	"a486ed5e-e7a9-4480-9d77-64645f182085",
	"2b75ff93-ab57-42e7-8100-af7086b8d12b",
	"33dd7d3f-48dc-4dc4-8751-531348695b48");
INSERT INTO V_VAL
	VALUES ("34cfebb7-6937-497e-b38b-6c8de1ecce67",
	0,
	0,
	229,
	9,
	20,
	0,
	0,
	0,
	0,
	"ba5eda7a-def5-0000-0000-000000000001",
	"1419f51f-5aa1-4d3f-bbc3-2570191c85cc");
INSERT INTO V_BIN
	VALUES ("34cfebb7-6937-497e-b38b-6c8de1ecce67",
	"76dc87cd-65fa-4334-ab6d-53fc530d1fb1",
	"edc9397c-7f42-41ee-ad08-dea1f35b3a57",
	'!=');
INSERT INTO V_VAL
	VALUES ("76dc87cd-65fa-4334-ab6d-53fc530d1fb1",
	0,
	0,
	229,
	16,
	20,
	0,
	0,
	0,
	0,
	"ba5eda7a-def5-0000-0000-000000000004",
	"1419f51f-5aa1-4d3f-bbc3-2570191c85cc");
INSERT INTO V_LST
	VALUES ("76dc87cd-65fa-4334-ab6d-53fc530d1fb1",
	'Cort');
INSERT INTO V_VAL
	VALUES ("c0dcc9a9-594d-437a-8260-ad56ce0e18dd",
	0,
	0,
	236,
	53,
	-1,
	0,
	0,
	0,
	0,
	"ba5eda7a-def5-0000-0000-000000000008",
	"1419f51f-5aa1-4d3f-bbc3-2570191c85cc");
INSERT INTO V_SLR
	VALUES ("c0dcc9a9-594d-437a-8260-ad56ce0e18dd",
	"00000000-0000-0000-0000-000000000000",
	"00000000-0000-0000-0000-000000000000",
	"00000000-0000-0000-0000-000000000000");
INSERT INTO V_VAL
	VALUES ("e1d183d7-67ed-45ca-8e0d-6bf7a4d4a4a2",
	0,
	0,
	236,
	62,
	64,
	0,
	0,
	0,
	0,
	"ba5eda7a-def5-0000-0000-000000000004",
	"1419f51f-5aa1-4d3f-bbc3-2570191c85cc");
INSERT INTO V_AVL
	VALUES ("e1d183d7-67ed-45ca-8e0d-6bf7a4d4a4a2",
	"c0dcc9a9-594d-437a-8260-ad56ce0e18dd",
	"2b75ff93-ab57-42e7-8100-af7086b8d12b",
	"33dd7d3f-48dc-4dc4-8751-531348695b48");
INSERT INTO V_VAL
	VALUES ("e8578766-9e6b-49d9-8dfd-db6dd2e55e8b",
	0,
	0,
	236,
	62,
	72,
	0,
	0,
	0,
	0,
	"ba5eda7a-def5-0000-0000-000000000001",
	"1419f51f-5aa1-4d3f-bbc3-2570191c85cc");
INSERT INTO V_BIN
	VALUES ("e8578766-9e6b-49d9-8dfd-db6dd2e55e8b",
	"752a63ee-09e3-4017-8313-688b89df2ebc",
	"e1d183d7-67ed-45ca-8e0d-6bf7a4d4a4a2",
	'==');
INSERT INTO V_VAL
	VALUES ("752a63ee-09e3-4017-8313-688b89df2ebc",
	0,
	0,
	236,
	69,
	72,
	0,
	0,
	0,
	0,
	"ba5eda7a-def5-0000-0000-000000000004",
	"1419f51f-5aa1-4d3f-bbc3-2570191c85cc");
INSERT INTO V_LST
	VALUES ("752a63ee-09e3-4017-8313-688b89df2ebc",
	'Amy');
INSERT INTO V_VAL
	VALUES ("c038acf2-2ab9-46bc-93f9-132be8abcb6e",
	0,
	0,
	237,
	26,
	26,
	0,
	0,
	0,
	0,
	"ba5eda7a-def5-0000-0000-000000000008",
	"1419f51f-5aa1-4d3f-bbc3-2570191c85cc");
INSERT INTO V_IRF
	VALUES ("c038acf2-2ab9-46bc-93f9-132be8abcb6e",
	"f4c51203-66ab-474a-a666-320596a5855c");
INSERT INTO V_VAL
	VALUES ("e0a8675b-e6a4-4cd8-bb20-8f65a5590d2a",
	0,
	0,
	238,
	6,
	7,
	0,
	0,
	0,
	0,
	"ba5eda7a-def5-0000-0000-000000000008",
	"1419f51f-5aa1-4d3f-bbc3-2570191c85cc");
INSERT INTO V_IRF
	VALUES ("e0a8675b-e6a4-4cd8-bb20-8f65a5590d2a",
	"b7f93e8e-067d-4288-bcbd-6f089d974e24");
INSERT INTO V_VAL
	VALUES ("f2a7c94a-e676-4c1b-b625-2efae5f04586",
	0,
	0,
	238,
	9,
	11,
	0,
	0,
	0,
	0,
	"ba5eda7a-def5-0000-0000-000000000004",
	"1419f51f-5aa1-4d3f-bbc3-2570191c85cc");
INSERT INTO V_AVL
	VALUES ("f2a7c94a-e676-4c1b-b625-2efae5f04586",
	"e0a8675b-e6a4-4cd8-bb20-8f65a5590d2a",
	"2b75ff93-ab57-42e7-8100-af7086b8d12b",
	"33dd7d3f-48dc-4dc4-8751-531348695b48");
INSERT INTO V_VAL
	VALUES ("eb320365-0788-435c-95fd-d0db63cda961",
	0,
	0,
	238,
	9,
	20,
	0,
	0,
	0,
	0,
	"ba5eda7a-def5-0000-0000-000000000001",
	"1419f51f-5aa1-4d3f-bbc3-2570191c85cc");
INSERT INTO V_BIN
	VALUES ("eb320365-0788-435c-95fd-d0db63cda961",
	"ea295160-52a5-4830-a3de-e5d0d448b7a4",
	"f2a7c94a-e676-4c1b-b625-2efae5f04586",
	'!=');
INSERT INTO V_VAL
	VALUES ("ea295160-52a5-4830-a3de-e5d0d448b7a4",
	0,
	0,
	238,
	16,
	20,
	0,
	0,
	0,
	0,
	"ba5eda7a-def5-0000-0000-000000000004",
	"1419f51f-5aa1-4d3f-bbc3-2570191c85cc");
INSERT INTO V_LST
	VALUES ("ea295160-52a5-4830-a3de-e5d0d448b7a4",
	'Cort');
INSERT INTO V_VAL
	VALUES ("61dc9159-0bc0-4532-8314-fe30eb9434a2",
	0,
	0,
	249,
	49,
	-1,
	0,
	0,
	0,
	0,
	"ba5eda7a-def5-0000-0000-000000000008",
	"1419f51f-5aa1-4d3f-bbc3-2570191c85cc");
INSERT INTO V_SLR
	VALUES ("61dc9159-0bc0-4532-8314-fe30eb9434a2",
	"00000000-0000-0000-0000-000000000000",
	"00000000-0000-0000-0000-000000000000",
	"00000000-0000-0000-0000-000000000000");
INSERT INTO V_VAL
	VALUES ("ddb01824-4f24-4fdc-b961-124f9cc3db0a",
	0,
	0,
	249,
	58,
	61,
	0,
	0,
	0,
	0,
	"ba5eda7a-def5-0000-0000-000000000004",
	"1419f51f-5aa1-4d3f-bbc3-2570191c85cc");
INSERT INTO V_AVL
	VALUES ("ddb01824-4f24-4fdc-b961-124f9cc3db0a",
	"61dc9159-0bc0-4532-8314-fe30eb9434a2",
	"38f266c8-6c6c-48af-a7ef-9aa0763aa5e5",
	"93a909b8-1bcc-471f-bc08-91a52102bf38");
INSERT INTO V_VAL
	VALUES ("089cab77-33a1-4faf-a6d9-701d34104b1a",
	0,
	0,
	249,
	58,
	71,
	0,
	0,
	0,
	0,
	"ba5eda7a-def5-0000-0000-000000000001",
	"1419f51f-5aa1-4d3f-bbc3-2570191c85cc");
INSERT INTO V_BIN
	VALUES ("089cab77-33a1-4faf-a6d9-701d34104b1a",
	"5756eafd-0d08-49a4-be06-6c94b87c7d71",
	"ddb01824-4f24-4fdc-b961-124f9cc3db0a",
	'==');
INSERT INTO V_VAL
	VALUES ("5756eafd-0d08-49a4-be06-6c94b87c7d71",
	0,
	0,
	249,
	66,
	71,
	0,
	0,
	0,
	0,
	"ba5eda7a-def5-0000-0000-000000000004",
	"1419f51f-5aa1-4d3f-bbc3-2570191c85cc");
INSERT INTO V_LST
	VALUES ("5756eafd-0d08-49a4-be06-6c94b87c7d71",
	'Chris');
INSERT INTO V_VAL
	VALUES ("6e027286-a73a-46d2-b27e-2be51cbe6d04",
	0,
	0,
	250,
	27,
	27,
	0,
	0,
	0,
	0,
	"ba5eda7a-def5-0000-0000-000000000008",
	"1419f51f-5aa1-4d3f-bbc3-2570191c85cc");
INSERT INTO V_IRF
	VALUES ("6e027286-a73a-46d2-b27e-2be51cbe6d04",
	"4dd32c55-2ad0-4024-8d2d-08c67e177ebb");
INSERT INTO V_VAL
	VALUES ("ffd8a3d4-fd0e-4290-a4d5-09b685e18912",
	0,
	0,
	251,
	18,
	19,
	0,
	0,
	0,
	0,
	"ba5eda7a-def5-0000-0000-000000000009",
	"1419f51f-5aa1-4d3f-bbc3-2570191c85cc");
INSERT INTO V_ISR
	VALUES ("ffd8a3d4-fd0e-4290-a4d5-09b685e18912",
	"f242f845-6286-4032-b8ec-0f2a42e9b8f0");
INSERT INTO V_VAL
	VALUES ("c9c31b34-ff62-4b83-af01-216c7f601af7",
	0,
	0,
	-1,
	-1,
	-1,
	0,
	0,
	0,
	0,
	"ba5eda7a-def5-0000-0000-000000000002",
	"1419f51f-5aa1-4d3f-bbc3-2570191c85cc");
INSERT INTO V_UNY
	VALUES ("c9c31b34-ff62-4b83-af01-216c7f601af7",
	"ffd8a3d4-fd0e-4290-a4d5-09b685e18912",
	'cardinality');
INSERT INTO V_VAL
	VALUES ("def5211d-4e67-4faa-a3ea-9d50bad92e32",
	0,
	0,
	-1,
	-1,
	-1,
	0,
	0,
	0,
	0,
	"ba5eda7a-def5-0000-0000-000000000001",
	"1419f51f-5aa1-4d3f-bbc3-2570191c85cc");
INSERT INTO V_BIN
	VALUES ("def5211d-4e67-4faa-a3ea-9d50bad92e32",
	"4558f4cd-134c-4094-853b-5b33765b9527",
	"c9c31b34-ff62-4b83-af01-216c7f601af7",
	'!=');
INSERT INTO V_VAL
	VALUES ("4558f4cd-134c-4094-853b-5b33765b9527",
	0,
	0,
	251,
	24,
	24,
	0,
	0,
	0,
	0,
	"ba5eda7a-def5-0000-0000-000000000002",
	"1419f51f-5aa1-4d3f-bbc3-2570191c85cc");
INSERT INTO V_LIN
	VALUES ("4558f4cd-134c-4094-853b-5b33765b9527",
	'2');
INSERT INTO V_VAL
	VALUES ("7f46b57c-761a-4bc3-868d-b1f3ac60ccf8",
	1,
	0,
	257,
	1,
	2,
	0,
	0,
	0,
	0,
	"ba5eda7a-def5-0000-0000-000000000008",
	"1419f51f-5aa1-4d3f-bbc3-2570191c85cc");
INSERT INTO V_IRF
	VALUES ("7f46b57c-761a-4bc3-868d-b1f3ac60ccf8",
	"7ed06241-d27e-42f8-a525-2b34eccdb97b");
INSERT INTO V_VAL
	VALUES ("b685f4bf-372a-44ef-a58c-6e13d3aa1ea4",
	1,
	0,
	257,
	4,
	7,
	0,
	0,
	0,
	0,
	"ba5eda7a-def5-0000-0000-000000000004",
	"1419f51f-5aa1-4d3f-bbc3-2570191c85cc");
INSERT INTO V_AVL
	VALUES ("b685f4bf-372a-44ef-a58c-6e13d3aa1ea4",
	"7f46b57c-761a-4bc3-868d-b1f3ac60ccf8",
	"38f266c8-6c6c-48af-a7ef-9aa0763aa5e5",
	"93a909b8-1bcc-471f-bc08-91a52102bf38");
INSERT INTO V_VAL
	VALUES ("326a930d-68e8-4c13-b181-299471ec5dbe",
	0,
	0,
	257,
	11,
	16,
	0,
	0,
	0,
	0,
	"ba5eda7a-def5-0000-0000-000000000004",
	"1419f51f-5aa1-4d3f-bbc3-2570191c85cc");
INSERT INTO V_LST
	VALUES ("326a930d-68e8-4c13-b181-299471ec5dbe",
	'Vijay');
INSERT INTO V_VAL
	VALUES ("be5c68cf-6f8d-4c56-9f95-b9ac336df739",
	0,
	0,
	264,
	49,
	-1,
	0,
	0,
	0,
	0,
	"ba5eda7a-def5-0000-0000-000000000008",
	"1419f51f-5aa1-4d3f-bbc3-2570191c85cc");
INSERT INTO V_SLR
	VALUES ("be5c68cf-6f8d-4c56-9f95-b9ac336df739",
	"00000000-0000-0000-0000-000000000000",
	"00000000-0000-0000-0000-000000000000",
	"00000000-0000-0000-0000-000000000000");
INSERT INTO V_VAL
	VALUES ("61a13b54-5bde-4189-86a2-489b08af671f",
	0,
	0,
	264,
	58,
	61,
	0,
	0,
	0,
	0,
	"ba5eda7a-def5-0000-0000-000000000004",
	"1419f51f-5aa1-4d3f-bbc3-2570191c85cc");
INSERT INTO V_AVL
	VALUES ("61a13b54-5bde-4189-86a2-489b08af671f",
	"be5c68cf-6f8d-4c56-9f95-b9ac336df739",
	"38f266c8-6c6c-48af-a7ef-9aa0763aa5e5",
	"93a909b8-1bcc-471f-bc08-91a52102bf38");
INSERT INTO V_VAL
	VALUES ("1541c322-b7ba-4af2-acc1-f214c7691a05",
	0,
	0,
	264,
	58,
	70,
	0,
	0,
	0,
	0,
	"ba5eda7a-def5-0000-0000-000000000001",
	"1419f51f-5aa1-4d3f-bbc3-2570191c85cc");
INSERT INTO V_BIN
	VALUES ("1541c322-b7ba-4af2-acc1-f214c7691a05",
	"4906c6c2-9acd-48bb-b399-99e60af63f68",
	"61a13b54-5bde-4189-86a2-489b08af671f",
	'==');
INSERT INTO V_VAL
	VALUES ("4906c6c2-9acd-48bb-b399-99e60af63f68",
	0,
	0,
	264,
	66,
	70,
	0,
	0,
	0,
	0,
	"ba5eda7a-def5-0000-0000-000000000004",
	"1419f51f-5aa1-4d3f-bbc3-2570191c85cc");
INSERT INTO V_LST
	VALUES ("4906c6c2-9acd-48bb-b399-99e60af63f68",
	'Pete');
INSERT INTO V_VAL
	VALUES ("ce3d92a7-a283-4b35-a98e-f662cf713d63",
	0,
	0,
	265,
	28,
	28,
	0,
	0,
	0,
	0,
	"ba5eda7a-def5-0000-0000-000000000008",
	"1419f51f-5aa1-4d3f-bbc3-2570191c85cc");
INSERT INTO V_IRF
	VALUES ("ce3d92a7-a283-4b35-a98e-f662cf713d63",
	"4dd32c55-2ad0-4024-8d2d-08c67e177ebb");
INSERT INTO V_VAL
	VALUES ("fccf8b71-aecb-4cc6-b96c-e121f1a9bac1",
	0,
	0,
	266,
	12,
	15,
	0,
	0,
	0,
	0,
	"ba5eda7a-def5-0000-0000-000000000008",
	"1419f51f-5aa1-4d3f-bbc3-2570191c85cc");
INSERT INTO V_IRF
	VALUES ("fccf8b71-aecb-4cc6-b96c-e121f1a9bac1",
	"73237db5-d124-4e3b-818d-792a66bb3059");
INSERT INTO V_VAL
	VALUES ("58dafb83-4247-4f4a-bf33-bbee8185a290",
	0,
	0,
	-1,
	-1,
	-1,
	0,
	0,
	0,
	0,
	"ba5eda7a-def5-0000-0000-000000000001",
	"1419f51f-5aa1-4d3f-bbc3-2570191c85cc");
INSERT INTO V_UNY
	VALUES ("58dafb83-4247-4f4a-bf33-bbee8185a290",
	"fccf8b71-aecb-4cc6-b96c-e121f1a9bac1",
	'empty');
INSERT INTO V_VAL
	VALUES ("9d01a8b1-15ec-4c2d-8f3b-22fa24df3622",
	0,
	0,
	273,
	49,
	-1,
	0,
	0,
	0,
	0,
	"ba5eda7a-def5-0000-0000-000000000008",
	"1419f51f-5aa1-4d3f-bbc3-2570191c85cc");
INSERT INTO V_SLR
	VALUES ("9d01a8b1-15ec-4c2d-8f3b-22fa24df3622",
	"00000000-0000-0000-0000-000000000000",
	"00000000-0000-0000-0000-000000000000",
	"00000000-0000-0000-0000-000000000000");
INSERT INTO V_VAL
	VALUES ("8eae5b26-bcee-4946-8f5e-0df5a2be2c07",
	0,
	0,
	273,
	58,
	61,
	0,
	0,
	0,
	0,
	"ba5eda7a-def5-0000-0000-000000000004",
	"1419f51f-5aa1-4d3f-bbc3-2570191c85cc");
INSERT INTO V_AVL
	VALUES ("8eae5b26-bcee-4946-8f5e-0df5a2be2c07",
	"9d01a8b1-15ec-4c2d-8f3b-22fa24df3622",
	"38f266c8-6c6c-48af-a7ef-9aa0763aa5e5",
	"93a909b8-1bcc-471f-bc08-91a52102bf38");
INSERT INTO V_VAL
	VALUES ("d5127417-d467-48ca-a969-b373102dce45",
	0,
	0,
	273,
	58,
	70,
	0,
	0,
	0,
	0,
	"ba5eda7a-def5-0000-0000-000000000001",
	"1419f51f-5aa1-4d3f-bbc3-2570191c85cc");
INSERT INTO V_BIN
	VALUES ("d5127417-d467-48ca-a969-b373102dce45",
	"9b2c20f7-9877-46bb-9304-ef6ab3b0669a",
	"8eae5b26-bcee-4946-8f5e-0df5a2be2c07",
	'==');
INSERT INTO V_VAL
	VALUES ("9b2c20f7-9877-46bb-9304-ef6ab3b0669a",
	0,
	0,
	273,
	66,
	70,
	0,
	0,
	0,
	0,
	"ba5eda7a-def5-0000-0000-000000000004",
	"1419f51f-5aa1-4d3f-bbc3-2570191c85cc");
INSERT INTO V_LST
	VALUES ("9b2c20f7-9877-46bb-9304-ef6ab3b0669a",
	'Dave');
INSERT INTO V_VAL
	VALUES ("7b0bc311-8255-4a50-ad16-0f93206f4b62",
	0,
	0,
	274,
	25,
	25,
	0,
	0,
	0,
	0,
	"ba5eda7a-def5-0000-0000-000000000008",
	"1419f51f-5aa1-4d3f-bbc3-2570191c85cc");
INSERT INTO V_IRF
	VALUES ("7b0bc311-8255-4a50-ad16-0f93206f4b62",
	"4dd32c55-2ad0-4024-8d2d-08c67e177ebb");
INSERT INTO V_VAL
	VALUES ("c2e9487f-b314-47fa-9613-b055548a614f",
	0,
	0,
	275,
	12,
	12,
	0,
	0,
	0,
	0,
	"ba5eda7a-def5-0000-0000-000000000008",
	"1419f51f-5aa1-4d3f-bbc3-2570191c85cc");
INSERT INTO V_IRF
	VALUES ("c2e9487f-b314-47fa-9613-b055548a614f",
	"3afae416-c69b-4a89-999c-97b1dcc94770");
INSERT INTO V_VAL
	VALUES ("5bd2171e-e172-4bf7-b49b-063a30d508e5",
	0,
	0,
	-1,
	-1,
	-1,
	0,
	0,
	0,
	0,
	"ba5eda7a-def5-0000-0000-000000000001",
	"1419f51f-5aa1-4d3f-bbc3-2570191c85cc");
INSERT INTO V_UNY
	VALUES ("5bd2171e-e172-4bf7-b49b-063a30d508e5",
	"c2e9487f-b314-47fa-9613-b055548a614f",
	'empty');
INSERT INTO V_VAL
	VALUES ("412843c2-60f1-47ec-8223-b1ffb5998b7b",
	0,
	0,
	286,
	49,
	-1,
	0,
	0,
	0,
	0,
	"ba5eda7a-def5-0000-0000-000000000008",
	"1419f51f-5aa1-4d3f-bbc3-2570191c85cc");
INSERT INTO V_SLR
	VALUES ("412843c2-60f1-47ec-8223-b1ffb5998b7b",
	"00000000-0000-0000-0000-000000000000",
	"00000000-0000-0000-0000-000000000000",
	"00000000-0000-0000-0000-000000000000");
INSERT INTO V_VAL
	VALUES ("4bf4bc7c-c45f-420b-a3b3-89a4b8719c0e",
	0,
	0,
	286,
	58,
	61,
	0,
	0,
	0,
	0,
	"ba5eda7a-def5-0000-0000-000000000004",
	"1419f51f-5aa1-4d3f-bbc3-2570191c85cc");
INSERT INTO V_AVL
	VALUES ("4bf4bc7c-c45f-420b-a3b3-89a4b8719c0e",
	"412843c2-60f1-47ec-8223-b1ffb5998b7b",
	"38f266c8-6c6c-48af-a7ef-9aa0763aa5e5",
	"93a909b8-1bcc-471f-bc08-91a52102bf38");
INSERT INTO V_VAL
	VALUES ("6856f7e1-a973-4318-95d7-193bfdf6fd9e",
	0,
	0,
	286,
	58,
	70,
	0,
	0,
	0,
	0,
	"ba5eda7a-def5-0000-0000-000000000001",
	"1419f51f-5aa1-4d3f-bbc3-2570191c85cc");
INSERT INTO V_BIN
	VALUES ("6856f7e1-a973-4318-95d7-193bfdf6fd9e",
	"241ef1b2-39e1-4799-89aa-b352a505b23a",
	"4bf4bc7c-c45f-420b-a3b3-89a4b8719c0e",
	'==');
INSERT INTO V_VAL
	VALUES ("241ef1b2-39e1-4799-89aa-b352a505b23a",
	0,
	0,
	286,
	66,
	70,
	0,
	0,
	0,
	0,
	"ba5eda7a-def5-0000-0000-000000000004",
	"1419f51f-5aa1-4d3f-bbc3-2570191c85cc");
INSERT INTO V_LST
	VALUES ("241ef1b2-39e1-4799-89aa-b352a505b23a",
	'Pete');
INSERT INTO V_VAL
	VALUES ("6f807aa3-5141-4ede-bc9e-b054541e0728",
	0,
	0,
	287,
	27,
	27,
	0,
	0,
	0,
	0,
	"ba5eda7a-def5-0000-0000-000000000008",
	"1419f51f-5aa1-4d3f-bbc3-2570191c85cc");
INSERT INTO V_IRF
	VALUES ("6f807aa3-5141-4ede-bc9e-b054541e0728",
	"4dd32c55-2ad0-4024-8d2d-08c67e177ebb");
INSERT INTO V_VAL
	VALUES ("feaf355c-43e9-4e23-8b9e-2f3fb19f05b0",
	0,
	0,
	288,
	18,
	19,
	0,
	0,
	0,
	0,
	"ba5eda7a-def5-0000-0000-000000000009",
	"1419f51f-5aa1-4d3f-bbc3-2570191c85cc");
INSERT INTO V_ISR
	VALUES ("feaf355c-43e9-4e23-8b9e-2f3fb19f05b0",
	"f242f845-6286-4032-b8ec-0f2a42e9b8f0");
INSERT INTO V_VAL
	VALUES ("55051a98-4c83-4529-b1aa-6abdc640beba",
	0,
	0,
	-1,
	-1,
	-1,
	0,
	0,
	0,
	0,
	"ba5eda7a-def5-0000-0000-000000000002",
	"1419f51f-5aa1-4d3f-bbc3-2570191c85cc");
INSERT INTO V_UNY
	VALUES ("55051a98-4c83-4529-b1aa-6abdc640beba",
	"feaf355c-43e9-4e23-8b9e-2f3fb19f05b0",
	'cardinality');
INSERT INTO V_VAL
	VALUES ("c07ecbfc-249e-4e36-a6a1-f5b5439cd60f",
	0,
	0,
	-1,
	-1,
	-1,
	0,
	0,
	0,
	0,
	"ba5eda7a-def5-0000-0000-000000000001",
	"1419f51f-5aa1-4d3f-bbc3-2570191c85cc");
INSERT INTO V_BIN
	VALUES ("c07ecbfc-249e-4e36-a6a1-f5b5439cd60f",
	"cf9ac527-7562-4575-adb0-f9cb9448d20c",
	"55051a98-4c83-4529-b1aa-6abdc640beba",
	'!=');
INSERT INTO V_VAL
	VALUES ("cf9ac527-7562-4575-adb0-f9cb9448d20c",
	0,
	0,
	288,
	24,
	24,
	0,
	0,
	0,
	0,
	"ba5eda7a-def5-0000-0000-000000000002",
	"1419f51f-5aa1-4d3f-bbc3-2570191c85cc");
INSERT INTO V_LIN
	VALUES ("cf9ac527-7562-4575-adb0-f9cb9448d20c",
	'2');
INSERT INTO V_VAL
	VALUES ("9463c4a5-9643-4f97-8ac7-ab0db4bf57c5",
	0,
	0,
	301,
	51,
	-1,
	0,
	0,
	0,
	0,
	"ba5eda7a-def5-0000-0000-000000000008",
	"1419f51f-5aa1-4d3f-bbc3-2570191c85cc");
INSERT INTO V_SLR
	VALUES ("9463c4a5-9643-4f97-8ac7-ab0db4bf57c5",
	"00000000-0000-0000-0000-000000000000",
	"00000000-0000-0000-0000-000000000000",
	"00000000-0000-0000-0000-000000000000");
INSERT INTO V_VAL
	VALUES ("4c1d451d-fe14-48b7-9cca-8af9c2c14592",
	0,
	0,
	301,
	60,
	65,
	0,
	0,
	0,
	0,
	"ba5eda7a-def5-0000-0000-000000000004",
	"1419f51f-5aa1-4d3f-bbc3-2570191c85cc");
INSERT INTO V_AVL
	VALUES ("4c1d451d-fe14-48b7-9cca-8af9c2c14592",
	"9463c4a5-9643-4f97-8ac7-ab0db4bf57c5",
	"51d33202-1bc5-4cb1-87ab-6d049b279014",
	"e9cb204c-0341-401e-9324-0d516433f033");
INSERT INTO V_VAL
	VALUES ("e0398644-dd69-4090-9fe1-65170e661265",
	0,
	0,
	301,
	60,
	73,
	0,
	0,
	0,
	0,
	"ba5eda7a-def5-0000-0000-000000000001",
	"1419f51f-5aa1-4d3f-bbc3-2570191c85cc");
INSERT INTO V_BIN
	VALUES ("e0398644-dd69-4090-9fe1-65170e661265",
	"3c28d22d-a89f-4f41-b858-6642a31920aa",
	"4c1d451d-fe14-48b7-9cca-8af9c2c14592",
	'==');
INSERT INTO V_VAL
	VALUES ("3c28d22d-a89f-4f41-b858-6642a31920aa",
	0,
	0,
	301,
	70,
	73,
	0,
	0,
	0,
	0,
	"ba5eda7a-def5-0000-0000-000000000004",
	"1419f51f-5aa1-4d3f-bbc3-2570191c85cc");
INSERT INTO V_LST
	VALUES ("3c28d22d-a89f-4f41-b858-6642a31920aa",
	'Rox');
INSERT INTO V_VAL
	VALUES ("e142dcc1-b32c-45a5-b8b1-dc061b3ced91",
	0,
	0,
	302,
	25,
	25,
	0,
	0,
	0,
	0,
	"ba5eda7a-def5-0000-0000-000000000008",
	"1419f51f-5aa1-4d3f-bbc3-2570191c85cc");
INSERT INTO V_IRF
	VALUES ("e142dcc1-b32c-45a5-b8b1-dc061b3ced91",
	"af08d23a-ec62-4548-a30b-4a4632d5f456");
INSERT INTO V_VAL
	VALUES ("0a636117-ed3e-42d0-8753-7ff94ecdba50",
	0,
	0,
	303,
	6,
	6,
	0,
	0,
	0,
	0,
	"ba5eda7a-def5-0000-0000-000000000008",
	"1419f51f-5aa1-4d3f-bbc3-2570191c85cc");
INSERT INTO V_IRF
	VALUES ("0a636117-ed3e-42d0-8753-7ff94ecdba50",
	"581dd2a3-3214-4b84-8e89-22181583d62b");
INSERT INTO V_VAL
	VALUES ("389b68b9-3fd4-4c2e-9551-bc75c35c71de",
	0,
	0,
	303,
	8,
	13,
	0,
	0,
	0,
	0,
	"ba5eda7a-def5-0000-0000-000000000004",
	"1419f51f-5aa1-4d3f-bbc3-2570191c85cc");
INSERT INTO V_AVL
	VALUES ("389b68b9-3fd4-4c2e-9551-bc75c35c71de",
	"0a636117-ed3e-42d0-8753-7ff94ecdba50",
	"6804fe30-06ab-4a76-91ef-cf622b4abd28",
	"135877d5-2a8a-4419-9877-a691e9cf76f1");
INSERT INTO V_VAL
	VALUES ("aea43fcc-2367-4440-b0f2-ea0e8fdb1c9d",
	0,
	0,
	303,
	8,
	22,
	0,
	0,
	0,
	0,
	"ba5eda7a-def5-0000-0000-000000000001",
	"1419f51f-5aa1-4d3f-bbc3-2570191c85cc");
INSERT INTO V_BIN
	VALUES ("aea43fcc-2367-4440-b0f2-ea0e8fdb1c9d",
	"c0c220e2-627c-4cd6-adbb-7076a5d913dc",
	"389b68b9-3fd4-4c2e-9551-bc75c35c71de",
	'!=');
INSERT INTO V_VAL
	VALUES ("c0c220e2-627c-4cd6-adbb-7076a5d913dc",
	0,
	0,
	303,
	18,
	22,
	0,
	0,
	0,
	0,
	"ba5eda7a-def5-0000-0000-000000000004",
	"1419f51f-5aa1-4d3f-bbc3-2570191c85cc");
INSERT INTO V_LST
	VALUES ("c0c220e2-627c-4cd6-adbb-7076a5d913dc",
	'Cort');
INSERT INTO V_VAL
	VALUES ("21a5811d-e36b-4179-80ea-973e76ef556b",
	0,
	0,
	306,
	53,
	-1,
	0,
	0,
	0,
	0,
	"ba5eda7a-def5-0000-0000-000000000008",
	"1419f51f-5aa1-4d3f-bbc3-2570191c85cc");
INSERT INTO V_SLR
	VALUES ("21a5811d-e36b-4179-80ea-973e76ef556b",
	"00000000-0000-0000-0000-000000000000",
	"00000000-0000-0000-0000-000000000000",
	"00000000-0000-0000-0000-000000000000");
INSERT INTO V_VAL
	VALUES ("2fa5c62e-b3a0-48d9-b35b-ab0f12b139b9",
	0,
	0,
	306,
	62,
	67,
	0,
	0,
	0,
	0,
	"ba5eda7a-def5-0000-0000-000000000004",
	"1419f51f-5aa1-4d3f-bbc3-2570191c85cc");
INSERT INTO V_AVL
	VALUES ("2fa5c62e-b3a0-48d9-b35b-ab0f12b139b9",
	"21a5811d-e36b-4179-80ea-973e76ef556b",
	"6804fe30-06ab-4a76-91ef-cf622b4abd28",
	"135877d5-2a8a-4419-9877-a691e9cf76f1");
INSERT INTO V_VAL
	VALUES ("a78c60f6-aa63-4b40-b9c1-5ae5a204ba84",
	0,
	0,
	306,
	62,
	77,
	0,
	0,
	0,
	0,
	"ba5eda7a-def5-0000-0000-000000000001",
	"1419f51f-5aa1-4d3f-bbc3-2570191c85cc");
INSERT INTO V_BIN
	VALUES ("a78c60f6-aa63-4b40-b9c1-5ae5a204ba84",
	"0b02baa2-f716-4d3e-a1ad-290f9e3ccbaa",
	"2fa5c62e-b3a0-48d9-b35b-ab0f12b139b9",
	'==');
INSERT INTO V_VAL
	VALUES ("0b02baa2-f716-4d3e-a1ad-290f9e3ccbaa",
	0,
	0,
	306,
	72,
	77,
	0,
	0,
	0,
	0,
	"ba5eda7a-def5-0000-0000-000000000004",
	"1419f51f-5aa1-4d3f-bbc3-2570191c85cc");
INSERT INTO V_LST
	VALUES ("0b02baa2-f716-4d3e-a1ad-290f9e3ccbaa",
	'Rusty');
INSERT INTO V_VAL
	VALUES ("844afe49-6b31-4a34-92c8-07eda4d40188",
	0,
	0,
	307,
	25,
	25,
	0,
	0,
	0,
	0,
	"ba5eda7a-def5-0000-0000-000000000008",
	"1419f51f-5aa1-4d3f-bbc3-2570191c85cc");
INSERT INTO V_IRF
	VALUES ("844afe49-6b31-4a34-92c8-07eda4d40188",
	"581dd2a3-3214-4b84-8e89-22181583d62b");
INSERT INTO V_VAL
	VALUES ("097f939f-0ceb-4775-9caf-085a0423f46d",
	0,
	0,
	308,
	6,
	6,
	0,
	0,
	0,
	0,
	"ba5eda7a-def5-0000-0000-000000000008",
	"1419f51f-5aa1-4d3f-bbc3-2570191c85cc");
INSERT INTO V_IRF
	VALUES ("097f939f-0ceb-4775-9caf-085a0423f46d",
	"af08d23a-ec62-4548-a30b-4a4632d5f456");
INSERT INTO V_VAL
	VALUES ("eec422a2-c214-470b-9346-d064929379bb",
	0,
	0,
	308,
	8,
	13,
	0,
	0,
	0,
	0,
	"ba5eda7a-def5-0000-0000-000000000004",
	"1419f51f-5aa1-4d3f-bbc3-2570191c85cc");
INSERT INTO V_AVL
	VALUES ("eec422a2-c214-470b-9346-d064929379bb",
	"097f939f-0ceb-4775-9caf-085a0423f46d",
	"51d33202-1bc5-4cb1-87ab-6d049b279014",
	"e9cb204c-0341-401e-9324-0d516433f033");
INSERT INTO V_VAL
	VALUES ("bbb543c9-69f0-4f29-9346-7758be43f29d",
	0,
	0,
	308,
	8,
	22,
	0,
	0,
	0,
	0,
	"ba5eda7a-def5-0000-0000-000000000001",
	"1419f51f-5aa1-4d3f-bbc3-2570191c85cc");
INSERT INTO V_BIN
	VALUES ("bbb543c9-69f0-4f29-9346-7758be43f29d",
	"411632ff-de35-4e19-8caa-01f1c68a4dd7",
	"eec422a2-c214-470b-9346-d064929379bb",
	'!=');
INSERT INTO V_VAL
	VALUES ("411632ff-de35-4e19-8caa-01f1c68a4dd7",
	0,
	0,
	308,
	18,
	22,
	0,
	0,
	0,
	0,
	"ba5eda7a-def5-0000-0000-000000000004",
	"1419f51f-5aa1-4d3f-bbc3-2570191c85cc");
INSERT INTO V_LST
	VALUES ("411632ff-de35-4e19-8caa-01f1c68a4dd7",
	'Bita');
INSERT INTO V_VAL
	VALUES ("015f6a66-70d1-438c-bf51-2bb413d82d79",
	0,
	0,
	311,
	51,
	-1,
	0,
	0,
	0,
	0,
	"ba5eda7a-def5-0000-0000-000000000008",
	"1419f51f-5aa1-4d3f-bbc3-2570191c85cc");
INSERT INTO V_SLR
	VALUES ("015f6a66-70d1-438c-bf51-2bb413d82d79",
	"00000000-0000-0000-0000-000000000000",
	"00000000-0000-0000-0000-000000000000",
	"00000000-0000-0000-0000-000000000000");
INSERT INTO V_VAL
	VALUES ("7b3f1c16-e5f9-419a-bc97-6c99a15e2300",
	0,
	0,
	311,
	60,
	65,
	0,
	0,
	0,
	0,
	"ba5eda7a-def5-0000-0000-000000000004",
	"1419f51f-5aa1-4d3f-bbc3-2570191c85cc");
INSERT INTO V_AVL
	VALUES ("7b3f1c16-e5f9-419a-bc97-6c99a15e2300",
	"015f6a66-70d1-438c-bf51-2bb413d82d79",
	"51d33202-1bc5-4cb1-87ab-6d049b279014",
	"e9cb204c-0341-401e-9324-0d516433f033");
INSERT INTO V_VAL
	VALUES ("883dcdf0-433b-435a-92ab-3b4d95219a0e",
	0,
	0,
	311,
	60,
	74,
	0,
	0,
	0,
	0,
	"ba5eda7a-def5-0000-0000-000000000001",
	"1419f51f-5aa1-4d3f-bbc3-2570191c85cc");
INSERT INTO V_BIN
	VALUES ("883dcdf0-433b-435a-92ab-3b4d95219a0e",
	"bc7e2989-222a-4759-b996-fed588900a3e",
	"7b3f1c16-e5f9-419a-bc97-6c99a15e2300",
	'==');
INSERT INTO V_VAL
	VALUES ("bc7e2989-222a-4759-b996-fed588900a3e",
	0,
	0,
	311,
	70,
	74,
	0,
	0,
	0,
	0,
	"ba5eda7a-def5-0000-0000-000000000004",
	"1419f51f-5aa1-4d3f-bbc3-2570191c85cc");
INSERT INTO V_LST
	VALUES ("bc7e2989-222a-4759-b996-fed588900a3e",
	'Tina');
INSERT INTO V_VAL
	VALUES ("1a4c5b80-af6e-45e7-b308-d42a7df145fc",
	0,
	0,
	312,
	25,
	25,
	0,
	0,
	0,
	0,
	"ba5eda7a-def5-0000-0000-000000000008",
	"1419f51f-5aa1-4d3f-bbc3-2570191c85cc");
INSERT INTO V_IRF
	VALUES ("1a4c5b80-af6e-45e7-b308-d42a7df145fc",
	"af08d23a-ec62-4548-a30b-4a4632d5f456");
INSERT INTO V_VAL
	VALUES ("ac1d3aa1-9983-40f0-a9f8-7b6df77aa4fc",
	0,
	0,
	313,
	6,
	6,
	0,
	0,
	0,
	0,
	"ba5eda7a-def5-0000-0000-000000000008",
	"1419f51f-5aa1-4d3f-bbc3-2570191c85cc");
INSERT INTO V_IRF
	VALUES ("ac1d3aa1-9983-40f0-a9f8-7b6df77aa4fc",
	"7523039d-1c61-4b0f-bdbd-bff744c83c9a");
INSERT INTO V_VAL
	VALUES ("76c6f883-885e-4103-a2b4-b723085ffc96",
	0,
	0,
	313,
	8,
	11,
	0,
	0,
	0,
	0,
	"ba5eda7a-def5-0000-0000-000000000004",
	"1419f51f-5aa1-4d3f-bbc3-2570191c85cc");
INSERT INTO V_AVL
	VALUES ("76c6f883-885e-4103-a2b4-b723085ffc96",
	"ac1d3aa1-9983-40f0-a9f8-7b6df77aa4fc",
	"e46bd84d-ce9b-4e47-b607-5c2663f180d1",
	"b4cf0fec-f4ee-429e-8b09-d8742eee8381");
INSERT INTO V_VAL
	VALUES ("dc221afd-9cac-4f51-80b6-ed30a31d17d0",
	0,
	0,
	313,
	8,
	24,
	0,
	0,
	0,
	0,
	"ba5eda7a-def5-0000-0000-000000000001",
	"1419f51f-5aa1-4d3f-bbc3-2570191c85cc");
INSERT INTO V_BIN
	VALUES ("dc221afd-9cac-4f51-80b6-ed30a31d17d0",
	"9e8f7cb2-f432-414a-8221-2ebd6587511f",
	"76c6f883-885e-4103-a2b4-b723085ffc96",
	'!=');
INSERT INTO V_VAL
	VALUES ("9e8f7cb2-f432-414a-8221-2ebd6587511f",
	0,
	0,
	313,
	16,
	24,
	0,
	0,
	0,
	0,
	"ba5eda7a-def5-0000-0000-000000000004",
	"1419f51f-5aa1-4d3f-bbc3-2570191c85cc");
INSERT INTO V_LST
	VALUES ("9e8f7cb2-f432-414a-8221-2ebd6587511f",
	'Lockport');
INSERT INTO V_VAL
	VALUES ("f40eab37-6786-4792-854a-cf7cf00d21b5",
	0,
	0,
	324,
	55,
	-1,
	0,
	0,
	0,
	0,
	"ba5eda7a-def5-0000-0000-000000000008",
	"1419f51f-5aa1-4d3f-bbc3-2570191c85cc");
INSERT INTO V_SLR
	VALUES ("f40eab37-6786-4792-854a-cf7cf00d21b5",
	"00000000-0000-0000-0000-000000000000",
	"00000000-0000-0000-0000-000000000000",
	"00000000-0000-0000-0000-000000000000");
INSERT INTO V_VAL
	VALUES ("0f6a6153-f94b-4854-a3b2-4beaafab0fbf",
	0,
	0,
	324,
	64,
	64,
	0,
	0,
	0,
	0,
	"ba5eda7a-def5-0000-0000-000000000004",
	"1419f51f-5aa1-4d3f-bbc3-2570191c85cc");
INSERT INTO V_AVL
	VALUES ("0f6a6153-f94b-4854-a3b2-4beaafab0fbf",
	"f40eab37-6786-4792-854a-cf7cf00d21b5",
	"7f36c39d-4387-48b0-81be-bd38a72789eb",
	"663f234e-99d6-4998-904f-0b1e9203d030");
INSERT INTO V_VAL
	VALUES ("8a453e1f-f573-4413-9b46-157b2c0df2f7",
	0,
	0,
	324,
	64,
	72,
	0,
	0,
	0,
	0,
	"ba5eda7a-def5-0000-0000-000000000001",
	"1419f51f-5aa1-4d3f-bbc3-2570191c85cc");
INSERT INTO V_BIN
	VALUES ("8a453e1f-f573-4413-9b46-157b2c0df2f7",
	"9d9ddcc3-ce11-4ca9-b3c0-2bfc6beac4e2",
	"0f6a6153-f94b-4854-a3b2-4beaafab0fbf",
	'==');
INSERT INTO V_VAL
	VALUES ("9d9ddcc3-ce11-4ca9-b3c0-2bfc6beac4e2",
	0,
	0,
	324,
	69,
	72,
	0,
	0,
	0,
	0,
	"ba5eda7a-def5-0000-0000-000000000004",
	"1419f51f-5aa1-4d3f-bbc3-2570191c85cc");
INSERT INTO V_LST
	VALUES ("9d9ddcc3-ce11-4ca9-b3c0-2bfc6beac4e2",
	'Rox');
INSERT INTO V_VAL
	VALUES ("d0582dde-aa83-4b50-b2a3-c2b5ac8a3e5f",
	0,
	0,
	325,
	27,
	27,
	0,
	0,
	0,
	0,
	"ba5eda7a-def5-0000-0000-000000000008",
	"1419f51f-5aa1-4d3f-bbc3-2570191c85cc");
INSERT INTO V_IRF
	VALUES ("d0582dde-aa83-4b50-b2a3-c2b5ac8a3e5f",
	"3a63ef99-bb80-4b6e-aa98-557076baddae");
INSERT INTO V_VAL
	VALUES ("a5bb35ec-0741-4c83-a24c-2fc0a57f7ae6",
	0,
	0,
	326,
	18,
	19,
	0,
	0,
	0,
	0,
	"ba5eda7a-def5-0000-0000-000000000009",
	"1419f51f-5aa1-4d3f-bbc3-2570191c85cc");
INSERT INTO V_ISR
	VALUES ("a5bb35ec-0741-4c83-a24c-2fc0a57f7ae6",
	"6fbef6fb-e997-441f-a28b-83a658e2399f");
INSERT INTO V_VAL
	VALUES ("aad79274-625a-4da1-abf5-fe0437d7f424",
	0,
	0,
	-1,
	-1,
	-1,
	0,
	0,
	0,
	0,
	"ba5eda7a-def5-0000-0000-000000000002",
	"1419f51f-5aa1-4d3f-bbc3-2570191c85cc");
INSERT INTO V_UNY
	VALUES ("aad79274-625a-4da1-abf5-fe0437d7f424",
	"a5bb35ec-0741-4c83-a24c-2fc0a57f7ae6",
	'cardinality');
INSERT INTO V_VAL
	VALUES ("79acde3c-74e8-4473-90cf-b81826218cf3",
	0,
	0,
	-1,
	-1,
	-1,
	0,
	0,
	0,
	0,
	"ba5eda7a-def5-0000-0000-000000000001",
	"1419f51f-5aa1-4d3f-bbc3-2570191c85cc");
INSERT INTO V_BIN
	VALUES ("79acde3c-74e8-4473-90cf-b81826218cf3",
	"741a3479-1f74-4e13-b3d1-4d1b06bff096",
	"aad79274-625a-4da1-abf5-fe0437d7f424",
	'!=');
INSERT INTO V_VAL
	VALUES ("741a3479-1f74-4e13-b3d1-4d1b06bff096",
	0,
	0,
	326,
	24,
	24,
	0,
	0,
	0,
	0,
	"ba5eda7a-def5-0000-0000-000000000002",
	"1419f51f-5aa1-4d3f-bbc3-2570191c85cc");
INSERT INTO V_LIN
	VALUES ("741a3479-1f74-4e13-b3d1-4d1b06bff096",
	'2');
INSERT INTO V_VAL
	VALUES ("d8fbfca2-d379-44ea-89f1-bf393623d8ca",
	0,
	0,
	338,
	53,
	-1,
	0,
	0,
	0,
	0,
	"ba5eda7a-def5-0000-0000-000000000008",
	"1419f51f-5aa1-4d3f-bbc3-2570191c85cc");
INSERT INTO V_SLR
	VALUES ("d8fbfca2-d379-44ea-89f1-bf393623d8ca",
	"00000000-0000-0000-0000-000000000000",
	"00000000-0000-0000-0000-000000000000",
	"00000000-0000-0000-0000-000000000000");
INSERT INTO V_VAL
	VALUES ("6562fb62-c510-4703-a736-ffce4db3ad59",
	0,
	0,
	338,
	62,
	62,
	0,
	0,
	0,
	0,
	"ba5eda7a-def5-0000-0000-000000000004",
	"1419f51f-5aa1-4d3f-bbc3-2570191c85cc");
INSERT INTO V_AVL
	VALUES ("6562fb62-c510-4703-a736-ffce4db3ad59",
	"d8fbfca2-d379-44ea-89f1-bf393623d8ca",
	"9de905e1-46fc-4263-835c-6063781f6921",
	"57ba0a08-966b-4f77-a94b-28311596fe9b");
INSERT INTO V_VAL
	VALUES ("6c64bd6b-fd2d-4e34-b903-160284eabed6",
	0,
	0,
	338,
	62,
	74,
	0,
	0,
	0,
	0,
	"ba5eda7a-def5-0000-0000-000000000001",
	"1419f51f-5aa1-4d3f-bbc3-2570191c85cc");
INSERT INTO V_BIN
	VALUES ("6c64bd6b-fd2d-4e34-b903-160284eabed6",
	"d75c0f28-8a68-4e06-a029-6f98de1e70f6",
	"6562fb62-c510-4703-a736-ffce4db3ad59",
	'==');
INSERT INTO V_VAL
	VALUES ("d75c0f28-8a68-4e06-a029-6f98de1e70f6",
	0,
	0,
	338,
	67,
	74,
	0,
	0,
	0,
	0,
	"ba5eda7a-def5-0000-0000-000000000004",
	"1419f51f-5aa1-4d3f-bbc3-2570191c85cc");
INSERT INTO V_LST
	VALUES ("d75c0f28-8a68-4e06-a029-6f98de1e70f6",
	'Katrina');
INSERT INTO V_VAL
	VALUES ("e87c7f43-1e4a-47c4-bd63-9f6626577fba",
	0,
	0,
	339,
	25,
	25,
	0,
	0,
	0,
	0,
	"ba5eda7a-def5-0000-0000-000000000008",
	"1419f51f-5aa1-4d3f-bbc3-2570191c85cc");
INSERT INTO V_IRF
	VALUES ("e87c7f43-1e4a-47c4-bd63-9f6626577fba",
	"a63cbe2a-4b9a-4f2e-8e2a-b2b4d57f40ff");
INSERT INTO V_VAL
	VALUES ("3fca4049-d5ab-44fd-a357-51ddf393d5d5",
	0,
	0,
	340,
	25,
	25,
	0,
	0,
	0,
	0,
	"ba5eda7a-def5-0000-0000-000000000008",
	"1419f51f-5aa1-4d3f-bbc3-2570191c85cc");
INSERT INTO V_IRF
	VALUES ("3fca4049-d5ab-44fd-a357-51ddf393d5d5",
	"3a63ef99-bb80-4b6e-aa98-557076baddae");
INSERT INTO V_VAL
	VALUES ("c4cb9324-95a4-4225-9850-5689049daed9",
	0,
	0,
	340,
	48,
	-1,
	0,
	0,
	0,
	0,
	"ba5eda7a-def5-0000-0000-000000000008",
	"1419f51f-5aa1-4d3f-bbc3-2570191c85cc");
INSERT INTO V_SLR
	VALUES ("c4cb9324-95a4-4225-9850-5689049daed9",
	"00000000-0000-0000-0000-000000000000",
	"00000000-0000-0000-0000-000000000000",
	"00000000-0000-0000-0000-000000000000");
INSERT INTO V_VAL
	VALUES ("02da8545-19a6-4201-aec1-5becf5f7c520",
	0,
	0,
	340,
	57,
	57,
	0,
	0,
	0,
	0,
	"ba5eda7a-def5-0000-0000-000000000004",
	"1419f51f-5aa1-4d3f-bbc3-2570191c85cc");
INSERT INTO V_AVL
	VALUES ("02da8545-19a6-4201-aec1-5becf5f7c520",
	"c4cb9324-95a4-4225-9850-5689049daed9",
	"7f6f388d-edba-4bfb-b83c-533ee6906124",
	"aafed48c-0ed9-4817-81b8-fbd9965ebb09");
INSERT INTO V_VAL
	VALUES ("3cbfc08f-9c83-43d9-98a2-1c0ecf59801f",
	0,
	0,
	340,
	57,
	65,
	0,
	0,
	0,
	0,
	"ba5eda7a-def5-0000-0000-000000000001",
	"1419f51f-5aa1-4d3f-bbc3-2570191c85cc");
INSERT INTO V_BIN
	VALUES ("3cbfc08f-9c83-43d9-98a2-1c0ecf59801f",
	"5160ba23-d873-41a2-afe7-da178154faf4",
	"02da8545-19a6-4201-aec1-5becf5f7c520",
	'==');
INSERT INTO V_VAL
	VALUES ("5160ba23-d873-41a2-afe7-da178154faf4",
	0,
	0,
	340,
	62,
	65,
	0,
	0,
	0,
	0,
	"ba5eda7a-def5-0000-0000-000000000004",
	"1419f51f-5aa1-4d3f-bbc3-2570191c85cc");
INSERT INTO V_LST
	VALUES ("5160ba23-d873-41a2-afe7-da178154faf4",
	'Aug');
INSERT INTO V_VAL
	VALUES ("2fb9248e-5f57-4173-9fd1-a71180f1669e",
	0,
	0,
	341,
	12,
	12,
	0,
	0,
	0,
	0,
	"ba5eda7a-def5-0000-0000-000000000008",
	"1419f51f-5aa1-4d3f-bbc3-2570191c85cc");
INSERT INTO V_IRF
	VALUES ("2fb9248e-5f57-4173-9fd1-a71180f1669e",
	"9507e9e2-1f5b-4e98-841e-7bc0e9e226c1");
INSERT INTO V_VAL
	VALUES ("cfff60b7-7d0b-4066-99da-55e8923563b4",
	0,
	0,
	-1,
	-1,
	-1,
	0,
	0,
	0,
	0,
	"ba5eda7a-def5-0000-0000-000000000001",
	"1419f51f-5aa1-4d3f-bbc3-2570191c85cc");
INSERT INTO V_UNY
	VALUES ("cfff60b7-7d0b-4066-99da-55e8923563b4",
	"2fb9248e-5f57-4173-9fd1-a71180f1669e",
	'empty');
INSERT INTO V_VAL
	VALUES ("f41dc8f0-e1fe-4824-9446-f3677b56faba",
	0,
	0,
	352,
	47,
	-1,
	0,
	0,
	0,
	0,
	"ba5eda7a-def5-0000-0000-000000000008",
	"1419f51f-5aa1-4d3f-bbc3-2570191c85cc");
INSERT INTO V_SLR
	VALUES ("f41dc8f0-e1fe-4824-9446-f3677b56faba",
	"00000000-0000-0000-0000-000000000000",
	"00000000-0000-0000-0000-000000000000",
	"00000000-0000-0000-0000-000000000000");
INSERT INTO V_VAL
	VALUES ("2fc66aa7-0939-489f-b4d4-5bb5f9c04f25",
	0,
	0,
	352,
	56,
	59,
	0,
	0,
	0,
	0,
	"ba5eda7a-def5-0000-0000-000000000004",
	"1419f51f-5aa1-4d3f-bbc3-2570191c85cc");
INSERT INTO V_AVL
	VALUES ("2fc66aa7-0939-489f-b4d4-5bb5f9c04f25",
	"f41dc8f0-e1fe-4824-9446-f3677b56faba",
	"16f7cfb9-3145-4027-8b3a-13a0b9770ae3",
	"511a2f25-ac39-40ca-8751-6d3e31a61852");
INSERT INTO V_VAL
	VALUES ("4e8755bf-c51a-4db9-b98c-3dd46558f70f",
	0,
	0,
	352,
	56,
	67,
	0,
	0,
	0,
	0,
	"ba5eda7a-def5-0000-0000-000000000001",
	"1419f51f-5aa1-4d3f-bbc3-2570191c85cc");
INSERT INTO V_BIN
	VALUES ("4e8755bf-c51a-4db9-b98c-3dd46558f70f",
	"9f14bcf7-9f00-4200-b13c-d59666bcaedd",
	"2fc66aa7-0939-489f-b4d4-5bb5f9c04f25",
	'==');
INSERT INTO V_VAL
	VALUES ("9f14bcf7-9f00-4200-b13c-d59666bcaedd",
	0,
	0,
	352,
	64,
	67,
	0,
	0,
	0,
	0,
	"ba5eda7a-def5-0000-0000-000000000004",
	"1419f51f-5aa1-4d3f-bbc3-2570191c85cc");
INSERT INTO V_LST
	VALUES ("9f14bcf7-9f00-4200-b13c-d59666bcaedd",
	'Rox');
INSERT INTO V_VAL
	VALUES ("e2943d02-e387-4b32-a052-42cc824757ff",
	0,
	0,
	353,
	31,
	31,
	0,
	0,
	0,
	0,
	"ba5eda7a-def5-0000-0000-000000000008",
	"1419f51f-5aa1-4d3f-bbc3-2570191c85cc");
INSERT INTO V_IRF
	VALUES ("e2943d02-e387-4b32-a052-42cc824757ff",
	"80cb842e-1c2b-4dee-b3c9-5ad1be9b39b3");
INSERT INTO V_VAL
	VALUES ("3e046052-8fa1-445d-a4d4-137a8cc48a63",
	0,
	0,
	354,
	6,
	12,
	0,
	0,
	0,
	0,
	"ba5eda7a-def5-0000-0000-000000000008",
	"1419f51f-5aa1-4d3f-bbc3-2570191c85cc");
INSERT INTO V_IRF
	VALUES ("3e046052-8fa1-445d-a4d4-137a8cc48a63",
	"635ec44a-3b4a-4a4e-8e45-4c70b6fa36d1");
INSERT INTO V_VAL
	VALUES ("4e119960-2898-45e6-987b-29367e67c3f5",
	0,
	0,
	354,
	14,
	17,
	0,
	0,
	0,
	0,
	"ba5eda7a-def5-0000-0000-000000000004",
	"1419f51f-5aa1-4d3f-bbc3-2570191c85cc");
INSERT INTO V_AVL
	VALUES ("4e119960-2898-45e6-987b-29367e67c3f5",
	"3e046052-8fa1-445d-a4d4-137a8cc48a63",
	"16f7cfb9-3145-4027-8b3a-13a0b9770ae3",
	"511a2f25-ac39-40ca-8751-6d3e31a61852");
INSERT INTO V_VAL
	VALUES ("d319ed0d-61bb-46c6-8a8c-d5b3325db024",
	0,
	0,
	354,
	14,
	26,
	0,
	0,
	0,
	0,
	"ba5eda7a-def5-0000-0000-000000000001",
	"1419f51f-5aa1-4d3f-bbc3-2570191c85cc");
INSERT INTO V_BIN
	VALUES ("d319ed0d-61bb-46c6-8a8c-d5b3325db024",
	"f3950a7a-4a6d-4229-a182-637909094e03",
	"4e119960-2898-45e6-987b-29367e67c3f5",
	'!=');
INSERT INTO V_VAL
	VALUES ("f3950a7a-4a6d-4229-a182-637909094e03",
	0,
	0,
	354,
	22,
	26,
	0,
	0,
	0,
	0,
	"ba5eda7a-def5-0000-0000-000000000004",
	"1419f51f-5aa1-4d3f-bbc3-2570191c85cc");
INSERT INTO V_LST
	VALUES ("f3950a7a-4a6d-4229-a182-637909094e03",
	'Cort');
INSERT INTO V_VAL
	VALUES ("0c83269f-1a5e-43ce-99c9-b67bcb7efb04",
	0,
	0,
	357,
	47,
	-1,
	0,
	0,
	0,
	0,
	"ba5eda7a-def5-0000-0000-000000000008",
	"1419f51f-5aa1-4d3f-bbc3-2570191c85cc");
INSERT INTO V_SLR
	VALUES ("0c83269f-1a5e-43ce-99c9-b67bcb7efb04",
	"00000000-0000-0000-0000-000000000000",
	"00000000-0000-0000-0000-000000000000",
	"00000000-0000-0000-0000-000000000000");
INSERT INTO V_VAL
	VALUES ("c60dc8fe-bf5f-4b77-85e8-8d69fa0ddb66",
	0,
	0,
	357,
	56,
	59,
	0,
	0,
	0,
	0,
	"ba5eda7a-def5-0000-0000-000000000004",
	"1419f51f-5aa1-4d3f-bbc3-2570191c85cc");
INSERT INTO V_AVL
	VALUES ("c60dc8fe-bf5f-4b77-85e8-8d69fa0ddb66",
	"0c83269f-1a5e-43ce-99c9-b67bcb7efb04",
	"16f7cfb9-3145-4027-8b3a-13a0b9770ae3",
	"511a2f25-ac39-40ca-8751-6d3e31a61852");
INSERT INTO V_VAL
	VALUES ("3d71042f-005b-4ce6-a01b-ade4281de4cd",
	0,
	0,
	357,
	56,
	70,
	0,
	0,
	0,
	0,
	"ba5eda7a-def5-0000-0000-000000000001",
	"1419f51f-5aa1-4d3f-bbc3-2570191c85cc");
INSERT INTO V_BIN
	VALUES ("3d71042f-005b-4ce6-a01b-ade4281de4cd",
	"e0d72e81-3ef8-4345-9c82-9ab7b80e536f",
	"c60dc8fe-bf5f-4b77-85e8-8d69fa0ddb66",
	'==');
INSERT INTO V_VAL
	VALUES ("e0d72e81-3ef8-4345-9c82-9ab7b80e536f",
	0,
	0,
	357,
	64,
	70,
	0,
	0,
	0,
	0,
	"ba5eda7a-def5-0000-0000-000000000004",
	"1419f51f-5aa1-4d3f-bbc3-2570191c85cc");
INSERT INTO V_LST
	VALUES ("e0d72e81-3ef8-4345-9c82-9ab7b80e536f",
	'Jacqui');
INSERT INTO V_VAL
	VALUES ("c495ffd9-2f28-4f5a-aa17-55f54f306abd",
	0,
	0,
	358,
	31,
	31,
	0,
	0,
	0,
	0,
	"ba5eda7a-def5-0000-0000-000000000008",
	"1419f51f-5aa1-4d3f-bbc3-2570191c85cc");
INSERT INTO V_IRF
	VALUES ("c495ffd9-2f28-4f5a-aa17-55f54f306abd",
	"80cb842e-1c2b-4dee-b3c9-5ad1be9b39b3");
INSERT INTO V_VAL
	VALUES ("3b940ed0-e529-4d66-94c2-b2d0077ae4e6",
	0,
	0,
	359,
	6,
	12,
	0,
	0,
	0,
	0,
	"ba5eda7a-def5-0000-0000-000000000008",
	"1419f51f-5aa1-4d3f-bbc3-2570191c85cc");
INSERT INTO V_IRF
	VALUES ("3b940ed0-e529-4d66-94c2-b2d0077ae4e6",
	"635ec44a-3b4a-4a4e-8e45-4c70b6fa36d1");
INSERT INTO V_VAL
	VALUES ("dbefb530-98ab-4a6d-b993-d36cb31e73f6",
	0,
	0,
	359,
	14,
	17,
	0,
	0,
	0,
	0,
	"ba5eda7a-def5-0000-0000-000000000004",
	"1419f51f-5aa1-4d3f-bbc3-2570191c85cc");
INSERT INTO V_AVL
	VALUES ("dbefb530-98ab-4a6d-b993-d36cb31e73f6",
	"3b940ed0-e529-4d66-94c2-b2d0077ae4e6",
	"16f7cfb9-3145-4027-8b3a-13a0b9770ae3",
	"511a2f25-ac39-40ca-8751-6d3e31a61852");
INSERT INTO V_VAL
	VALUES ("5d1c90d7-d0b0-403c-811f-82f6e534cc7b",
	0,
	0,
	359,
	14,
	26,
	0,
	0,
	0,
	0,
	"ba5eda7a-def5-0000-0000-000000000001",
	"1419f51f-5aa1-4d3f-bbc3-2570191c85cc");
INSERT INTO V_BIN
	VALUES ("5d1c90d7-d0b0-403c-811f-82f6e534cc7b",
	"7a6d41b1-fad4-4eb4-bdc6-4b3ab08fbf46",
	"dbefb530-98ab-4a6d-b993-d36cb31e73f6",
	'!=');
INSERT INTO V_VAL
	VALUES ("7a6d41b1-fad4-4eb4-bdc6-4b3ab08fbf46",
	0,
	0,
	359,
	22,
	26,
	0,
	0,
	0,
	0,
	"ba5eda7a-def5-0000-0000-000000000004",
	"1419f51f-5aa1-4d3f-bbc3-2570191c85cc");
INSERT INTO V_LST
	VALUES ("7a6d41b1-fad4-4eb4-bdc6-4b3ab08fbf46",
	'Sean');
INSERT INTO V_VAL
	VALUES ("b772def7-15f4-40c7-9835-c2fb1c40ea81",
	0,
	0,
	362,
	49,
	-1,
	0,
	0,
	0,
	0,
	"ba5eda7a-def5-0000-0000-000000000008",
	"1419f51f-5aa1-4d3f-bbc3-2570191c85cc");
INSERT INTO V_SLR
	VALUES ("b772def7-15f4-40c7-9835-c2fb1c40ea81",
	"00000000-0000-0000-0000-000000000000",
	"00000000-0000-0000-0000-000000000000",
	"00000000-0000-0000-0000-000000000000");
INSERT INTO V_VAL
	VALUES ("893b8f7b-5c94-4a5e-9118-57f3fb03322a",
	0,
	0,
	362,
	58,
	61,
	0,
	0,
	0,
	0,
	"ba5eda7a-def5-0000-0000-000000000004",
	"1419f51f-5aa1-4d3f-bbc3-2570191c85cc");
INSERT INTO V_AVL
	VALUES ("893b8f7b-5c94-4a5e-9118-57f3fb03322a",
	"b772def7-15f4-40c7-9835-c2fb1c40ea81",
	"16f7cfb9-3145-4027-8b3a-13a0b9770ae3",
	"511a2f25-ac39-40ca-8751-6d3e31a61852");
INSERT INTO V_VAL
	VALUES ("6869f48a-f8dd-4399-a4fc-fa220e8c376b",
	0,
	0,
	362,
	58,
	70,
	0,
	0,
	0,
	0,
	"ba5eda7a-def5-0000-0000-000000000001",
	"1419f51f-5aa1-4d3f-bbc3-2570191c85cc");
INSERT INTO V_BIN
	VALUES ("6869f48a-f8dd-4399-a4fc-fa220e8c376b",
	"5610da80-924e-46cd-83ed-1eb9525769b2",
	"893b8f7b-5c94-4a5e-9118-57f3fb03322a",
	'==');
INSERT INTO V_VAL
	VALUES ("5610da80-924e-46cd-83ed-1eb9525769b2",
	0,
	0,
	362,
	66,
	70,
	0,
	0,
	0,
	0,
	"ba5eda7a-def5-0000-0000-000000000004",
	"1419f51f-5aa1-4d3f-bbc3-2570191c85cc");
INSERT INTO V_LST
	VALUES ("5610da80-924e-46cd-83ed-1eb9525769b2",
	'Cort');
INSERT INTO V_VAL
	VALUES ("99e1b25b-03be-460f-9c6d-67c30093dfc1",
	0,
	0,
	363,
	28,
	30,
	0,
	0,
	0,
	0,
	"ba5eda7a-def5-0000-0000-000000000008",
	"1419f51f-5aa1-4d3f-bbc3-2570191c85cc");
INSERT INTO V_IRF
	VALUES ("99e1b25b-03be-460f-9c6d-67c30093dfc1",
	"9dcb0181-0b2d-4c26-9943-87ad0b1ef443");
INSERT INTO V_VAL
	VALUES ("5da77be4-ac0c-4e4e-9e5b-90e5a66338e6",
	0,
	0,
	364,
	6,
	9,
	0,
	0,
	0,
	0,
	"ba5eda7a-def5-0000-0000-000000000008",
	"1419f51f-5aa1-4d3f-bbc3-2570191c85cc");
INSERT INTO V_IRF
	VALUES ("5da77be4-ac0c-4e4e-9e5b-90e5a66338e6",
	"7b181940-fa35-41cd-b919-e56a7cc8a85a");
INSERT INTO V_VAL
	VALUES ("6b80e97f-e378-4fc5-bfe9-ba459269a7e0",
	0,
	0,
	364,
	11,
	14,
	0,
	0,
	0,
	0,
	"ba5eda7a-def5-0000-0000-000000000004",
	"1419f51f-5aa1-4d3f-bbc3-2570191c85cc");
INSERT INTO V_AVL
	VALUES ("6b80e97f-e378-4fc5-bfe9-ba459269a7e0",
	"5da77be4-ac0c-4e4e-9e5b-90e5a66338e6",
	"16f7cfb9-3145-4027-8b3a-13a0b9770ae3",
	"511a2f25-ac39-40ca-8751-6d3e31a61852");
INSERT INTO V_VAL
	VALUES ("f74c592f-d084-44ca-ae9f-c1067e1aa58b",
	0,
	0,
	364,
	11,
	22,
	0,
	0,
	0,
	0,
	"ba5eda7a-def5-0000-0000-000000000001",
	"1419f51f-5aa1-4d3f-bbc3-2570191c85cc");
INSERT INTO V_BIN
	VALUES ("f74c592f-d084-44ca-ae9f-c1067e1aa58b",
	"7dca7c2e-e128-4aad-8650-5066f55b94ad",
	"6b80e97f-e378-4fc5-bfe9-ba459269a7e0",
	'!=');
INSERT INTO V_VAL
	VALUES ("7dca7c2e-e128-4aad-8650-5066f55b94ad",
	0,
	0,
	364,
	19,
	22,
	0,
	0,
	0,
	0,
	"ba5eda7a-def5-0000-0000-000000000004",
	"1419f51f-5aa1-4d3f-bbc3-2570191c85cc");
INSERT INTO V_LST
	VALUES ("7dca7c2e-e128-4aad-8650-5066f55b94ad",
	'Rox');
INSERT INTO V_VAL
	VALUES ("f2661d42-8592-496e-bf3c-2d43cfa8669f",
	0,
	0,
	367,
	49,
	-1,
	0,
	0,
	0,
	0,
	"ba5eda7a-def5-0000-0000-000000000008",
	"1419f51f-5aa1-4d3f-bbc3-2570191c85cc");
INSERT INTO V_SLR
	VALUES ("f2661d42-8592-496e-bf3c-2d43cfa8669f",
	"00000000-0000-0000-0000-000000000000",
	"00000000-0000-0000-0000-000000000000",
	"00000000-0000-0000-0000-000000000000");
INSERT INTO V_VAL
	VALUES ("e89f3c55-29b6-4ca5-9c63-c5c3c402f9d4",
	0,
	0,
	367,
	58,
	61,
	0,
	0,
	0,
	0,
	"ba5eda7a-def5-0000-0000-000000000002",
	"1419f51f-5aa1-4d3f-bbc3-2570191c85cc");
INSERT INTO V_AVL
	VALUES ("e89f3c55-29b6-4ca5-9c63-c5c3c402f9d4",
	"f2661d42-8592-496e-bf3c-2d43cfa8669f",
	"1303c58a-6a69-454d-8f4f-63a4c1d6bab1",
	"d82a0411-ea07-4bdb-a865-d30a24d46f09");
INSERT INTO V_VAL
	VALUES ("864819aa-1a27-46d2-9fe1-456a6dc391e8",
	0,
	0,
	367,
	58,
	69,
	0,
	0,
	0,
	0,
	"ba5eda7a-def5-0000-0000-000000000001",
	"1419f51f-5aa1-4d3f-bbc3-2570191c85cc");
INSERT INTO V_BIN
	VALUES ("864819aa-1a27-46d2-9fe1-456a6dc391e8",
	"ee256bc1-d7e9-4e62-86c7-de4254a806f4",
	"e89f3c55-29b6-4ca5-9c63-c5c3c402f9d4",
	'==');
INSERT INTO V_VAL
	VALUES ("ee256bc1-d7e9-4e62-86c7-de4254a806f4",
	0,
	0,
	367,
	66,
	69,
	0,
	0,
	0,
	0,
	"ba5eda7a-def5-0000-0000-000000000002",
	"1419f51f-5aa1-4d3f-bbc3-2570191c85cc");
INSERT INTO V_LIN
	VALUES ("ee256bc1-d7e9-4e62-86c7-de4254a806f4",
	'1988');
INSERT INTO V_VAL
	VALUES ("50c0e89b-8abe-48f5-badc-7374d000a4bb",
	0,
	0,
	368,
	8,
	8,
	0,
	0,
	0,
	0,
	"ba5eda7a-def5-0000-0000-000000000008",
	"1419f51f-5aa1-4d3f-bbc3-2570191c85cc");
INSERT INTO V_IRF
	VALUES ("50c0e89b-8abe-48f5-badc-7374d000a4bb",
	"1dfffbc9-e6a3-4a15-a8ca-3dc8fe4d41dc");
INSERT INTO V_VAL
	VALUES ("a4452238-3aaa-4480-a681-1c63d4445a09",
	0,
	0,
	368,
	10,
	16,
	0,
	0,
	0,
	0,
	"ba5eda7a-def5-0000-0000-000000000004",
	"1419f51f-5aa1-4d3f-bbc3-2570191c85cc");
INSERT INTO V_AVL
	VALUES ("a4452238-3aaa-4480-a681-1c63d4445a09",
	"50c0e89b-8abe-48f5-badc-7374d000a4bb",
	"1303c58a-6a69-454d-8f4f-63a4c1d6bab1",
	"01b086d5-2097-425a-a7d4-13d3fcfa16a7");
INSERT INTO V_VAL
	VALUES ("a8b79776-5837-439d-82a3-775b5e078060",
	0,
	0,
	368,
	10,
	25,
	0,
	0,
	0,
	0,
	"ba5eda7a-def5-0000-0000-000000000001",
	"1419f51f-5aa1-4d3f-bbc3-2570191c85cc");
INSERT INTO V_BIN
	VALUES ("a8b79776-5837-439d-82a3-775b5e078060",
	"5a0fc8e5-9fcc-4884-b185-48fad50ce96f",
	"a4452238-3aaa-4480-a681-1c63d4445a09",
	'!=');
INSERT INTO V_VAL
	VALUES ("5a0fc8e5-9fcc-4884-b185-48fad50ce96f",
	0,
	0,
	368,
	21,
	25,
	0,
	0,
	0,
	0,
	"ba5eda7a-def5-0000-0000-000000000004",
	"1419f51f-5aa1-4d3f-bbc3-2570191c85cc");
INSERT INTO V_LST
	VALUES ("5a0fc8e5-9fcc-4884-b185-48fad50ce96f",
	'Cort');
INSERT INTO V_VAL
	VALUES ("06839033-d31c-4ef8-8093-e87ebbd3b346",
	0,
	0,
	368,
	35,
	35,
	0,
	0,
	0,
	0,
	"ba5eda7a-def5-0000-0000-000000000008",
	"1419f51f-5aa1-4d3f-bbc3-2570191c85cc");
INSERT INTO V_IRF
	VALUES ("06839033-d31c-4ef8-8093-e87ebbd3b346",
	"1dfffbc9-e6a3-4a15-a8ca-3dc8fe4d41dc");
INSERT INTO V_VAL
	VALUES ("f0dc2037-8b70-46e0-8397-3646ed5140b4",
	0,
	0,
	368,
	37,
	40,
	0,
	0,
	0,
	0,
	"ba5eda7a-def5-0000-0000-000000000004",
	"1419f51f-5aa1-4d3f-bbc3-2570191c85cc");
INSERT INTO V_AVL
	VALUES ("f0dc2037-8b70-46e0-8397-3646ed5140b4",
	"06839033-d31c-4ef8-8093-e87ebbd3b346",
	"1303c58a-6a69-454d-8f4f-63a4c1d6bab1",
	"c3fd110b-161f-440d-8763-23cd544d1e6c");
INSERT INTO V_VAL
	VALUES ("2b6921e8-8cea-4c09-8919-1c87840f21a5",
	0,
	0,
	368,
	37,
	48,
	0,
	0,
	0,
	0,
	"ba5eda7a-def5-0000-0000-000000000001",
	"1419f51f-5aa1-4d3f-bbc3-2570191c85cc");
INSERT INTO V_BIN
	VALUES ("2b6921e8-8cea-4c09-8919-1c87840f21a5",
	"3f633e58-bd4b-4da5-aedb-d91cbb203d64",
	"f0dc2037-8b70-46e0-8397-3646ed5140b4",
	'!=');
INSERT INTO V_VAL
	VALUES ("3f633e58-bd4b-4da5-aedb-d91cbb203d64",
	0,
	0,
	368,
	45,
	48,
	0,
	0,
	0,
	0,
	"ba5eda7a-def5-0000-0000-000000000004",
	"1419f51f-5aa1-4d3f-bbc3-2570191c85cc");
INSERT INTO V_LST
	VALUES ("3f633e58-bd4b-4da5-aedb-d91cbb203d64",
	'Rox');
INSERT INTO V_VAL
	VALUES ("f041a715-630a-45f8-833e-3e069acc4feb",
	0,
	0,
	368,
	10,
	48,
	0,
	0,
	0,
	0,
	"ba5eda7a-def5-0000-0000-000000000001",
	"1419f51f-5aa1-4d3f-bbc3-2570191c85cc");
INSERT INTO V_BIN
	VALUES ("f041a715-630a-45f8-833e-3e069acc4feb",
	"2b6921e8-8cea-4c09-8919-1c87840f21a5",
	"a8b79776-5837-439d-82a3-775b5e078060",
	'or');
INSERT INTO V_VAL
	VALUES ("9b89c048-ce80-4861-b7e8-9b50890dd3ac",
	0,
	0,
	375,
	47,
	-1,
	0,
	0,
	0,
	0,
	"ba5eda7a-def5-0000-0000-000000000008",
	"1419f51f-5aa1-4d3f-bbc3-2570191c85cc");
INSERT INTO V_SLR
	VALUES ("9b89c048-ce80-4861-b7e8-9b50890dd3ac",
	"00000000-0000-0000-0000-000000000000",
	"00000000-0000-0000-0000-000000000000",
	"00000000-0000-0000-0000-000000000000");
INSERT INTO V_VAL
	VALUES ("3a1007e8-17ad-4c98-a61b-50784d1742f1",
	0,
	0,
	375,
	56,
	59,
	0,
	0,
	0,
	0,
	"ba5eda7a-def5-0000-0000-000000000004",
	"1419f51f-5aa1-4d3f-bbc3-2570191c85cc");
INSERT INTO V_AVL
	VALUES ("3a1007e8-17ad-4c98-a61b-50784d1742f1",
	"9b89c048-ce80-4861-b7e8-9b50890dd3ac",
	"37232c72-a7ed-4c17-9fbc-5129fd3a4bae",
	"64e19701-0996-441a-b9ba-2eb09f2e9101");
INSERT INTO V_VAL
	VALUES ("01e1b6bc-969e-4caf-8703-e96327eb5dd1",
	0,
	0,
	375,
	56,
	68,
	0,
	0,
	0,
	0,
	"ba5eda7a-def5-0000-0000-000000000001",
	"1419f51f-5aa1-4d3f-bbc3-2570191c85cc");
INSERT INTO V_BIN
	VALUES ("01e1b6bc-969e-4caf-8703-e96327eb5dd1",
	"c5e76715-6bda-4e80-8fb9-c2067d25e940",
	"3a1007e8-17ad-4c98-a61b-50784d1742f1",
	'==');
INSERT INTO V_VAL
	VALUES ("c5e76715-6bda-4e80-8fb9-c2067d25e940",
	0,
	0,
	375,
	64,
	68,
	0,
	0,
	0,
	0,
	"ba5eda7a-def5-0000-0000-000000000004",
	"1419f51f-5aa1-4d3f-bbc3-2570191c85cc");
INSERT INTO V_LST
	VALUES ("c5e76715-6bda-4e80-8fb9-c2067d25e940",
	'Cort');
INSERT INTO V_VAL
	VALUES ("cade0084-c051-4799-b077-98fff2d40596",
	0,
	0,
	376,
	12,
	12,
	0,
	0,
	0,
	0,
	"ba5eda7a-def5-0000-0000-000000000008",
	"1419f51f-5aa1-4d3f-bbc3-2570191c85cc");
INSERT INTO V_IRF
	VALUES ("cade0084-c051-4799-b077-98fff2d40596",
	"6991e698-d1ea-4716-88b2-07de3aae09c5");
INSERT INTO V_VAL
	VALUES ("c28350d2-482d-4c7e-8027-ae96df5b3d44",
	0,
	0,
	-1,
	-1,
	-1,
	0,
	0,
	0,
	0,
	"ba5eda7a-def5-0000-0000-000000000001",
	"1419f51f-5aa1-4d3f-bbc3-2570191c85cc");
INSERT INTO V_UNY
	VALUES ("c28350d2-482d-4c7e-8027-ae96df5b3d44",
	"cade0084-c051-4799-b077-98fff2d40596",
	'empty');
INSERT INTO V_VAL
	VALUES ("4e1cce44-edb3-4820-b188-f3461223b817",
	0,
	0,
	379,
	27,
	27,
	0,
	0,
	0,
	0,
	"ba5eda7a-def5-0000-0000-000000000008",
	"1419f51f-5aa1-4d3f-bbc3-2570191c85cc");
INSERT INTO V_IRF
	VALUES ("4e1cce44-edb3-4820-b188-f3461223b817",
	"6991e698-d1ea-4716-88b2-07de3aae09c5");
INSERT INTO V_VAL
	VALUES ("083d0d01-a21c-46c7-9ed5-d0b9d7e5575a",
	1,
	1,
	380,
	1,
	6,
	0,
	0,
	0,
	0,
	"ba5eda7a-def5-0000-0000-000000000002",
	"1419f51f-5aa1-4d3f-bbc3-2570191c85cc");
INSERT INTO V_TVL
	VALUES ("083d0d01-a21c-46c7-9ed5-d0b9d7e5575a",
	"fb6d2f78-085a-4c27-b199-7b340bc6bd3a");
INSERT INTO V_VAL
	VALUES ("cf8558c7-5c71-4ca2-a381-df13a33faac6",
	0,
	0,
	380,
	22,
	23,
	0,
	0,
	0,
	0,
	"ba5eda7a-def5-0000-0000-000000000009",
	"1419f51f-5aa1-4d3f-bbc3-2570191c85cc");
INSERT INTO V_ISR
	VALUES ("cf8558c7-5c71-4ca2-a381-df13a33faac6",
	"1f09a769-f1b9-438f-a3a7-a02bd5af7fcb");
INSERT INTO V_VAL
	VALUES ("f588aaf8-01ea-4daf-a552-e752ff7018f9",
	0,
	0,
	-1,
	-1,
	-1,
	0,
	0,
	0,
	0,
	"ba5eda7a-def5-0000-0000-000000000002",
	"1419f51f-5aa1-4d3f-bbc3-2570191c85cc");
INSERT INTO V_UNY
	VALUES ("f588aaf8-01ea-4daf-a552-e752ff7018f9",
	"cf8558c7-5c71-4ca2-a381-df13a33faac6",
	'cardinality');
INSERT INTO V_VAL
	VALUES ("8563ae68-c3e6-4305-9237-7ba019aa8fef",
	0,
	0,
	381,
	27,
	27,
	0,
	0,
	0,
	0,
	"ba5eda7a-def5-0000-0000-000000000008",
	"1419f51f-5aa1-4d3f-bbc3-2570191c85cc");
INSERT INTO V_IRF
	VALUES ("8563ae68-c3e6-4305-9237-7ba019aa8fef",
	"6991e698-d1ea-4716-88b2-07de3aae09c5");
INSERT INTO V_VAL
	VALUES ("f59f2633-ee6f-4d46-ab12-9a61c2758018",
	1,
	0,
	382,
	1,
	6,
	0,
	0,
	0,
	0,
	"ba5eda7a-def5-0000-0000-000000000002",
	"1419f51f-5aa1-4d3f-bbc3-2570191c85cc");
INSERT INTO V_TVL
	VALUES ("f59f2633-ee6f-4d46-ab12-9a61c2758018",
	"fb6d2f78-085a-4c27-b199-7b340bc6bd3a");
INSERT INTO V_VAL
	VALUES ("28046986-09bc-4c87-bff1-9456b4f9b199",
	0,
	0,
	382,
	10,
	15,
	0,
	0,
	0,
	0,
	"ba5eda7a-def5-0000-0000-000000000002",
	"1419f51f-5aa1-4d3f-bbc3-2570191c85cc");
INSERT INTO V_TVL
	VALUES ("28046986-09bc-4c87-bff1-9456b4f9b199",
	"fb6d2f78-085a-4c27-b199-7b340bc6bd3a");
INSERT INTO V_VAL
	VALUES ("48ce021f-3ed5-48a3-9541-21054e1c81ba",
	0,
	0,
	382,
	10,
	-1,
	0,
	0,
	0,
	0,
	"ba5eda7a-def5-0000-0000-000000000002",
	"1419f51f-5aa1-4d3f-bbc3-2570191c85cc");
INSERT INTO V_BIN
	VALUES ("48ce021f-3ed5-48a3-9541-21054e1c81ba",
	"bf9b88a2-9ac1-43e5-8d01-e300952e96c2",
	"28046986-09bc-4c87-bff1-9456b4f9b199",
	'+');
INSERT INTO V_VAL
	VALUES ("d0759596-40b2-434a-bdf4-1890516be8bd",
	0,
	0,
	382,
	31,
	32,
	0,
	0,
	0,
	0,
	"ba5eda7a-def5-0000-0000-000000000009",
	"1419f51f-5aa1-4d3f-bbc3-2570191c85cc");
INSERT INTO V_ISR
	VALUES ("d0759596-40b2-434a-bdf4-1890516be8bd",
	"1f09a769-f1b9-438f-a3a7-a02bd5af7fcb");
INSERT INTO V_VAL
	VALUES ("bf9b88a2-9ac1-43e5-8d01-e300952e96c2",
	0,
	0,
	-1,
	-1,
	-1,
	0,
	0,
	0,
	0,
	"ba5eda7a-def5-0000-0000-000000000002",
	"1419f51f-5aa1-4d3f-bbc3-2570191c85cc");
INSERT INTO V_UNY
	VALUES ("bf9b88a2-9ac1-43e5-8d01-e300952e96c2",
	"d0759596-40b2-434a-bdf4-1890516be8bd",
	'cardinality');
INSERT INTO V_VAL
	VALUES ("635747db-e5ad-4109-b4cb-bcf1bc7d86ca",
	0,
	0,
	383,
	6,
	11,
	0,
	0,
	0,
	0,
	"ba5eda7a-def5-0000-0000-000000000002",
	"1419f51f-5aa1-4d3f-bbc3-2570191c85cc");
INSERT INTO V_TVL
	VALUES ("635747db-e5ad-4109-b4cb-bcf1bc7d86ca",
	"fb6d2f78-085a-4c27-b199-7b340bc6bd3a");
INSERT INTO V_VAL
	VALUES ("fcbe1e65-5a56-41af-b353-df40c8bd8834",
	0,
	0,
	383,
	6,
	16,
	0,
	0,
	0,
	0,
	"ba5eda7a-def5-0000-0000-000000000001",
	"1419f51f-5aa1-4d3f-bbc3-2570191c85cc");
INSERT INTO V_BIN
	VALUES ("fcbe1e65-5a56-41af-b353-df40c8bd8834",
	"ec10ba3f-b51a-4c11-a9bd-ce0f1b5ff64e",
	"635747db-e5ad-4109-b4cb-bcf1bc7d86ca",
	'!=');
INSERT INTO V_VAL
	VALUES ("ec10ba3f-b51a-4c11-a9bd-ce0f1b5ff64e",
	0,
	0,
	383,
	16,
	16,
	0,
	0,
	0,
	0,
	"ba5eda7a-def5-0000-0000-000000000002",
	"1419f51f-5aa1-4d3f-bbc3-2570191c85cc");
INSERT INTO V_LIN
	VALUES ("ec10ba3f-b51a-4c11-a9bd-ce0f1b5ff64e",
	'5');
INSERT INTO V_VAL
	VALUES ("7d2d634b-759a-4563-be44-dc0bef29ebd6",
	0,
	0,
	386,
	53,
	-1,
	0,
	0,
	0,
	0,
	"ba5eda7a-def5-0000-0000-000000000008",
	"1419f51f-5aa1-4d3f-bbc3-2570191c85cc");
INSERT INTO V_SLR
	VALUES ("7d2d634b-759a-4563-be44-dc0bef29ebd6",
	"00000000-0000-0000-0000-000000000000",
	"00000000-0000-0000-0000-000000000000",
	"00000000-0000-0000-0000-000000000000");
INSERT INTO V_VAL
	VALUES ("ef06a7e3-bd07-4f8f-8029-37d222a40439",
	0,
	0,
	386,
	62,
	64,
	0,
	0,
	0,
	0,
	"ba5eda7a-def5-0000-0000-000000000004",
	"1419f51f-5aa1-4d3f-bbc3-2570191c85cc");
INSERT INTO V_AVL
	VALUES ("ef06a7e3-bd07-4f8f-8029-37d222a40439",
	"7d2d634b-759a-4563-be44-dc0bef29ebd6",
	"1a0a7fbf-fcee-426a-a47f-eb1a0de6fbe2",
	"db4bd30a-fe74-4cd6-a1c1-2151638e0e61");
INSERT INTO V_VAL
	VALUES ("0e8f57ad-ef7e-4998-82fb-e96530240c4b",
	0,
	0,
	386,
	62,
	73,
	0,
	0,
	0,
	0,
	"ba5eda7a-def5-0000-0000-000000000001",
	"1419f51f-5aa1-4d3f-bbc3-2570191c85cc");
INSERT INTO V_BIN
	VALUES ("0e8f57ad-ef7e-4998-82fb-e96530240c4b",
	"a925550a-2d33-4763-9bb1-5898960378cf",
	"ef06a7e3-bd07-4f8f-8029-37d222a40439",
	'==');
INSERT INTO V_VAL
	VALUES ("a925550a-2d33-4763-9bb1-5898960378cf",
	0,
	0,
	386,
	69,
	73,
	0,
	0,
	0,
	0,
	"ba5eda7a-def5-0000-0000-000000000004",
	"1419f51f-5aa1-4d3f-bbc3-2570191c85cc");
INSERT INTO V_LST
	VALUES ("a925550a-2d33-4763-9bb1-5898960378cf",
	'Cort');
INSERT INTO V_VAL
	VALUES ("71bb53b2-2497-43ed-9e7c-3b92a09c5cfe",
	0,
	0,
	387,
	8,
	-1,
	0,
	0,
	0,
	0,
	"ba5eda7a-def5-0000-0000-000000000008",
	"1419f51f-5aa1-4d3f-bbc3-2570191c85cc");
INSERT INTO V_SLR
	VALUES ("71bb53b2-2497-43ed-9e7c-3b92a09c5cfe",
	"00000000-0000-0000-0000-000000000000",
	"00000000-0000-0000-0000-000000000000",
	"00000000-0000-0000-0000-000000000000");
INSERT INTO V_VAL
	VALUES ("9a4ff3d9-345a-4da0-8624-554e8227e603",
	0,
	0,
	387,
	17,
	21,
	0,
	0,
	0,
	0,
	"ba5eda7a-def5-0000-0000-000000000004",
	"1419f51f-5aa1-4d3f-bbc3-2570191c85cc");
INSERT INTO V_AVL
	VALUES ("9a4ff3d9-345a-4da0-8624-554e8227e603",
	"71bb53b2-2497-43ed-9e7c-3b92a09c5cfe",
	"1a0a7fbf-fcee-426a-a47f-eb1a0de6fbe2",
	"59dc3a2a-869e-413e-a5cb-366734641130");
INSERT INTO V_VAL
	VALUES ("ee35ec73-11de-4f12-82d2-65579c1c21f1",
	0,
	0,
	387,
	17,
	30,
	0,
	0,
	0,
	0,
	"ba5eda7a-def5-0000-0000-000000000001",
	"1419f51f-5aa1-4d3f-bbc3-2570191c85cc");
INSERT INTO V_BIN
	VALUES ("ee35ec73-11de-4f12-82d2-65579c1c21f1",
	"d56c5e5a-dc10-4b7e-b044-9b83871a15b2",
	"9a4ff3d9-345a-4da0-8624-554e8227e603",
	'==');
INSERT INTO V_VAL
	VALUES ("d56c5e5a-dc10-4b7e-b044-9b83871a15b2",
	0,
	0,
	387,
	26,
	30,
	0,
	0,
	0,
	0,
	"ba5eda7a-def5-0000-0000-000000000004",
	"1419f51f-5aa1-4d3f-bbc3-2570191c85cc");
INSERT INTO V_LST
	VALUES ("d56c5e5a-dc10-4b7e-b044-9b83871a15b2",
	'Cort');
INSERT INTO V_VAL
	VALUES ("6932d27d-c0e3-4705-b905-95062f815b79",
	0,
	0,
	386,
	62,
	30,
	0,
	0,
	0,
	0,
	"ba5eda7a-def5-0000-0000-000000000001",
	"1419f51f-5aa1-4d3f-bbc3-2570191c85cc");
INSERT INTO V_BIN
	VALUES ("6932d27d-c0e3-4705-b905-95062f815b79",
	"ee35ec73-11de-4f12-82d2-65579c1c21f1",
	"0e8f57ad-ef7e-4998-82fb-e96530240c4b",
	'or');
INSERT INTO V_VAL
	VALUES ("3e82b57a-d186-4f03-b74a-32dcfeb6264e",
	0,
	0,
	388,
	18,
	19,
	0,
	0,
	0,
	0,
	"ba5eda7a-def5-0000-0000-000000000009",
	"1419f51f-5aa1-4d3f-bbc3-2570191c85cc");
INSERT INTO V_ISR
	VALUES ("3e82b57a-d186-4f03-b74a-32dcfeb6264e",
	"729db435-67ea-4a60-bee6-479617df437f");
INSERT INTO V_VAL
	VALUES ("6daa1d2c-7b3c-4390-8df7-451ce3056063",
	0,
	0,
	-1,
	-1,
	-1,
	0,
	0,
	0,
	0,
	"ba5eda7a-def5-0000-0000-000000000002",
	"1419f51f-5aa1-4d3f-bbc3-2570191c85cc");
INSERT INTO V_UNY
	VALUES ("6daa1d2c-7b3c-4390-8df7-451ce3056063",
	"3e82b57a-d186-4f03-b74a-32dcfeb6264e",
	'cardinality');
INSERT INTO V_VAL
	VALUES ("d2b382ec-4c47-40d8-aafa-73896339e233",
	0,
	0,
	-1,
	-1,
	-1,
	0,
	0,
	0,
	0,
	"ba5eda7a-def5-0000-0000-000000000001",
	"1419f51f-5aa1-4d3f-bbc3-2570191c85cc");
INSERT INTO V_BIN
	VALUES ("d2b382ec-4c47-40d8-aafa-73896339e233",
	"9d73e691-84da-4e8d-9d45-925dcd1433c7",
	"6daa1d2c-7b3c-4390-8df7-451ce3056063",
	'!=');
INSERT INTO V_VAL
	VALUES ("9d73e691-84da-4e8d-9d45-925dcd1433c7",
	0,
	0,
	388,
	24,
	24,
	0,
	0,
	0,
	0,
	"ba5eda7a-def5-0000-0000-000000000002",
	"1419f51f-5aa1-4d3f-bbc3-2570191c85cc");
INSERT INTO V_LIN
	VALUES ("9d73e691-84da-4e8d-9d45-925dcd1433c7",
	'5');
INSERT INTO V_VAL
	VALUES ("3eae29c5-a1d0-4a37-98c9-53f6faecae7f",
	0,
	0,
	392,
	47,
	-1,
	0,
	0,
	0,
	0,
	"ba5eda7a-def5-0000-0000-000000000008",
	"1419f51f-5aa1-4d3f-bbc3-2570191c85cc");
INSERT INTO V_SLR
	VALUES ("3eae29c5-a1d0-4a37-98c9-53f6faecae7f",
	"00000000-0000-0000-0000-000000000000",
	"00000000-0000-0000-0000-000000000000",
	"00000000-0000-0000-0000-000000000000");
INSERT INTO V_VAL
	VALUES ("62d157c3-b2e7-4051-9c86-b072a7ed7949",
	0,
	0,
	392,
	56,
	59,
	0,
	0,
	0,
	0,
	"ba5eda7a-def5-0000-0000-000000000004",
	"1419f51f-5aa1-4d3f-bbc3-2570191c85cc");
INSERT INTO V_AVL
	VALUES ("62d157c3-b2e7-4051-9c86-b072a7ed7949",
	"3eae29c5-a1d0-4a37-98c9-53f6faecae7f",
	"37232c72-a7ed-4c17-9fbc-5129fd3a4bae",
	"64e19701-0996-441a-b9ba-2eb09f2e9101");
INSERT INTO V_VAL
	VALUES ("20c68474-d5bf-4e0a-bbdf-31a384bbaf64",
	0,
	0,
	392,
	56,
	70,
	0,
	0,
	0,
	0,
	"ba5eda7a-def5-0000-0000-000000000001",
	"1419f51f-5aa1-4d3f-bbc3-2570191c85cc");
INSERT INTO V_BIN
	VALUES ("20c68474-d5bf-4e0a-bbdf-31a384bbaf64",
	"7660d60f-8636-41d6-8e5f-8004cd70dfea",
	"62d157c3-b2e7-4051-9c86-b072a7ed7949",
	'==');
INSERT INTO V_VAL
	VALUES ("7660d60f-8636-41d6-8e5f-8004cd70dfea",
	0,
	0,
	392,
	64,
	70,
	0,
	0,
	0,
	0,
	"ba5eda7a-def5-0000-0000-000000000004",
	"1419f51f-5aa1-4d3f-bbc3-2570191c85cc");
INSERT INTO V_LST
	VALUES ("7660d60f-8636-41d6-8e5f-8004cd70dfea",
	'Sevina');
INSERT INTO V_VAL
	VALUES ("c7033fa9-0c2d-4159-a825-e308e6489b76",
	0,
	0,
	393,
	12,
	12,
	0,
	0,
	0,
	0,
	"ba5eda7a-def5-0000-0000-000000000008",
	"1419f51f-5aa1-4d3f-bbc3-2570191c85cc");
INSERT INTO V_IRF
	VALUES ("c7033fa9-0c2d-4159-a825-e308e6489b76",
	"6991e698-d1ea-4716-88b2-07de3aae09c5");
INSERT INTO V_VAL
	VALUES ("bba22e7e-8e51-471c-b0d9-459c39e0e6c6",
	0,
	0,
	-1,
	-1,
	-1,
	0,
	0,
	0,
	0,
	"ba5eda7a-def5-0000-0000-000000000001",
	"1419f51f-5aa1-4d3f-bbc3-2570191c85cc");
INSERT INTO V_UNY
	VALUES ("bba22e7e-8e51-471c-b0d9-459c39e0e6c6",
	"c7033fa9-0c2d-4159-a825-e308e6489b76",
	'empty');
INSERT INTO V_VAL
	VALUES ("1d99c9c6-5f97-44e1-9b89-7e9b43b3d876",
	0,
	0,
	396,
	26,
	26,
	0,
	0,
	0,
	0,
	"ba5eda7a-def5-0000-0000-000000000008",
	"1419f51f-5aa1-4d3f-bbc3-2570191c85cc");
INSERT INTO V_IRF
	VALUES ("1d99c9c6-5f97-44e1-9b89-7e9b43b3d876",
	"6991e698-d1ea-4716-88b2-07de3aae09c5");
INSERT INTO V_VAL
	VALUES ("6883eb51-46b5-4b5b-80d2-1b4c256fc094",
	0,
	0,
	397,
	6,
	7,
	0,
	0,
	0,
	0,
	"ba5eda7a-def5-0000-0000-000000000008",
	"1419f51f-5aa1-4d3f-bbc3-2570191c85cc");
INSERT INTO V_IRF
	VALUES ("6883eb51-46b5-4b5b-80d2-1b4c256fc094",
	"9bd15ebd-d4ad-4240-9268-cb4cfbe34cdb");
INSERT INTO V_VAL
	VALUES ("bc3d081e-2d62-4449-a79c-009dead053d6",
	0,
	0,
	397,
	9,
	12,
	0,
	0,
	0,
	0,
	"ba5eda7a-def5-0000-0000-000000000004",
	"1419f51f-5aa1-4d3f-bbc3-2570191c85cc");
INSERT INTO V_AVL
	VALUES ("bc3d081e-2d62-4449-a79c-009dead053d6",
	"6883eb51-46b5-4b5b-80d2-1b4c256fc094",
	"37232c72-a7ed-4c17-9fbc-5129fd3a4bae",
	"64e19701-0996-441a-b9ba-2eb09f2e9101");
INSERT INTO V_VAL
	VALUES ("3b74d2dc-9ef2-4e10-acd2-28a90e49836d",
	0,
	0,
	397,
	9,
	20,
	0,
	0,
	0,
	0,
	"ba5eda7a-def5-0000-0000-000000000001",
	"1419f51f-5aa1-4d3f-bbc3-2570191c85cc");
INSERT INTO V_BIN
	VALUES ("3b74d2dc-9ef2-4e10-acd2-28a90e49836d",
	"3eaf647b-411d-47a3-bca0-dcd546f4a493",
	"bc3d081e-2d62-4449-a79c-009dead053d6",
	'!=');
INSERT INTO V_VAL
	VALUES ("3eaf647b-411d-47a3-bca0-dcd546f4a493",
	0,
	0,
	397,
	17,
	20,
	0,
	0,
	0,
	0,
	"ba5eda7a-def5-0000-0000-000000000004",
	"1419f51f-5aa1-4d3f-bbc3-2570191c85cc");
INSERT INTO V_LST
	VALUES ("3eaf647b-411d-47a3-bca0-dcd546f4a493",
	'Rox');
INSERT INTO V_VAL
	VALUES ("5d1e4e70-4066-44f1-9374-2e18743ca3a5",
	0,
	0,
	400,
	47,
	-1,
	0,
	0,
	0,
	0,
	"ba5eda7a-def5-0000-0000-000000000008",
	"1419f51f-5aa1-4d3f-bbc3-2570191c85cc");
INSERT INTO V_SLR
	VALUES ("5d1e4e70-4066-44f1-9374-2e18743ca3a5",
	"00000000-0000-0000-0000-000000000000",
	"00000000-0000-0000-0000-000000000000",
	"00000000-0000-0000-0000-000000000000");
INSERT INTO V_VAL
	VALUES ("a69c37d3-f5b4-4d0b-95d9-3b45859c3e89",
	0,
	0,
	400,
	56,
	59,
	0,
	0,
	0,
	0,
	"ba5eda7a-def5-0000-0000-000000000004",
	"1419f51f-5aa1-4d3f-bbc3-2570191c85cc");
INSERT INTO V_AVL
	VALUES ("a69c37d3-f5b4-4d0b-95d9-3b45859c3e89",
	"5d1e4e70-4066-44f1-9374-2e18743ca3a5",
	"37232c72-a7ed-4c17-9fbc-5129fd3a4bae",
	"64e19701-0996-441a-b9ba-2eb09f2e9101");
INSERT INTO V_VAL
	VALUES ("a945b489-06ca-42b9-837d-acb0c586fd01",
	0,
	0,
	400,
	56,
	67,
	0,
	0,
	0,
	0,
	"ba5eda7a-def5-0000-0000-000000000001",
	"1419f51f-5aa1-4d3f-bbc3-2570191c85cc");
INSERT INTO V_BIN
	VALUES ("a945b489-06ca-42b9-837d-acb0c586fd01",
	"d3f1a5ae-43bf-4961-a48d-ecd3289ea6aa",
	"a69c37d3-f5b4-4d0b-95d9-3b45859c3e89",
	'==');
INSERT INTO V_VAL
	VALUES ("d3f1a5ae-43bf-4961-a48d-ecd3289ea6aa",
	0,
	0,
	400,
	64,
	67,
	0,
	0,
	0,
	0,
	"ba5eda7a-def5-0000-0000-000000000004",
	"1419f51f-5aa1-4d3f-bbc3-2570191c85cc");
INSERT INTO V_LST
	VALUES ("d3f1a5ae-43bf-4961-a48d-ecd3289ea6aa",
	'Rox');
INSERT INTO V_VAL
	VALUES ("58516a63-af46-4b0c-a6c1-ffc413f2c257",
	0,
	0,
	401,
	12,
	12,
	0,
	0,
	0,
	0,
	"ba5eda7a-def5-0000-0000-000000000008",
	"1419f51f-5aa1-4d3f-bbc3-2570191c85cc");
INSERT INTO V_IRF
	VALUES ("58516a63-af46-4b0c-a6c1-ffc413f2c257",
	"6991e698-d1ea-4716-88b2-07de3aae09c5");
INSERT INTO V_VAL
	VALUES ("ebd5bedf-9a30-4bb1-ad58-44764e3d9158",
	0,
	0,
	-1,
	-1,
	-1,
	0,
	0,
	0,
	0,
	"ba5eda7a-def5-0000-0000-000000000001",
	"1419f51f-5aa1-4d3f-bbc3-2570191c85cc");
INSERT INTO V_UNY
	VALUES ("ebd5bedf-9a30-4bb1-ad58-44764e3d9158",
	"58516a63-af46-4b0c-a6c1-ffc413f2c257",
	'empty');
INSERT INTO V_VAL
	VALUES ("e3996003-4ea5-40c0-94d3-8c753e9376e0",
	0,
	0,
	404,
	26,
	26,
	0,
	0,
	0,
	0,
	"ba5eda7a-def5-0000-0000-000000000008",
	"1419f51f-5aa1-4d3f-bbc3-2570191c85cc");
INSERT INTO V_IRF
	VALUES ("e3996003-4ea5-40c0-94d3-8c753e9376e0",
	"6991e698-d1ea-4716-88b2-07de3aae09c5");
INSERT INTO V_VAL
	VALUES ("cff04992-280a-4806-9ee7-c723cc845490",
	0,
	0,
	405,
	6,
	7,
	0,
	0,
	0,
	0,
	"ba5eda7a-def5-0000-0000-000000000008",
	"1419f51f-5aa1-4d3f-bbc3-2570191c85cc");
INSERT INTO V_IRF
	VALUES ("cff04992-280a-4806-9ee7-c723cc845490",
	"9bd15ebd-d4ad-4240-9268-cb4cfbe34cdb");
INSERT INTO V_VAL
	VALUES ("2207a787-523b-49a5-80b9-aa2153b2a047",
	0,
	0,
	405,
	9,
	12,
	0,
	0,
	0,
	0,
	"ba5eda7a-def5-0000-0000-000000000004",
	"1419f51f-5aa1-4d3f-bbc3-2570191c85cc");
INSERT INTO V_AVL
	VALUES ("2207a787-523b-49a5-80b9-aa2153b2a047",
	"cff04992-280a-4806-9ee7-c723cc845490",
	"37232c72-a7ed-4c17-9fbc-5129fd3a4bae",
	"64e19701-0996-441a-b9ba-2eb09f2e9101");
INSERT INTO V_VAL
	VALUES ("ba8c3695-51d7-403c-8e13-4d00c19d503e",
	0,
	0,
	405,
	9,
	23,
	0,
	0,
	0,
	0,
	"ba5eda7a-def5-0000-0000-000000000001",
	"1419f51f-5aa1-4d3f-bbc3-2570191c85cc");
INSERT INTO V_BIN
	VALUES ("ba8c3695-51d7-403c-8e13-4d00c19d503e",
	"61d3876f-a66e-498b-b2ae-c4038c30ecc7",
	"2207a787-523b-49a5-80b9-aa2153b2a047",
	'!=');
INSERT INTO V_VAL
	VALUES ("61d3876f-a66e-498b-b2ae-c4038c30ecc7",
	0,
	0,
	405,
	17,
	23,
	0,
	0,
	0,
	0,
	"ba5eda7a-def5-0000-0000-000000000004",
	"1419f51f-5aa1-4d3f-bbc3-2570191c85cc");
INSERT INTO V_LST
	VALUES ("61d3876f-a66e-498b-b2ae-c4038c30ecc7",
	'Sevina');
INSERT INTO V_VAL
	VALUES ("4966499f-4185-4aea-93c6-bcbc8dd50b3a",
	0,
	0,
	409,
	25,
	25,
	0,
	0,
	0,
	0,
	"ba5eda7a-def5-0000-0000-000000000008",
	"1419f51f-5aa1-4d3f-bbc3-2570191c85cc");
INSERT INTO V_IRF
	VALUES ("4966499f-4185-4aea-93c6-bcbc8dd50b3a",
	"d23dcb42-b5ce-4ee3-a03d-2a89e81c1ca8");
INSERT INTO V_VAL
	VALUES ("e353a271-c504-46b3-a997-8e053ec73e6b",
	0,
	0,
	410,
	6,
	6,
	0,
	0,
	0,
	0,
	"ba5eda7a-def5-0000-0000-000000000008",
	"1419f51f-5aa1-4d3f-bbc3-2570191c85cc");
INSERT INTO V_IRF
	VALUES ("e353a271-c504-46b3-a997-8e053ec73e6b",
	"6991e698-d1ea-4716-88b2-07de3aae09c5");
INSERT INTO V_VAL
	VALUES ("e2e41dec-2f9b-4d8a-9170-660b155910e0",
	0,
	0,
	410,
	8,
	11,
	0,
	0,
	0,
	0,
	"ba5eda7a-def5-0000-0000-000000000004",
	"1419f51f-5aa1-4d3f-bbc3-2570191c85cc");
INSERT INTO V_AVL
	VALUES ("e2e41dec-2f9b-4d8a-9170-660b155910e0",
	"e353a271-c504-46b3-a997-8e053ec73e6b",
	"37232c72-a7ed-4c17-9fbc-5129fd3a4bae",
	"64e19701-0996-441a-b9ba-2eb09f2e9101");
INSERT INTO V_VAL
	VALUES ("efa4390a-0fd4-4754-b09a-8ecb3bbb0cd6",
	0,
	0,
	410,
	8,
	22,
	0,
	0,
	0,
	0,
	"ba5eda7a-def5-0000-0000-000000000001",
	"1419f51f-5aa1-4d3f-bbc3-2570191c85cc");
INSERT INTO V_BIN
	VALUES ("efa4390a-0fd4-4754-b09a-8ecb3bbb0cd6",
	"5d831618-6123-4a94-be71-dce980772eb8",
	"e2e41dec-2f9b-4d8a-9170-660b155910e0",
	'!=');
INSERT INTO V_VAL
	VALUES ("0a81a6b8-a851-4d69-969b-b806dc539261",
	0,
	0,
	410,
	16,
	16,
	0,
	0,
	0,
	0,
	"ba5eda7a-def5-0000-0000-000000000008",
	"1419f51f-5aa1-4d3f-bbc3-2570191c85cc");
INSERT INTO V_IRF
	VALUES ("0a81a6b8-a851-4d69-969b-b806dc539261",
	"d23dcb42-b5ce-4ee3-a03d-2a89e81c1ca8");
INSERT INTO V_VAL
	VALUES ("5d831618-6123-4a94-be71-dce980772eb8",
	0,
	0,
	410,
	18,
	22,
	0,
	0,
	0,
	0,
	"ba5eda7a-def5-0000-0000-000000000004",
	"1419f51f-5aa1-4d3f-bbc3-2570191c85cc");
INSERT INTO V_AVL
	VALUES ("5d831618-6123-4a94-be71-dce980772eb8",
	"0a81a6b8-a851-4d69-969b-b806dc539261",
	"1a0a7fbf-fcee-426a-a47f-eb1a0de6fbe2",
	"59dc3a2a-869e-413e-a5cb-366734641130");
INSERT INTO V_VAL
	VALUES ("c155a365-8f36-47e5-83af-2ae0deacf134",
	0,
	0,
	413,
	25,
	25,
	0,
	0,
	0,
	0,
	"ba5eda7a-def5-0000-0000-000000000008",
	"1419f51f-5aa1-4d3f-bbc3-2570191c85cc");
INSERT INTO V_IRF
	VALUES ("c155a365-8f36-47e5-83af-2ae0deacf134",
	"d23dcb42-b5ce-4ee3-a03d-2a89e81c1ca8");
INSERT INTO V_VAL
	VALUES ("b4b31e34-9cd4-444b-8027-ab09dca84e64",
	0,
	0,
	414,
	6,
	6,
	0,
	0,
	0,
	0,
	"ba5eda7a-def5-0000-0000-000000000008",
	"1419f51f-5aa1-4d3f-bbc3-2570191c85cc");
INSERT INTO V_IRF
	VALUES ("b4b31e34-9cd4-444b-8027-ab09dca84e64",
	"6991e698-d1ea-4716-88b2-07de3aae09c5");
INSERT INTO V_VAL
	VALUES ("56c3f3f7-7bd0-4693-9716-7ea242f7394c",
	0,
	0,
	414,
	8,
	11,
	0,
	0,
	0,
	0,
	"ba5eda7a-def5-0000-0000-000000000004",
	"1419f51f-5aa1-4d3f-bbc3-2570191c85cc");
INSERT INTO V_AVL
	VALUES ("56c3f3f7-7bd0-4693-9716-7ea242f7394c",
	"b4b31e34-9cd4-444b-8027-ab09dca84e64",
	"37232c72-a7ed-4c17-9fbc-5129fd3a4bae",
	"64e19701-0996-441a-b9ba-2eb09f2e9101");
INSERT INTO V_VAL
	VALUES ("927a14f0-7417-43fd-83ba-3ac5ebde06f2",
	0,
	0,
	414,
	8,
	20,
	0,
	0,
	0,
	0,
	"ba5eda7a-def5-0000-0000-000000000001",
	"1419f51f-5aa1-4d3f-bbc3-2570191c85cc");
INSERT INTO V_BIN
	VALUES ("927a14f0-7417-43fd-83ba-3ac5ebde06f2",
	"d41b2580-e730-496f-8413-ccd2b722a393",
	"56c3f3f7-7bd0-4693-9716-7ea242f7394c",
	'!=');
INSERT INTO V_VAL
	VALUES ("eeb01c55-51d5-423b-997a-604487b1313f",
	0,
	0,
	414,
	16,
	16,
	0,
	0,
	0,
	0,
	"ba5eda7a-def5-0000-0000-000000000008",
	"1419f51f-5aa1-4d3f-bbc3-2570191c85cc");
INSERT INTO V_IRF
	VALUES ("eeb01c55-51d5-423b-997a-604487b1313f",
	"d23dcb42-b5ce-4ee3-a03d-2a89e81c1ca8");
INSERT INTO V_VAL
	VALUES ("d41b2580-e730-496f-8413-ccd2b722a393",
	0,
	0,
	414,
	18,
	20,
	0,
	0,
	0,
	0,
	"ba5eda7a-def5-0000-0000-000000000004",
	"1419f51f-5aa1-4d3f-bbc3-2570191c85cc");
INSERT INTO V_AVL
	VALUES ("d41b2580-e730-496f-8413-ccd2b722a393",
	"eeb01c55-51d5-423b-997a-604487b1313f",
	"1a0a7fbf-fcee-426a-a47f-eb1a0de6fbe2",
	"db4bd30a-fe74-4cd6-a1c1-2151638e0e61");
INSERT INTO V_VAL
	VALUES ("0d10a508-1873-4a2d-a31a-500aa9a149c1",
	0,
	0,
	422,
	47,
	-1,
	0,
	0,
	0,
	0,
	"ba5eda7a-def5-0000-0000-000000000008",
	"1419f51f-5aa1-4d3f-bbc3-2570191c85cc");
INSERT INTO V_SLR
	VALUES ("0d10a508-1873-4a2d-a31a-500aa9a149c1",
	"00000000-0000-0000-0000-000000000000",
	"00000000-0000-0000-0000-000000000000",
	"00000000-0000-0000-0000-000000000000");
INSERT INTO V_VAL
	VALUES ("299e82b5-2adb-45d0-8713-ecb5f0df0b8c",
	0,
	0,
	422,
	56,
	59,
	0,
	0,
	0,
	0,
	"ba5eda7a-def5-0000-0000-000000000004",
	"1419f51f-5aa1-4d3f-bbc3-2570191c85cc");
INSERT INTO V_AVL
	VALUES ("299e82b5-2adb-45d0-8713-ecb5f0df0b8c",
	"0d10a508-1873-4a2d-a31a-500aa9a149c1",
	"2d8a3a17-c338-4915-b084-15abec5d8a3d",
	"cb066c6c-d0e8-4f6e-b276-f26fd1aeb4c5");
INSERT INTO V_VAL
	VALUES ("7a21357f-2665-40cf-8ffc-292082b4816a",
	0,
	0,
	422,
	56,
	67,
	0,
	0,
	0,
	0,
	"ba5eda7a-def5-0000-0000-000000000001",
	"1419f51f-5aa1-4d3f-bbc3-2570191c85cc");
INSERT INTO V_BIN
	VALUES ("7a21357f-2665-40cf-8ffc-292082b4816a",
	"99c3e01f-7e15-4894-b05f-32fd0d474e27",
	"299e82b5-2adb-45d0-8713-ecb5f0df0b8c",
	'==');
INSERT INTO V_VAL
	VALUES ("99c3e01f-7e15-4894-b05f-32fd0d474e27",
	0,
	0,
	422,
	64,
	67,
	0,
	0,
	0,
	0,
	"ba5eda7a-def5-0000-0000-000000000004",
	"1419f51f-5aa1-4d3f-bbc3-2570191c85cc");
INSERT INTO V_LST
	VALUES ("99c3e01f-7e15-4894-b05f-32fd0d474e27",
	'Joe');
INSERT INTO V_VAL
	VALUES ("a4ceb5b0-d249-497f-a98d-675f126c4766",
	0,
	0,
	423,
	12,
	12,
	0,
	0,
	0,
	0,
	"ba5eda7a-def5-0000-0000-000000000008",
	"1419f51f-5aa1-4d3f-bbc3-2570191c85cc");
INSERT INTO V_IRF
	VALUES ("a4ceb5b0-d249-497f-a98d-675f126c4766",
	"27901acc-d8ab-4128-aba9-89b9d5709ea6");
INSERT INTO V_VAL
	VALUES ("13f10d7b-2c2a-4079-8666-e4691c921b8c",
	0,
	0,
	-1,
	-1,
	-1,
	0,
	0,
	0,
	0,
	"ba5eda7a-def5-0000-0000-000000000001",
	"1419f51f-5aa1-4d3f-bbc3-2570191c85cc");
INSERT INTO V_UNY
	VALUES ("13f10d7b-2c2a-4079-8666-e4691c921b8c",
	"a4ceb5b0-d249-497f-a98d-675f126c4766",
	'empty');
INSERT INTO V_VAL
	VALUES ("66df27f9-4b4b-4860-a4fd-17da70220283",
	0,
	0,
	426,
	27,
	27,
	0,
	0,
	0,
	0,
	"ba5eda7a-def5-0000-0000-000000000008",
	"1419f51f-5aa1-4d3f-bbc3-2570191c85cc");
INSERT INTO V_IRF
	VALUES ("66df27f9-4b4b-4860-a4fd-17da70220283",
	"27901acc-d8ab-4128-aba9-89b9d5709ea6");
INSERT INTO V_VAL
	VALUES ("a0f87636-42cd-49c3-a427-2984595188d3",
	0,
	0,
	427,
	18,
	19,
	0,
	0,
	0,
	0,
	"ba5eda7a-def5-0000-0000-000000000009",
	"1419f51f-5aa1-4d3f-bbc3-2570191c85cc");
INSERT INTO V_ISR
	VALUES ("a0f87636-42cd-49c3-a427-2984595188d3",
	"a3a63b24-1c78-4c5d-8950-ed4c8ded0138");
INSERT INTO V_VAL
	VALUES ("3723603a-3f17-4e6a-8ab1-5e13d16c26dc",
	0,
	0,
	-1,
	-1,
	-1,
	0,
	0,
	0,
	0,
	"ba5eda7a-def5-0000-0000-000000000002",
	"1419f51f-5aa1-4d3f-bbc3-2570191c85cc");
INSERT INTO V_UNY
	VALUES ("3723603a-3f17-4e6a-8ab1-5e13d16c26dc",
	"a0f87636-42cd-49c3-a427-2984595188d3",
	'cardinality');
INSERT INTO V_VAL
	VALUES ("6a6391de-da5f-4d3e-8ab2-b7f66be62867",
	0,
	0,
	-1,
	-1,
	-1,
	0,
	0,
	0,
	0,
	"ba5eda7a-def5-0000-0000-000000000001",
	"1419f51f-5aa1-4d3f-bbc3-2570191c85cc");
INSERT INTO V_BIN
	VALUES ("6a6391de-da5f-4d3e-8ab2-b7f66be62867",
	"23f7dc23-20c8-4c64-935b-f6661f108c71",
	"3723603a-3f17-4e6a-8ab1-5e13d16c26dc",
	'<');
INSERT INTO V_VAL
	VALUES ("23f7dc23-20c8-4c64-935b-f6661f108c71",
	0,
	0,
	427,
	23,
	23,
	0,
	0,
	0,
	0,
	"ba5eda7a-def5-0000-0000-000000000002",
	"1419f51f-5aa1-4d3f-bbc3-2570191c85cc");
INSERT INTO V_LIN
	VALUES ("23f7dc23-20c8-4c64-935b-f6661f108c71",
	'2');
INSERT INTO V_VAL
	VALUES ("328a333d-ecf6-4724-91be-eac43b0e01ee",
	0,
	0,
	431,
	25,
	26,
	0,
	0,
	0,
	0,
	"ba5eda7a-def5-0000-0000-000000000008",
	"1419f51f-5aa1-4d3f-bbc3-2570191c85cc");
INSERT INTO V_IRF
	VALUES ("328a333d-ecf6-4724-91be-eac43b0e01ee",
	"91cbd97a-e60f-4c2d-a2d7-a6af93e5e9d6");
INSERT INTO V_VAL
	VALUES ("8d3d69f3-fb7d-4c85-a324-204c1d5138f4",
	0,
	0,
	432,
	6,
	7,
	0,
	0,
	0,
	0,
	"ba5eda7a-def5-0000-0000-000000000008",
	"1419f51f-5aa1-4d3f-bbc3-2570191c85cc");
INSERT INTO V_IRF
	VALUES ("8d3d69f3-fb7d-4c85-a324-204c1d5138f4",
	"91cbd97a-e60f-4c2d-a2d7-a6af93e5e9d6");
INSERT INTO V_VAL
	VALUES ("595e3d51-7b06-460f-b132-22d610e5c67b",
	0,
	0,
	432,
	9,
	14,
	0,
	0,
	0,
	0,
	"ba5eda7a-def5-0000-0000-000000000004",
	"1419f51f-5aa1-4d3f-bbc3-2570191c85cc");
INSERT INTO V_AVL
	VALUES ("595e3d51-7b06-460f-b132-22d610e5c67b",
	"8d3d69f3-fb7d-4c85-a324-204c1d5138f4",
	"8bdb72ca-c37d-49f6-bc98-b97b5539f176",
	"febc4ecf-ff59-49cf-80aa-66a01d1215ec");
INSERT INTO V_VAL
	VALUES ("36b21b16-246e-41ce-b357-e9bb2101d0a0",
	0,
	0,
	432,
	9,
	24,
	0,
	0,
	0,
	0,
	"ba5eda7a-def5-0000-0000-000000000001",
	"1419f51f-5aa1-4d3f-bbc3-2570191c85cc");
INSERT INTO V_BIN
	VALUES ("36b21b16-246e-41ce-b357-e9bb2101d0a0",
	"fc776eaa-a7d1-4223-9dfd-9b2319c21097",
	"595e3d51-7b06-460f-b132-22d610e5c67b",
	'!=');
INSERT INTO V_VAL
	VALUES ("6de6f22b-db2f-4c9d-9569-19dc344a91d1",
	0,
	0,
	432,
	19,
	19,
	0,
	0,
	0,
	0,
	"ba5eda7a-def5-0000-0000-000000000008",
	"1419f51f-5aa1-4d3f-bbc3-2570191c85cc");
INSERT INTO V_IRF
	VALUES ("6de6f22b-db2f-4c9d-9569-19dc344a91d1",
	"27901acc-d8ab-4128-aba9-89b9d5709ea6");
INSERT INTO V_VAL
	VALUES ("fc776eaa-a7d1-4223-9dfd-9b2319c21097",
	0,
	0,
	432,
	21,
	24,
	0,
	0,
	0,
	0,
	"ba5eda7a-def5-0000-0000-000000000004",
	"1419f51f-5aa1-4d3f-bbc3-2570191c85cc");
INSERT INTO V_AVL
	VALUES ("fc776eaa-a7d1-4223-9dfd-9b2319c21097",
	"6de6f22b-db2f-4c9d-9569-19dc344a91d1",
	"2d8a3a17-c338-4915-b084-15abec5d8a3d",
	"cb066c6c-d0e8-4f6e-b276-f26fd1aeb4c5");
INSERT INTO V_VAL
	VALUES ("1d975d5c-9a6b-4dd2-80b3-4548fe2950d7",
	0,
	0,
	435,
	25,
	26,
	0,
	0,
	0,
	0,
	"ba5eda7a-def5-0000-0000-000000000008",
	"1419f51f-5aa1-4d3f-bbc3-2570191c85cc");
INSERT INTO V_IRF
	VALUES ("1d975d5c-9a6b-4dd2-80b3-4548fe2950d7",
	"91cbd97a-e60f-4c2d-a2d7-a6af93e5e9d6");
INSERT INTO V_VAL
	VALUES ("2732b7f3-29df-4ea8-9532-e92a66f64475",
	0,
	0,
	436,
	6,
	7,
	0,
	0,
	0,
	0,
	"ba5eda7a-def5-0000-0000-000000000008",
	"1419f51f-5aa1-4d3f-bbc3-2570191c85cc");
INSERT INTO V_IRF
	VALUES ("2732b7f3-29df-4ea8-9532-e92a66f64475",
	"91cbd97a-e60f-4c2d-a2d7-a6af93e5e9d6");
INSERT INTO V_VAL
	VALUES ("7284aac3-a357-4b6e-9c1c-c9bd468fe840",
	0,
	0,
	436,
	9,
	13,
	0,
	0,
	0,
	0,
	"ba5eda7a-def5-0000-0000-000000000004",
	"1419f51f-5aa1-4d3f-bbc3-2570191c85cc");
INSERT INTO V_AVL
	VALUES ("7284aac3-a357-4b6e-9c1c-c9bd468fe840",
	"2732b7f3-29df-4ea8-9532-e92a66f64475",
	"8bdb72ca-c37d-49f6-bc98-b97b5539f176",
	"28a0c798-5d17-4405-9f61-8b9a00c763cd");
INSERT INTO V_VAL
	VALUES ("7984a2f6-d123-47e1-8931-ce38f1295757",
	0,
	0,
	436,
	9,
	23,
	0,
	0,
	0,
	0,
	"ba5eda7a-def5-0000-0000-000000000001",
	"1419f51f-5aa1-4d3f-bbc3-2570191c85cc");
INSERT INTO V_BIN
	VALUES ("7984a2f6-d123-47e1-8931-ce38f1295757",
	"cc490184-d6b7-4f8c-9509-556e7d555db4",
	"7284aac3-a357-4b6e-9c1c-c9bd468fe840",
	'!=');
INSERT INTO V_VAL
	VALUES ("5174e064-62fd-4c83-96b8-5f5897590755",
	0,
	0,
	436,
	18,
	18,
	0,
	0,
	0,
	0,
	"ba5eda7a-def5-0000-0000-000000000008",
	"1419f51f-5aa1-4d3f-bbc3-2570191c85cc");
INSERT INTO V_IRF
	VALUES ("5174e064-62fd-4c83-96b8-5f5897590755",
	"27901acc-d8ab-4128-aba9-89b9d5709ea6");
INSERT INTO V_VAL
	VALUES ("cc490184-d6b7-4f8c-9509-556e7d555db4",
	0,
	0,
	436,
	20,
	23,
	0,
	0,
	0,
	0,
	"ba5eda7a-def5-0000-0000-000000000004",
	"1419f51f-5aa1-4d3f-bbc3-2570191c85cc");
INSERT INTO V_AVL
	VALUES ("cc490184-d6b7-4f8c-9509-556e7d555db4",
	"5174e064-62fd-4c83-96b8-5f5897590755",
	"2d8a3a17-c338-4915-b084-15abec5d8a3d",
	"cb066c6c-d0e8-4f6e-b276-f26fd1aeb4c5");
INSERT INTO V_VAL
	VALUES ("3fc469c8-b455-4a7f-a880-b28ffeb3f35c",
	0,
	0,
	440,
	26,
	45,
	0,
	0,
	0,
	0,
	"ba5eda7a-def5-0000-0000-000000000004",
	"1419f51f-5aa1-4d3f-bbc3-2570191c85cc");
INSERT INTO V_LST
	VALUES ("3fc469c8-b455-4a7f-a880-b28ffeb3f35c",
	'Made it to the end.');
INSERT INTO V_PAR
	VALUES ("3fc469c8-b455-4a7f-a880-b28ffeb3f35c",
	"2b5b0082-c212-4e1f-a14f-61da5322f0a8",
	"00000000-0000-0000-0000-000000000000",
	'message',
	"00000000-0000-0000-0000-000000000000",
	440,
	18);
INSERT INTO V_VAR
	VALUES ("43eb3eff-3262-4472-870f-9f50475741e9",
	"1419f51f-5aa1-4d3f-bbc3-2570191c85cc",
	'a',
	1,
	"ba5eda7a-def5-0000-0000-000000000008");
INSERT INTO V_INT
	VALUES ("43eb3eff-3262-4472-870f-9f50475741e9",
	0,
	"9e07c28d-77a6-489a-85f6-d1ae2b7a22b4");
INSERT INTO V_VAR
	VALUES ("dd0e8277-a3f9-407e-ba3e-0ca50f9eb5f9",
	"1419f51f-5aa1-4d3f-bbc3-2570191c85cc",
	'as',
	1,
	"ba5eda7a-def5-0000-0000-000000000009");
INSERT INTO V_INS
	VALUES ("dd0e8277-a3f9-407e-ba3e-0ca50f9eb5f9",
	"9e07c28d-77a6-489a-85f6-d1ae2b7a22b4");
INSERT INTO V_VAR
	VALUES ("dc5829b4-5ba5-424c-aeb4-95460754db30",
	"1419f51f-5aa1-4d3f-bbc3-2570191c85cc",
	'as_again',
	1,
	"ba5eda7a-def5-0000-0000-000000000009");
INSERT INTO V_INS
	VALUES ("dc5829b4-5ba5-424c-aeb4-95460754db30",
	"9e07c28d-77a6-489a-85f6-d1ae2b7a22b4");
INSERT INTO V_VAR
	VALUES ("34692508-0f26-4fa5-b288-1445319092b5",
	"1419f51f-5aa1-4d3f-bbc3-2570191c85cc",
	'a1',
	1,
	"ba5eda7a-def5-0000-0000-000000000008");
INSERT INTO V_INT
	VALUES ("34692508-0f26-4fa5-b288-1445319092b5",
	0,
	"9e07c28d-77a6-489a-85f6-d1ae2b7a22b4");
INSERT INTO V_VAR
	VALUES ("af83bdeb-22a9-45e3-8431-0a2169f9a34e",
	"1419f51f-5aa1-4d3f-bbc3-2570191c85cc",
	'b',
	1,
	"ba5eda7a-def5-0000-0000-000000000008");
INSERT INTO V_INT
	VALUES ("af83bdeb-22a9-45e3-8431-0a2169f9a34e",
	0,
	"4fe7dec5-7125-46ae-99c5-0fbe0635efc5");
INSERT INTO V_VAR
	VALUES ("a7566092-9e4d-4b91-aa8e-2f9f61412d63",
	"1419f51f-5aa1-4d3f-bbc3-2570191c85cc",
	'same_a',
	1,
	"ba5eda7a-def5-0000-0000-000000000008");
INSERT INTO V_INT
	VALUES ("a7566092-9e4d-4b91-aa8e-2f9f61412d63",
	0,
	"9e07c28d-77a6-489a-85f6-d1ae2b7a22b4");
INSERT INTO V_VAR
	VALUES ("18b18349-138c-4749-a78d-178ee4d7c3f2",
	"1419f51f-5aa1-4d3f-bbc3-2570191c85cc",
	'd',
	1,
	"ba5eda7a-def5-0000-0000-000000000008");
INSERT INTO V_INT
	VALUES ("18b18349-138c-4749-a78d-178ee4d7c3f2",
	0,
	"8e6ffc50-e410-47a1-8bcf-8229c2ca4642");
INSERT INTO V_VAR
	VALUES ("ff4c4ffe-ad43-4680-ac71-b60c4757082c",
	"1419f51f-5aa1-4d3f-bbc3-2570191c85cc",
	'cs',
	1,
	"ba5eda7a-def5-0000-0000-000000000009");
INSERT INTO V_INS
	VALUES ("ff4c4ffe-ad43-4680-ac71-b60c4757082c",
	"9940ccae-6e81-400f-b2d8-0b0a0a36c067");
INSERT INTO V_VAR
	VALUES ("41296396-df82-4fc4-a8c8-ee1cf0c47210",
	"1419f51f-5aa1-4d3f-bbc3-2570191c85cc",
	'c',
	1,
	"ba5eda7a-def5-0000-0000-000000000008");
INSERT INTO V_INT
	VALUES ("41296396-df82-4fc4-a8c8-ee1cf0c47210",
	1,
	"9940ccae-6e81-400f-b2d8-0b0a0a36c067");
INSERT INTO V_VAR
	VALUES ("81e1dda4-d73d-4396-9afb-0374babe5c3f",
	"1419f51f-5aa1-4d3f-bbc3-2570191c85cc",
	'e',
	1,
	"ba5eda7a-def5-0000-0000-000000000008");
INSERT INTO V_INT
	VALUES ("81e1dda4-d73d-4396-9afb-0374babe5c3f",
	0,
	"6ee088c1-7097-4fe8-96fc-815a18b47c81");
INSERT INTO V_VAR
	VALUES ("674ca723-8eb2-4736-88e8-c7f045696ebd",
	"1419f51f-5aa1-4d3f-bbc3-2570191c85cc",
	'f',
	1,
	"ba5eda7a-def5-0000-0000-000000000008");
INSERT INTO V_INT
	VALUES ("674ca723-8eb2-4736-88e8-c7f045696ebd",
	0,
	"c21a9ecf-e844-47a4-910a-7d8c7aa3d553");
INSERT INTO V_VAR
	VALUES ("6f38449d-da96-4bd4-a1e8-04fd2a734c29",
	"1419f51f-5aa1-4d3f-bbc3-2570191c85cc",
	'es',
	1,
	"ba5eda7a-def5-0000-0000-000000000009");
INSERT INTO V_INS
	VALUES ("6f38449d-da96-4bd4-a1e8-04fd2a734c29",
	"6ee088c1-7097-4fe8-96fc-815a18b47c81");
INSERT INTO V_VAR
	VALUES ("d28b228f-2871-4cda-ae27-83553949cc0a",
	"1419f51f-5aa1-4d3f-bbc3-2570191c85cc",
	'g',
	1,
	"ba5eda7a-def5-0000-0000-000000000008");
INSERT INTO V_INT
	VALUES ("d28b228f-2871-4cda-ae27-83553949cc0a",
	0,
	"39297b1a-c5e8-4464-b85c-7f1c6dadf459");
INSERT INTO V_VAR
	VALUES ("84f915cf-dbfa-4bf2-a64f-5268b21bd85a",
	"1419f51f-5aa1-4d3f-bbc3-2570191c85cc",
	'h1',
	1,
	"ba5eda7a-def5-0000-0000-000000000008");
INSERT INTO V_INT
	VALUES ("84f915cf-dbfa-4bf2-a64f-5268b21bd85a",
	0,
	"2620e093-f578-450b-aabf-d9a801df6972");
INSERT INTO V_VAR
	VALUES ("16099a23-be1d-4ef8-889e-8db7eba14d56",
	"1419f51f-5aa1-4d3f-bbc3-2570191c85cc",
	'h2',
	1,
	"ba5eda7a-def5-0000-0000-000000000008");
INSERT INTO V_INT
	VALUES ("16099a23-be1d-4ef8-889e-8db7eba14d56",
	0,
	"2620e093-f578-450b-aabf-d9a801df6972");
INSERT INTO V_VAR
	VALUES ("a9508292-8cbe-47bf-a169-fff9d55aab24",
	"1419f51f-5aa1-4d3f-bbc3-2570191c85cc",
	'h3',
	1,
	"ba5eda7a-def5-0000-0000-000000000008");
INSERT INTO V_INT
	VALUES ("a9508292-8cbe-47bf-a169-fff9d55aab24",
	0,
	"2620e093-f578-450b-aabf-d9a801df6972");
INSERT INTO V_VAR
	VALUES ("769fa316-88d3-4590-ab1a-0c88b743c2f1",
	"1419f51f-5aa1-4d3f-bbc3-2570191c85cc",
	'h',
	1,
	"ba5eda7a-def5-0000-0000-000000000008");
INSERT INTO V_INT
	VALUES ("769fa316-88d3-4590-ab1a-0c88b743c2f1",
	0,
	"2620e093-f578-450b-aabf-d9a801df6972");
INSERT INTO V_VAR
	VALUES ("8d7fde51-30bc-4227-8d2a-aaa50b63e284",
	"1419f51f-5aa1-4d3f-bbc3-2570191c85cc",
	'hp',
	1,
	"ba5eda7a-def5-0000-0000-000000000008");
INSERT INTO V_INT
	VALUES ("8d7fde51-30bc-4227-8d2a-aaa50b63e284",
	0,
	"2620e093-f578-450b-aabf-d9a801df6972");
INSERT INTO V_VAR
	VALUES ("f16830d1-9653-47d7-9b24-533ad1fd5417",
	"1419f51f-5aa1-4d3f-bbc3-2570191c85cc",
	'hf',
	1,
	"ba5eda7a-def5-0000-0000-000000000008");
INSERT INTO V_INT
	VALUES ("f16830d1-9653-47d7-9b24-533ad1fd5417",
	0,
	"2620e093-f578-450b-aabf-d9a801df6972");
INSERT INTO V_VAR
	VALUES ("a34fd105-bf0e-4252-9ab4-08d2f0a28224",
	"1419f51f-5aa1-4d3f-bbc3-2570191c85cc",
	'i',
	1,
	"ba5eda7a-def5-0000-0000-000000000008");
INSERT INTO V_INT
	VALUES ("a34fd105-bf0e-4252-9ab4-08d2f0a28224",
	0,
	"9dbd3ae1-6411-42eb-972d-0740a28a8c2c");
INSERT INTO V_VAR
	VALUES ("f94980ca-e184-4c43-b3b2-4daf79b7f236",
	"1419f51f-5aa1-4d3f-bbc3-2570191c85cc",
	'k',
	1,
	"ba5eda7a-def5-0000-0000-000000000008");
INSERT INTO V_INT
	VALUES ("f94980ca-e184-4c43-b3b2-4daf79b7f236",
	0,
	"582d76c4-422e-4d9e-8361-55c5096acbfd");
INSERT INTO V_VAR
	VALUES ("e5e90a0a-17e5-4b77-a8c5-ff4580321274",
	"1419f51f-5aa1-4d3f-bbc3-2570191c85cc",
	'l',
	1,
	"ba5eda7a-def5-0000-0000-000000000008");
INSERT INTO V_INT
	VALUES ("e5e90a0a-17e5-4b77-a8c5-ff4580321274",
	0,
	"60baa2a9-55de-4e61-947f-25f39fc3cbf1");
INSERT INTO V_VAR
	VALUES ("f4c51203-66ab-474a-a666-320596a5855c",
	"1419f51f-5aa1-4d3f-bbc3-2570191c85cc",
	'o',
	1,
	"ba5eda7a-def5-0000-0000-000000000008");
INSERT INTO V_INT
	VALUES ("f4c51203-66ab-474a-a666-320596a5855c",
	0,
	"2b75ff93-ab57-42e7-8100-af7086b8d12b");
INSERT INTO V_VAR
	VALUES ("7c228ed5-9ece-42f1-a57f-dc927251957c",
	"1419f51f-5aa1-4d3f-bbc3-2570191c85cc",
	'os',
	1,
	"ba5eda7a-def5-0000-0000-000000000009");
INSERT INTO V_INS
	VALUES ("7c228ed5-9ece-42f1-a57f-dc927251957c",
	"2b75ff93-ab57-42e7-8100-af7086b8d12b");
INSERT INTO V_VAR
	VALUES ("b7f93e8e-067d-4288-bcbd-6f089d974e24",
	"1419f51f-5aa1-4d3f-bbc3-2570191c85cc",
	'o1',
	1,
	"ba5eda7a-def5-0000-0000-000000000008");
INSERT INTO V_INT
	VALUES ("b7f93e8e-067d-4288-bcbd-6f089d974e24",
	0,
	"2b75ff93-ab57-42e7-8100-af7086b8d12b");
INSERT INTO V_VAR
	VALUES ("4dd32c55-2ad0-4024-8d2d-08c67e177ebb",
	"1419f51f-5aa1-4d3f-bbc3-2570191c85cc",
	'n',
	1,
	"ba5eda7a-def5-0000-0000-000000000008");
INSERT INTO V_INT
	VALUES ("4dd32c55-2ad0-4024-8d2d-08c67e177ebb",
	0,
	"38f266c8-6c6c-48af-a7ef-9aa0763aa5e5");
INSERT INTO V_VAR
	VALUES ("f242f845-6286-4032-b8ec-0f2a42e9b8f0",
	"1419f51f-5aa1-4d3f-bbc3-2570191c85cc",
	'ns',
	1,
	"ba5eda7a-def5-0000-0000-000000000009");
INSERT INTO V_INS
	VALUES ("f242f845-6286-4032-b8ec-0f2a42e9b8f0",
	"38f266c8-6c6c-48af-a7ef-9aa0763aa5e5");
INSERT INTO V_VAR
	VALUES ("7ed06241-d27e-42f8-a525-2b34eccdb97b",
	"1419f51f-5aa1-4d3f-bbc3-2570191c85cc",
	'n1',
	1,
	"ba5eda7a-def5-0000-0000-000000000008");
INSERT INTO V_INT
	VALUES ("7ed06241-d27e-42f8-a525-2b34eccdb97b",
	0,
	"38f266c8-6c6c-48af-a7ef-9aa0763aa5e5");
INSERT INTO V_VAR
	VALUES ("50fd7243-e4bc-4c1f-bc7b-f32276b69612",
	"1419f51f-5aa1-4d3f-bbc3-2570191c85cc",
	'n2',
	1,
	"ba5eda7a-def5-0000-0000-000000000008");
INSERT INTO V_INT
	VALUES ("50fd7243-e4bc-4c1f-bc7b-f32276b69612",
	0,
	"38f266c8-6c6c-48af-a7ef-9aa0763aa5e5");
INSERT INTO V_VAR
	VALUES ("73237db5-d124-4e3b-818d-792a66bb3059",
	"1419f51f-5aa1-4d3f-bbc3-2570191c85cc",
	'boss',
	1,
	"ba5eda7a-def5-0000-0000-000000000008");
INSERT INTO V_INT
	VALUES ("73237db5-d124-4e3b-818d-792a66bb3059",
	0,
	"38f266c8-6c6c-48af-a7ef-9aa0763aa5e5");
INSERT INTO V_VAR
	VALUES ("3afae416-c69b-4a89-999c-97b1dcc94770",
	"1419f51f-5aa1-4d3f-bbc3-2570191c85cc",
	'm',
	1,
	"ba5eda7a-def5-0000-0000-000000000008");
INSERT INTO V_INT
	VALUES ("3afae416-c69b-4a89-999c-97b1dcc94770",
	0,
	"19e5ff06-3b46-4569-a048-93bb3afac2ba");
INSERT INTO V_VAR
	VALUES ("af08d23a-ec62-4548-a30b-4a4632d5f456",
	"1419f51f-5aa1-4d3f-bbc3-2570191c85cc",
	'p',
	1,
	"ba5eda7a-def5-0000-0000-000000000008");
INSERT INTO V_INT
	VALUES ("af08d23a-ec62-4548-a30b-4a4632d5f456",
	0,
	"51d33202-1bc5-4cb1-87ab-6d049b279014");
INSERT INTO V_VAR
	VALUES ("581dd2a3-3214-4b84-8e89-22181583d62b",
	"1419f51f-5aa1-4d3f-bbc3-2570191c85cc",
	'q',
	1,
	"ba5eda7a-def5-0000-0000-000000000008");
INSERT INTO V_INT
	VALUES ("581dd2a3-3214-4b84-8e89-22181583d62b",
	0,
	"6804fe30-06ab-4a76-91ef-cf622b4abd28");
INSERT INTO V_VAR
	VALUES ("7523039d-1c61-4b0f-bdbd-bff744c83c9a",
	"1419f51f-5aa1-4d3f-bbc3-2570191c85cc",
	'r',
	1,
	"ba5eda7a-def5-0000-0000-000000000008");
INSERT INTO V_INT
	VALUES ("7523039d-1c61-4b0f-bdbd-bff744c83c9a",
	0,
	"e46bd84d-ce9b-4e47-b607-5c2663f180d1");
INSERT INTO V_VAR
	VALUES ("3a63ef99-bb80-4b6e-aa98-557076baddae",
	"1419f51f-5aa1-4d3f-bbc3-2570191c85cc",
	's',
	1,
	"ba5eda7a-def5-0000-0000-000000000008");
INSERT INTO V_INT
	VALUES ("3a63ef99-bb80-4b6e-aa98-557076baddae",
	0,
	"7f36c39d-4387-48b0-81be-bd38a72789eb");
INSERT INTO V_VAR
	VALUES ("6fbef6fb-e997-441f-a28b-83a658e2399f",
	"1419f51f-5aa1-4d3f-bbc3-2570191c85cc",
	'ts',
	1,
	"ba5eda7a-def5-0000-0000-000000000009");
INSERT INTO V_INS
	VALUES ("6fbef6fb-e997-441f-a28b-83a658e2399f",
	"9de905e1-46fc-4263-835c-6063781f6921");
INSERT INTO V_VAR
	VALUES ("a63cbe2a-4b9a-4f2e-8e2a-b2b4d57f40ff",
	"1419f51f-5aa1-4d3f-bbc3-2570191c85cc",
	't',
	1,
	"ba5eda7a-def5-0000-0000-000000000008");
INSERT INTO V_INT
	VALUES ("a63cbe2a-4b9a-4f2e-8e2a-b2b4d57f40ff",
	1,
	"9de905e1-46fc-4263-835c-6063781f6921");
INSERT INTO V_VAR
	VALUES ("9507e9e2-1f5b-4e98-841e-7bc0e9e226c1",
	"1419f51f-5aa1-4d3f-bbc3-2570191c85cc",
	'u',
	1,
	"ba5eda7a-def5-0000-0000-000000000008");
INSERT INTO V_INT
	VALUES ("9507e9e2-1f5b-4e98-841e-7bc0e9e226c1",
	0,
	"7f6f388d-edba-4bfb-b83c-533ee6906124");
INSERT INTO V_VAR
	VALUES ("80cb842e-1c2b-4dee-b3c9-5ad1be9b39b3",
	"1419f51f-5aa1-4d3f-bbc3-2570191c85cc",
	'w',
	1,
	"ba5eda7a-def5-0000-0000-000000000008");
INSERT INTO V_INT
	VALUES ("80cb842e-1c2b-4dee-b3c9-5ad1be9b39b3",
	0,
	"16f7cfb9-3145-4027-8b3a-13a0b9770ae3");
INSERT INTO V_VAR
	VALUES ("635ec44a-3b4a-4a4e-8e45-4c70b6fa36d1",
	"1419f51f-5aa1-4d3f-bbc3-2570191c85cc",
	'husband',
	1,
	"ba5eda7a-def5-0000-0000-000000000008");
INSERT INTO V_INT
	VALUES ("635ec44a-3b4a-4a4e-8e45-4c70b6fa36d1",
	0,
	"16f7cfb9-3145-4027-8b3a-13a0b9770ae3");
INSERT INTO V_VAR
	VALUES ("9dcb0181-0b2d-4c26-9943-87ad0b1ef443",
	"1419f51f-5aa1-4d3f-bbc3-2570191c85cc",
	'huz',
	1,
	"ba5eda7a-def5-0000-0000-000000000008");
INSERT INTO V_INT
	VALUES ("9dcb0181-0b2d-4c26-9943-87ad0b1ef443",
	0,
	"16f7cfb9-3145-4027-8b3a-13a0b9770ae3");
INSERT INTO V_VAR
	VALUES ("7b181940-fa35-41cd-b919-e56a7cc8a85a",
	"1419f51f-5aa1-4d3f-bbc3-2570191c85cc",
	'wife',
	1,
	"ba5eda7a-def5-0000-0000-000000000008");
INSERT INTO V_INT
	VALUES ("7b181940-fa35-41cd-b919-e56a7cc8a85a",
	0,
	"16f7cfb9-3145-4027-8b3a-13a0b9770ae3");
INSERT INTO V_VAR
	VALUES ("1dfffbc9-e6a3-4a15-a8ca-3dc8fe4d41dc",
	"1419f51f-5aa1-4d3f-bbc3-2570191c85cc",
	'v',
	1,
	"ba5eda7a-def5-0000-0000-000000000008");
INSERT INTO V_INT
	VALUES ("1dfffbc9-e6a3-4a15-a8ca-3dc8fe4d41dc",
	0,
	"1303c58a-6a69-454d-8f4f-63a4c1d6bab1");
INSERT INTO V_VAR
	VALUES ("6991e698-d1ea-4716-88b2-07de3aae09c5",
	"1419f51f-5aa1-4d3f-bbc3-2570191c85cc",
	'x',
	1,
	"ba5eda7a-def5-0000-0000-000000000008");
INSERT INTO V_INT
	VALUES ("6991e698-d1ea-4716-88b2-07de3aae09c5",
	0,
	"37232c72-a7ed-4c17-9fbc-5129fd3a4bae");
INSERT INTO V_VAR
	VALUES ("1f09a769-f1b9-438f-a3a7-a02bd5af7fcb",
	"1419f51f-5aa1-4d3f-bbc3-2570191c85cc",
	'xs',
	1,
	"ba5eda7a-def5-0000-0000-000000000009");
INSERT INTO V_INS
	VALUES ("1f09a769-f1b9-438f-a3a7-a02bd5af7fcb",
	"37232c72-a7ed-4c17-9fbc-5129fd3a4bae");
INSERT INTO V_VAR
	VALUES ("fb6d2f78-085a-4c27-b199-7b340bc6bd3a",
	"1419f51f-5aa1-4d3f-bbc3-2570191c85cc",
	'cardxs',
	1,
	"ba5eda7a-def5-0000-0000-000000000002");
INSERT INTO V_TRN
	VALUES ("fb6d2f78-085a-4c27-b199-7b340bc6bd3a",
	"00000000-0000-0000-0000-000000000000",
	'');
INSERT INTO V_VAR
	VALUES ("729db435-67ea-4a60-bee6-479617df437f",
	"1419f51f-5aa1-4d3f-bbc3-2570191c85cc",
	'ys',
	1,
	"ba5eda7a-def5-0000-0000-000000000009");
INSERT INTO V_INS
	VALUES ("729db435-67ea-4a60-bee6-479617df437f",
	"1a0a7fbf-fcee-426a-a47f-eb1a0de6fbe2");
INSERT INTO V_VAR
	VALUES ("9bd15ebd-d4ad-4240-9268-cb4cfbe34cdb",
	"1419f51f-5aa1-4d3f-bbc3-2570191c85cc",
	'x1',
	1,
	"ba5eda7a-def5-0000-0000-000000000008");
INSERT INTO V_INT
	VALUES ("9bd15ebd-d4ad-4240-9268-cb4cfbe34cdb",
	0,
	"37232c72-a7ed-4c17-9fbc-5129fd3a4bae");
INSERT INTO V_VAR
	VALUES ("d23dcb42-b5ce-4ee3-a03d-2a89e81c1ca8",
	"1419f51f-5aa1-4d3f-bbc3-2570191c85cc",
	'y',
	1,
	"ba5eda7a-def5-0000-0000-000000000008");
INSERT INTO V_INT
	VALUES ("d23dcb42-b5ce-4ee3-a03d-2a89e81c1ca8",
	0,
	"1a0a7fbf-fcee-426a-a47f-eb1a0de6fbe2");
INSERT INTO V_VAR
	VALUES ("27901acc-d8ab-4128-aba9-89b9d5709ea6",
	"1419f51f-5aa1-4d3f-bbc3-2570191c85cc",
	'z',
	1,
	"ba5eda7a-def5-0000-0000-000000000008");
INSERT INTO V_INT
	VALUES ("27901acc-d8ab-4128-aba9-89b9d5709ea6",
	0,
	"2d8a3a17-c338-4915-b084-15abec5d8a3d");
INSERT INTO V_VAR
	VALUES ("a3a63b24-1c78-4c5d-8950-ed4c8ded0138",
	"1419f51f-5aa1-4d3f-bbc3-2570191c85cc",
	'zs',
	1,
	"ba5eda7a-def5-0000-0000-000000000009");
INSERT INTO V_INS
	VALUES ("a3a63b24-1c78-4c5d-8950-ed4c8ded0138",
	"2d8a3a17-c338-4915-b084-15abec5d8a3d");
INSERT INTO V_VAR
	VALUES ("91cbd97a-e60f-4c2d-a2d7-a6af93e5e9d6",
	"1419f51f-5aa1-4d3f-bbc3-2570191c85cc",
	'zz',
	1,
	"ba5eda7a-def5-0000-0000-000000000008");
INSERT INTO V_INT
	VALUES ("91cbd97a-e60f-4c2d-a2d7-a6af93e5e9d6",
	0,
	"8bdb72ca-c37d-49f6-bc98-b97b5539f176");
INSERT INTO ACT_BLK
	VALUES ("559b0c98-6ef4-42fd-852e-91b527450b7d",
	0,
	0,
	0,
	'LOG',
	'',
	'',
	7,
	3,
	7,
	3,
	0,
	0,
	0,
	0,
	0,
	0,
	0,
	0,
	0,
	"2c0be812-95ea-437f-b051-a9349a9f5da0",
	"00000000-0000-0000-0000-000000000000");
INSERT INTO ACT_SMT
	VALUES ("3d8ba85b-38b0-467e-b700-f99c5225c014",
	"559b0c98-6ef4-42fd-852e-91b527450b7d",
	"00000000-0000-0000-0000-000000000000",
	7,
	3,
	'test line: 7');
INSERT INTO ACT_BRG
	VALUES ("3d8ba85b-38b0-467e-b700-f99c5225c014",
	"2dcf3e84-1208-4e7f-a70c-a54d15f1ce77",
	7,
	8,
	7,
	3);
INSERT INTO V_VAL
	VALUES ("91ecb5bc-56d0-41bb-9e5a-9cbea7c57293",
	0,
	0,
	7,
	28,
	58,
	0,
	0,
	0,
	0,
	"ba5eda7a-def5-0000-0000-000000000004",
	"559b0c98-6ef4-42fd-852e-91b527450b7d");
INSERT INTO V_LST
	VALUES ("91ecb5bc-56d0-41bb-9e5a-9cbea7c57293",
	'test1.20:  Failed to select a.');
INSERT INTO V_PAR
	VALUES ("91ecb5bc-56d0-41bb-9e5a-9cbea7c57293",
	"3d8ba85b-38b0-467e-b700-f99c5225c014",
	"00000000-0000-0000-0000-000000000000",
	'message',
	"00000000-0000-0000-0000-000000000000",
	7,
	20);
INSERT INTO ACT_BLK
	VALUES ("ef077e1c-86c0-4b2f-ad0d-afa1444ba297",
	0,
	0,
	0,
	'LOG',
	'',
	'',
	12,
	3,
	12,
	3,
	0,
	0,
	0,
	0,
	0,
	0,
	0,
	0,
	0,
	"2c0be812-95ea-437f-b051-a9349a9f5da0",
	"00000000-0000-0000-0000-000000000000");
INSERT INTO ACT_SMT
	VALUES ("18740a1b-263d-4e1b-8e1e-1f87c820fb16",
	"ef077e1c-86c0-4b2f-ad0d-afa1444ba297",
	"00000000-0000-0000-0000-000000000000",
	12,
	3,
	'test line: 12');
INSERT INTO ACT_BRG
	VALUES ("18740a1b-263d-4e1b-8e1e-1f87c820fb16",
	"2dcf3e84-1208-4e7f-a70c-a54d15f1ce77",
	12,
	8,
	12,
	3);
INSERT INTO V_VAL
	VALUES ("16461864-0b50-4031-8b61-19215b3be873",
	0,
	0,
	12,
	28,
	58,
	0,
	0,
	0,
	0,
	"ba5eda7a-def5-0000-0000-000000000004",
	"ef077e1c-86c0-4b2f-ad0d-afa1444ba297");
INSERT INTO V_LST
	VALUES ("16461864-0b50-4031-8b61-19215b3be873",
	'test1.21:  Wrong number of As.');
INSERT INTO V_PAR
	VALUES ("16461864-0b50-4031-8b61-19215b3be873",
	"18740a1b-263d-4e1b-8e1e-1f87c820fb16",
	"00000000-0000-0000-0000-000000000000",
	'message',
	"00000000-0000-0000-0000-000000000000",
	12,
	20);
INSERT INTO ACT_BLK
	VALUES ("df9878c4-4b33-498b-83b0-106029ae85eb",
	0,
	0,
	0,
	'LOG',
	'',
	'',
	16,
	3,
	16,
	3,
	0,
	0,
	0,
	0,
	0,
	0,
	0,
	0,
	0,
	"2c0be812-95ea-437f-b051-a9349a9f5da0",
	"00000000-0000-0000-0000-000000000000");
INSERT INTO ACT_SMT
	VALUES ("0f3f58ba-2bfe-4758-961a-22a21cfa8f8f",
	"df9878c4-4b33-498b-83b0-106029ae85eb",
	"00000000-0000-0000-0000-000000000000",
	16,
	3,
	'test line: 16');
INSERT INTO ACT_BRG
	VALUES ("0f3f58ba-2bfe-4758-961a-22a21cfa8f8f",
	"2dcf3e84-1208-4e7f-a70c-a54d15f1ce77",
	16,
	8,
	16,
	3);
INSERT INTO V_VAL
	VALUES ("b92ac6d9-8892-4019-9648-c61d33421f92",
	0,
	0,
	16,
	28,
	64,
	0,
	0,
	0,
	0,
	"ba5eda7a-def5-0000-0000-000000000004",
	"df9878c4-4b33-498b-83b0-106029ae85eb");
INSERT INTO V_LST
	VALUES ("b92ac6d9-8892-4019-9648-c61d33421f92",
	'set of As and As_again do not match.');
INSERT INTO V_PAR
	VALUES ("b92ac6d9-8892-4019-9648-c61d33421f92",
	"0f3f58ba-2bfe-4758-961a-22a21cfa8f8f",
	"00000000-0000-0000-0000-000000000000",
	'message',
	"00000000-0000-0000-0000-000000000000",
	16,
	20);
INSERT INTO ACT_BLK
	VALUES ("333bd803-4af7-426e-a128-725bb587aec0",
	0,
	0,
	0,
	'LOG',
	'',
	'',
	22,
	3,
	22,
	3,
	0,
	0,
	0,
	0,
	0,
	0,
	0,
	0,
	0,
	"2c0be812-95ea-437f-b051-a9349a9f5da0",
	"00000000-0000-0000-0000-000000000000");
INSERT INTO ACT_SMT
	VALUES ("6143eec1-00db-4acc-afc6-04d446975e30",
	"333bd803-4af7-426e-a128-725bb587aec0",
	"00000000-0000-0000-0000-000000000000",
	22,
	3,
	'test line: 22');
INSERT INTO ACT_BRG
	VALUES ("6143eec1-00db-4acc-afc6-04d446975e30",
	"2dcf3e84-1208-4e7f-a70c-a54d15f1ce77",
	22,
	8,
	22,
	3);
INSERT INTO V_VAL
	VALUES ("91fa3633-c1dc-47da-96d0-5940380a2c17",
	0,
	0,
	22,
	28,
	64,
	0,
	0,
	0,
	0,
	"ba5eda7a-def5-0000-0000-000000000004",
	"333bd803-4af7-426e-a128-725bb587aec0");
INSERT INTO V_LST
	VALUES ("91fa3633-c1dc-47da-96d0-5940380a2c17",
	'test1.22:  Failed to select a where.');
INSERT INTO V_PAR
	VALUES ("91fa3633-c1dc-47da-96d0-5940380a2c17",
	"6143eec1-00db-4acc-afc6-04d446975e30",
	"00000000-0000-0000-0000-000000000000",
	'message',
	"00000000-0000-0000-0000-000000000000",
	22,
	20);
INSERT INTO ACT_BLK
	VALUES ("a7c8ce41-ef16-4a19-8fb0-461edfeff41b",
	0,
	0,
	0,
	'LOG',
	'',
	'',
	28,
	3,
	28,
	3,
	0,
	0,
	0,
	0,
	0,
	0,
	0,
	0,
	0,
	"2c0be812-95ea-437f-b051-a9349a9f5da0",
	"00000000-0000-0000-0000-000000000000");
INSERT INTO ACT_SMT
	VALUES ("afafa97a-b21e-4c02-8c9f-b543be49aedd",
	"a7c8ce41-ef16-4a19-8fb0-461edfeff41b",
	"00000000-0000-0000-0000-000000000000",
	28,
	3,
	'test line: 28');
INSERT INTO ACT_BRG
	VALUES ("afafa97a-b21e-4c02-8c9f-b543be49aedd",
	"2dcf3e84-1208-4e7f-a70c-a54d15f1ce77",
	28,
	8,
	28,
	3);
INSERT INTO V_VAL
	VALUES ("f1f04554-72fe-4bb2-a3d0-5beec1cc1d2e",
	0,
	0,
	28,
	28,
	63,
	0,
	0,
	0,
	0,
	"ba5eda7a-def5-0000-0000-000000000004",
	"a7c8ce41-ef16-4a19-8fb0-461edfeff41b");
INSERT INTO V_LST
	VALUES ("f1f04554-72fe-4bb2-a3d0-5beec1cc1d2e",
	'test1.23:  Selected non-existant B.');
INSERT INTO V_PAR
	VALUES ("f1f04554-72fe-4bb2-a3d0-5beec1cc1d2e",
	"afafa97a-b21e-4c02-8c9f-b543be49aedd",
	"00000000-0000-0000-0000-000000000000",
	'message',
	"00000000-0000-0000-0000-000000000000",
	28,
	20);
INSERT INTO ACT_BLK
	VALUES ("cd83a2f1-b868-4f5a-aafa-3a64da48c3b7",
	0,
	0,
	0,
	'LOG',
	'',
	'',
	33,
	3,
	33,
	3,
	0,
	0,
	0,
	0,
	0,
	0,
	0,
	0,
	0,
	"2c0be812-95ea-437f-b051-a9349a9f5da0",
	"00000000-0000-0000-0000-000000000000");
INSERT INTO ACT_SMT
	VALUES ("a482dc6e-e3ea-4784-af2a-345c7b8f0cc4",
	"cd83a2f1-b868-4f5a-aafa-3a64da48c3b7",
	"00000000-0000-0000-0000-000000000000",
	33,
	3,
	'test line: 33');
INSERT INTO ACT_BRG
	VALUES ("a482dc6e-e3ea-4784-af2a-345c7b8f0cc4",
	"2dcf3e84-1208-4e7f-a70c-a54d15f1ce77",
	33,
	8,
	33,
	3);
INSERT INTO V_VAL
	VALUES ("8cdbedc0-ec10-424f-ad30-d19c3f25f42b",
	0,
	0,
	33,
	28,
	64,
	0,
	0,
	0,
	0,
	"ba5eda7a-def5-0000-0000-000000000004",
	"cd83a2f1-b868-4f5a-aafa-3a64da48c3b7");
INSERT INTO V_LST
	VALUES ("8cdbedc0-ec10-424f-ad30-d19c3f25f42b",
	'test1.24:  Failed to select b where.');
INSERT INTO V_PAR
	VALUES ("8cdbedc0-ec10-424f-ad30-d19c3f25f42b",
	"a482dc6e-e3ea-4784-af2a-345c7b8f0cc4",
	"00000000-0000-0000-0000-000000000000",
	'message',
	"00000000-0000-0000-0000-000000000000",
	33,
	20);
INSERT INTO ACT_BLK
	VALUES ("f9d1a0f8-5047-4565-92dc-fe6ac9998d49",
	0,
	0,
	0,
	'LOG',
	'',
	'',
	42,
	3,
	42,
	3,
	0,
	0,
	0,
	0,
	0,
	0,
	0,
	0,
	0,
	"2c0be812-95ea-437f-b051-a9349a9f5da0",
	"00000000-0000-0000-0000-000000000000");
INSERT INTO ACT_SMT
	VALUES ("9e563644-fee2-4866-bceb-429bdc32cc88",
	"f9d1a0f8-5047-4565-92dc-fe6ac9998d49",
	"00000000-0000-0000-0000-000000000000",
	42,
	3,
	'test line: 42');
INSERT INTO ACT_BRG
	VALUES ("9e563644-fee2-4866-bceb-429bdc32cc88",
	"2dcf3e84-1208-4e7f-a70c-a54d15f1ce77",
	42,
	8,
	42,
	3);
INSERT INTO V_VAL
	VALUES ("2dd0b088-91cb-4cb8-ab3e-7a1d156e2ed0",
	0,
	0,
	42,
	28,
	68,
	0,
	0,
	0,
	0,
	"ba5eda7a-def5-0000-0000-000000000004",
	"f9d1a0f8-5047-4565-92dc-fe6ac9998d49");
INSERT INTO V_LST
	VALUES ("2dd0b088-91cb-4cb8-ab3e-7a1d156e2ed0",
	'test1.40:  Failed to select b across R1.');
INSERT INTO V_PAR
	VALUES ("2dd0b088-91cb-4cb8-ab3e-7a1d156e2ed0",
	"9e563644-fee2-4866-bceb-429bdc32cc88",
	"00000000-0000-0000-0000-000000000000",
	'message',
	"00000000-0000-0000-0000-000000000000",
	42,
	20);
INSERT INTO ACT_BLK
	VALUES ("4f6809d7-0727-4218-be2e-04e7ad82f500",
	0,
	0,
	0,
	'LOG',
	'',
	'',
	46,
	3,
	45,
	3,
	0,
	0,
	0,
	0,
	0,
	0,
	0,
	0,
	0,
	"2c0be812-95ea-437f-b051-a9349a9f5da0",
	"00000000-0000-0000-0000-000000000000");
INSERT INTO ACT_SMT
	VALUES ("295e59d6-1d45-4760-9e1d-a62c2a473ced",
	"4f6809d7-0727-4218-be2e-04e7ad82f500",
	"ea2cff78-c803-44cf-be33-ed37844b280c",
	45,
	3,
	'test line: 45');
INSERT INTO ACT_BRG
	VALUES ("295e59d6-1d45-4760-9e1d-a62c2a473ced",
	"2dcf3e84-1208-4e7f-a70c-a54d15f1ce77",
	45,
	8,
	45,
	3);
INSERT INTO ACT_SMT
	VALUES ("ea2cff78-c803-44cf-be33-ed37844b280c",
	"4f6809d7-0727-4218-be2e-04e7ad82f500",
	"00000000-0000-0000-0000-000000000000",
	46,
	3,
	'test line: 46');
INSERT INTO ACT_IF
	VALUES ("ea2cff78-c803-44cf-be33-ed37844b280c",
	"c2fb0ea5-79cd-4622-8d41-88a1d7ee7154",
	"89cc076d-4155-42ba-aad6-1d5042eee21e",
	"00000000-0000-0000-0000-000000000000",
	"00000000-0000-0000-0000-000000000000");
INSERT INTO V_VAL
	VALUES ("ba52005f-6206-405f-9b26-b12fb95a1174",
	0,
	0,
	45,
	28,
	66,
	0,
	0,
	0,
	0,
	"ba5eda7a-def5-0000-0000-000000000004",
	"4f6809d7-0727-4218-be2e-04e7ad82f500");
INSERT INTO V_LST
	VALUES ("ba52005f-6206-405f-9b26-b12fb95a1174",
	'test1.41:  Selected wrong b across R1.');
INSERT INTO V_PAR
	VALUES ("ba52005f-6206-405f-9b26-b12fb95a1174",
	"295e59d6-1d45-4760-9e1d-a62c2a473ced",
	"00000000-0000-0000-0000-000000000000",
	'message',
	"00000000-0000-0000-0000-000000000000",
	45,
	20);
INSERT INTO V_VAL
	VALUES ("f1bd49f8-78db-4fcb-bf04-8a9dbbd79a2f",
	0,
	0,
	46,
	8,
	8,
	0,
	0,
	0,
	0,
	"ba5eda7a-def5-0000-0000-000000000008",
	"4f6809d7-0727-4218-be2e-04e7ad82f500");
INSERT INTO V_IRF
	VALUES ("f1bd49f8-78db-4fcb-bf04-8a9dbbd79a2f",
	"43eb3eff-3262-4472-870f-9f50475741e9");
INSERT INTO V_VAL
	VALUES ("ad218ad9-ccaf-4607-a4ba-12853668ba4e",
	0,
	0,
	46,
	10,
	12,
	0,
	0,
	0,
	0,
	"ba5eda7a-def5-0000-0000-000000000002",
	"4f6809d7-0727-4218-be2e-04e7ad82f500");
INSERT INTO V_AVL
	VALUES ("ad218ad9-ccaf-4607-a4ba-12853668ba4e",
	"f1bd49f8-78db-4fcb-bf04-8a9dbbd79a2f",
	"9e07c28d-77a6-489a-85f6-d1ae2b7a22b4",
	"8d379622-8ab3-4f31-84d9-4ce9157c474d");
INSERT INTO V_VAL
	VALUES ("89cc076d-4155-42ba-aad6-1d5042eee21e",
	0,
	0,
	46,
	10,
	21,
	0,
	0,
	0,
	0,
	"ba5eda7a-def5-0000-0000-000000000001",
	"4f6809d7-0727-4218-be2e-04e7ad82f500");
INSERT INTO V_BIN
	VALUES ("89cc076d-4155-42ba-aad6-1d5042eee21e",
	"48ede0e0-3271-4f8d-8da1-c3379dd270d5",
	"ad218ad9-ccaf-4607-a4ba-12853668ba4e",
	'!=');
INSERT INTO V_VAL
	VALUES ("02d8b591-0d14-4ab6-8215-ddbf0335ac8d",
	0,
	0,
	46,
	17,
	17,
	0,
	0,
	0,
	0,
	"ba5eda7a-def5-0000-0000-000000000008",
	"4f6809d7-0727-4218-be2e-04e7ad82f500");
INSERT INTO V_IRF
	VALUES ("02d8b591-0d14-4ab6-8215-ddbf0335ac8d",
	"af83bdeb-22a9-45e3-8431-0a2169f9a34e");
INSERT INTO V_VAL
	VALUES ("48ede0e0-3271-4f8d-8da1-c3379dd270d5",
	0,
	0,
	46,
	19,
	21,
	0,
	0,
	0,
	0,
	"ba5eda7a-def5-0000-0000-000000000002",
	"4f6809d7-0727-4218-be2e-04e7ad82f500");
INSERT INTO V_AVL
	VALUES ("48ede0e0-3271-4f8d-8da1-c3379dd270d5",
	"02d8b591-0d14-4ab6-8215-ddbf0335ac8d",
	"4fe7dec5-7125-46ae-99c5-0fbe0635efc5",
	"2b82901e-e972-452c-a5d0-a0071b9de93e");
INSERT INTO ACT_BLK
	VALUES ("c2fb0ea5-79cd-4622-8d41-88a1d7ee7154",
	0,
	0,
	0,
	'LOG',
	'',
	'',
	47,
	5,
	47,
	5,
	0,
	0,
	0,
	0,
	0,
	0,
	0,
	0,
	0,
	"2c0be812-95ea-437f-b051-a9349a9f5da0",
	"00000000-0000-0000-0000-000000000000");
INSERT INTO ACT_SMT
	VALUES ("dc3f1663-a1a4-4c5b-9154-01b45b572114",
	"c2fb0ea5-79cd-4622-8d41-88a1d7ee7154",
	"00000000-0000-0000-0000-000000000000",
	47,
	5,
	'test line: 47');
INSERT INTO ACT_BRG
	VALUES ("dc3f1663-a1a4-4c5b-9154-01b45b572114",
	"2dcf3e84-1208-4e7f-a70c-a54d15f1ce77",
	47,
	10,
	47,
	5);
INSERT INTO V_VAL
	VALUES ("e9791bf2-0ca1-4998-87bb-f3ac1582c0e3",
	0,
	0,
	47,
	30,
	65,
	0,
	0,
	0,
	0,
	"ba5eda7a-def5-0000-0000-000000000004",
	"c2fb0ea5-79cd-4622-8d41-88a1d7ee7154");
INSERT INTO V_LST
	VALUES ("e9791bf2-0ca1-4998-87bb-f3ac1582c0e3",
	'test1.42:  A/B referential mismatch');
INSERT INTO V_PAR
	VALUES ("e9791bf2-0ca1-4998-87bb-f3ac1582c0e3",
	"dc3f1663-a1a4-4c5b-9154-01b45b572114",
	"00000000-0000-0000-0000-000000000000",
	'message',
	"00000000-0000-0000-0000-000000000000",
	47,
	22);
INSERT INTO ACT_BLK
	VALUES ("a02bc7ad-c6b4-466d-8d20-e665fc8164fb",
	0,
	0,
	0,
	'LOG',
	'',
	'',
	52,
	3,
	52,
	3,
	0,
	0,
	0,
	0,
	0,
	0,
	0,
	0,
	0,
	"2c0be812-95ea-437f-b051-a9349a9f5da0",
	"00000000-0000-0000-0000-000000000000");
INSERT INTO ACT_SMT
	VALUES ("9f41b0c6-c5f3-43ee-88f1-1c3893f71024",
	"a02bc7ad-c6b4-466d-8d20-e665fc8164fb",
	"00000000-0000-0000-0000-000000000000",
	52,
	3,
	'test line: 52');
INSERT INTO ACT_BRG
	VALUES ("9f41b0c6-c5f3-43ee-88f1-1c3893f71024",
	"2dcf3e84-1208-4e7f-a70c-a54d15f1ce77",
	52,
	8,
	52,
	3);
INSERT INTO V_VAL
	VALUES ("102428b3-ee88-4a15-b703-488f716afa14",
	0,
	0,
	52,
	28,
	77,
	0,
	0,
	0,
	0,
	"ba5eda7a-def5-0000-0000-000000000004",
	"a02bc7ad-c6b4-466d-8d20-e665fc8164fb");
INSERT INTO V_LST
	VALUES ("102428b3-ee88-4a15-b703-488f716afa14",
	'test1.43:  Did not find a out and back across R1.');
INSERT INTO V_PAR
	VALUES ("102428b3-ee88-4a15-b703-488f716afa14",
	"9f41b0c6-c5f3-43ee-88f1-1c3893f71024",
	"00000000-0000-0000-0000-000000000000",
	'message',
	"00000000-0000-0000-0000-000000000000",
	52,
	20);
INSERT INTO ACT_BLK
	VALUES ("9b4fb19c-2b50-4d89-943a-786f13fa22cc",
	0,
	0,
	0,
	'',
	'',
	'',
	54,
	3,
	0,
	0,
	0,
	0,
	0,
	0,
	0,
	0,
	0,
	0,
	0,
	"2c0be812-95ea-437f-b051-a9349a9f5da0",
	"00000000-0000-0000-0000-000000000000");
INSERT INTO ACT_SMT
	VALUES ("1fc5f3c3-bf6c-4336-92ed-85503cb1e671",
	"9b4fb19c-2b50-4d89-943a-786f13fa22cc",
	"00000000-0000-0000-0000-000000000000",
	54,
	3,
	'test line: 54');
INSERT INTO ACT_IF
	VALUES ("1fc5f3c3-bf6c-4336-92ed-85503cb1e671",
	"42413d31-35c5-459f-ac16-8962a2c2a900",
	"69496ea4-b92e-4ec8-93ce-f480adcaadbc",
	"00000000-0000-0000-0000-000000000000",
	"00000000-0000-0000-0000-000000000000");
INSERT INTO V_VAL
	VALUES ("89dd11d8-e994-4867-9dd4-bab450d4939e",
	0,
	0,
	54,
	8,
	8,
	0,
	0,
	0,
	0,
	"ba5eda7a-def5-0000-0000-000000000008",
	"9b4fb19c-2b50-4d89-943a-786f13fa22cc");
INSERT INTO V_IRF
	VALUES ("89dd11d8-e994-4867-9dd4-bab450d4939e",
	"43eb3eff-3262-4472-870f-9f50475741e9");
INSERT INTO V_VAL
	VALUES ("69496ea4-b92e-4ec8-93ce-f480adcaadbc",
	0,
	0,
	54,
	8,
	18,
	0,
	0,
	0,
	0,
	"ba5eda7a-def5-0000-0000-000000000001",
	"9b4fb19c-2b50-4d89-943a-786f13fa22cc");
INSERT INTO V_BIN
	VALUES ("69496ea4-b92e-4ec8-93ce-f480adcaadbc",
	"82d5cb1c-0619-454f-92bb-6e87d39fa891",
	"89dd11d8-e994-4867-9dd4-bab450d4939e",
	'!=');
INSERT INTO V_VAL
	VALUES ("82d5cb1c-0619-454f-92bb-6e87d39fa891",
	0,
	0,
	54,
	13,
	18,
	0,
	0,
	0,
	0,
	"ba5eda7a-def5-0000-0000-000000000008",
	"9b4fb19c-2b50-4d89-943a-786f13fa22cc");
INSERT INTO V_IRF
	VALUES ("82d5cb1c-0619-454f-92bb-6e87d39fa891",
	"a7566092-9e4d-4b91-aa8e-2f9f61412d63");
INSERT INTO ACT_BLK
	VALUES ("42413d31-35c5-459f-ac16-8962a2c2a900",
	0,
	0,
	0,
	'LOG',
	'',
	'',
	55,
	5,
	55,
	5,
	0,
	0,
	0,
	0,
	0,
	0,
	0,
	0,
	0,
	"2c0be812-95ea-437f-b051-a9349a9f5da0",
	"00000000-0000-0000-0000-000000000000");
INSERT INTO ACT_SMT
	VALUES ("4a97bbd0-650b-44fc-8e7f-a3b5c5000dec",
	"42413d31-35c5-459f-ac16-8962a2c2a900",
	"00000000-0000-0000-0000-000000000000",
	55,
	5,
	'test line: 55');
INSERT INTO ACT_BRG
	VALUES ("4a97bbd0-650b-44fc-8e7f-a3b5c5000dec",
	"2dcf3e84-1208-4e7f-a70c-a54d15f1ce77",
	55,
	10,
	55,
	5);
INSERT INTO V_VAL
	VALUES ("1410b89b-6497-4bce-ad7f-9da1f167f09e",
	0,
	0,
	55,
	30,
	68,
	0,
	0,
	0,
	0,
	"ba5eda7a-def5-0000-0000-000000000004",
	"42413d31-35c5-459f-ac16-8962a2c2a900");
INSERT INTO V_LST
	VALUES ("1410b89b-6497-4bce-ad7f-9da1f167f09e",
	'test1.43a:  a and same_a not the same.');
INSERT INTO V_PAR
	VALUES ("1410b89b-6497-4bce-ad7f-9da1f167f09e",
	"4a97bbd0-650b-44fc-8e7f-a3b5c5000dec",
	"00000000-0000-0000-0000-000000000000",
	'message',
	"00000000-0000-0000-0000-000000000000",
	55,
	22);
INSERT INTO ACT_BLK
	VALUES ("5b1ea484-62ee-4562-a668-511958239c63",
	0,
	0,
	0,
	'LOG',
	'',
	'',
	64,
	3,
	64,
	3,
	0,
	0,
	0,
	0,
	0,
	0,
	0,
	0,
	0,
	"2c0be812-95ea-437f-b051-a9349a9f5da0",
	"00000000-0000-0000-0000-000000000000");
INSERT INTO ACT_SMT
	VALUES ("bce17e6c-2f3f-4ba7-9e16-50d38fdb9868",
	"5b1ea484-62ee-4562-a668-511958239c63",
	"00000000-0000-0000-0000-000000000000",
	64,
	3,
	'test line: 64');
INSERT INTO ACT_BRG
	VALUES ("bce17e6c-2f3f-4ba7-9e16-50d38fdb9868",
	"2dcf3e84-1208-4e7f-a70c-a54d15f1ce77",
	64,
	8,
	64,
	3);
INSERT INTO V_VAL
	VALUES ("74f62141-648e-425d-a24f-644724330d43",
	0,
	0,
	64,
	28,
	68,
	0,
	0,
	0,
	0,
	"ba5eda7a-def5-0000-0000-000000000004",
	"5b1ea484-62ee-4562-a668-511958239c63");
INSERT INTO V_LST
	VALUES ("74f62141-648e-425d-a24f-644724330d43",
	'test1.44:  Failed to select a across R1.');
INSERT INTO V_PAR
	VALUES ("74f62141-648e-425d-a24f-644724330d43",
	"bce17e6c-2f3f-4ba7-9e16-50d38fdb9868",
	"00000000-0000-0000-0000-000000000000",
	'message',
	"00000000-0000-0000-0000-000000000000",
	64,
	20);
INSERT INTO ACT_BLK
	VALUES ("20e419e9-481b-4fac-b226-8f138d137383",
	0,
	0,
	0,
	'LOG',
	'',
	'',
	67,
	3,
	67,
	3,
	0,
	0,
	0,
	0,
	0,
	0,
	0,
	0,
	0,
	"2c0be812-95ea-437f-b051-a9349a9f5da0",
	"00000000-0000-0000-0000-000000000000");
INSERT INTO ACT_SMT
	VALUES ("11318341-9d7b-4afb-ad7d-48e8937e2ac3",
	"20e419e9-481b-4fac-b226-8f138d137383",
	"00000000-0000-0000-0000-000000000000",
	67,
	3,
	'test line: 67');
INSERT INTO ACT_BRG
	VALUES ("11318341-9d7b-4afb-ad7d-48e8937e2ac3",
	"2dcf3e84-1208-4e7f-a70c-a54d15f1ce77",
	67,
	8,
	67,
	3);
INSERT INTO V_VAL
	VALUES ("fc150bc4-7dd4-4c46-a08b-b669cf5a283e",
	0,
	0,
	67,
	28,
	66,
	0,
	0,
	0,
	0,
	"ba5eda7a-def5-0000-0000-000000000004",
	"20e419e9-481b-4fac-b226-8f138d137383");
INSERT INTO V_LST
	VALUES ("fc150bc4-7dd4-4c46-a08b-b669cf5a283e",
	'test1.45:  Selected wrong a across R1.');
INSERT INTO V_PAR
	VALUES ("fc150bc4-7dd4-4c46-a08b-b669cf5a283e",
	"11318341-9d7b-4afb-ad7d-48e8937e2ac3",
	"00000000-0000-0000-0000-000000000000",
	'message',
	"00000000-0000-0000-0000-000000000000",
	67,
	20);
INSERT INTO ACT_BLK
	VALUES ("4c2457e3-6534-4b4a-90d8-3ca12a8de9c4",
	0,
	0,
	0,
	'LOG',
	'',
	'',
	77,
	3,
	77,
	3,
	0,
	0,
	0,
	0,
	0,
	0,
	0,
	0,
	0,
	"2c0be812-95ea-437f-b051-a9349a9f5da0",
	"00000000-0000-0000-0000-000000000000");
INSERT INTO ACT_SMT
	VALUES ("4d2725fb-f39e-430d-bc2e-6bee15f5529c",
	"4c2457e3-6534-4b4a-90d8-3ca12a8de9c4",
	"00000000-0000-0000-0000-000000000000",
	77,
	3,
	'test line: 77');
INSERT INTO ACT_BRG
	VALUES ("4d2725fb-f39e-430d-bc2e-6bee15f5529c",
	"2dcf3e84-1208-4e7f-a70c-a54d15f1ce77",
	77,
	8,
	77,
	3);
INSERT INTO V_VAL
	VALUES ("f715e138-1753-4116-8321-91638358fd2f",
	0,
	0,
	77,
	28,
	66,
	0,
	0,
	0,
	0,
	"ba5eda7a-def5-0000-0000-000000000004",
	"4c2457e3-6534-4b4a-90d8-3ca12a8de9c4");
INSERT INTO V_LST
	VALUES ("f715e138-1753-4116-8321-91638358fd2f",
	'test1.52:  Failed to select d from Ds.');
INSERT INTO V_PAR
	VALUES ("f715e138-1753-4116-8321-91638358fd2f",
	"4d2725fb-f39e-430d-bc2e-6bee15f5529c",
	"00000000-0000-0000-0000-000000000000",
	'message',
	"00000000-0000-0000-0000-000000000000",
	77,
	20);
INSERT INTO ACT_BLK
	VALUES ("e2c67064-64db-4fc3-92e6-8150a307afbb",
	0,
	0,
	0,
	'LOG',
	'',
	'',
	85,
	3,
	85,
	3,
	0,
	0,
	0,
	0,
	0,
	0,
	0,
	0,
	0,
	"2c0be812-95ea-437f-b051-a9349a9f5da0",
	"00000000-0000-0000-0000-000000000000");
INSERT INTO ACT_SMT
	VALUES ("bdbb728a-5b8c-453f-a524-b9700a324c52",
	"e2c67064-64db-4fc3-92e6-8150a307afbb",
	"00000000-0000-0000-0000-000000000000",
	85,
	3,
	'test line: 85');
INSERT INTO ACT_BRG
	VALUES ("bdbb728a-5b8c-453f-a524-b9700a324c52",
	"2dcf3e84-1208-4e7f-a70c-a54d15f1ce77",
	85,
	8,
	85,
	3);
INSERT INTO V_VAL
	VALUES ("632dd6e8-b5bd-4985-b7e8-a47efe935a66",
	0,
	0,
	85,
	28,
	66,
	0,
	0,
	0,
	0,
	"ba5eda7a-def5-0000-0000-000000000004",
	"e2c67064-64db-4fc3-92e6-8150a307afbb");
INSERT INTO V_LST
	VALUES ("632dd6e8-b5bd-4985-b7e8-a47efe935a66",
	'test1.62:  Failed to select Cs from D.');
INSERT INTO V_PAR
	VALUES ("632dd6e8-b5bd-4985-b7e8-a47efe935a66",
	"bdbb728a-5b8c-453f-a524-b9700a324c52",
	"00000000-0000-0000-0000-000000000000",
	'message',
	"00000000-0000-0000-0000-000000000000",
	85,
	20);
INSERT INTO ACT_BLK
	VALUES ("edcabf3d-57f2-4288-84cf-76792ad9e890",
	1,
	0,
	0,
	'',
	'',
	'',
	92,
	3,
	88,
	30,
	0,
	0,
	88,
	40,
	0,
	0,
	0,
	0,
	0,
	"2c0be812-95ea-437f-b051-a9349a9f5da0",
	"00000000-0000-0000-0000-000000000000");
INSERT INTO ACT_SMT
	VALUES ("b79b222a-38ed-402b-9ba9-0c90d11a215c",
	"edcabf3d-57f2-4288-84cf-76792ad9e890",
	"58a13bcf-fa11-4427-9306-84f31b7ddab0",
	88,
	3,
	'test line: 88');
INSERT INTO ACT_SEL
	VALUES ("b79b222a-38ed-402b-9ba9-0c90d11a215c",
	"18b18349-138c-4749-a78d-178ee4d7c3f2",
	0,
	'one',
	"fc552120-fc04-4caf-b042-d4618a2c6d70");
INSERT INTO ACT_SR
	VALUES ("b79b222a-38ed-402b-9ba9-0c90d11a215c");
INSERT INTO ACT_LNK
	VALUES ("cb100391-6d0a-4d31-8e2c-634e8b5b7cf6",
	'',
	"b79b222a-38ed-402b-9ba9-0c90d11a215c",
	"a3789e75-5157-4500-a6bc-2cb3d576b578",
	"00000000-0000-0000-0000-000000000000",
	2,
	"8e6ffc50-e410-47a1-8bcf-8229c2ca4642",
	88,
	30,
	88,
	40,
	0,
	0);
INSERT INTO ACT_SMT
	VALUES ("58a13bcf-fa11-4427-9306-84f31b7ddab0",
	"edcabf3d-57f2-4288-84cf-76792ad9e890",
	"ca966456-3371-491e-bce7-e88c157ef62b",
	89,
	3,
	'test line: 89');
INSERT INTO ACT_IF
	VALUES ("58a13bcf-fa11-4427-9306-84f31b7ddab0",
	"412fa913-8e3a-425e-9504-9222ef5835c8",
	"caeb0732-1bdd-41f6-91a2-73c74b696512",
	"00000000-0000-0000-0000-000000000000",
	"00000000-0000-0000-0000-000000000000");
INSERT INTO ACT_SMT
	VALUES ("ca966456-3371-491e-bce7-e88c157ef62b",
	"edcabf3d-57f2-4288-84cf-76792ad9e890",
	"00000000-0000-0000-0000-000000000000",
	92,
	3,
	'test line: 92');
INSERT INTO ACT_IF
	VALUES ("ca966456-3371-491e-bce7-e88c157ef62b",
	"0752715c-d078-43b5-bacd-81f7a5884df1",
	"883b6182-3887-466f-b4e6-a47e47802e56",
	"00000000-0000-0000-0000-000000000000",
	"00000000-0000-0000-0000-000000000000");
INSERT INTO V_VAL
	VALUES ("fc552120-fc04-4caf-b042-d4618a2c6d70",
	0,
	0,
	88,
	27,
	27,
	0,
	0,
	0,
	0,
	"ba5eda7a-def5-0000-0000-000000000008",
	"edcabf3d-57f2-4288-84cf-76792ad9e890");
INSERT INTO V_IRF
	VALUES ("fc552120-fc04-4caf-b042-d4618a2c6d70",
	"41296396-df82-4fc4-a8c8-ee1cf0c47210");
INSERT INTO V_VAL
	VALUES ("4e4295e6-2992-4b97-8c59-272f66f60a67",
	0,
	0,
	89,
	8,
	8,
	0,
	0,
	0,
	0,
	"ba5eda7a-def5-0000-0000-000000000008",
	"edcabf3d-57f2-4288-84cf-76792ad9e890");
INSERT INTO V_IRF
	VALUES ("4e4295e6-2992-4b97-8c59-272f66f60a67",
	"18b18349-138c-4749-a78d-178ee4d7c3f2");
INSERT INTO V_VAL
	VALUES ("9f3b5802-6e12-4700-96fc-c3d23604904e",
	0,
	0,
	89,
	10,
	13,
	0,
	0,
	0,
	0,
	"ba5eda7a-def5-0000-0000-000000000004",
	"edcabf3d-57f2-4288-84cf-76792ad9e890");
INSERT INTO V_AVL
	VALUES ("9f3b5802-6e12-4700-96fc-c3d23604904e",
	"4e4295e6-2992-4b97-8c59-272f66f60a67",
	"8e6ffc50-e410-47a1-8bcf-8229c2ca4642",
	"b59b6082-04aa-4b90-93d5-fa0f4cbdf717");
INSERT INTO V_VAL
	VALUES ("caeb0732-1bdd-41f6-91a2-73c74b696512",
	0,
	0,
	89,
	10,
	24,
	0,
	0,
	0,
	0,
	"ba5eda7a-def5-0000-0000-000000000001",
	"edcabf3d-57f2-4288-84cf-76792ad9e890");
INSERT INTO V_BIN
	VALUES ("caeb0732-1bdd-41f6-91a2-73c74b696512",
	"b3f81548-9898-4522-91b0-8020dc609a45",
	"9f3b5802-6e12-4700-96fc-c3d23604904e",
	'!=');
INSERT INTO V_VAL
	VALUES ("b3f81548-9898-4522-91b0-8020dc609a45",
	0,
	0,
	89,
	18,
	24,
	0,
	0,
	0,
	0,
	"ba5eda7a-def5-0000-0000-000000000004",
	"edcabf3d-57f2-4288-84cf-76792ad9e890");
INSERT INTO V_LST
	VALUES ("b3f81548-9898-4522-91b0-8020dc609a45",
	'DeeTwo');
INSERT INTO V_VAL
	VALUES ("7da7a541-6f4d-4c38-922d-e8c6c4c2edf9",
	0,
	0,
	92,
	8,
	8,
	0,
	0,
	0,
	0,
	"ba5eda7a-def5-0000-0000-000000000008",
	"edcabf3d-57f2-4288-84cf-76792ad9e890");
INSERT INTO V_IRF
	VALUES ("7da7a541-6f4d-4c38-922d-e8c6c4c2edf9",
	"41296396-df82-4fc4-a8c8-ee1cf0c47210");
INSERT INTO V_VAL
	VALUES ("649b90ff-de48-4fd8-ad85-931e204d3cd5",
	0,
	0,
	92,
	10,
	12,
	0,
	0,
	0,
	0,
	"ba5eda7a-def5-0000-0000-000000000002",
	"edcabf3d-57f2-4288-84cf-76792ad9e890");
INSERT INTO V_AVL
	VALUES ("649b90ff-de48-4fd8-ad85-931e204d3cd5",
	"7da7a541-6f4d-4c38-922d-e8c6c4c2edf9",
	"9940ccae-6e81-400f-b2d8-0b0a0a36c067",
	"42e32fd7-8ced-4472-9fbb-12425d132ee2");
INSERT INTO V_VAL
	VALUES ("883b6182-3887-466f-b4e6-a47e47802e56",
	0,
	0,
	92,
	10,
	21,
	0,
	0,
	0,
	0,
	"ba5eda7a-def5-0000-0000-000000000001",
	"edcabf3d-57f2-4288-84cf-76792ad9e890");
INSERT INTO V_BIN
	VALUES ("883b6182-3887-466f-b4e6-a47e47802e56",
	"a8eab14b-c257-4dab-8bda-9d0275e22ed7",
	"649b90ff-de48-4fd8-ad85-931e204d3cd5",
	'!=');
INSERT INTO V_VAL
	VALUES ("2c284c62-da9c-4358-b4c5-d5ab723e2599",
	0,
	0,
	92,
	17,
	17,
	0,
	0,
	0,
	0,
	"ba5eda7a-def5-0000-0000-000000000008",
	"edcabf3d-57f2-4288-84cf-76792ad9e890");
INSERT INTO V_IRF
	VALUES ("2c284c62-da9c-4358-b4c5-d5ab723e2599",
	"18b18349-138c-4749-a78d-178ee4d7c3f2");
INSERT INTO V_VAL
	VALUES ("a8eab14b-c257-4dab-8bda-9d0275e22ed7",
	0,
	0,
	92,
	19,
	21,
	0,
	0,
	0,
	0,
	"ba5eda7a-def5-0000-0000-000000000002",
	"edcabf3d-57f2-4288-84cf-76792ad9e890");
INSERT INTO V_AVL
	VALUES ("a8eab14b-c257-4dab-8bda-9d0275e22ed7",
	"2c284c62-da9c-4358-b4c5-d5ab723e2599",
	"8e6ffc50-e410-47a1-8bcf-8229c2ca4642",
	"da4af3fb-69aa-4ece-b5cd-fbaae0d5a8cb");
INSERT INTO ACT_BLK
	VALUES ("412fa913-8e3a-425e-9504-9222ef5835c8",
	0,
	0,
	0,
	'LOG',
	'',
	'',
	90,
	5,
	90,
	5,
	0,
	0,
	0,
	0,
	0,
	0,
	0,
	0,
	0,
	"2c0be812-95ea-437f-b051-a9349a9f5da0",
	"00000000-0000-0000-0000-000000000000");
INSERT INTO ACT_SMT
	VALUES ("322a1275-c59f-48a8-9800-8a5fc57b632f",
	"412fa913-8e3a-425e-9504-9222ef5835c8",
	"00000000-0000-0000-0000-000000000000",
	90,
	5,
	'test line: 90');
INSERT INTO ACT_BRG
	VALUES ("322a1275-c59f-48a8-9800-8a5fc57b632f",
	"2dcf3e84-1208-4e7f-a70c-a54d15f1ce77",
	90,
	10,
	90,
	5);
INSERT INTO V_VAL
	VALUES ("b2ea503e-e569-4b2e-806c-be008b29537e",
	0,
	0,
	90,
	30,
	67,
	0,
	0,
	0,
	0,
	"ba5eda7a-def5-0000-0000-000000000004",
	"412fa913-8e3a-425e-9504-9222ef5835c8");
INSERT INTO V_LST
	VALUES ("b2ea503e-e569-4b2e-806c-be008b29537e",
	'test1.63:  Failed to select D from C.');
INSERT INTO V_PAR
	VALUES ("b2ea503e-e569-4b2e-806c-be008b29537e",
	"322a1275-c59f-48a8-9800-8a5fc57b632f",
	"00000000-0000-0000-0000-000000000000",
	'message',
	"00000000-0000-0000-0000-000000000000",
	90,
	22);
INSERT INTO ACT_BLK
	VALUES ("0752715c-d078-43b5-bacd-81f7a5884df1",
	0,
	0,
	0,
	'LOG',
	'',
	'',
	93,
	5,
	93,
	5,
	0,
	0,
	0,
	0,
	0,
	0,
	0,
	0,
	0,
	"2c0be812-95ea-437f-b051-a9349a9f5da0",
	"00000000-0000-0000-0000-000000000000");
INSERT INTO ACT_SMT
	VALUES ("22c555dd-90ac-45c3-9577-fb5a7e3826b3",
	"0752715c-d078-43b5-bacd-81f7a5884df1",
	"00000000-0000-0000-0000-000000000000",
	93,
	5,
	'test line: 93');
INSERT INTO ACT_BRG
	VALUES ("22c555dd-90ac-45c3-9577-fb5a7e3826b3",
	"2dcf3e84-1208-4e7f-a70c-a54d15f1ce77",
	93,
	10,
	93,
	5);
INSERT INTO V_VAL
	VALUES ("ac6e1bb3-f38d-4af1-9761-f3818bd65430",
	0,
	0,
	93,
	30,
	65,
	0,
	0,
	0,
	0,
	"ba5eda7a-def5-0000-0000-000000000004",
	"0752715c-d078-43b5-bacd-81f7a5884df1");
INSERT INTO V_LST
	VALUES ("ac6e1bb3-f38d-4af1-9761-f3818bd65430",
	'test1.64:  C/D referential mismatch');
INSERT INTO V_PAR
	VALUES ("ac6e1bb3-f38d-4af1-9761-f3818bd65430",
	"22c555dd-90ac-45c3-9577-fb5a7e3826b3",
	"00000000-0000-0000-0000-000000000000",
	'message',
	"00000000-0000-0000-0000-000000000000",
	93,
	22);
INSERT INTO ACT_BLK
	VALUES ("f4e893af-f12f-485a-9663-3429806a7847",
	0,
	0,
	0,
	'LOG',
	'',
	'',
	102,
	3,
	102,
	3,
	0,
	0,
	0,
	0,
	0,
	0,
	0,
	0,
	0,
	"2c0be812-95ea-437f-b051-a9349a9f5da0",
	"00000000-0000-0000-0000-000000000000");
INSERT INTO ACT_SMT
	VALUES ("29d01a7f-9363-43b3-ae85-56ad2691b098",
	"f4e893af-f12f-485a-9663-3429806a7847",
	"00000000-0000-0000-0000-000000000000",
	102,
	3,
	'test line: 102');
INSERT INTO ACT_BRG
	VALUES ("29d01a7f-9363-43b3-ae85-56ad2691b098",
	"2dcf3e84-1208-4e7f-a70c-a54d15f1ce77",
	102,
	8,
	102,
	3);
INSERT INTO V_VAL
	VALUES ("72f4bcbf-372d-4680-9b7e-262199411e7f",
	0,
	0,
	102,
	28,
	58,
	0,
	0,
	0,
	0,
	"ba5eda7a-def5-0000-0000-000000000004",
	"f4e893af-f12f-485a-9663-3429806a7847");
INSERT INTO V_LST
	VALUES ("72f4bcbf-372d-4680-9b7e-262199411e7f",
	'test1.70:  Failed to select E.');
INSERT INTO V_PAR
	VALUES ("72f4bcbf-372d-4680-9b7e-262199411e7f",
	"29d01a7f-9363-43b3-ae85-56ad2691b098",
	"00000000-0000-0000-0000-000000000000",
	'message',
	"00000000-0000-0000-0000-000000000000",
	102,
	20);
INSERT INTO ACT_BLK
	VALUES ("483c5ed2-31b7-4f35-91d9-1ec5b986c6b5",
	0,
	0,
	0,
	'LOG',
	'',
	'',
	106,
	3,
	106,
	3,
	0,
	0,
	0,
	0,
	0,
	0,
	0,
	0,
	0,
	"2c0be812-95ea-437f-b051-a9349a9f5da0",
	"00000000-0000-0000-0000-000000000000");
INSERT INTO ACT_SMT
	VALUES ("e450d2d7-48d2-48bb-a514-0d66fda7dd23",
	"483c5ed2-31b7-4f35-91d9-1ec5b986c6b5",
	"00000000-0000-0000-0000-000000000000",
	106,
	3,
	'test line: 106');
INSERT INTO ACT_BRG
	VALUES ("e450d2d7-48d2-48bb-a514-0d66fda7dd23",
	"2dcf3e84-1208-4e7f-a70c-a54d15f1ce77",
	106,
	8,
	106,
	3);
INSERT INTO V_VAL
	VALUES ("002d77d3-27a3-4019-b87f-df76b2ed391c",
	0,
	0,
	106,
	28,
	58,
	0,
	0,
	0,
	0,
	"ba5eda7a-def5-0000-0000-000000000004",
	"483c5ed2-31b7-4f35-91d9-1ec5b986c6b5");
INSERT INTO V_LST
	VALUES ("002d77d3-27a3-4019-b87f-df76b2ed391c",
	'test1.71:  Failed to select F.');
INSERT INTO V_PAR
	VALUES ("002d77d3-27a3-4019-b87f-df76b2ed391c",
	"e450d2d7-48d2-48bb-a514-0d66fda7dd23",
	"00000000-0000-0000-0000-000000000000",
	'message',
	"00000000-0000-0000-0000-000000000000",
	106,
	20);
INSERT INTO ACT_BLK
	VALUES ("25971711-951a-4f33-89ad-01d24fe3b1eb",
	0,
	0,
	0,
	'',
	'',
	'',
	108,
	3,
	0,
	0,
	0,
	0,
	0,
	0,
	0,
	0,
	0,
	0,
	0,
	"2c0be812-95ea-437f-b051-a9349a9f5da0",
	"00000000-0000-0000-0000-000000000000");
INSERT INTO ACT_SMT
	VALUES ("49b5666f-e0ce-4e55-ad3c-2dd208797eee",
	"25971711-951a-4f33-89ad-01d24fe3b1eb",
	"00000000-0000-0000-0000-000000000000",
	108,
	3,
	'test line: 108');
INSERT INTO ACT_IF
	VALUES ("49b5666f-e0ce-4e55-ad3c-2dd208797eee",
	"fc632747-7a69-4893-9752-e7d20d49f6f5",
	"64587386-e816-45cf-9cf9-f001e6051726",
	"00000000-0000-0000-0000-000000000000",
	"00000000-0000-0000-0000-000000000000");
INSERT INTO V_VAL
	VALUES ("4c8ed424-f504-49fd-a997-af6237acdf89",
	0,
	0,
	108,
	8,
	8,
	0,
	0,
	0,
	0,
	"ba5eda7a-def5-0000-0000-000000000008",
	"25971711-951a-4f33-89ad-01d24fe3b1eb");
INSERT INTO V_IRF
	VALUES ("4c8ed424-f504-49fd-a997-af6237acdf89",
	"674ca723-8eb2-4736-88e8-c7f045696ebd");
INSERT INTO V_VAL
	VALUES ("c253cca4-70a8-43a7-87d2-761cefc07004",
	0,
	0,
	108,
	10,
	12,
	0,
	0,
	0,
	0,
	"ba5eda7a-def5-0000-0000-000000000002",
	"25971711-951a-4f33-89ad-01d24fe3b1eb");
INSERT INTO V_AVL
	VALUES ("c253cca4-70a8-43a7-87d2-761cefc07004",
	"4c8ed424-f504-49fd-a997-af6237acdf89",
	"c21a9ecf-e844-47a4-910a-7d8c7aa3d553",
	"1dafc789-1342-4d0e-beff-7eabf04d8b9f");
INSERT INTO V_VAL
	VALUES ("64587386-e816-45cf-9cf9-f001e6051726",
	0,
	0,
	108,
	10,
	17,
	0,
	0,
	0,
	0,
	"ba5eda7a-def5-0000-0000-000000000001",
	"25971711-951a-4f33-89ad-01d24fe3b1eb");
INSERT INTO V_BIN
	VALUES ("64587386-e816-45cf-9cf9-f001e6051726",
	"820e65da-fa81-4ff8-a082-464bcb1abafa",
	"c253cca4-70a8-43a7-87d2-761cefc07004",
	'!=');
INSERT INTO V_VAL
	VALUES ("820e65da-fa81-4ff8-a082-464bcb1abafa",
	0,
	0,
	108,
	17,
	17,
	0,
	0,
	0,
	0,
	"ba5eda7a-def5-0000-0000-000000000002",
	"25971711-951a-4f33-89ad-01d24fe3b1eb");
INSERT INTO V_LIN
	VALUES ("820e65da-fa81-4ff8-a082-464bcb1abafa",
	'3');
INSERT INTO ACT_BLK
	VALUES ("fc632747-7a69-4893-9752-e7d20d49f6f5",
	0,
	0,
	0,
	'LOG',
	'',
	'',
	109,
	5,
	109,
	5,
	0,
	0,
	0,
	0,
	0,
	0,
	0,
	0,
	0,
	"2c0be812-95ea-437f-b051-a9349a9f5da0",
	"00000000-0000-0000-0000-000000000000");
INSERT INTO ACT_SMT
	VALUES ("70f5994c-8fb0-42dd-a8bc-025440cc2390",
	"fc632747-7a69-4893-9752-e7d20d49f6f5",
	"00000000-0000-0000-0000-000000000000",
	109,
	5,
	'test line: 109');
INSERT INTO ACT_BRG
	VALUES ("70f5994c-8fb0-42dd-a8bc-025440cc2390",
	"2dcf3e84-1208-4e7f-a70c-a54d15f1ce77",
	109,
	10,
	109,
	5);
INSERT INTO V_VAL
	VALUES ("ca5b55f3-929a-4b6b-9607-3a3522520e5f",
	0,
	0,
	109,
	30,
	68,
	0,
	0,
	0,
	0,
	"ba5eda7a-def5-0000-0000-000000000004",
	"fc632747-7a69-4893-9752-e7d20d49f6f5");
INSERT INTO V_LST
	VALUES ("ca5b55f3-929a-4b6b-9607-3a3522520e5f",
	'test1.72:  Selected wrong F across R3.');
INSERT INTO V_PAR
	VALUES ("ca5b55f3-929a-4b6b-9607-3a3522520e5f",
	"70f5994c-8fb0-42dd-a8bc-025440cc2390",
	"00000000-0000-0000-0000-000000000000",
	'message',
	"00000000-0000-0000-0000-000000000000",
	109,
	22);
INSERT INTO ACT_BLK
	VALUES ("044a719f-9d35-4c17-9fc5-6f00d3c6c906",
	0,
	0,
	0,
	'LOG',
	'',
	'',
	114,
	3,
	114,
	3,
	0,
	0,
	0,
	0,
	0,
	0,
	0,
	0,
	0,
	"2c0be812-95ea-437f-b051-a9349a9f5da0",
	"00000000-0000-0000-0000-000000000000");
INSERT INTO ACT_SMT
	VALUES ("5b0b1a79-3e71-4906-a8d7-d26777919cf7",
	"044a719f-9d35-4c17-9fc5-6f00d3c6c906",
	"00000000-0000-0000-0000-000000000000",
	114,
	3,
	'test line: 114');
INSERT INTO ACT_BRG
	VALUES ("5b0b1a79-3e71-4906-a8d7-d26777919cf7",
	"2dcf3e84-1208-4e7f-a70c-a54d15f1ce77",
	114,
	8,
	114,
	3);
INSERT INTO V_VAL
	VALUES ("4eee1bb8-b33d-4fd1-8e64-4c469bf2d1ff",
	0,
	0,
	114,
	28,
	66,
	0,
	0,
	0,
	0,
	"ba5eda7a-def5-0000-0000-000000000004",
	"044a719f-9d35-4c17-9fc5-6f00d3c6c906");
INSERT INTO V_LST
	VALUES ("4eee1bb8-b33d-4fd1-8e64-4c469bf2d1ff",
	'test1.73:  Selected wrong count of Fs.');
INSERT INTO V_PAR
	VALUES ("4eee1bb8-b33d-4fd1-8e64-4c469bf2d1ff",
	"5b0b1a79-3e71-4906-a8d7-d26777919cf7",
	"00000000-0000-0000-0000-000000000000",
	'message',
	"00000000-0000-0000-0000-000000000000",
	114,
	20);
INSERT INTO ACT_BLK
	VALUES ("253b91ea-d62a-45dd-974d-aab172901c57",
	0,
	0,
	0,
	'LOG',
	'',
	'',
	118,
	3,
	118,
	3,
	0,
	0,
	0,
	0,
	0,
	0,
	0,
	0,
	0,
	"2c0be812-95ea-437f-b051-a9349a9f5da0",
	"00000000-0000-0000-0000-000000000000");
INSERT INTO ACT_SMT
	VALUES ("58c97e12-7ad1-4974-9d8c-6cddf6bc6327",
	"253b91ea-d62a-45dd-974d-aab172901c57",
	"00000000-0000-0000-0000-000000000000",
	118,
	3,
	'test line: 118');
INSERT INTO ACT_BRG
	VALUES ("58c97e12-7ad1-4974-9d8c-6cddf6bc6327",
	"2dcf3e84-1208-4e7f-a70c-a54d15f1ce77",
	118,
	8,
	118,
	3);
INSERT INTO V_VAL
	VALUES ("a17e46e0-887d-4683-871d-744618a549c8",
	0,
	0,
	118,
	28,
	60,
	0,
	0,
	0,
	0,
	"ba5eda7a-def5-0000-0000-000000000004",
	"253b91ea-d62a-45dd-974d-aab172901c57");
INSERT INTO V_LST
	VALUES ("a17e46e0-887d-4683-871d-744618a549c8",
	'test1.74:  Selected incorrect G.');
INSERT INTO V_PAR
	VALUES ("a17e46e0-887d-4683-871d-744618a549c8",
	"58c97e12-7ad1-4974-9d8c-6cddf6bc6327",
	"00000000-0000-0000-0000-000000000000",
	'message',
	"00000000-0000-0000-0000-000000000000",
	118,
	20);
INSERT INTO ACT_BLK
	VALUES ("6bf55c0b-03cd-4ecc-a71d-9a6d0b0f78da",
	0,
	0,
	0,
	'LOG',
	'',
	'',
	121,
	3,
	121,
	3,
	0,
	0,
	0,
	0,
	0,
	0,
	0,
	0,
	0,
	"2c0be812-95ea-437f-b051-a9349a9f5da0",
	"00000000-0000-0000-0000-000000000000");
INSERT INTO ACT_SMT
	VALUES ("7bbb0fcc-5ad6-499d-8fa1-6d502f93e210",
	"6bf55c0b-03cd-4ecc-a71d-9a6d0b0f78da",
	"00000000-0000-0000-0000-000000000000",
	121,
	3,
	'test line: 121');
INSERT INTO ACT_BRG
	VALUES ("7bbb0fcc-5ad6-499d-8fa1-6d502f93e210",
	"2dcf3e84-1208-4e7f-a70c-a54d15f1ce77",
	121,
	8,
	121,
	3);
INSERT INTO V_VAL
	VALUES ("5d63cb35-5e70-4b41-81b6-ba196e980320",
	0,
	0,
	121,
	28,
	66,
	0,
	0,
	0,
	0,
	"ba5eda7a-def5-0000-0000-000000000004",
	"6bf55c0b-03cd-4ecc-a71d-9a6d0b0f78da");
INSERT INTO V_LST
	VALUES ("5d63cb35-5e70-4b41-81b6-ba196e980320",
	'test1.75:  E/F/G referential mismatch.');
INSERT INTO V_PAR
	VALUES ("5d63cb35-5e70-4b41-81b6-ba196e980320",
	"7bbb0fcc-5ad6-499d-8fa1-6d502f93e210",
	"00000000-0000-0000-0000-000000000000",
	'message',
	"00000000-0000-0000-0000-000000000000",
	121,
	20);
INSERT INTO ACT_BLK
	VALUES ("0c58151d-8e4e-49e9-aa24-8c53f86d579c",
	0,
	0,
	0,
	'',
	'',
	'',
	124,
	3,
	0,
	0,
	0,
	0,
	0,
	0,
	0,
	0,
	0,
	0,
	0,
	"2c0be812-95ea-437f-b051-a9349a9f5da0",
	"00000000-0000-0000-0000-000000000000");
INSERT INTO ACT_SMT
	VALUES ("6e0aa27e-ccd1-48f4-894b-71f994a8885e",
	"0c58151d-8e4e-49e9-aa24-8c53f86d579c",
	"00000000-0000-0000-0000-000000000000",
	124,
	3,
	'test line: 124');
INSERT INTO ACT_IF
	VALUES ("6e0aa27e-ccd1-48f4-894b-71f994a8885e",
	"1e49ce9b-1e71-484d-8e3a-699d82b36d2e",
	"c483cf25-9918-4eca-bd1a-c5e0d18d1f20",
	"00000000-0000-0000-0000-000000000000",
	"00000000-0000-0000-0000-000000000000");
INSERT INTO V_VAL
	VALUES ("ca448cff-6e9f-4b6b-9fbd-b73167d4bdea",
	0,
	0,
	124,
	10,
	10,
	0,
	0,
	0,
	0,
	"ba5eda7a-def5-0000-0000-000000000008",
	"0c58151d-8e4e-49e9-aa24-8c53f86d579c");
INSERT INTO V_IRF
	VALUES ("ca448cff-6e9f-4b6b-9fbd-b73167d4bdea",
	"81e1dda4-d73d-4396-9afb-0374babe5c3f");
INSERT INTO V_VAL
	VALUES ("37868982-8003-4470-bce7-2ccd0cd33564",
	0,
	0,
	124,
	12,
	14,
	0,
	0,
	0,
	0,
	"ba5eda7a-def5-0000-0000-000000000002",
	"0c58151d-8e4e-49e9-aa24-8c53f86d579c");
INSERT INTO V_AVL
	VALUES ("37868982-8003-4470-bce7-2ccd0cd33564",
	"ca448cff-6e9f-4b6b-9fbd-b73167d4bdea",
	"6ee088c1-7097-4fe8-96fc-815a18b47c81",
	"5438df3e-19d1-4d42-97ac-96ff3e4817ba");
INSERT INTO V_VAL
	VALUES ("482d3e03-ca17-4624-8676-3b3defea4ddb",
	0,
	0,
	124,
	12,
	19,
	0,
	0,
	0,
	0,
	"ba5eda7a-def5-0000-0000-000000000001",
	"0c58151d-8e4e-49e9-aa24-8c53f86d579c");
INSERT INTO V_BIN
	VALUES ("482d3e03-ca17-4624-8676-3b3defea4ddb",
	"1469ec5d-d5e6-4a47-bd33-19f131f6991e",
	"37868982-8003-4470-bce7-2ccd0cd33564",
	'!=');
INSERT INTO V_VAL
	VALUES ("1469ec5d-d5e6-4a47-bd33-19f131f6991e",
	0,
	0,
	124,
	19,
	19,
	0,
	0,
	0,
	0,
	"ba5eda7a-def5-0000-0000-000000000002",
	"0c58151d-8e4e-49e9-aa24-8c53f86d579c");
INSERT INTO V_LIN
	VALUES ("1469ec5d-d5e6-4a47-bd33-19f131f6991e",
	'1');
INSERT INTO V_VAL
	VALUES ("1277a622-f475-4ece-ac8c-88b136e9be78",
	0,
	0,
	124,
	29,
	29,
	0,
	0,
	0,
	0,
	"ba5eda7a-def5-0000-0000-000000000008",
	"0c58151d-8e4e-49e9-aa24-8c53f86d579c");
INSERT INTO V_IRF
	VALUES ("1277a622-f475-4ece-ac8c-88b136e9be78",
	"81e1dda4-d73d-4396-9afb-0374babe5c3f");
INSERT INTO V_VAL
	VALUES ("96d30398-6f4a-4717-9d36-2d7df6951248",
	0,
	0,
	124,
	31,
	33,
	0,
	0,
	0,
	0,
	"ba5eda7a-def5-0000-0000-000000000002",
	"0c58151d-8e4e-49e9-aa24-8c53f86d579c");
INSERT INTO V_AVL
	VALUES ("96d30398-6f4a-4717-9d36-2d7df6951248",
	"1277a622-f475-4ece-ac8c-88b136e9be78",
	"6ee088c1-7097-4fe8-96fc-815a18b47c81",
	"5438df3e-19d1-4d42-97ac-96ff3e4817ba");
INSERT INTO V_VAL
	VALUES ("2e8ea2ac-7412-4d63-b413-8a5f3be50135",
	0,
	0,
	124,
	31,
	38,
	0,
	0,
	0,
	0,
	"ba5eda7a-def5-0000-0000-000000000001",
	"0c58151d-8e4e-49e9-aa24-8c53f86d579c");
INSERT INTO V_BIN
	VALUES ("2e8ea2ac-7412-4d63-b413-8a5f3be50135",
	"ef65d80b-99ca-4987-a39e-82d210c90bab",
	"96d30398-6f4a-4717-9d36-2d7df6951248",
	'!=');
INSERT INTO V_VAL
	VALUES ("ef65d80b-99ca-4987-a39e-82d210c90bab",
	0,
	0,
	124,
	38,
	38,
	0,
	0,
	0,
	0,
	"ba5eda7a-def5-0000-0000-000000000002",
	"0c58151d-8e4e-49e9-aa24-8c53f86d579c");
INSERT INTO V_LIN
	VALUES ("ef65d80b-99ca-4987-a39e-82d210c90bab",
	'2');
INSERT INTO V_VAL
	VALUES ("c483cf25-9918-4eca-bd1a-c5e0d18d1f20",
	0,
	0,
	124,
	12,
	38,
	0,
	0,
	0,
	0,
	"ba5eda7a-def5-0000-0000-000000000001",
	"0c58151d-8e4e-49e9-aa24-8c53f86d579c");
INSERT INTO V_BIN
	VALUES ("c483cf25-9918-4eca-bd1a-c5e0d18d1f20",
	"2e8ea2ac-7412-4d63-b413-8a5f3be50135",
	"482d3e03-ca17-4624-8676-3b3defea4ddb",
	'and');
INSERT INTO ACT_BLK
	VALUES ("1e49ce9b-1e71-484d-8e3a-699d82b36d2e",
	0,
	0,
	0,
	'LOG',
	'',
	'',
	125,
	5,
	125,
	5,
	0,
	0,
	0,
	0,
	0,
	0,
	0,
	0,
	0,
	"2c0be812-95ea-437f-b051-a9349a9f5da0",
	"00000000-0000-0000-0000-000000000000");
INSERT INTO ACT_SMT
	VALUES ("daf2e1ca-4033-4891-80e8-adfdcee2a8cb",
	"1e49ce9b-1e71-484d-8e3a-699d82b36d2e",
	"00000000-0000-0000-0000-000000000000",
	125,
	5,
	'test line: 125');
INSERT INTO ACT_BRG
	VALUES ("daf2e1ca-4033-4891-80e8-adfdcee2a8cb",
	"2dcf3e84-1208-4e7f-a70c-a54d15f1ce77",
	125,
	10,
	125,
	5);
INSERT INTO V_VAL
	VALUES ("e85d5a49-322b-4cb1-8fc2-533f78fdeb60",
	0,
	0,
	125,
	30,
	63,
	0,
	0,
	0,
	0,
	"ba5eda7a-def5-0000-0000-000000000004",
	"1e49ce9b-1e71-484d-8e3a-699d82b36d2e");
INSERT INTO V_LST
	VALUES ("e85d5a49-322b-4cb1-8fc2-533f78fdeb60",
	'test1.76:  Selected incorrect Es.');
INSERT INTO V_PAR
	VALUES ("e85d5a49-322b-4cb1-8fc2-533f78fdeb60",
	"daf2e1ca-4033-4891-80e8-adfdcee2a8cb",
	"00000000-0000-0000-0000-000000000000",
	'message',
	"00000000-0000-0000-0000-000000000000",
	125,
	22);
INSERT INTO ACT_BLK
	VALUES ("dc3cffdb-8cd4-4320-bb25-7426adfd910b",
	0,
	0,
	0,
	'LOG',
	'',
	'',
	134,
	3,
	134,
	3,
	0,
	0,
	0,
	0,
	0,
	0,
	0,
	0,
	0,
	"2c0be812-95ea-437f-b051-a9349a9f5da0",
	"00000000-0000-0000-0000-000000000000");
INSERT INTO ACT_SMT
	VALUES ("ca4376e3-2b43-4384-81ad-071d4e34dfe9",
	"dc3cffdb-8cd4-4320-bb25-7426adfd910b",
	"00000000-0000-0000-0000-000000000000",
	134,
	3,
	'test line: 134');
INSERT INTO ACT_BRG
	VALUES ("ca4376e3-2b43-4384-81ad-071d4e34dfe9",
	"2dcf3e84-1208-4e7f-a70c-a54d15f1ce77",
	134,
	8,
	134,
	3);
INSERT INTO V_VAL
	VALUES ("c8fb2bf8-b174-4ba2-8b57-18903b500ddd",
	0,
	0,
	134,
	28,
	58,
	0,
	0,
	0,
	0,
	"ba5eda7a-def5-0000-0000-000000000004",
	"dc3cffdb-8cd4-4320-bb25-7426adfd910b");
INSERT INTO V_LST
	VALUES ("c8fb2bf8-b174-4ba2-8b57-18903b500ddd",
	'test1.80:  Failed to select H.');
INSERT INTO V_PAR
	VALUES ("c8fb2bf8-b174-4ba2-8b57-18903b500ddd",
	"ca4376e3-2b43-4384-81ad-071d4e34dfe9",
	"00000000-0000-0000-0000-000000000000",
	'message',
	"00000000-0000-0000-0000-000000000000",
	134,
	20);
INSERT INTO ACT_BLK
	VALUES ("85681d3b-7960-4daa-b380-cfe1da026ac9",
	0,
	0,
	0,
	'LOG',
	'',
	'',
	138,
	3,
	138,
	3,
	0,
	0,
	0,
	0,
	0,
	0,
	0,
	0,
	0,
	"2c0be812-95ea-437f-b051-a9349a9f5da0",
	"00000000-0000-0000-0000-000000000000");
INSERT INTO ACT_SMT
	VALUES ("274c86e9-d53f-4303-aafb-e9fdeaf2a360",
	"85681d3b-7960-4daa-b380-cfe1da026ac9",
	"00000000-0000-0000-0000-000000000000",
	138,
	3,
	'test line: 138');
INSERT INTO ACT_BRG
	VALUES ("274c86e9-d53f-4303-aafb-e9fdeaf2a360",
	"2dcf3e84-1208-4e7f-a70c-a54d15f1ce77",
	138,
	8,
	138,
	3);
INSERT INTO V_VAL
	VALUES ("01df2941-21f7-41d7-9655-f355d9256173",
	0,
	0,
	138,
	28,
	60,
	0,
	0,
	0,
	0,
	"ba5eda7a-def5-0000-0000-000000000004",
	"85681d3b-7960-4daa-b380-cfe1da026ac9");
INSERT INTO V_LST
	VALUES ("01df2941-21f7-41d7-9655-f355d9256173",
	'test1.81:  Selected incorrect H.');
INSERT INTO V_PAR
	VALUES ("01df2941-21f7-41d7-9655-f355d9256173",
	"274c86e9-d53f-4303-aafb-e9fdeaf2a360",
	"00000000-0000-0000-0000-000000000000",
	'message',
	"00000000-0000-0000-0000-000000000000",
	138,
	20);
INSERT INTO ACT_BLK
	VALUES ("28aa8b76-718f-4621-a620-d6140b67fb0a",
	0,
	0,
	0,
	'LOG',
	'',
	'',
	141,
	3,
	141,
	3,
	0,
	0,
	0,
	0,
	0,
	0,
	0,
	0,
	0,
	"2c0be812-95ea-437f-b051-a9349a9f5da0",
	"00000000-0000-0000-0000-000000000000");
INSERT INTO ACT_SMT
	VALUES ("93220877-22a7-4f9b-b500-6c114e464fd4",
	"28aa8b76-718f-4621-a620-d6140b67fb0a",
	"00000000-0000-0000-0000-000000000000",
	141,
	3,
	'test line: 141');
INSERT INTO ACT_BRG
	VALUES ("93220877-22a7-4f9b-b500-6c114e464fd4",
	"2dcf3e84-1208-4e7f-a70c-a54d15f1ce77",
	141,
	8,
	141,
	3);
INSERT INTO V_VAL
	VALUES ("2e00ca3a-33cd-4957-8c81-42a73480d17e",
	0,
	0,
	141,
	28,
	62,
	0,
	0,
	0,
	0,
	"ba5eda7a-def5-0000-0000-000000000004",
	"28aa8b76-718f-4621-a620-d6140b67fb0a");
INSERT INTO V_LST
	VALUES ("2e00ca3a-33cd-4957-8c81-42a73480d17e",
	'test1.81a:  H referential mismatch');
INSERT INTO V_PAR
	VALUES ("2e00ca3a-33cd-4957-8c81-42a73480d17e",
	"93220877-22a7-4f9b-b500-6c114e464fd4",
	"00000000-0000-0000-0000-000000000000",
	'message',
	"00000000-0000-0000-0000-000000000000",
	141,
	20);
INSERT INTO ACT_BLK
	VALUES ("ae1955b1-129d-42a8-80c5-100a7904a391",
	0,
	0,
	0,
	'LOG',
	'',
	'',
	145,
	3,
	145,
	3,
	0,
	0,
	0,
	0,
	0,
	0,
	0,
	0,
	0,
	"2c0be812-95ea-437f-b051-a9349a9f5da0",
	"00000000-0000-0000-0000-000000000000");
INSERT INTO ACT_SMT
	VALUES ("c102ffe5-6ad1-4da2-b431-3c2a6b9573e1",
	"ae1955b1-129d-42a8-80c5-100a7904a391",
	"00000000-0000-0000-0000-000000000000",
	145,
	3,
	'test line: 145');
INSERT INTO ACT_BRG
	VALUES ("c102ffe5-6ad1-4da2-b431-3c2a6b9573e1",
	"2dcf3e84-1208-4e7f-a70c-a54d15f1ce77",
	145,
	8,
	145,
	3);
INSERT INTO V_VAL
	VALUES ("fd8153ea-0bed-46df-b580-f5e6748cb233",
	0,
	0,
	145,
	28,
	60,
	0,
	0,
	0,
	0,
	"ba5eda7a-def5-0000-0000-000000000004",
	"ae1955b1-129d-42a8-80c5-100a7904a391");
INSERT INTO V_LST
	VALUES ("fd8153ea-0bed-46df-b580-f5e6748cb233",
	'test1.82:  Selected incorrect H.');
INSERT INTO V_PAR
	VALUES ("fd8153ea-0bed-46df-b580-f5e6748cb233",
	"c102ffe5-6ad1-4da2-b431-3c2a6b9573e1",
	"00000000-0000-0000-0000-000000000000",
	'message',
	"00000000-0000-0000-0000-000000000000",
	145,
	20);
INSERT INTO ACT_BLK
	VALUES ("353e7b55-a3f0-4937-8735-acb8863139c2",
	0,
	0,
	0,
	'LOG',
	'',
	'',
	148,
	3,
	148,
	3,
	0,
	0,
	0,
	0,
	0,
	0,
	0,
	0,
	0,
	"2c0be812-95ea-437f-b051-a9349a9f5da0",
	"00000000-0000-0000-0000-000000000000");
INSERT INTO ACT_SMT
	VALUES ("a921e5f3-20d8-4956-9d52-35c3b349d596",
	"353e7b55-a3f0-4937-8735-acb8863139c2",
	"00000000-0000-0000-0000-000000000000",
	148,
	3,
	'test line: 148');
INSERT INTO ACT_BRG
	VALUES ("a921e5f3-20d8-4956-9d52-35c3b349d596",
	"2dcf3e84-1208-4e7f-a70c-a54d15f1ce77",
	148,
	8,
	148,
	3);
INSERT INTO V_VAL
	VALUES ("17c81783-8769-490c-84bd-d1d1e59dfe90",
	0,
	0,
	148,
	28,
	62,
	0,
	0,
	0,
	0,
	"ba5eda7a-def5-0000-0000-000000000004",
	"353e7b55-a3f0-4937-8735-acb8863139c2");
INSERT INTO V_LST
	VALUES ("17c81783-8769-490c-84bd-d1d1e59dfe90",
	'test1.82a:  H referential mismatch');
INSERT INTO V_PAR
	VALUES ("17c81783-8769-490c-84bd-d1d1e59dfe90",
	"a921e5f3-20d8-4956-9d52-35c3b349d596",
	"00000000-0000-0000-0000-000000000000",
	'message',
	"00000000-0000-0000-0000-000000000000",
	148,
	20);
INSERT INTO ACT_BLK
	VALUES ("3cf260d8-2700-4e09-9f26-beb61f53da8f",
	0,
	0,
	0,
	'LOG',
	'',
	'',
	152,
	3,
	152,
	3,
	0,
	0,
	0,
	0,
	0,
	0,
	0,
	0,
	0,
	"2c0be812-95ea-437f-b051-a9349a9f5da0",
	"00000000-0000-0000-0000-000000000000");
INSERT INTO ACT_SMT
	VALUES ("3462438d-dea4-4a57-9fea-45d2b1174b01",
	"3cf260d8-2700-4e09-9f26-beb61f53da8f",
	"00000000-0000-0000-0000-000000000000",
	152,
	3,
	'test line: 152');
INSERT INTO ACT_BRG
	VALUES ("3462438d-dea4-4a57-9fea-45d2b1174b01",
	"2dcf3e84-1208-4e7f-a70c-a54d15f1ce77",
	152,
	8,
	152,
	3);
INSERT INTO V_VAL
	VALUES ("05cb0682-719b-4aa9-b399-a0bc8a2756b6",
	0,
	0,
	152,
	28,
	60,
	0,
	0,
	0,
	0,
	"ba5eda7a-def5-0000-0000-000000000004",
	"3cf260d8-2700-4e09-9f26-beb61f53da8f");
INSERT INTO V_LST
	VALUES ("05cb0682-719b-4aa9-b399-a0bc8a2756b6",
	'test1.83:  Selected incorrect H.');
INSERT INTO V_PAR
	VALUES ("05cb0682-719b-4aa9-b399-a0bc8a2756b6",
	"3462438d-dea4-4a57-9fea-45d2b1174b01",
	"00000000-0000-0000-0000-000000000000",
	'message',
	"00000000-0000-0000-0000-000000000000",
	152,
	20);
INSERT INTO ACT_BLK
	VALUES ("00790d49-0ab6-4014-94ed-8a8d68f0d1b2",
	0,
	0,
	0,
	'LOG',
	'',
	'',
	156,
	3,
	156,
	3,
	0,
	0,
	0,
	0,
	0,
	0,
	0,
	0,
	0,
	"2c0be812-95ea-437f-b051-a9349a9f5da0",
	"00000000-0000-0000-0000-000000000000");
INSERT INTO ACT_SMT
	VALUES ("cd1edcf0-d7f5-4517-951c-7d433cb4225b",
	"00790d49-0ab6-4014-94ed-8a8d68f0d1b2",
	"00000000-0000-0000-0000-000000000000",
	156,
	3,
	'test line: 156');
INSERT INTO ACT_BRG
	VALUES ("cd1edcf0-d7f5-4517-951c-7d433cb4225b",
	"2dcf3e84-1208-4e7f-a70c-a54d15f1ce77",
	156,
	8,
	156,
	3);
INSERT INTO V_VAL
	VALUES ("763cb94f-7ede-4199-be78-1aa6194a6e24",
	0,
	0,
	156,
	28,
	60,
	0,
	0,
	0,
	0,
	"ba5eda7a-def5-0000-0000-000000000004",
	"00790d49-0ab6-4014-94ed-8a8d68f0d1b2");
INSERT INTO V_LST
	VALUES ("763cb94f-7ede-4199-be78-1aa6194a6e24",
	'test1.84:  Selected incorrect H.');
INSERT INTO V_PAR
	VALUES ("763cb94f-7ede-4199-be78-1aa6194a6e24",
	"cd1edcf0-d7f5-4517-951c-7d433cb4225b",
	"00000000-0000-0000-0000-000000000000",
	'message',
	"00000000-0000-0000-0000-000000000000",
	156,
	20);
INSERT INTO ACT_BLK
	VALUES ("ad032898-fc97-44c5-b4c8-28b3ee44e390",
	0,
	0,
	0,
	'LOG',
	'',
	'',
	160,
	3,
	160,
	3,
	0,
	0,
	0,
	0,
	0,
	0,
	0,
	0,
	0,
	"2c0be812-95ea-437f-b051-a9349a9f5da0",
	"00000000-0000-0000-0000-000000000000");
INSERT INTO ACT_SMT
	VALUES ("4228cd8e-7519-4f05-afd7-ad200b3847ff",
	"ad032898-fc97-44c5-b4c8-28b3ee44e390",
	"00000000-0000-0000-0000-000000000000",
	160,
	3,
	'test line: 160');
INSERT INTO ACT_BRG
	VALUES ("4228cd8e-7519-4f05-afd7-ad200b3847ff",
	"2dcf3e84-1208-4e7f-a70c-a54d15f1ce77",
	160,
	8,
	160,
	3);
INSERT INTO V_VAL
	VALUES ("cc1763e9-9dd8-4ac9-a312-f0e0f21dfa6a",
	0,
	0,
	160,
	28,
	58,
	0,
	0,
	0,
	0,
	"ba5eda7a-def5-0000-0000-000000000004",
	"ad032898-fc97-44c5-b4c8-28b3ee44e390");
INSERT INTO V_LST
	VALUES ("cc1763e9-9dd8-4ac9-a312-f0e0f21dfa6a",
	'test1.85:  Failed to select H.');
INSERT INTO V_PAR
	VALUES ("cc1763e9-9dd8-4ac9-a312-f0e0f21dfa6a",
	"4228cd8e-7519-4f05-afd7-ad200b3847ff",
	"00000000-0000-0000-0000-000000000000",
	'message',
	"00000000-0000-0000-0000-000000000000",
	160,
	20);
INSERT INTO ACT_BLK
	VALUES ("fbb4537a-7b56-4aa2-ad50-c911327ed3ac",
	0,
	0,
	0,
	'LOG',
	'',
	'',
	164,
	3,
	164,
	3,
	0,
	0,
	0,
	0,
	0,
	0,
	0,
	0,
	0,
	"2c0be812-95ea-437f-b051-a9349a9f5da0",
	"00000000-0000-0000-0000-000000000000");
INSERT INTO ACT_SMT
	VALUES ("080a6729-1719-4ad6-af3e-fa3926ef347e",
	"fbb4537a-7b56-4aa2-ad50-c911327ed3ac",
	"00000000-0000-0000-0000-000000000000",
	164,
	3,
	'test line: 164');
INSERT INTO ACT_BRG
	VALUES ("080a6729-1719-4ad6-af3e-fa3926ef347e",
	"2dcf3e84-1208-4e7f-a70c-a54d15f1ce77",
	164,
	8,
	164,
	3);
INSERT INTO V_VAL
	VALUES ("601797b5-d384-4f89-bdd3-417d8a0926c9",
	0,
	0,
	164,
	28,
	60,
	0,
	0,
	0,
	0,
	"ba5eda7a-def5-0000-0000-000000000004",
	"fbb4537a-7b56-4aa2-ad50-c911327ed3ac");
INSERT INTO V_LST
	VALUES ("601797b5-d384-4f89-bdd3-417d8a0926c9",
	'test1.86:  Selected incorrect H.');
INSERT INTO V_PAR
	VALUES ("601797b5-d384-4f89-bdd3-417d8a0926c9",
	"080a6729-1719-4ad6-af3e-fa3926ef347e",
	"00000000-0000-0000-0000-000000000000",
	'message',
	"00000000-0000-0000-0000-000000000000",
	164,
	20);
INSERT INTO ACT_BLK
	VALUES ("b2ac7795-6727-423f-a3e0-9b703c2af522",
	0,
	0,
	0,
	'LOG',
	'',
	'',
	167,
	3,
	167,
	3,
	0,
	0,
	0,
	0,
	0,
	0,
	0,
	0,
	0,
	"2c0be812-95ea-437f-b051-a9349a9f5da0",
	"00000000-0000-0000-0000-000000000000");
INSERT INTO ACT_SMT
	VALUES ("3c6b3a01-909d-4ad2-b88e-eb032cb954c1",
	"b2ac7795-6727-423f-a3e0-9b703c2af522",
	"00000000-0000-0000-0000-000000000000",
	167,
	3,
	'test line: 167');
INSERT INTO ACT_BRG
	VALUES ("3c6b3a01-909d-4ad2-b88e-eb032cb954c1",
	"2dcf3e84-1208-4e7f-a70c-a54d15f1ce77",
	167,
	8,
	167,
	3);
INSERT INTO V_VAL
	VALUES ("2a624700-8448-4fee-ba17-0932079a1e7f",
	0,
	0,
	167,
	28,
	62,
	0,
	0,
	0,
	0,
	"ba5eda7a-def5-0000-0000-000000000004",
	"b2ac7795-6727-423f-a3e0-9b703c2af522");
INSERT INTO V_LST
	VALUES ("2a624700-8448-4fee-ba17-0932079a1e7f",
	'test1.86a:  H referential mismatch');
INSERT INTO V_PAR
	VALUES ("2a624700-8448-4fee-ba17-0932079a1e7f",
	"3c6b3a01-909d-4ad2-b88e-eb032cb954c1",
	"00000000-0000-0000-0000-000000000000",
	'message',
	"00000000-0000-0000-0000-000000000000",
	167,
	20);
INSERT INTO ACT_BLK
	VALUES ("5026fe67-9270-494f-a9ba-dc2910c60788",
	0,
	0,
	0,
	'LOG',
	'',
	'',
	171,
	3,
	171,
	3,
	0,
	0,
	0,
	0,
	0,
	0,
	0,
	0,
	0,
	"2c0be812-95ea-437f-b051-a9349a9f5da0",
	"00000000-0000-0000-0000-000000000000");
INSERT INTO ACT_SMT
	VALUES ("6825f7b1-099c-4109-8197-33a111cc2f73",
	"5026fe67-9270-494f-a9ba-dc2910c60788",
	"00000000-0000-0000-0000-000000000000",
	171,
	3,
	'test line: 171');
INSERT INTO ACT_BRG
	VALUES ("6825f7b1-099c-4109-8197-33a111cc2f73",
	"2dcf3e84-1208-4e7f-a70c-a54d15f1ce77",
	171,
	8,
	171,
	3);
INSERT INTO V_VAL
	VALUES ("4a6e75b1-a4a4-424f-879b-5ed9b18b6fbb",
	0,
	0,
	171,
	28,
	60,
	0,
	0,
	0,
	0,
	"ba5eda7a-def5-0000-0000-000000000004",
	"5026fe67-9270-494f-a9ba-dc2910c60788");
INSERT INTO V_LST
	VALUES ("4a6e75b1-a4a4-424f-879b-5ed9b18b6fbb",
	'test1.87:  Selected incorrect H.');
INSERT INTO V_PAR
	VALUES ("4a6e75b1-a4a4-424f-879b-5ed9b18b6fbb",
	"6825f7b1-099c-4109-8197-33a111cc2f73",
	"00000000-0000-0000-0000-000000000000",
	'message',
	"00000000-0000-0000-0000-000000000000",
	171,
	20);
INSERT INTO ACT_BLK
	VALUES ("d43dc0e5-b76b-4a4e-bd5a-cd5e0d593ab9",
	0,
	0,
	0,
	'LOG',
	'',
	'',
	175,
	3,
	175,
	3,
	0,
	0,
	0,
	0,
	0,
	0,
	0,
	0,
	0,
	"2c0be812-95ea-437f-b051-a9349a9f5da0",
	"00000000-0000-0000-0000-000000000000");
INSERT INTO ACT_SMT
	VALUES ("3de0be9c-19de-4617-842d-ffc183ad7b3c",
	"d43dc0e5-b76b-4a4e-bd5a-cd5e0d593ab9",
	"00000000-0000-0000-0000-000000000000",
	175,
	3,
	'test line: 175');
INSERT INTO ACT_BRG
	VALUES ("3de0be9c-19de-4617-842d-ffc183ad7b3c",
	"2dcf3e84-1208-4e7f-a70c-a54d15f1ce77",
	175,
	8,
	175,
	3);
INSERT INTO V_VAL
	VALUES ("b20daa7e-5ec7-49db-b8b0-1a789d858db0",
	0,
	0,
	175,
	28,
	60,
	0,
	0,
	0,
	0,
	"ba5eda7a-def5-0000-0000-000000000004",
	"d43dc0e5-b76b-4a4e-bd5a-cd5e0d593ab9");
INSERT INTO V_LST
	VALUES ("b20daa7e-5ec7-49db-b8b0-1a789d858db0",
	'test1.88:  Selected incorrect H.');
INSERT INTO V_PAR
	VALUES ("b20daa7e-5ec7-49db-b8b0-1a789d858db0",
	"3de0be9c-19de-4617-842d-ffc183ad7b3c",
	"00000000-0000-0000-0000-000000000000",
	'message',
	"00000000-0000-0000-0000-000000000000",
	175,
	20);
INSERT INTO ACT_BLK
	VALUES ("81b9ceb4-8e05-4c4e-afa3-0ba1ccf76592",
	0,
	0,
	0,
	'LOG',
	'',
	'',
	178,
	3,
	178,
	3,
	0,
	0,
	0,
	0,
	0,
	0,
	0,
	0,
	0,
	"2c0be812-95ea-437f-b051-a9349a9f5da0",
	"00000000-0000-0000-0000-000000000000");
INSERT INTO ACT_SMT
	VALUES ("aeee5efa-416c-4293-9b8e-8526f43545af",
	"81b9ceb4-8e05-4c4e-afa3-0ba1ccf76592",
	"00000000-0000-0000-0000-000000000000",
	178,
	3,
	'test line: 178');
INSERT INTO ACT_BRG
	VALUES ("aeee5efa-416c-4293-9b8e-8526f43545af",
	"2dcf3e84-1208-4e7f-a70c-a54d15f1ce77",
	178,
	8,
	178,
	3);
INSERT INTO V_VAL
	VALUES ("2b202f0c-b206-4cf0-a258-149008a0cf64",
	0,
	0,
	178,
	28,
	62,
	0,
	0,
	0,
	0,
	"ba5eda7a-def5-0000-0000-000000000004",
	"81b9ceb4-8e05-4c4e-afa3-0ba1ccf76592");
INSERT INTO V_LST
	VALUES ("2b202f0c-b206-4cf0-a258-149008a0cf64",
	'test1.88a:  H referential mismatch');
INSERT INTO V_PAR
	VALUES ("2b202f0c-b206-4cf0-a258-149008a0cf64",
	"aeee5efa-416c-4293-9b8e-8526f43545af",
	"00000000-0000-0000-0000-000000000000",
	'message',
	"00000000-0000-0000-0000-000000000000",
	178,
	20);
INSERT INTO ACT_BLK
	VALUES ("28c08c37-5290-4bbe-8b4f-b8caacd77693",
	0,
	0,
	0,
	'LOG',
	'',
	'',
	186,
	3,
	186,
	3,
	0,
	0,
	0,
	0,
	0,
	0,
	0,
	0,
	0,
	"2c0be812-95ea-437f-b051-a9349a9f5da0",
	"00000000-0000-0000-0000-000000000000");
INSERT INTO ACT_SMT
	VALUES ("058e1efc-c658-4c59-ba3e-d8fc44b88d78",
	"28c08c37-5290-4bbe-8b4f-b8caacd77693",
	"00000000-0000-0000-0000-000000000000",
	186,
	3,
	'test line: 186');
INSERT INTO ACT_BRG
	VALUES ("058e1efc-c658-4c59-ba3e-d8fc44b88d78",
	"2dcf3e84-1208-4e7f-a70c-a54d15f1ce77",
	186,
	8,
	186,
	3);
INSERT INTO V_VAL
	VALUES ("e762b8bd-e4fe-4934-b10d-af6de0971264",
	0,
	0,
	186,
	28,
	58,
	0,
	0,
	0,
	0,
	"ba5eda7a-def5-0000-0000-000000000004",
	"28c08c37-5290-4bbe-8b4f-b8caacd77693");
INSERT INTO V_LST
	VALUES ("e762b8bd-e4fe-4934-b10d-af6de0971264",
	'test1.90:  Failed to select I.');
INSERT INTO V_PAR
	VALUES ("e762b8bd-e4fe-4934-b10d-af6de0971264",
	"058e1efc-c658-4c59-ba3e-d8fc44b88d78",
	"00000000-0000-0000-0000-000000000000",
	'message',
	"00000000-0000-0000-0000-000000000000",
	186,
	20);
INSERT INTO ACT_BLK
	VALUES ("7640229b-55b9-4828-b5f1-242e1c5e2b59",
	0,
	0,
	0,
	'LOG',
	'',
	'',
	190,
	3,
	190,
	3,
	0,
	0,
	0,
	0,
	0,
	0,
	0,
	0,
	0,
	"2c0be812-95ea-437f-b051-a9349a9f5da0",
	"00000000-0000-0000-0000-000000000000");
INSERT INTO ACT_SMT
	VALUES ("e728a8c2-e0fd-4cda-aa7c-68df5c19eec6",
	"7640229b-55b9-4828-b5f1-242e1c5e2b59",
	"00000000-0000-0000-0000-000000000000",
	190,
	3,
	'test line: 190');
INSERT INTO ACT_BRG
	VALUES ("e728a8c2-e0fd-4cda-aa7c-68df5c19eec6",
	"2dcf3e84-1208-4e7f-a70c-a54d15f1ce77",
	190,
	8,
	190,
	3);
INSERT INTO V_VAL
	VALUES ("e34da14f-ee29-404d-bb4d-22d5a44ce10e",
	0,
	0,
	190,
	28,
	58,
	0,
	0,
	0,
	0,
	"ba5eda7a-def5-0000-0000-000000000004",
	"7640229b-55b9-4828-b5f1-242e1c5e2b59");
INSERT INTO V_LST
	VALUES ("e34da14f-ee29-404d-bb4d-22d5a44ce10e",
	'test1.91:  Failed to select K.');
INSERT INTO V_PAR
	VALUES ("e34da14f-ee29-404d-bb4d-22d5a44ce10e",
	"e728a8c2-e0fd-4cda-aa7c-68df5c19eec6",
	"00000000-0000-0000-0000-000000000000",
	'message',
	"00000000-0000-0000-0000-000000000000",
	190,
	20);
INSERT INTO ACT_BLK
	VALUES ("8e429409-67e3-4eba-9adb-e1ee343a0088",
	0,
	0,
	0,
	'',
	'',
	'',
	195,
	3,
	0,
	0,
	0,
	0,
	0,
	0,
	0,
	0,
	0,
	0,
	0,
	"2c0be812-95ea-437f-b051-a9349a9f5da0",
	"00000000-0000-0000-0000-000000000000");
INSERT INTO ACT_SMT
	VALUES ("658d65bf-9f9b-402f-b24d-34f50547fd24",
	"8e429409-67e3-4eba-9adb-e1ee343a0088",
	"46c4706b-b2c9-4485-bbdf-139578dea3e1",
	192,
	3,
	'test line: 192');
INSERT INTO ACT_IF
	VALUES ("658d65bf-9f9b-402f-b24d-34f50547fd24",
	"c17c0938-2016-45e5-9419-737bddebf477",
	"fab02d41-695a-40af-889e-e4e8db6cab0f",
	"00000000-0000-0000-0000-000000000000",
	"00000000-0000-0000-0000-000000000000");
INSERT INTO ACT_SMT
	VALUES ("46c4706b-b2c9-4485-bbdf-139578dea3e1",
	"8e429409-67e3-4eba-9adb-e1ee343a0088",
	"00000000-0000-0000-0000-000000000000",
	195,
	3,
	'test line: 195');
INSERT INTO ACT_IF
	VALUES ("46c4706b-b2c9-4485-bbdf-139578dea3e1",
	"05e0abc5-fbcb-459b-acef-a09b84fd0310",
	"c19b86a9-7eb4-4f8c-b63f-81ae2ea22505",
	"00000000-0000-0000-0000-000000000000",
	"00000000-0000-0000-0000-000000000000");
INSERT INTO V_VAL
	VALUES ("0df448ca-838f-4b5b-a228-c29407ac5fed",
	0,
	0,
	192,
	8,
	8,
	0,
	0,
	0,
	0,
	"ba5eda7a-def5-0000-0000-000000000008",
	"8e429409-67e3-4eba-9adb-e1ee343a0088");
INSERT INTO V_IRF
	VALUES ("0df448ca-838f-4b5b-a228-c29407ac5fed",
	"f94980ca-e184-4c43-b3b2-4daf79b7f236");
INSERT INTO V_VAL
	VALUES ("5a70327b-4473-45c6-8170-9ea6a8a427cc",
	0,
	0,
	192,
	10,
	12,
	0,
	0,
	0,
	0,
	"ba5eda7a-def5-0000-0000-000000000002",
	"8e429409-67e3-4eba-9adb-e1ee343a0088");
INSERT INTO V_AVL
	VALUES ("5a70327b-4473-45c6-8170-9ea6a8a427cc",
	"0df448ca-838f-4b5b-a228-c29407ac5fed",
	"582d76c4-422e-4d9e-8361-55c5096acbfd",
	"ca96d5f1-9391-436b-ae90-deb24937c72f");
INSERT INTO V_VAL
	VALUES ("fab02d41-695a-40af-889e-e4e8db6cab0f",
	0,
	0,
	192,
	10,
	18,
	0,
	0,
	0,
	0,
	"ba5eda7a-def5-0000-0000-000000000001",
	"8e429409-67e3-4eba-9adb-e1ee343a0088");
INSERT INTO V_BIN
	VALUES ("fab02d41-695a-40af-889e-e4e8db6cab0f",
	"43df0ae7-c5c3-4cec-8ab5-357b3d02405c",
	"5a70327b-4473-45c6-8170-9ea6a8a427cc",
	'!=');
INSERT INTO V_VAL
	VALUES ("43df0ae7-c5c3-4cec-8ab5-357b3d02405c",
	0,
	0,
	192,
	17,
	18,
	0,
	0,
	0,
	0,
	"ba5eda7a-def5-0000-0000-000000000002",
	"8e429409-67e3-4eba-9adb-e1ee343a0088");
INSERT INTO V_LIN
	VALUES ("43df0ae7-c5c3-4cec-8ab5-357b3d02405c",
	'33');
INSERT INTO V_VAL
	VALUES ("fae82ddf-7009-4cd7-a092-660aa34e30d2",
	0,
	0,
	195,
	8,
	8,
	0,
	0,
	0,
	0,
	"ba5eda7a-def5-0000-0000-000000000008",
	"8e429409-67e3-4eba-9adb-e1ee343a0088");
INSERT INTO V_IRF
	VALUES ("fae82ddf-7009-4cd7-a092-660aa34e30d2",
	"a34fd105-bf0e-4252-9ab4-08d2f0a28224");
INSERT INTO V_VAL
	VALUES ("efce281a-9807-4790-a648-030e61c113e9",
	0,
	0,
	195,
	10,
	12,
	0,
	0,
	0,
	0,
	"ba5eda7a-def5-0000-0000-000000000002",
	"8e429409-67e3-4eba-9adb-e1ee343a0088");
INSERT INTO V_AVL
	VALUES ("efce281a-9807-4790-a648-030e61c113e9",
	"fae82ddf-7009-4cd7-a092-660aa34e30d2",
	"9dbd3ae1-6411-42eb-972d-0740a28a8c2c",
	"9572284e-1a83-497e-83db-f2402474ea3f");
INSERT INTO V_VAL
	VALUES ("c19b86a9-7eb4-4f8c-b63f-81ae2ea22505",
	0,
	0,
	195,
	10,
	21,
	0,
	0,
	0,
	0,
	"ba5eda7a-def5-0000-0000-000000000001",
	"8e429409-67e3-4eba-9adb-e1ee343a0088");
INSERT INTO V_BIN
	VALUES ("c19b86a9-7eb4-4f8c-b63f-81ae2ea22505",
	"df8d44c5-ff74-43db-a2de-6e22f2894cd6",
	"efce281a-9807-4790-a648-030e61c113e9",
	'!=');
INSERT INTO V_VAL
	VALUES ("1378f4f2-c501-4020-9416-f15cbe4781ff",
	0,
	0,
	195,
	17,
	17,
	0,
	0,
	0,
	0,
	"ba5eda7a-def5-0000-0000-000000000008",
	"8e429409-67e3-4eba-9adb-e1ee343a0088");
INSERT INTO V_IRF
	VALUES ("1378f4f2-c501-4020-9416-f15cbe4781ff",
	"f94980ca-e184-4c43-b3b2-4daf79b7f236");
INSERT INTO V_VAL
	VALUES ("df8d44c5-ff74-43db-a2de-6e22f2894cd6",
	0,
	0,
	195,
	19,
	21,
	0,
	0,
	0,
	0,
	"ba5eda7a-def5-0000-0000-000000000002",
	"8e429409-67e3-4eba-9adb-e1ee343a0088");
INSERT INTO V_AVL
	VALUES ("df8d44c5-ff74-43db-a2de-6e22f2894cd6",
	"1378f4f2-c501-4020-9416-f15cbe4781ff",
	"582d76c4-422e-4d9e-8361-55c5096acbfd",
	"49d963ba-b321-413e-959c-6fcd1552097e");
INSERT INTO ACT_BLK
	VALUES ("c17c0938-2016-45e5-9419-737bddebf477",
	0,
	0,
	0,
	'LOG',
	'',
	'',
	193,
	5,
	193,
	5,
	0,
	0,
	0,
	0,
	0,
	0,
	0,
	0,
	0,
	"2c0be812-95ea-437f-b051-a9349a9f5da0",
	"00000000-0000-0000-0000-000000000000");
INSERT INTO ACT_SMT
	VALUES ("cf0d20fc-bc01-43d5-b5a0-89b329908fd9",
	"c17c0938-2016-45e5-9419-737bddebf477",
	"00000000-0000-0000-0000-000000000000",
	193,
	5,
	'test line: 193');
INSERT INTO ACT_BRG
	VALUES ("cf0d20fc-bc01-43d5-b5a0-89b329908fd9",
	"2dcf3e84-1208-4e7f-a70c-a54d15f1ce77",
	193,
	10,
	193,
	5);
INSERT INTO V_VAL
	VALUES ("d4b26767-8475-4aa4-8c21-aae02963fae0",
	0,
	0,
	193,
	30,
	62,
	0,
	0,
	0,
	0,
	"ba5eda7a-def5-0000-0000-000000000004",
	"c17c0938-2016-45e5-9419-737bddebf477");
INSERT INTO V_LST
	VALUES ("d4b26767-8475-4aa4-8c21-aae02963fae0",
	'test1.92:  Selected incorrect K.');
INSERT INTO V_PAR
	VALUES ("d4b26767-8475-4aa4-8c21-aae02963fae0",
	"cf0d20fc-bc01-43d5-b5a0-89b329908fd9",
	"00000000-0000-0000-0000-000000000000",
	'message',
	"00000000-0000-0000-0000-000000000000",
	193,
	22);
INSERT INTO ACT_BLK
	VALUES ("05e0abc5-fbcb-459b-acef-a09b84fd0310",
	0,
	0,
	0,
	'LOG',
	'',
	'',
	196,
	5,
	196,
	5,
	0,
	0,
	0,
	0,
	0,
	0,
	0,
	0,
	0,
	"2c0be812-95ea-437f-b051-a9349a9f5da0",
	"00000000-0000-0000-0000-000000000000");
INSERT INTO ACT_SMT
	VALUES ("eb0a2275-6044-4a34-a981-efe970b43304",
	"05e0abc5-fbcb-459b-acef-a09b84fd0310",
	"00000000-0000-0000-0000-000000000000",
	196,
	5,
	'test line: 196');
INSERT INTO ACT_BRG
	VALUES ("eb0a2275-6044-4a34-a981-efe970b43304",
	"2dcf3e84-1208-4e7f-a70c-a54d15f1ce77",
	196,
	10,
	196,
	5);
INSERT INTO V_VAL
	VALUES ("d943bd31-c731-46f5-9f4e-9201666e51aa",
	0,
	0,
	196,
	30,
	66,
	0,
	0,
	0,
	0,
	"ba5eda7a-def5-0000-0000-000000000004",
	"05e0abc5-fbcb-459b-acef-a09b84fd0310");
INSERT INTO V_LST
	VALUES ("d943bd31-c731-46f5-9f4e-9201666e51aa",
	'test1.92a:  I/K referential mismatch');
INSERT INTO V_PAR
	VALUES ("d943bd31-c731-46f5-9f4e-9201666e51aa",
	"eb0a2275-6044-4a34-a981-efe970b43304",
	"00000000-0000-0000-0000-000000000000",
	'message',
	"00000000-0000-0000-0000-000000000000",
	196,
	22);
INSERT INTO ACT_BLK
	VALUES ("e16f6a1e-371a-4d38-8eca-c25dfd35d9c7",
	0,
	0,
	0,
	'LOG',
	'',
	'',
	201,
	3,
	201,
	3,
	0,
	0,
	0,
	0,
	0,
	0,
	0,
	0,
	0,
	"2c0be812-95ea-437f-b051-a9349a9f5da0",
	"00000000-0000-0000-0000-000000000000");
INSERT INTO ACT_SMT
	VALUES ("abeb59ed-4578-4eba-83c3-0e7e893ea4f4",
	"e16f6a1e-371a-4d38-8eca-c25dfd35d9c7",
	"00000000-0000-0000-0000-000000000000",
	201,
	3,
	'test line: 201');
INSERT INTO ACT_BRG
	VALUES ("abeb59ed-4578-4eba-83c3-0e7e893ea4f4",
	"2dcf3e84-1208-4e7f-a70c-a54d15f1ce77",
	201,
	8,
	201,
	3);
INSERT INTO V_VAL
	VALUES ("215c98d4-7d14-4ea0-ae0e-42003979d499",
	0,
	0,
	201,
	28,
	58,
	0,
	0,
	0,
	0,
	"ba5eda7a-def5-0000-0000-000000000004",
	"e16f6a1e-371a-4d38-8eca-c25dfd35d9c7");
INSERT INTO V_LST
	VALUES ("215c98d4-7d14-4ea0-ae0e-42003979d499",
	'test1.93:  Failed to select L.');
INSERT INTO V_PAR
	VALUES ("215c98d4-7d14-4ea0-ae0e-42003979d499",
	"abeb59ed-4578-4eba-83c3-0e7e893ea4f4",
	"00000000-0000-0000-0000-000000000000",
	'message',
	"00000000-0000-0000-0000-000000000000",
	201,
	20);
INSERT INTO ACT_BLK
	VALUES ("4319c329-31f0-4ecf-8700-065c04063b2a",
	0,
	0,
	0,
	'',
	'',
	'',
	206,
	3,
	0,
	0,
	0,
	0,
	0,
	0,
	0,
	0,
	0,
	0,
	0,
	"2c0be812-95ea-437f-b051-a9349a9f5da0",
	"00000000-0000-0000-0000-000000000000");
INSERT INTO ACT_SMT
	VALUES ("f96ce717-0f48-4489-aa57-0580fdf4c2d5",
	"4319c329-31f0-4ecf-8700-065c04063b2a",
	"81929811-fe8c-4812-b63e-52009a358614",
	203,
	3,
	'test line: 203');
INSERT INTO ACT_IF
	VALUES ("f96ce717-0f48-4489-aa57-0580fdf4c2d5",
	"f01eb0be-8686-4ae3-ba5f-da568becb015",
	"91cae71e-6d19-473a-8d6f-88f6dbee79a2",
	"00000000-0000-0000-0000-000000000000",
	"00000000-0000-0000-0000-000000000000");
INSERT INTO ACT_SMT
	VALUES ("81929811-fe8c-4812-b63e-52009a358614",
	"4319c329-31f0-4ecf-8700-065c04063b2a",
	"00000000-0000-0000-0000-000000000000",
	206,
	3,
	'test line: 206');
INSERT INTO ACT_IF
	VALUES ("81929811-fe8c-4812-b63e-52009a358614",
	"f6bbd51f-ae09-44f3-b505-b175f987af7c",
	"67245353-540c-4633-a2e2-0647098680b0",
	"00000000-0000-0000-0000-000000000000",
	"00000000-0000-0000-0000-000000000000");
INSERT INTO V_VAL
	VALUES ("15a02aa0-b6f4-40be-b87c-14ffaf745fdb",
	0,
	0,
	203,
	8,
	8,
	0,
	0,
	0,
	0,
	"ba5eda7a-def5-0000-0000-000000000008",
	"4319c329-31f0-4ecf-8700-065c04063b2a");
INSERT INTO V_IRF
	VALUES ("15a02aa0-b6f4-40be-b87c-14ffaf745fdb",
	"e5e90a0a-17e5-4b77-a8c5-ff4580321274");
INSERT INTO V_VAL
	VALUES ("c384f3b0-c82c-4f50-aec0-004752f2a934",
	0,
	0,
	203,
	10,
	12,
	0,
	0,
	0,
	0,
	"ba5eda7a-def5-0000-0000-000000000002",
	"4319c329-31f0-4ecf-8700-065c04063b2a");
INSERT INTO V_AVL
	VALUES ("c384f3b0-c82c-4f50-aec0-004752f2a934",
	"15a02aa0-b6f4-40be-b87c-14ffaf745fdb",
	"60baa2a9-55de-4e61-947f-25f39fc3cbf1",
	"2700a7ce-e935-4f10-b320-11300a315bd6");
INSERT INTO V_VAL
	VALUES ("91cae71e-6d19-473a-8d6f-88f6dbee79a2",
	0,
	0,
	203,
	10,
	19,
	0,
	0,
	0,
	0,
	"ba5eda7a-def5-0000-0000-000000000001",
	"4319c329-31f0-4ecf-8700-065c04063b2a");
INSERT INTO V_BIN
	VALUES ("91cae71e-6d19-473a-8d6f-88f6dbee79a2",
	"176cf20d-eea3-4840-a830-fb996572bf79",
	"c384f3b0-c82c-4f50-aec0-004752f2a934",
	'!=');
INSERT INTO V_VAL
	VALUES ("176cf20d-eea3-4840-a830-fb996572bf79",
	0,
	0,
	203,
	17,
	19,
	0,
	0,
	0,
	0,
	"ba5eda7a-def5-0000-0000-000000000002",
	"4319c329-31f0-4ecf-8700-065c04063b2a");
INSERT INTO V_LIN
	VALUES ("176cf20d-eea3-4840-a830-fb996572bf79",
	'222');
INSERT INTO V_VAL
	VALUES ("06f79d3c-c6aa-4f35-8ccc-2091a5d7d0a0",
	0,
	0,
	206,
	8,
	8,
	0,
	0,
	0,
	0,
	"ba5eda7a-def5-0000-0000-000000000008",
	"4319c329-31f0-4ecf-8700-065c04063b2a");
INSERT INTO V_IRF
	VALUES ("06f79d3c-c6aa-4f35-8ccc-2091a5d7d0a0",
	"e5e90a0a-17e5-4b77-a8c5-ff4580321274");
INSERT INTO V_VAL
	VALUES ("942cd6a0-aba9-4d4d-9c3b-17a2e08aff8c",
	0,
	0,
	206,
	10,
	12,
	0,
	0,
	0,
	0,
	"ba5eda7a-def5-0000-0000-000000000002",
	"4319c329-31f0-4ecf-8700-065c04063b2a");
INSERT INTO V_AVL
	VALUES ("942cd6a0-aba9-4d4d-9c3b-17a2e08aff8c",
	"06f79d3c-c6aa-4f35-8ccc-2091a5d7d0a0",
	"60baa2a9-55de-4e61-947f-25f39fc3cbf1",
	"6e44426c-0dc7-442b-8ec8-df714132083a");
INSERT INTO V_VAL
	VALUES ("67245353-540c-4633-a2e2-0647098680b0",
	0,
	0,
	206,
	10,
	21,
	0,
	0,
	0,
	0,
	"ba5eda7a-def5-0000-0000-000000000001",
	"4319c329-31f0-4ecf-8700-065c04063b2a");
INSERT INTO V_BIN
	VALUES ("67245353-540c-4633-a2e2-0647098680b0",
	"6926f474-ec70-466a-b436-a72155fa0c99",
	"942cd6a0-aba9-4d4d-9c3b-17a2e08aff8c",
	'!=');
INSERT INTO V_VAL
	VALUES ("e8bb33d5-7f52-4451-b835-adfcbf24da05",
	0,
	0,
	206,
	17,
	17,
	0,
	0,
	0,
	0,
	"ba5eda7a-def5-0000-0000-000000000008",
	"4319c329-31f0-4ecf-8700-065c04063b2a");
INSERT INTO V_IRF
	VALUES ("e8bb33d5-7f52-4451-b835-adfcbf24da05",
	"f94980ca-e184-4c43-b3b2-4daf79b7f236");
INSERT INTO V_VAL
	VALUES ("6926f474-ec70-466a-b436-a72155fa0c99",
	0,
	0,
	206,
	19,
	21,
	0,
	0,
	0,
	0,
	"ba5eda7a-def5-0000-0000-000000000002",
	"4319c329-31f0-4ecf-8700-065c04063b2a");
INSERT INTO V_AVL
	VALUES ("6926f474-ec70-466a-b436-a72155fa0c99",
	"e8bb33d5-7f52-4451-b835-adfcbf24da05",
	"582d76c4-422e-4d9e-8361-55c5096acbfd",
	"ca96d5f1-9391-436b-ae90-deb24937c72f");
INSERT INTO ACT_BLK
	VALUES ("f01eb0be-8686-4ae3-ba5f-da568becb015",
	0,
	0,
	0,
	'LOG',
	'',
	'',
	204,
	5,
	204,
	5,
	0,
	0,
	0,
	0,
	0,
	0,
	0,
	0,
	0,
	"2c0be812-95ea-437f-b051-a9349a9f5da0",
	"00000000-0000-0000-0000-000000000000");
INSERT INTO ACT_SMT
	VALUES ("4b4c8f09-08e4-4692-ad73-a48d3d494514",
	"f01eb0be-8686-4ae3-ba5f-da568becb015",
	"00000000-0000-0000-0000-000000000000",
	204,
	5,
	'test line: 204');
INSERT INTO ACT_BRG
	VALUES ("4b4c8f09-08e4-4692-ad73-a48d3d494514",
	"2dcf3e84-1208-4e7f-a70c-a54d15f1ce77",
	204,
	10,
	204,
	5);
INSERT INTO V_VAL
	VALUES ("43034e21-bf96-4c8b-ab69-e6344decaff1",
	0,
	0,
	204,
	30,
	62,
	0,
	0,
	0,
	0,
	"ba5eda7a-def5-0000-0000-000000000004",
	"f01eb0be-8686-4ae3-ba5f-da568becb015");
INSERT INTO V_LST
	VALUES ("43034e21-bf96-4c8b-ab69-e6344decaff1",
	'test1.94:  Selected incorrect L.');
INSERT INTO V_PAR
	VALUES ("43034e21-bf96-4c8b-ab69-e6344decaff1",
	"4b4c8f09-08e4-4692-ad73-a48d3d494514",
	"00000000-0000-0000-0000-000000000000",
	'message',
	"00000000-0000-0000-0000-000000000000",
	204,
	22);
INSERT INTO ACT_BLK
	VALUES ("f6bbd51f-ae09-44f3-b505-b175f987af7c",
	0,
	0,
	0,
	'LOG',
	'',
	'',
	207,
	5,
	207,
	5,
	0,
	0,
	0,
	0,
	0,
	0,
	0,
	0,
	0,
	"2c0be812-95ea-437f-b051-a9349a9f5da0",
	"00000000-0000-0000-0000-000000000000");
INSERT INTO ACT_SMT
	VALUES ("5deb9634-226a-4483-b505-71e60b2dee01",
	"f6bbd51f-ae09-44f3-b505-b175f987af7c",
	"00000000-0000-0000-0000-000000000000",
	207,
	5,
	'test line: 207');
INSERT INTO ACT_BRG
	VALUES ("5deb9634-226a-4483-b505-71e60b2dee01",
	"2dcf3e84-1208-4e7f-a70c-a54d15f1ce77",
	207,
	10,
	207,
	5);
INSERT INTO V_VAL
	VALUES ("73784c41-2369-4357-b936-775fce087769",
	0,
	0,
	207,
	30,
	66,
	0,
	0,
	0,
	0,
	"ba5eda7a-def5-0000-0000-000000000004",
	"f6bbd51f-ae09-44f3-b505-b175f987af7c");
INSERT INTO V_LST
	VALUES ("73784c41-2369-4357-b936-775fce087769",
	'test1.94a:  L/K referential mismatch');
INSERT INTO V_PAR
	VALUES ("73784c41-2369-4357-b936-775fce087769",
	"5deb9634-226a-4483-b505-71e60b2dee01",
	"00000000-0000-0000-0000-000000000000",
	'message',
	"00000000-0000-0000-0000-000000000000",
	207,
	22);
INSERT INTO ACT_BLK
	VALUES ("10d2a38d-bc81-49fa-9a67-41e2c2331a72",
	0,
	0,
	0,
	'LOG',
	'',
	'',
	217,
	3,
	217,
	3,
	0,
	0,
	0,
	0,
	0,
	0,
	0,
	0,
	0,
	"2c0be812-95ea-437f-b051-a9349a9f5da0",
	"00000000-0000-0000-0000-000000000000");
INSERT INTO ACT_SMT
	VALUES ("dfda2409-9c04-47dc-9ffb-a99075ada453",
	"10d2a38d-bc81-49fa-9a67-41e2c2331a72",
	"00000000-0000-0000-0000-000000000000",
	217,
	3,
	'test line: 217');
INSERT INTO ACT_BRG
	VALUES ("dfda2409-9c04-47dc-9ffb-a99075ada453",
	"2dcf3e84-1208-4e7f-a70c-a54d15f1ce77",
	217,
	8,
	217,
	3);
INSERT INTO V_VAL
	VALUES ("a17e564a-0b5c-48f0-bf88-d59d393ae912",
	0,
	0,
	217,
	28,
	59,
	0,
	0,
	0,
	0,
	"ba5eda7a-def5-0000-0000-000000000004",
	"10d2a38d-bc81-49fa-9a67-41e2c2331a72");
INSERT INTO V_LST
	VALUES ("a17e564a-0b5c-48f0-bf88-d59d393ae912",
	'test1.C2:  Failed to select Os.');
INSERT INTO V_PAR
	VALUES ("a17e564a-0b5c-48f0-bf88-d59d393ae912",
	"dfda2409-9c04-47dc-9ffb-a99075ada453",
	"00000000-0000-0000-0000-000000000000",
	'message',
	"00000000-0000-0000-0000-000000000000",
	217,
	20);
INSERT INTO ACT_BLK
	VALUES ("ee40bffd-6ba2-4c4c-a5af-84744ec14c98",
	0,
	0,
	0,
	'LOG',
	'',
	'',
	221,
	3,
	221,
	3,
	0,
	0,
	0,
	0,
	0,
	0,
	0,
	0,
	0,
	"2c0be812-95ea-437f-b051-a9349a9f5da0",
	"00000000-0000-0000-0000-000000000000");
INSERT INTO ACT_SMT
	VALUES ("11b038b6-50bf-48bb-9cfe-b7e62e17e6c1",
	"ee40bffd-6ba2-4c4c-a5af-84744ec14c98",
	"00000000-0000-0000-0000-000000000000",
	221,
	3,
	'test line: 221');
INSERT INTO ACT_BRG
	VALUES ("11b038b6-50bf-48bb-9cfe-b7e62e17e6c1",
	"2dcf3e84-1208-4e7f-a70c-a54d15f1ce77",
	221,
	8,
	221,
	3);
INSERT INTO V_VAL
	VALUES ("13ac1c92-00c8-442b-a61a-5070d41c1e64",
	0,
	0,
	221,
	28,
	60,
	0,
	0,
	0,
	0,
	"ba5eda7a-def5-0000-0000-000000000004",
	"ee40bffd-6ba2-4c4c-a5af-84744ec14c98");
INSERT INTO V_LST
	VALUES ("13ac1c92-00c8-442b-a61a-5070d41c1e64",
	'test1.C3:  Selected incorrect O.');
INSERT INTO V_PAR
	VALUES ("13ac1c92-00c8-442b-a61a-5070d41c1e64",
	"11b038b6-50bf-48bb-9cfe-b7e62e17e6c1",
	"00000000-0000-0000-0000-000000000000",
	'message',
	"00000000-0000-0000-0000-000000000000",
	221,
	20);
INSERT INTO ACT_BLK
	VALUES ("1c2c3bc0-06f3-4498-b5aa-687d2b842eeb",
	0,
	0,
	0,
	'',
	'',
	'',
	223,
	3,
	0,
	0,
	0,
	0,
	0,
	0,
	0,
	0,
	0,
	0,
	0,
	"2c0be812-95ea-437f-b051-a9349a9f5da0",
	"00000000-0000-0000-0000-000000000000");
INSERT INTO ACT_SMT
	VALUES ("624428d3-c99c-4640-a72b-6cde9225ebca",
	"1c2c3bc0-06f3-4498-b5aa-687d2b842eeb",
	"00000000-0000-0000-0000-000000000000",
	223,
	3,
	'test line: 223');
INSERT INTO ACT_IF
	VALUES ("624428d3-c99c-4640-a72b-6cde9225ebca",
	"3bb85134-9414-46df-8e4c-7d29b67a1f21",
	"d65def11-651b-4818-a809-288b9f6edfc7",
	"00000000-0000-0000-0000-000000000000",
	"00000000-0000-0000-0000-000000000000");
INSERT INTO V_VAL
	VALUES ("0ffa6f50-0a8d-4d31-ad63-63a3750eb7f5",
	0,
	0,
	223,
	8,
	8,
	0,
	0,
	0,
	0,
	"ba5eda7a-def5-0000-0000-000000000008",
	"1c2c3bc0-06f3-4498-b5aa-687d2b842eeb");
INSERT INTO V_IRF
	VALUES ("0ffa6f50-0a8d-4d31-ad63-63a3750eb7f5",
	"f4c51203-66ab-474a-a666-320596a5855c");
INSERT INTO V_VAL
	VALUES ("646cfa35-ae94-4394-84df-92c2de804a69",
	0,
	0,
	223,
	10,
	19,
	0,
	0,
	0,
	0,
	"ba5eda7a-def5-0000-0000-000000000002",
	"1c2c3bc0-06f3-4498-b5aa-687d2b842eeb");
INSERT INTO V_AVL
	VALUES ("646cfa35-ae94-4394-84df-92c2de804a69",
	"0ffa6f50-0a8d-4d31-ad63-63a3750eb7f5",
	"2b75ff93-ab57-42e7-8100-af7086b8d12b",
	"ea9cf8fb-0ddc-4b3d-b43a-62b062173514");
INSERT INTO V_VAL
	VALUES ("d65def11-651b-4818-a809-288b9f6edfc7",
	0,
	0,
	223,
	10,
	29,
	0,
	0,
	0,
	0,
	"ba5eda7a-def5-0000-0000-000000000001",
	"1c2c3bc0-06f3-4498-b5aa-687d2b842eeb");
INSERT INTO V_BIN
	VALUES ("d65def11-651b-4818-a809-288b9f6edfc7",
	"aff698a1-fccb-4f20-8dae-01354013996b",
	"646cfa35-ae94-4394-84df-92c2de804a69",
	'!=');
INSERT INTO V_VAL
	VALUES ("97a5cb8f-4906-4e09-9734-179efd9a9926",
	0,
	0,
	223,
	24,
	25,
	0,
	0,
	0,
	0,
	"ba5eda7a-def5-0000-0000-000000000008",
	"1c2c3bc0-06f3-4498-b5aa-687d2b842eeb");
INSERT INTO V_IRF
	VALUES ("97a5cb8f-4906-4e09-9734-179efd9a9926",
	"b7f93e8e-067d-4288-bcbd-6f089d974e24");
INSERT INTO V_VAL
	VALUES ("aff698a1-fccb-4f20-8dae-01354013996b",
	0,
	0,
	223,
	27,
	29,
	0,
	0,
	0,
	0,
	"ba5eda7a-def5-0000-0000-000000000002",
	"1c2c3bc0-06f3-4498-b5aa-687d2b842eeb");
INSERT INTO V_AVL
	VALUES ("aff698a1-fccb-4f20-8dae-01354013996b",
	"97a5cb8f-4906-4e09-9734-179efd9a9926",
	"2b75ff93-ab57-42e7-8100-af7086b8d12b",
	"924da7aa-e46a-4994-8f4e-a0eb1af35023");
INSERT INTO ACT_BLK
	VALUES ("3bb85134-9414-46df-8e4c-7d29b67a1f21",
	0,
	0,
	0,
	'LOG',
	'',
	'',
	224,
	5,
	224,
	5,
	0,
	0,
	0,
	0,
	0,
	0,
	0,
	0,
	0,
	"2c0be812-95ea-437f-b051-a9349a9f5da0",
	"00000000-0000-0000-0000-000000000000");
INSERT INTO ACT_SMT
	VALUES ("eaef7b99-d1dd-451f-ba31-fda380c8d756",
	"3bb85134-9414-46df-8e4c-7d29b67a1f21",
	"00000000-0000-0000-0000-000000000000",
	224,
	5,
	'test line: 224');
INSERT INTO ACT_BRG
	VALUES ("eaef7b99-d1dd-451f-ba31-fda380c8d756",
	"2dcf3e84-1208-4e7f-a70c-a54d15f1ce77",
	224,
	10,
	224,
	5);
INSERT INTO V_VAL
	VALUES ("8507e585-f886-420a-abc2-ad4c6dcab78b",
	0,
	0,
	224,
	30,
	64,
	0,
	0,
	0,
	0,
	"ba5eda7a-def5-0000-0000-000000000004",
	"3bb85134-9414-46df-8e4c-7d29b67a1f21");
INSERT INTO V_LST
	VALUES ("8507e585-f886-420a-abc2-ad4c6dcab78b",
	'test1.C3a:  O referential mismatch');
INSERT INTO V_PAR
	VALUES ("8507e585-f886-420a-abc2-ad4c6dcab78b",
	"eaef7b99-d1dd-451f-ba31-fda380c8d756",
	"00000000-0000-0000-0000-000000000000",
	'message',
	"00000000-0000-0000-0000-000000000000",
	224,
	22);
INSERT INTO ACT_BLK
	VALUES ("6acd700b-9737-43f5-b79c-04695971c9d0",
	0,
	0,
	0,
	'LOG',
	'',
	'',
	230,
	3,
	230,
	3,
	0,
	0,
	0,
	0,
	0,
	0,
	0,
	0,
	0,
	"2c0be812-95ea-437f-b051-a9349a9f5da0",
	"00000000-0000-0000-0000-000000000000");
INSERT INTO ACT_SMT
	VALUES ("bb85afdd-e738-45d7-9e04-db0eeb05fb2e",
	"6acd700b-9737-43f5-b79c-04695971c9d0",
	"00000000-0000-0000-0000-000000000000",
	230,
	3,
	'test line: 230');
INSERT INTO ACT_BRG
	VALUES ("bb85afdd-e738-45d7-9e04-db0eeb05fb2e",
	"2dcf3e84-1208-4e7f-a70c-a54d15f1ce77",
	230,
	8,
	230,
	3);
INSERT INTO V_VAL
	VALUES ("f7d564b8-b869-4d77-8b3d-cf8f07a67503",
	0,
	0,
	230,
	28,
	60,
	0,
	0,
	0,
	0,
	"ba5eda7a-def5-0000-0000-000000000004",
	"6acd700b-9737-43f5-b79c-04695971c9d0");
INSERT INTO V_LST
	VALUES ("f7d564b8-b869-4d77-8b3d-cf8f07a67503",
	'test1.C4:  Selected incorrect O.');
INSERT INTO V_PAR
	VALUES ("f7d564b8-b869-4d77-8b3d-cf8f07a67503",
	"bb85afdd-e738-45d7-9e04-db0eeb05fb2e",
	"00000000-0000-0000-0000-000000000000",
	'message',
	"00000000-0000-0000-0000-000000000000",
	230,
	20);
INSERT INTO ACT_BLK
	VALUES ("a534a51b-3df4-48bf-95bb-85da8db69152",
	0,
	0,
	0,
	'',
	'',
	'',
	232,
	3,
	0,
	0,
	0,
	0,
	0,
	0,
	0,
	0,
	0,
	0,
	0,
	"2c0be812-95ea-437f-b051-a9349a9f5da0",
	"00000000-0000-0000-0000-000000000000");
INSERT INTO ACT_SMT
	VALUES ("1d805b56-ae25-49da-8ab9-47da9c9bfc45",
	"a534a51b-3df4-48bf-95bb-85da8db69152",
	"00000000-0000-0000-0000-000000000000",
	232,
	3,
	'test line: 232');
INSERT INTO ACT_IF
	VALUES ("1d805b56-ae25-49da-8ab9-47da9c9bfc45",
	"5dce5061-cacc-45c3-8995-df886330a20b",
	"a92b78a8-84b8-49b2-b88e-0589af426208",
	"00000000-0000-0000-0000-000000000000",
	"00000000-0000-0000-0000-000000000000");
INSERT INTO V_VAL
	VALUES ("821cf7b7-e9fa-471e-81de-d909763b0546",
	0,
	0,
	232,
	8,
	8,
	0,
	0,
	0,
	0,
	"ba5eda7a-def5-0000-0000-000000000008",
	"a534a51b-3df4-48bf-95bb-85da8db69152");
INSERT INTO V_IRF
	VALUES ("821cf7b7-e9fa-471e-81de-d909763b0546",
	"f4c51203-66ab-474a-a666-320596a5855c");
INSERT INTO V_VAL
	VALUES ("363550a0-ef36-4a9f-9f95-9c61de135c4b",
	0,
	0,
	232,
	10,
	19,
	0,
	0,
	0,
	0,
	"ba5eda7a-def5-0000-0000-000000000002",
	"a534a51b-3df4-48bf-95bb-85da8db69152");
INSERT INTO V_AVL
	VALUES ("363550a0-ef36-4a9f-9f95-9c61de135c4b",
	"821cf7b7-e9fa-471e-81de-d909763b0546",
	"2b75ff93-ab57-42e7-8100-af7086b8d12b",
	"ea9cf8fb-0ddc-4b3d-b43a-62b062173514");
INSERT INTO V_VAL
	VALUES ("a92b78a8-84b8-49b2-b88e-0589af426208",
	0,
	0,
	232,
	10,
	29,
	0,
	0,
	0,
	0,
	"ba5eda7a-def5-0000-0000-000000000001",
	"a534a51b-3df4-48bf-95bb-85da8db69152");
INSERT INTO V_BIN
	VALUES ("a92b78a8-84b8-49b2-b88e-0589af426208",
	"689f088c-d55a-440e-84bb-8b0c2b41a496",
	"363550a0-ef36-4a9f-9f95-9c61de135c4b",
	'!=');
INSERT INTO V_VAL
	VALUES ("4acaf31f-0308-4d39-8425-1064a7db8b84",
	0,
	0,
	232,
	24,
	25,
	0,
	0,
	0,
	0,
	"ba5eda7a-def5-0000-0000-000000000008",
	"a534a51b-3df4-48bf-95bb-85da8db69152");
INSERT INTO V_IRF
	VALUES ("4acaf31f-0308-4d39-8425-1064a7db8b84",
	"b7f93e8e-067d-4288-bcbd-6f089d974e24");
INSERT INTO V_VAL
	VALUES ("689f088c-d55a-440e-84bb-8b0c2b41a496",
	0,
	0,
	232,
	27,
	29,
	0,
	0,
	0,
	0,
	"ba5eda7a-def5-0000-0000-000000000002",
	"a534a51b-3df4-48bf-95bb-85da8db69152");
INSERT INTO V_AVL
	VALUES ("689f088c-d55a-440e-84bb-8b0c2b41a496",
	"4acaf31f-0308-4d39-8425-1064a7db8b84",
	"2b75ff93-ab57-42e7-8100-af7086b8d12b",
	"924da7aa-e46a-4994-8f4e-a0eb1af35023");
INSERT INTO ACT_BLK
	VALUES ("5dce5061-cacc-45c3-8995-df886330a20b",
	0,
	0,
	0,
	'LOG',
	'',
	'',
	233,
	5,
	233,
	5,
	0,
	0,
	0,
	0,
	0,
	0,
	0,
	0,
	0,
	"2c0be812-95ea-437f-b051-a9349a9f5da0",
	"00000000-0000-0000-0000-000000000000");
INSERT INTO ACT_SMT
	VALUES ("de11ca00-7e06-45fc-a8de-2d79d140b5ef",
	"5dce5061-cacc-45c3-8995-df886330a20b",
	"00000000-0000-0000-0000-000000000000",
	233,
	5,
	'test line: 233');
INSERT INTO ACT_BRG
	VALUES ("de11ca00-7e06-45fc-a8de-2d79d140b5ef",
	"2dcf3e84-1208-4e7f-a70c-a54d15f1ce77",
	233,
	10,
	233,
	5);
INSERT INTO V_VAL
	VALUES ("1159974b-2f77-487e-835f-bf5e55fe61d1",
	0,
	0,
	233,
	30,
	64,
	0,
	0,
	0,
	0,
	"ba5eda7a-def5-0000-0000-000000000004",
	"5dce5061-cacc-45c3-8995-df886330a20b");
INSERT INTO V_LST
	VALUES ("1159974b-2f77-487e-835f-bf5e55fe61d1",
	'test1.C4a:  O referential mismatch');
INSERT INTO V_PAR
	VALUES ("1159974b-2f77-487e-835f-bf5e55fe61d1",
	"de11ca00-7e06-45fc-a8de-2d79d140b5ef",
	"00000000-0000-0000-0000-000000000000",
	'message',
	"00000000-0000-0000-0000-000000000000",
	233,
	22);
INSERT INTO ACT_BLK
	VALUES ("bdfd44d1-4412-47bc-a8a4-d69820afde1f",
	0,
	0,
	0,
	'LOG',
	'',
	'',
	239,
	3,
	239,
	3,
	0,
	0,
	0,
	0,
	0,
	0,
	0,
	0,
	0,
	"2c0be812-95ea-437f-b051-a9349a9f5da0",
	"00000000-0000-0000-0000-000000000000");
INSERT INTO ACT_SMT
	VALUES ("dc2464b2-8b77-40fd-904a-26b50e7a7637",
	"bdfd44d1-4412-47bc-a8a4-d69820afde1f",
	"00000000-0000-0000-0000-000000000000",
	239,
	3,
	'test line: 239');
INSERT INTO ACT_BRG
	VALUES ("dc2464b2-8b77-40fd-904a-26b50e7a7637",
	"2dcf3e84-1208-4e7f-a70c-a54d15f1ce77",
	239,
	8,
	239,
	3);
INSERT INTO V_VAL
	VALUES ("c9ab61cb-b116-4461-b055-db7b5c5ba91b",
	0,
	0,
	239,
	28,
	60,
	0,
	0,
	0,
	0,
	"ba5eda7a-def5-0000-0000-000000000004",
	"bdfd44d1-4412-47bc-a8a4-d69820afde1f");
INSERT INTO V_LST
	VALUES ("c9ab61cb-b116-4461-b055-db7b5c5ba91b",
	'test1.C5:  Selected incorrect O.');
INSERT INTO V_PAR
	VALUES ("c9ab61cb-b116-4461-b055-db7b5c5ba91b",
	"dc2464b2-8b77-40fd-904a-26b50e7a7637",
	"00000000-0000-0000-0000-000000000000",
	'message',
	"00000000-0000-0000-0000-000000000000",
	239,
	20);
INSERT INTO ACT_BLK
	VALUES ("0258a2ef-ee1a-4a75-bc78-6bbfd7c0c227",
	0,
	0,
	0,
	'',
	'',
	'',
	241,
	3,
	0,
	0,
	0,
	0,
	0,
	0,
	0,
	0,
	0,
	0,
	0,
	"2c0be812-95ea-437f-b051-a9349a9f5da0",
	"00000000-0000-0000-0000-000000000000");
INSERT INTO ACT_SMT
	VALUES ("ea24ec39-8079-4463-bbec-58f815960c85",
	"0258a2ef-ee1a-4a75-bc78-6bbfd7c0c227",
	"00000000-0000-0000-0000-000000000000",
	241,
	3,
	'test line: 241');
INSERT INTO ACT_IF
	VALUES ("ea24ec39-8079-4463-bbec-58f815960c85",
	"5058657f-9067-48c7-8633-64d6badd17e0",
	"ee82f7c9-aeb6-4cb8-8ddb-cb52823c19e7",
	"00000000-0000-0000-0000-000000000000",
	"00000000-0000-0000-0000-000000000000");
INSERT INTO V_VAL
	VALUES ("b4131836-8799-406e-a019-5047fc5a321a",
	0,
	0,
	241,
	8,
	8,
	0,
	0,
	0,
	0,
	"ba5eda7a-def5-0000-0000-000000000008",
	"0258a2ef-ee1a-4a75-bc78-6bbfd7c0c227");
INSERT INTO V_IRF
	VALUES ("b4131836-8799-406e-a019-5047fc5a321a",
	"f4c51203-66ab-474a-a666-320596a5855c");
INSERT INTO V_VAL
	VALUES ("a17a4c9b-81f7-4990-b101-4abef4aaafd3",
	0,
	0,
	241,
	10,
	19,
	0,
	0,
	0,
	0,
	"ba5eda7a-def5-0000-0000-000000000002",
	"0258a2ef-ee1a-4a75-bc78-6bbfd7c0c227");
INSERT INTO V_AVL
	VALUES ("a17a4c9b-81f7-4990-b101-4abef4aaafd3",
	"b4131836-8799-406e-a019-5047fc5a321a",
	"2b75ff93-ab57-42e7-8100-af7086b8d12b",
	"ea9cf8fb-0ddc-4b3d-b43a-62b062173514");
INSERT INTO V_VAL
	VALUES ("ee82f7c9-aeb6-4cb8-8ddb-cb52823c19e7",
	0,
	0,
	241,
	10,
	29,
	0,
	0,
	0,
	0,
	"ba5eda7a-def5-0000-0000-000000000001",
	"0258a2ef-ee1a-4a75-bc78-6bbfd7c0c227");
INSERT INTO V_BIN
	VALUES ("ee82f7c9-aeb6-4cb8-8ddb-cb52823c19e7",
	"e297b77b-5513-4b7a-aa29-1060ac5f1c51",
	"a17a4c9b-81f7-4990-b101-4abef4aaafd3",
	'!=');
INSERT INTO V_VAL
	VALUES ("f2c5e565-0b47-4342-8942-7824275457b4",
	0,
	0,
	241,
	24,
	25,
	0,
	0,
	0,
	0,
	"ba5eda7a-def5-0000-0000-000000000008",
	"0258a2ef-ee1a-4a75-bc78-6bbfd7c0c227");
INSERT INTO V_IRF
	VALUES ("f2c5e565-0b47-4342-8942-7824275457b4",
	"b7f93e8e-067d-4288-bcbd-6f089d974e24");
INSERT INTO V_VAL
	VALUES ("e297b77b-5513-4b7a-aa29-1060ac5f1c51",
	0,
	0,
	241,
	27,
	29,
	0,
	0,
	0,
	0,
	"ba5eda7a-def5-0000-0000-000000000002",
	"0258a2ef-ee1a-4a75-bc78-6bbfd7c0c227");
INSERT INTO V_AVL
	VALUES ("e297b77b-5513-4b7a-aa29-1060ac5f1c51",
	"f2c5e565-0b47-4342-8942-7824275457b4",
	"2b75ff93-ab57-42e7-8100-af7086b8d12b",
	"924da7aa-e46a-4994-8f4e-a0eb1af35023");
INSERT INTO ACT_BLK
	VALUES ("5058657f-9067-48c7-8633-64d6badd17e0",
	0,
	0,
	0,
	'LOG',
	'',
	'',
	242,
	5,
	242,
	5,
	0,
	0,
	0,
	0,
	0,
	0,
	0,
	0,
	0,
	"2c0be812-95ea-437f-b051-a9349a9f5da0",
	"00000000-0000-0000-0000-000000000000");
INSERT INTO ACT_SMT
	VALUES ("c84beb6b-68df-40af-836a-972558c5f3f2",
	"5058657f-9067-48c7-8633-64d6badd17e0",
	"00000000-0000-0000-0000-000000000000",
	242,
	5,
	'test line: 242');
INSERT INTO ACT_BRG
	VALUES ("c84beb6b-68df-40af-836a-972558c5f3f2",
	"2dcf3e84-1208-4e7f-a70c-a54d15f1ce77",
	242,
	10,
	242,
	5);
INSERT INTO V_VAL
	VALUES ("09e34cdb-1dc9-41c5-aa03-52262b7ee062",
	0,
	0,
	242,
	30,
	64,
	0,
	0,
	0,
	0,
	"ba5eda7a-def5-0000-0000-000000000004",
	"5058657f-9067-48c7-8633-64d6badd17e0");
INSERT INTO V_LST
	VALUES ("09e34cdb-1dc9-41c5-aa03-52262b7ee062",
	'test1.C5a:  O referential mismatch');
INSERT INTO V_PAR
	VALUES ("09e34cdb-1dc9-41c5-aa03-52262b7ee062",
	"c84beb6b-68df-40af-836a-972558c5f3f2",
	"00000000-0000-0000-0000-000000000000",
	'message',
	"00000000-0000-0000-0000-000000000000",
	242,
	22);
INSERT INTO ACT_BLK
	VALUES ("1b1ca9ce-e609-4fe2-bf38-f1e60772f8cb",
	0,
	0,
	0,
	'LOG',
	'',
	'',
	252,
	3,
	252,
	3,
	0,
	0,
	0,
	0,
	0,
	0,
	0,
	0,
	0,
	"2c0be812-95ea-437f-b051-a9349a9f5da0",
	"00000000-0000-0000-0000-000000000000");
INSERT INTO ACT_SMT
	VALUES ("7e7176c7-f623-41a5-835a-5d96a7023bec",
	"1b1ca9ce-e609-4fe2-bf38-f1e60772f8cb",
	"00000000-0000-0000-0000-000000000000",
	252,
	3,
	'test line: 252');
INSERT INTO ACT_BRG
	VALUES ("7e7176c7-f623-41a5-835a-5d96a7023bec",
	"2dcf3e84-1208-4e7f-a70c-a54d15f1ce77",
	252,
	8,
	252,
	3);
INSERT INTO V_VAL
	VALUES ("73e6dbb4-f74a-4dbc-9cc9-e831b2c4d93f",
	0,
	0,
	252,
	28,
	59,
	0,
	0,
	0,
	0,
	"ba5eda7a-def5-0000-0000-000000000004",
	"1b1ca9ce-e609-4fe2-bf38-f1e60772f8cb");
INSERT INTO V_LST
	VALUES ("73e6dbb4-f74a-4dbc-9cc9-e831b2c4d93f",
	'test1.B2:  Failed to select Ns.');
INSERT INTO V_PAR
	VALUES ("73e6dbb4-f74a-4dbc-9cc9-e831b2c4d93f",
	"7e7176c7-f623-41a5-835a-5d96a7023bec",
	"00000000-0000-0000-0000-000000000000",
	'message',
	"00000000-0000-0000-0000-000000000000",
	252,
	20);
INSERT INTO ACT_BLK
	VALUES ("4cac168e-d230-4e40-87c8-e43da0b1ca09",
	0,
	0,
	0,
	'',
	'',
	'',
	259,
	3,
	0,
	0,
	0,
	0,
	0,
	0,
	0,
	0,
	0,
	0,
	0,
	"2c0be812-95ea-437f-b051-a9349a9f5da0",
	"00000000-0000-0000-0000-000000000000");
INSERT INTO ACT_SMT
	VALUES ("51f0a349-1f11-45f5-9f45-8fccb1f77b72",
	"4cac168e-d230-4e40-87c8-e43da0b1ca09",
	"00000000-0000-0000-0000-000000000000",
	259,
	3,
	'test line: 259');
INSERT INTO ACT_IF
	VALUES ("51f0a349-1f11-45f5-9f45-8fccb1f77b72",
	"2cca0154-d3c2-467a-9421-96416cf8f313",
	"af43f40f-cc45-4003-8da6-4b20d7021555",
	"00000000-0000-0000-0000-000000000000",
	"00000000-0000-0000-0000-000000000000");
INSERT INTO V_VAL
	VALUES ("733ee8b2-94c8-4d33-925f-d4cf1cd3d74d",
	0,
	0,
	259,
	8,
	8,
	0,
	0,
	0,
	0,
	"ba5eda7a-def5-0000-0000-000000000008",
	"4cac168e-d230-4e40-87c8-e43da0b1ca09");
INSERT INTO V_IRF
	VALUES ("733ee8b2-94c8-4d33-925f-d4cf1cd3d74d",
	"4dd32c55-2ad0-4024-8d2d-08c67e177ebb");
INSERT INTO V_VAL
	VALUES ("6c510c18-0c74-464c-965c-899281faea6a",
	0,
	0,
	259,
	10,
	13,
	0,
	0,
	0,
	0,
	"ba5eda7a-def5-0000-0000-000000000004",
	"4cac168e-d230-4e40-87c8-e43da0b1ca09");
INSERT INTO V_AVL
	VALUES ("6c510c18-0c74-464c-965c-899281faea6a",
	"733ee8b2-94c8-4d33-925f-d4cf1cd3d74d",
	"38f266c8-6c6c-48af-a7ef-9aa0763aa5e5",
	"93a909b8-1bcc-471f-bc08-91a52102bf38");
INSERT INTO V_VAL
	VALUES ("ef15a42d-0b0e-4b1f-9637-850a9cc2dcad",
	0,
	0,
	259,
	10,
	22,
	0,
	0,
	0,
	0,
	"ba5eda7a-def5-0000-0000-000000000001",
	"4cac168e-d230-4e40-87c8-e43da0b1ca09");
INSERT INTO V_BIN
	VALUES ("ef15a42d-0b0e-4b1f-9637-850a9cc2dcad",
	"0dd77bf1-6cd8-428c-bb15-cf45d453790b",
	"6c510c18-0c74-464c-965c-899281faea6a",
	'!=');
INSERT INTO V_VAL
	VALUES ("0dd77bf1-6cd8-428c-bb15-cf45d453790b",
	0,
	0,
	259,
	18,
	22,
	0,
	0,
	0,
	0,
	"ba5eda7a-def5-0000-0000-000000000004",
	"4cac168e-d230-4e40-87c8-e43da0b1ca09");
INSERT INTO V_LST
	VALUES ("0dd77bf1-6cd8-428c-bb15-cf45d453790b",
	'Dave');
INSERT INTO V_VAL
	VALUES ("c8b94d16-61d3-47a1-8ed5-5f7c8342cc9e",
	0,
	0,
	259,
	33,
	33,
	0,
	0,
	0,
	0,
	"ba5eda7a-def5-0000-0000-000000000008",
	"4cac168e-d230-4e40-87c8-e43da0b1ca09");
INSERT INTO V_IRF
	VALUES ("c8b94d16-61d3-47a1-8ed5-5f7c8342cc9e",
	"4dd32c55-2ad0-4024-8d2d-08c67e177ebb");
INSERT INTO V_VAL
	VALUES ("f7a112fa-89d6-4b02-ba75-4fabe95f0e05",
	0,
	0,
	259,
	35,
	38,
	0,
	0,
	0,
	0,
	"ba5eda7a-def5-0000-0000-000000000004",
	"4cac168e-d230-4e40-87c8-e43da0b1ca09");
INSERT INTO V_AVL
	VALUES ("f7a112fa-89d6-4b02-ba75-4fabe95f0e05",
	"c8b94d16-61d3-47a1-8ed5-5f7c8342cc9e",
	"38f266c8-6c6c-48af-a7ef-9aa0763aa5e5",
	"93a909b8-1bcc-471f-bc08-91a52102bf38");
INSERT INTO V_VAL
	VALUES ("190103d2-d88e-4e43-8a32-956979be88c4",
	0,
	0,
	259,
	35,
	47,
	0,
	0,
	0,
	0,
	"ba5eda7a-def5-0000-0000-000000000001",
	"4cac168e-d230-4e40-87c8-e43da0b1ca09");
INSERT INTO V_BIN
	VALUES ("190103d2-d88e-4e43-8a32-956979be88c4",
	"28015609-a96b-4a5a-a990-349ee802a216",
	"f7a112fa-89d6-4b02-ba75-4fabe95f0e05",
	'!=');
INSERT INTO V_VAL
	VALUES ("28015609-a96b-4a5a-a990-349ee802a216",
	0,
	0,
	259,
	43,
	47,
	0,
	0,
	0,
	0,
	"ba5eda7a-def5-0000-0000-000000000004",
	"4cac168e-d230-4e40-87c8-e43da0b1ca09");
INSERT INTO V_LST
	VALUES ("28015609-a96b-4a5a-a990-349ee802a216",
	'Pete');
INSERT INTO V_VAL
	VALUES ("af43f40f-cc45-4003-8da6-4b20d7021555",
	0,
	0,
	259,
	10,
	47,
	0,
	0,
	0,
	0,
	"ba5eda7a-def5-0000-0000-000000000001",
	"4cac168e-d230-4e40-87c8-e43da0b1ca09");
INSERT INTO V_BIN
	VALUES ("af43f40f-cc45-4003-8da6-4b20d7021555",
	"190103d2-d88e-4e43-8a32-956979be88c4",
	"ef15a42d-0b0e-4b1f-9637-850a9cc2dcad",
	'and');
INSERT INTO ACT_BLK
	VALUES ("2cca0154-d3c2-467a-9421-96416cf8f313",
	0,
	0,
	0,
	'LOG',
	'',
	'',
	260,
	5,
	260,
	5,
	0,
	0,
	0,
	0,
	0,
	0,
	0,
	0,
	0,
	"2c0be812-95ea-437f-b051-a9349a9f5da0",
	"00000000-0000-0000-0000-000000000000");
INSERT INTO ACT_SMT
	VALUES ("b31342e4-50e4-44c5-96b6-f033fd92b2d8",
	"2cca0154-d3c2-467a-9421-96416cf8f313",
	"00000000-0000-0000-0000-000000000000",
	260,
	5,
	'test line: 260');
INSERT INTO ACT_BRG
	VALUES ("b31342e4-50e4-44c5-96b6-f033fd92b2d8",
	"2dcf3e84-1208-4e7f-a70c-a54d15f1ce77",
	260,
	10,
	260,
	5);
INSERT INTO V_VAL
	VALUES ("520d5f74-2b84-48e3-bfaa-e1bdd29bcf97",
	0,
	0,
	260,
	30,
	63,
	0,
	0,
	0,
	0,
	"ba5eda7a-def5-0000-0000-000000000004",
	"2cca0154-d3c2-467a-9421-96416cf8f313");
INSERT INTO V_LST
	VALUES ("520d5f74-2b84-48e3-bfaa-e1bdd29bcf97",
	'test1.B3:  Selected incorrect Ns.');
INSERT INTO V_PAR
	VALUES ("520d5f74-2b84-48e3-bfaa-e1bdd29bcf97",
	"b31342e4-50e4-44c5-96b6-f033fd92b2d8",
	"00000000-0000-0000-0000-000000000000",
	'message',
	"00000000-0000-0000-0000-000000000000",
	260,
	22);
INSERT INTO ACT_BLK
	VALUES ("7f5d6d6d-a254-43aa-973c-5c029627e8f2",
	0,
	0,
	0,
	'LOG',
	'',
	'',
	267,
	3,
	267,
	3,
	0,
	0,
	0,
	0,
	0,
	0,
	0,
	0,
	0,
	"2c0be812-95ea-437f-b051-a9349a9f5da0",
	"00000000-0000-0000-0000-000000000000");
INSERT INTO ACT_SMT
	VALUES ("a82f7a10-8817-4395-8cb2-a367a484d552",
	"7f5d6d6d-a254-43aa-973c-5c029627e8f2",
	"00000000-0000-0000-0000-000000000000",
	267,
	3,
	'test line: 267');
INSERT INTO ACT_BRG
	VALUES ("a82f7a10-8817-4395-8cb2-a367a484d552",
	"2dcf3e84-1208-4e7f-a70c-a54d15f1ce77",
	267,
	8,
	267,
	3);
INSERT INTO V_VAL
	VALUES ("4b53946d-afff-4c7b-acaa-f4bd239243a8",
	0,
	0,
	267,
	28,
	61,
	0,
	0,
	0,
	0,
	"ba5eda7a-def5-0000-0000-000000000004",
	"7f5d6d6d-a254-43aa-973c-5c029627e8f2");
INSERT INTO V_LST
	VALUES ("4b53946d-afff-4c7b-acaa-f4bd239243a8",
	'test1.B4:  Failed to select boss.');
INSERT INTO V_PAR
	VALUES ("4b53946d-afff-4c7b-acaa-f4bd239243a8",
	"a82f7a10-8817-4395-8cb2-a367a484d552",
	"00000000-0000-0000-0000-000000000000",
	'message',
	"00000000-0000-0000-0000-000000000000",
	267,
	20);
INSERT INTO ACT_BLK
	VALUES ("3bef2363-5811-41bd-af1f-0922d1c8bfee",
	0,
	0,
	0,
	'',
	'',
	'',
	269,
	3,
	0,
	0,
	0,
	0,
	0,
	0,
	0,
	0,
	0,
	0,
	0,
	"2c0be812-95ea-437f-b051-a9349a9f5da0",
	"00000000-0000-0000-0000-000000000000");
INSERT INTO ACT_SMT
	VALUES ("48feb12a-d57d-4b2f-a3fd-43914fd0ecef",
	"3bef2363-5811-41bd-af1f-0922d1c8bfee",
	"00000000-0000-0000-0000-000000000000",
	269,
	3,
	'test line: 269');
INSERT INTO ACT_IF
	VALUES ("48feb12a-d57d-4b2f-a3fd-43914fd0ecef",
	"05b40c0d-85b5-478c-9e5b-5d8f170b8271",
	"0b5cf2d7-7c23-461c-a01a-df1f4e634457",
	"00000000-0000-0000-0000-000000000000",
	"00000000-0000-0000-0000-000000000000");
INSERT INTO V_VAL
	VALUES ("58eb647a-082a-47ea-983c-7b3eb4f185f4",
	0,
	0,
	269,
	8,
	11,
	0,
	0,
	0,
	0,
	"ba5eda7a-def5-0000-0000-000000000008",
	"3bef2363-5811-41bd-af1f-0922d1c8bfee");
INSERT INTO V_IRF
	VALUES ("58eb647a-082a-47ea-983c-7b3eb4f185f4",
	"73237db5-d124-4e3b-818d-792a66bb3059");
INSERT INTO V_VAL
	VALUES ("6808a802-1440-467a-b6c8-0a0c0295d003",
	0,
	0,
	269,
	13,
	16,
	0,
	0,
	0,
	0,
	"ba5eda7a-def5-0000-0000-000000000004",
	"3bef2363-5811-41bd-af1f-0922d1c8bfee");
INSERT INTO V_AVL
	VALUES ("6808a802-1440-467a-b6c8-0a0c0295d003",
	"58eb647a-082a-47ea-983c-7b3eb4f185f4",
	"38f266c8-6c6c-48af-a7ef-9aa0763aa5e5",
	"93a909b8-1bcc-471f-bc08-91a52102bf38");
INSERT INTO V_VAL
	VALUES ("0b5cf2d7-7c23-461c-a01a-df1f4e634457",
	0,
	0,
	269,
	13,
	26,
	0,
	0,
	0,
	0,
	"ba5eda7a-def5-0000-0000-000000000001",
	"3bef2363-5811-41bd-af1f-0922d1c8bfee");
INSERT INTO V_BIN
	VALUES ("0b5cf2d7-7c23-461c-a01a-df1f4e634457",
	"472e0411-7df8-4f51-af76-792bbbccf9ff",
	"6808a802-1440-467a-b6c8-0a0c0295d003",
	'!=');
INSERT INTO V_VAL
	VALUES ("472e0411-7df8-4f51-af76-792bbbccf9ff",
	0,
	0,
	269,
	21,
	26,
	0,
	0,
	0,
	0,
	"ba5eda7a-def5-0000-0000-000000000004",
	"3bef2363-5811-41bd-af1f-0922d1c8bfee");
INSERT INTO V_LST
	VALUES ("472e0411-7df8-4f51-af76-792bbbccf9ff",
	'Chris');
INSERT INTO ACT_BLK
	VALUES ("05b40c0d-85b5-478c-9e5b-5d8f170b8271",
	0,
	0,
	0,
	'LOG',
	'',
	'',
	270,
	5,
	270,
	5,
	0,
	0,
	0,
	0,
	0,
	0,
	0,
	0,
	0,
	"2c0be812-95ea-437f-b051-a9349a9f5da0",
	"00000000-0000-0000-0000-000000000000");
INSERT INTO ACT_SMT
	VALUES ("03778ce1-86f1-4a26-b4fc-d1b56174eed5",
	"05b40c0d-85b5-478c-9e5b-5d8f170b8271",
	"00000000-0000-0000-0000-000000000000",
	270,
	5,
	'test line: 270');
INSERT INTO ACT_BRG
	VALUES ("03778ce1-86f1-4a26-b4fc-d1b56174eed5",
	"2dcf3e84-1208-4e7f-a70c-a54d15f1ce77",
	270,
	10,
	270,
	5);
INSERT INTO V_VAL
	VALUES ("bdf4cb3e-c24c-4727-a3a9-a0e29990ccda",
	0,
	0,
	270,
	30,
	65,
	0,
	0,
	0,
	0,
	"ba5eda7a-def5-0000-0000-000000000004",
	"05b40c0d-85b5-478c-9e5b-5d8f170b8271");
INSERT INTO V_LST
	VALUES ("bdf4cb3e-c24c-4727-a3a9-a0e29990ccda",
	'test1.B5:  Selected incorrect boss.');
INSERT INTO V_PAR
	VALUES ("bdf4cb3e-c24c-4727-a3a9-a0e29990ccda",
	"03778ce1-86f1-4a26-b4fc-d1b56174eed5",
	"00000000-0000-0000-0000-000000000000",
	'message',
	"00000000-0000-0000-0000-000000000000",
	270,
	22);
INSERT INTO ACT_BLK
	VALUES ("b40327ad-715b-416a-9159-50951f048b03",
	0,
	0,
	0,
	'LOG',
	'',
	'',
	276,
	3,
	276,
	3,
	0,
	0,
	0,
	0,
	0,
	0,
	0,
	0,
	0,
	"2c0be812-95ea-437f-b051-a9349a9f5da0",
	"00000000-0000-0000-0000-000000000000");
INSERT INTO ACT_SMT
	VALUES ("ceeb5542-b21e-49ff-b87c-682e7fc9e476",
	"b40327ad-715b-416a-9159-50951f048b03",
	"00000000-0000-0000-0000-000000000000",
	276,
	3,
	'test line: 276');
INSERT INTO ACT_BRG
	VALUES ("ceeb5542-b21e-49ff-b87c-682e7fc9e476",
	"2dcf3e84-1208-4e7f-a70c-a54d15f1ce77",
	276,
	8,
	276,
	3);
INSERT INTO V_VAL
	VALUES ("d5d6949c-f490-4c3e-8885-1203c678923b",
	0,
	0,
	276,
	28,
	58,
	0,
	0,
	0,
	0,
	"ba5eda7a-def5-0000-0000-000000000004",
	"b40327ad-715b-416a-9159-50951f048b03");
INSERT INTO V_LST
	VALUES ("d5d6949c-f490-4c3e-8885-1203c678923b",
	'test1.B6:  Failed to select M.');
INSERT INTO V_PAR
	VALUES ("d5d6949c-f490-4c3e-8885-1203c678923b",
	"ceeb5542-b21e-49ff-b87c-682e7fc9e476",
	"00000000-0000-0000-0000-000000000000",
	'message',
	"00000000-0000-0000-0000-000000000000",
	276,
	20);
INSERT INTO ACT_BLK
	VALUES ("fca89641-e902-4ae3-906c-d29ff505f08e",
	0,
	0,
	0,
	'',
	'',
	'',
	280,
	3,
	0,
	0,
	0,
	0,
	0,
	0,
	0,
	0,
	0,
	0,
	0,
	"2c0be812-95ea-437f-b051-a9349a9f5da0",
	"00000000-0000-0000-0000-000000000000");
INSERT INTO ACT_SMT
	VALUES ("ff0546f3-7198-4f44-817f-16a76c596301",
	"fca89641-e902-4ae3-906c-d29ff505f08e",
	"00000000-0000-0000-0000-000000000000",
	278,
	3,
	'test line: 278');
INSERT INTO ACT_IF
	VALUES ("ff0546f3-7198-4f44-817f-16a76c596301",
	"853e79e8-3fa7-4565-9b80-7526ba90d571",
	"070ba276-7643-416a-917c-bdb675016008",
	"00000000-0000-0000-0000-000000000000",
	"00000000-0000-0000-0000-000000000000");
INSERT INTO ACT_SMT
	VALUES ("50106753-fbe3-45a8-80a0-f07b62fecdf5",
	"fca89641-e902-4ae3-906c-d29ff505f08e",
	"00000000-0000-0000-0000-000000000000",
	280,
	3,
	'test line: 280');
INSERT INTO ACT_E
	VALUES ("50106753-fbe3-45a8-80a0-f07b62fecdf5",
	"539fc3ad-2ec7-4ccd-8016-e219cf5a460f",
	"ff0546f3-7198-4f44-817f-16a76c596301");
INSERT INTO V_VAL
	VALUES ("178a485b-710f-4c88-97dc-718b25937351",
	0,
	0,
	278,
	8,
	8,
	0,
	0,
	0,
	0,
	"ba5eda7a-def5-0000-0000-000000000008",
	"fca89641-e902-4ae3-906c-d29ff505f08e");
INSERT INTO V_IRF
	VALUES ("178a485b-710f-4c88-97dc-718b25937351",
	"3afae416-c69b-4a89-999c-97b1dcc94770");
INSERT INTO V_VAL
	VALUES ("d149871b-de23-4c28-aa06-e9a9003742ed",
	0,
	0,
	278,
	10,
	19,
	0,
	0,
	0,
	0,
	"ba5eda7a-def5-0000-0000-000000000004",
	"fca89641-e902-4ae3-906c-d29ff505f08e");
INSERT INTO V_AVL
	VALUES ("d149871b-de23-4c28-aa06-e9a9003742ed",
	"178a485b-710f-4c88-97dc-718b25937351",
	"19e5ff06-3b46-4569-a048-93bb3afac2ba",
	"7b387117-603b-4f26-b11f-6012e5d1c709");
INSERT INTO V_VAL
	VALUES ("070ba276-7643-416a-917c-bdb675016008",
	0,
	0,
	278,
	10,
	27,
	0,
	0,
	0,
	0,
	"ba5eda7a-def5-0000-0000-000000000001",
	"fca89641-e902-4ae3-906c-d29ff505f08e");
INSERT INTO V_BIN
	VALUES ("070ba276-7643-416a-917c-bdb675016008",
	"4dddbe51-0bdb-4ff6-bd90-ed93f9eea6ca",
	"d149871b-de23-4c28-aa06-e9a9003742ed",
	'!=');
INSERT INTO V_VAL
	VALUES ("4dddbe51-0bdb-4ff6-bd90-ed93f9eea6ca",
	0,
	0,
	278,
	24,
	27,
	0,
	0,
	0,
	0,
	"ba5eda7a-def5-0000-0000-000000000004",
	"fca89641-e902-4ae3-906c-d29ff505f08e");
INSERT INTO V_LST
	VALUES ("4dddbe51-0bdb-4ff6-bd90-ed93f9eea6ca",
	'MEC');
INSERT INTO ACT_BLK
	VALUES ("853e79e8-3fa7-4565-9b80-7526ba90d571",
	0,
	0,
	0,
	'LOG',
	'',
	'',
	279,
	5,
	279,
	5,
	0,
	0,
	0,
	0,
	0,
	0,
	0,
	0,
	0,
	"2c0be812-95ea-437f-b051-a9349a9f5da0",
	"00000000-0000-0000-0000-000000000000");
INSERT INTO ACT_SMT
	VALUES ("5c1b853b-503f-4206-96a4-6aff2ab96c02",
	"853e79e8-3fa7-4565-9b80-7526ba90d571",
	"00000000-0000-0000-0000-000000000000",
	279,
	5,
	'test line: 279');
INSERT INTO ACT_BRG
	VALUES ("5c1b853b-503f-4206-96a4-6aff2ab96c02",
	"2dcf3e84-1208-4e7f-a70c-a54d15f1ce77",
	279,
	10,
	279,
	5);
INSERT INTO V_VAL
	VALUES ("2216cfd4-f4a0-4be3-92d6-2c56813ea28f",
	0,
	0,
	279,
	30,
	71,
	0,
	0,
	0,
	0,
	"ba5eda7a-def5-0000-0000-000000000004",
	"853e79e8-3fa7-4565-9b80-7526ba90d571");
INSERT INTO V_LST
	VALUES ("2216cfd4-f4a0-4be3-92d6-2c56813ea28f",
	'test1.B7:  Selected incorrect department.');
INSERT INTO V_PAR
	VALUES ("2216cfd4-f4a0-4be3-92d6-2c56813ea28f",
	"5c1b853b-503f-4206-96a4-6aff2ab96c02",
	"00000000-0000-0000-0000-000000000000",
	'message',
	"00000000-0000-0000-0000-000000000000",
	279,
	22);
INSERT INTO ACT_BLK
	VALUES ("539fc3ad-2ec7-4ccd-8016-e219cf5a460f",
	0,
	0,
	0,
	'',
	'',
	'',
	281,
	5,
	0,
	0,
	0,
	0,
	0,
	0,
	0,
	0,
	0,
	0,
	0,
	"2c0be812-95ea-437f-b051-a9349a9f5da0",
	"00000000-0000-0000-0000-000000000000");
INSERT INTO ACT_SMT
	VALUES ("20c36d39-cdd0-40c0-86cd-395afc807427",
	"539fc3ad-2ec7-4ccd-8016-e219cf5a460f",
	"00000000-0000-0000-0000-000000000000",
	281,
	5,
	'test line: 281');
INSERT INTO ACT_IF
	VALUES ("20c36d39-cdd0-40c0-86cd-395afc807427",
	"a219d9f8-67e5-4d72-9a2b-92db3594a1cb",
	"251b069e-4879-4168-a160-64745ed554b1",
	"00000000-0000-0000-0000-000000000000",
	"00000000-0000-0000-0000-000000000000");
INSERT INTO V_VAL
	VALUES ("064974cb-f2ff-4fe9-a5a4-ca21aa322f30",
	0,
	0,
	281,
	10,
	10,
	0,
	0,
	0,
	0,
	"ba5eda7a-def5-0000-0000-000000000008",
	"539fc3ad-2ec7-4ccd-8016-e219cf5a460f");
INSERT INTO V_IRF
	VALUES ("064974cb-f2ff-4fe9-a5a4-ca21aa322f30",
	"3afae416-c69b-4a89-999c-97b1dcc94770");
INSERT INTO V_VAL
	VALUES ("6e64c9c4-59c6-40a1-b488-7d3cbca14123",
	0,
	0,
	281,
	12,
	22,
	0,
	0,
	0,
	0,
	"ba5eda7a-def5-0000-0000-000000000002",
	"539fc3ad-2ec7-4ccd-8016-e219cf5a460f");
INSERT INTO V_AVL
	VALUES ("6e64c9c4-59c6-40a1-b488-7d3cbca14123",
	"064974cb-f2ff-4fe9-a5a4-ca21aa322f30",
	"19e5ff06-3b46-4569-a048-93bb3afac2ba",
	"45c4f503-1b2c-4a3c-9dc4-25565d6428ea");
INSERT INTO V_VAL
	VALUES ("251b069e-4879-4168-a160-64745ed554b1",
	0,
	0,
	281,
	12,
	31,
	0,
	0,
	0,
	0,
	"ba5eda7a-def5-0000-0000-000000000001",
	"539fc3ad-2ec7-4ccd-8016-e219cf5a460f");
INSERT INTO V_BIN
	VALUES ("251b069e-4879-4168-a160-64745ed554b1",
	"5b4541fc-2ee2-431f-a301-f6a3b18d73da",
	"6e64c9c4-59c6-40a1-b488-7d3cbca14123",
	'!=');
INSERT INTO V_VAL
	VALUES ("0d18f956-2dd8-4c7e-b6e8-fc1a3e7fbcdb",
	0,
	0,
	281,
	27,
	27,
	0,
	0,
	0,
	0,
	"ba5eda7a-def5-0000-0000-000000000008",
	"539fc3ad-2ec7-4ccd-8016-e219cf5a460f");
INSERT INTO V_IRF
	VALUES ("0d18f956-2dd8-4c7e-b6e8-fc1a3e7fbcdb",
	"4dd32c55-2ad0-4024-8d2d-08c67e177ebb");
INSERT INTO V_VAL
	VALUES ("5b4541fc-2ee2-431f-a301-f6a3b18d73da",
	0,
	0,
	281,
	29,
	31,
	0,
	0,
	0,
	0,
	"ba5eda7a-def5-0000-0000-000000000002",
	"539fc3ad-2ec7-4ccd-8016-e219cf5a460f");
INSERT INTO V_AVL
	VALUES ("5b4541fc-2ee2-431f-a301-f6a3b18d73da",
	"0d18f956-2dd8-4c7e-b6e8-fc1a3e7fbcdb",
	"38f266c8-6c6c-48af-a7ef-9aa0763aa5e5",
	"6a5c3a7b-1189-44e1-9c39-f4fa98e7d31d");
INSERT INTO ACT_BLK
	VALUES ("a219d9f8-67e5-4d72-9a2b-92db3594a1cb",
	0,
	0,
	0,
	'LOG',
	'',
	'',
	282,
	7,
	282,
	7,
	0,
	0,
	0,
	0,
	0,
	0,
	0,
	0,
	0,
	"2c0be812-95ea-437f-b051-a9349a9f5da0",
	"00000000-0000-0000-0000-000000000000");
INSERT INTO ACT_SMT
	VALUES ("ca8ac31a-7da5-4d5d-b630-2855c9f5c4fe",
	"a219d9f8-67e5-4d72-9a2b-92db3594a1cb",
	"00000000-0000-0000-0000-000000000000",
	282,
	7,
	'test line: 282');
INSERT INTO ACT_BRG
	VALUES ("ca8ac31a-7da5-4d5d-b630-2855c9f5c4fe",
	"2dcf3e84-1208-4e7f-a70c-a54d15f1ce77",
	282,
	12,
	282,
	7);
INSERT INTO V_VAL
	VALUES ("86ac0e60-a93d-4f4d-acc4-a454807898cd",
	0,
	0,
	282,
	32,
	68,
	0,
	0,
	0,
	0,
	"ba5eda7a-def5-0000-0000-000000000004",
	"a219d9f8-67e5-4d72-9a2b-92db3594a1cb");
INSERT INTO V_LST
	VALUES ("86ac0e60-a93d-4f4d-acc4-a454807898cd",
	'test1.B7a:  M/N referential mismatch');
INSERT INTO V_PAR
	VALUES ("86ac0e60-a93d-4f4d-acc4-a454807898cd",
	"ca8ac31a-7da5-4d5d-b630-2855c9f5c4fe",
	"00000000-0000-0000-0000-000000000000",
	'message',
	"00000000-0000-0000-0000-000000000000",
	282,
	24);
INSERT INTO ACT_BLK
	VALUES ("e529812e-f5fb-4174-8ea3-b27dfdc81daa",
	0,
	0,
	0,
	'LOG',
	'',
	'',
	289,
	3,
	289,
	3,
	0,
	0,
	0,
	0,
	0,
	0,
	0,
	0,
	0,
	"2c0be812-95ea-437f-b051-a9349a9f5da0",
	"00000000-0000-0000-0000-000000000000");
INSERT INTO ACT_SMT
	VALUES ("c1a18768-81bc-4d07-8280-069e1f303446",
	"e529812e-f5fb-4174-8ea3-b27dfdc81daa",
	"00000000-0000-0000-0000-000000000000",
	289,
	3,
	'test line: 289');
INSERT INTO ACT_BRG
	VALUES ("c1a18768-81bc-4d07-8280-069e1f303446",
	"2dcf3e84-1208-4e7f-a70c-a54d15f1ce77",
	289,
	8,
	289,
	3);
INSERT INTO V_VAL
	VALUES ("ceca7aa7-d5c6-439b-bada-aee05fc9a6cc",
	0,
	0,
	289,
	28,
	59,
	0,
	0,
	0,
	0,
	"ba5eda7a-def5-0000-0000-000000000004",
	"e529812e-f5fb-4174-8ea3-b27dfdc81daa");
INSERT INTO V_LST
	VALUES ("ceca7aa7-d5c6-439b-bada-aee05fc9a6cc",
	'test1.B2:  Failed to select Ns.');
INSERT INTO V_PAR
	VALUES ("ceca7aa7-d5c6-439b-bada-aee05fc9a6cc",
	"c1a18768-81bc-4d07-8280-069e1f303446",
	"00000000-0000-0000-0000-000000000000",
	'message',
	"00000000-0000-0000-0000-000000000000",
	289,
	20);
INSERT INTO ACT_BLK
	VALUES ("f39b32bf-7215-4c10-93ce-7694698259e2",
	0,
	0,
	0,
	'',
	'',
	'',
	292,
	3,
	0,
	0,
	0,
	0,
	0,
	0,
	0,
	0,
	0,
	0,
	0,
	"2c0be812-95ea-437f-b051-a9349a9f5da0",
	"00000000-0000-0000-0000-000000000000");
INSERT INTO ACT_SMT
	VALUES ("42881652-11a2-41df-9b75-48dbb3827a0b",
	"f39b32bf-7215-4c10-93ce-7694698259e2",
	"00000000-0000-0000-0000-000000000000",
	292,
	3,
	'test line: 292');
INSERT INTO ACT_IF
	VALUES ("42881652-11a2-41df-9b75-48dbb3827a0b",
	"453cf12b-2436-430f-98a6-ef571e715a77",
	"920559df-d59b-4651-9512-776e64ec9dcb",
	"00000000-0000-0000-0000-000000000000",
	"00000000-0000-0000-0000-000000000000");
INSERT INTO V_VAL
	VALUES ("63d1f355-ebbf-415c-b9b8-c0cdfa4d1a7d",
	0,
	0,
	292,
	8,
	8,
	0,
	0,
	0,
	0,
	"ba5eda7a-def5-0000-0000-000000000008",
	"f39b32bf-7215-4c10-93ce-7694698259e2");
INSERT INTO V_IRF
	VALUES ("63d1f355-ebbf-415c-b9b8-c0cdfa4d1a7d",
	"4dd32c55-2ad0-4024-8d2d-08c67e177ebb");
INSERT INTO V_VAL
	VALUES ("7196e91b-ae6d-4e9b-bcf4-dc2c15900075",
	0,
	0,
	292,
	10,
	13,
	0,
	0,
	0,
	0,
	"ba5eda7a-def5-0000-0000-000000000004",
	"f39b32bf-7215-4c10-93ce-7694698259e2");
INSERT INTO V_AVL
	VALUES ("7196e91b-ae6d-4e9b-bcf4-dc2c15900075",
	"63d1f355-ebbf-415c-b9b8-c0cdfa4d1a7d",
	"38f266c8-6c6c-48af-a7ef-9aa0763aa5e5",
	"93a909b8-1bcc-471f-bc08-91a52102bf38");
INSERT INTO V_VAL
	VALUES ("0490e512-9c41-4849-97b9-aacba96c51fe",
	0,
	0,
	292,
	10,
	22,
	0,
	0,
	0,
	0,
	"ba5eda7a-def5-0000-0000-000000000001",
	"f39b32bf-7215-4c10-93ce-7694698259e2");
INSERT INTO V_BIN
	VALUES ("0490e512-9c41-4849-97b9-aacba96c51fe",
	"87c4dcfc-a138-4f35-b1eb-7f49a0e621ce",
	"7196e91b-ae6d-4e9b-bcf4-dc2c15900075",
	'!=');
INSERT INTO V_VAL
	VALUES ("87c4dcfc-a138-4f35-b1eb-7f49a0e621ce",
	0,
	0,
	292,
	18,
	22,
	0,
	0,
	0,
	0,
	"ba5eda7a-def5-0000-0000-000000000004",
	"f39b32bf-7215-4c10-93ce-7694698259e2");
INSERT INTO V_LST
	VALUES ("87c4dcfc-a138-4f35-b1eb-7f49a0e621ce",
	'Alex');
INSERT INTO V_VAL
	VALUES ("6a13dd7a-1aa4-498f-a071-a72563425b1d",
	0,
	0,
	292,
	33,
	33,
	0,
	0,
	0,
	0,
	"ba5eda7a-def5-0000-0000-000000000008",
	"f39b32bf-7215-4c10-93ce-7694698259e2");
INSERT INTO V_IRF
	VALUES ("6a13dd7a-1aa4-498f-a071-a72563425b1d",
	"4dd32c55-2ad0-4024-8d2d-08c67e177ebb");
INSERT INTO V_VAL
	VALUES ("a163baa1-69c1-4288-8874-7501f179f847",
	0,
	0,
	292,
	35,
	38,
	0,
	0,
	0,
	0,
	"ba5eda7a-def5-0000-0000-000000000004",
	"f39b32bf-7215-4c10-93ce-7694698259e2");
INSERT INTO V_AVL
	VALUES ("a163baa1-69c1-4288-8874-7501f179f847",
	"6a13dd7a-1aa4-498f-a071-a72563425b1d",
	"38f266c8-6c6c-48af-a7ef-9aa0763aa5e5",
	"93a909b8-1bcc-471f-bc08-91a52102bf38");
INSERT INTO V_VAL
	VALUES ("dfc5afb2-b269-48e0-9bcb-71179e80279e",
	0,
	0,
	292,
	35,
	47,
	0,
	0,
	0,
	0,
	"ba5eda7a-def5-0000-0000-000000000001",
	"f39b32bf-7215-4c10-93ce-7694698259e2");
INSERT INTO V_BIN
	VALUES ("dfc5afb2-b269-48e0-9bcb-71179e80279e",
	"f1055e13-7b73-45ce-ba1a-506fecdb570a",
	"a163baa1-69c1-4288-8874-7501f179f847",
	'!=');
INSERT INTO V_VAL
	VALUES ("f1055e13-7b73-45ce-ba1a-506fecdb570a",
	0,
	0,
	292,
	43,
	47,
	0,
	0,
	0,
	0,
	"ba5eda7a-def5-0000-0000-000000000004",
	"f39b32bf-7215-4c10-93ce-7694698259e2");
INSERT INTO V_LST
	VALUES ("f1055e13-7b73-45ce-ba1a-506fecdb570a",
	'Jenn');
INSERT INTO V_VAL
	VALUES ("920559df-d59b-4651-9512-776e64ec9dcb",
	0,
	0,
	292,
	10,
	47,
	0,
	0,
	0,
	0,
	"ba5eda7a-def5-0000-0000-000000000001",
	"f39b32bf-7215-4c10-93ce-7694698259e2");
INSERT INTO V_BIN
	VALUES ("920559df-d59b-4651-9512-776e64ec9dcb",
	"dfc5afb2-b269-48e0-9bcb-71179e80279e",
	"0490e512-9c41-4849-97b9-aacba96c51fe",
	'and');
INSERT INTO ACT_BLK
	VALUES ("453cf12b-2436-430f-98a6-ef571e715a77",
	0,
	0,
	0,
	'LOG',
	'',
	'',
	293,
	5,
	293,
	5,
	0,
	0,
	0,
	0,
	0,
	0,
	0,
	0,
	0,
	"2c0be812-95ea-437f-b051-a9349a9f5da0",
	"00000000-0000-0000-0000-000000000000");
INSERT INTO ACT_SMT
	VALUES ("fa3bec69-02a8-48fe-94cc-ebebbdc03214",
	"453cf12b-2436-430f-98a6-ef571e715a77",
	"00000000-0000-0000-0000-000000000000",
	293,
	5,
	'test line: 293');
INSERT INTO ACT_BRG
	VALUES ("fa3bec69-02a8-48fe-94cc-ebebbdc03214",
	"2dcf3e84-1208-4e7f-a70c-a54d15f1ce77",
	293,
	10,
	293,
	5);
INSERT INTO V_VAL
	VALUES ("84e46178-0ed7-49bd-8c0c-e4bb24a5c24f",
	0,
	0,
	293,
	30,
	63,
	0,
	0,
	0,
	0,
	"ba5eda7a-def5-0000-0000-000000000004",
	"453cf12b-2436-430f-98a6-ef571e715a77");
INSERT INTO V_LST
	VALUES ("84e46178-0ed7-49bd-8c0c-e4bb24a5c24f",
	'test1.B3:  Selected incorrect Ns.');
INSERT INTO V_PAR
	VALUES ("84e46178-0ed7-49bd-8c0c-e4bb24a5c24f",
	"fa3bec69-02a8-48fe-94cc-ebebbdc03214",
	"00000000-0000-0000-0000-000000000000",
	'message',
	"00000000-0000-0000-0000-000000000000",
	293,
	22);
INSERT INTO ACT_BLK
	VALUES ("c5ce622e-733f-4dda-9e37-5ee4d5e6f8f9",
	0,
	0,
	0,
	'LOG',
	'',
	'',
	304,
	3,
	304,
	3,
	0,
	0,
	0,
	0,
	0,
	0,
	0,
	0,
	0,
	"2c0be812-95ea-437f-b051-a9349a9f5da0",
	"00000000-0000-0000-0000-000000000000");
INSERT INTO ACT_SMT
	VALUES ("529ad4a6-1204-49b7-9986-20428b605fe9",
	"c5ce622e-733f-4dda-9e37-5ee4d5e6f8f9",
	"00000000-0000-0000-0000-000000000000",
	304,
	3,
	'test line: 304');
INSERT INTO ACT_BRG
	VALUES ("529ad4a6-1204-49b7-9986-20428b605fe9",
	"2dcf3e84-1208-4e7f-a70c-a54d15f1ce77",
	304,
	8,
	304,
	3);
INSERT INTO V_VAL
	VALUES ("a5676594-a340-4da9-9dd3-31d023b879d0",
	0,
	0,
	304,
	28,
	60,
	0,
	0,
	0,
	0,
	"ba5eda7a-def5-0000-0000-000000000004",
	"c5ce622e-733f-4dda-9e37-5ee4d5e6f8f9");
INSERT INTO V_LST
	VALUES ("a5676594-a340-4da9-9dd3-31d023b879d0",
	'test1.D1:  Selected incorrect Q.');
INSERT INTO V_PAR
	VALUES ("a5676594-a340-4da9-9dd3-31d023b879d0",
	"529ad4a6-1204-49b7-9986-20428b605fe9",
	"00000000-0000-0000-0000-000000000000",
	'message',
	"00000000-0000-0000-0000-000000000000",
	304,
	20);
INSERT INTO ACT_BLK
	VALUES ("aca2f5da-b8cb-4fdd-9646-d86e1a127685",
	0,
	0,
	0,
	'LOG',
	'',
	'',
	309,
	3,
	309,
	3,
	0,
	0,
	0,
	0,
	0,
	0,
	0,
	0,
	0,
	"2c0be812-95ea-437f-b051-a9349a9f5da0",
	"00000000-0000-0000-0000-000000000000");
INSERT INTO ACT_SMT
	VALUES ("e547e1bf-4a07-40c6-bfe6-ffa4209d2d33",
	"aca2f5da-b8cb-4fdd-9646-d86e1a127685",
	"00000000-0000-0000-0000-000000000000",
	309,
	3,
	'test line: 309');
INSERT INTO ACT_BRG
	VALUES ("e547e1bf-4a07-40c6-bfe6-ffa4209d2d33",
	"2dcf3e84-1208-4e7f-a70c-a54d15f1ce77",
	309,
	8,
	309,
	3);
INSERT INTO V_VAL
	VALUES ("606db50c-1004-4cce-93ad-c11fd191b30a",
	0,
	0,
	309,
	28,
	60,
	0,
	0,
	0,
	0,
	"ba5eda7a-def5-0000-0000-000000000004",
	"aca2f5da-b8cb-4fdd-9646-d86e1a127685");
INSERT INTO V_LST
	VALUES ("606db50c-1004-4cce-93ad-c11fd191b30a",
	'test1.D2:  Selected incorrect P.');
INSERT INTO V_PAR
	VALUES ("606db50c-1004-4cce-93ad-c11fd191b30a",
	"e547e1bf-4a07-40c6-bfe6-ffa4209d2d33",
	"00000000-0000-0000-0000-000000000000",
	'message',
	"00000000-0000-0000-0000-000000000000",
	309,
	20);
INSERT INTO ACT_BLK
	VALUES ("c102364b-cade-4410-b667-f099b94b816b",
	0,
	0,
	0,
	'LOG',
	'',
	'',
	314,
	3,
	314,
	3,
	0,
	0,
	0,
	0,
	0,
	0,
	0,
	0,
	0,
	"2c0be812-95ea-437f-b051-a9349a9f5da0",
	"00000000-0000-0000-0000-000000000000");
INSERT INTO ACT_SMT
	VALUES ("8b1764ce-4526-40ff-a376-c447b71c7490",
	"c102364b-cade-4410-b667-f099b94b816b",
	"00000000-0000-0000-0000-000000000000",
	314,
	3,
	'test line: 314');
INSERT INTO ACT_BRG
	VALUES ("8b1764ce-4526-40ff-a376-c447b71c7490",
	"2dcf3e84-1208-4e7f-a70c-a54d15f1ce77",
	314,
	8,
	314,
	3);
INSERT INTO V_VAL
	VALUES ("90627526-631e-45ab-93e8-59c5885c58e1",
	0,
	0,
	314,
	28,
	60,
	0,
	0,
	0,
	0,
	"ba5eda7a-def5-0000-0000-000000000004",
	"c102364b-cade-4410-b667-f099b94b816b");
INSERT INTO V_LST
	VALUES ("90627526-631e-45ab-93e8-59c5885c58e1",
	'test1.D3:  Selected incorrect R.');
INSERT INTO V_PAR
	VALUES ("90627526-631e-45ab-93e8-59c5885c58e1",
	"8b1764ce-4526-40ff-a376-c447b71c7490",
	"00000000-0000-0000-0000-000000000000",
	'message',
	"00000000-0000-0000-0000-000000000000",
	314,
	20);
INSERT INTO ACT_BLK
	VALUES ("d565111c-0e06-4102-b477-f5b297286dfe",
	0,
	0,
	0,
	'',
	'',
	'',
	316,
	3,
	0,
	0,
	0,
	0,
	0,
	0,
	0,
	0,
	0,
	0,
	0,
	"2c0be812-95ea-437f-b051-a9349a9f5da0",
	"00000000-0000-0000-0000-000000000000");
INSERT INTO ACT_SMT
	VALUES ("68dc5efa-6287-4c9f-b9f8-066bd962b862",
	"d565111c-0e06-4102-b477-f5b297286dfe",
	"00000000-0000-0000-0000-000000000000",
	316,
	3,
	'test line: 316');
INSERT INTO ACT_IF
	VALUES ("68dc5efa-6287-4c9f-b9f8-066bd962b862",
	"226c37dd-c8a2-4f26-965a-39240ba0b9bf",
	"d154376d-26fb-4735-8ed0-801b794e7de2",
	"00000000-0000-0000-0000-000000000000",
	"00000000-0000-0000-0000-000000000000");
INSERT INTO V_VAL
	VALUES ("3c83c269-2f85-420c-ba15-76edbd9efb1c",
	0,
	0,
	316,
	8,
	8,
	0,
	0,
	0,
	0,
	"ba5eda7a-def5-0000-0000-000000000008",
	"d565111c-0e06-4102-b477-f5b297286dfe");
INSERT INTO V_IRF
	VALUES ("3c83c269-2f85-420c-ba15-76edbd9efb1c",
	"af08d23a-ec62-4548-a30b-4a4632d5f456");
INSERT INTO V_VAL
	VALUES ("35d2b0b6-f6af-4579-8ef6-59d374ee7b7d",
	0,
	0,
	316,
	10,
	12,
	0,
	0,
	0,
	0,
	"ba5eda7a-def5-0000-0000-000000000002",
	"d565111c-0e06-4102-b477-f5b297286dfe");
INSERT INTO V_AVL
	VALUES ("35d2b0b6-f6af-4579-8ef6-59d374ee7b7d",
	"3c83c269-2f85-420c-ba15-76edbd9efb1c",
	"51d33202-1bc5-4cb1-87ab-6d049b279014",
	"b827ec15-e42a-4709-883d-5ad8aafff754");
INSERT INTO V_VAL
	VALUES ("d154376d-26fb-4735-8ed0-801b794e7de2",
	0,
	0,
	316,
	10,
	21,
	0,
	0,
	0,
	0,
	"ba5eda7a-def5-0000-0000-000000000001",
	"d565111c-0e06-4102-b477-f5b297286dfe");
INSERT INTO V_BIN
	VALUES ("d154376d-26fb-4735-8ed0-801b794e7de2",
	"b38d26f4-72ab-4455-88ae-ce81adbf6db3",
	"35d2b0b6-f6af-4579-8ef6-59d374ee7b7d",
	'!=');
INSERT INTO V_VAL
	VALUES ("6cd6f4c0-2f5d-4bbc-bed1-9df982b5461c",
	0,
	0,
	316,
	17,
	17,
	0,
	0,
	0,
	0,
	"ba5eda7a-def5-0000-0000-000000000008",
	"d565111c-0e06-4102-b477-f5b297286dfe");
INSERT INTO V_IRF
	VALUES ("6cd6f4c0-2f5d-4bbc-bed1-9df982b5461c",
	"7523039d-1c61-4b0f-bdbd-bff744c83c9a");
INSERT INTO V_VAL
	VALUES ("b38d26f4-72ab-4455-88ae-ce81adbf6db3",
	0,
	0,
	316,
	19,
	21,
	0,
	0,
	0,
	0,
	"ba5eda7a-def5-0000-0000-000000000002",
	"d565111c-0e06-4102-b477-f5b297286dfe");
INSERT INTO V_AVL
	VALUES ("b38d26f4-72ab-4455-88ae-ce81adbf6db3",
	"6cd6f4c0-2f5d-4bbc-bed1-9df982b5461c",
	"e46bd84d-ce9b-4e47-b607-5c2663f180d1",
	"8c74ca1f-4f20-48dc-af62-4eac923ecccc");
INSERT INTO ACT_BLK
	VALUES ("226c37dd-c8a2-4f26-965a-39240ba0b9bf",
	0,
	0,
	0,
	'LOG',
	'',
	'',
	317,
	5,
	317,
	5,
	0,
	0,
	0,
	0,
	0,
	0,
	0,
	0,
	0,
	"2c0be812-95ea-437f-b051-a9349a9f5da0",
	"00000000-0000-0000-0000-000000000000");
INSERT INTO ACT_SMT
	VALUES ("b05f5891-c783-4173-bc27-bd90d9b45bd2",
	"226c37dd-c8a2-4f26-965a-39240ba0b9bf",
	"00000000-0000-0000-0000-000000000000",
	317,
	5,
	'test line: 317');
INSERT INTO ACT_BRG
	VALUES ("b05f5891-c783-4173-bc27-bd90d9b45bd2",
	"2dcf3e84-1208-4e7f-a70c-a54d15f1ce77",
	317,
	10,
	317,
	5);
INSERT INTO V_VAL
	VALUES ("04c5cfdf-fec1-4909-ab32-a5a0c9cb7bf4",
	0,
	0,
	317,
	30,
	66,
	0,
	0,
	0,
	0,
	"ba5eda7a-def5-0000-0000-000000000004",
	"226c37dd-c8a2-4f26-965a-39240ba0b9bf");
INSERT INTO V_LST
	VALUES ("04c5cfdf-fec1-4909-ab32-a5a0c9cb7bf4",
	'test1.D3a:  P/R referential mismatch');
INSERT INTO V_PAR
	VALUES ("04c5cfdf-fec1-4909-ab32-a5a0c9cb7bf4",
	"b05f5891-c783-4173-bc27-bd90d9b45bd2",
	"00000000-0000-0000-0000-000000000000",
	'message',
	"00000000-0000-0000-0000-000000000000",
	317,
	22);
INSERT INTO ACT_BLK
	VALUES ("d7e91917-fc89-4759-be07-64fea335fcf6",
	0,
	0,
	0,
	'LOG',
	'',
	'',
	327,
	3,
	327,
	3,
	0,
	0,
	0,
	0,
	0,
	0,
	0,
	0,
	0,
	"2c0be812-95ea-437f-b051-a9349a9f5da0",
	"00000000-0000-0000-0000-000000000000");
INSERT INTO ACT_SMT
	VALUES ("b3aed67b-e37c-4170-89ed-ffdc5e95a889",
	"d7e91917-fc89-4759-be07-64fea335fcf6",
	"00000000-0000-0000-0000-000000000000",
	327,
	3,
	'test line: 327');
INSERT INTO ACT_BRG
	VALUES ("b3aed67b-e37c-4170-89ed-ffdc5e95a889",
	"2dcf3e84-1208-4e7f-a70c-a54d15f1ce77",
	327,
	8,
	327,
	3);
INSERT INTO V_VAL
	VALUES ("d09bebb6-078a-4733-a524-71113a661014",
	0,
	0,
	327,
	28,
	62,
	0,
	0,
	0,
	0,
	"ba5eda7a-def5-0000-0000-000000000004",
	"d7e91917-fc89-4759-be07-64fea335fcf6");
INSERT INTO V_LST
	VALUES ("d09bebb6-078a-4733-a524-71113a661014",
	'test1.E1:  Incorrect number of Ts.');
INSERT INTO V_PAR
	VALUES ("d09bebb6-078a-4733-a524-71113a661014",
	"b3aed67b-e37c-4170-89ed-ffdc5e95a889",
	"00000000-0000-0000-0000-000000000000",
	'message',
	"00000000-0000-0000-0000-000000000000",
	327,
	20);
INSERT INTO ACT_BLK
	VALUES ("9c18aa07-cfca-4aec-80c3-50328219c355",
	1,
	0,
	0,
	'',
	'',
	'',
	334,
	3,
	333,
	30,
	0,
	0,
	333,
	45,
	0,
	0,
	0,
	0,
	0,
	"2c0be812-95ea-437f-b051-a9349a9f5da0",
	"00000000-0000-0000-0000-000000000000");
INSERT INTO ACT_SMT
	VALUES ("3ad7878f-d16e-429e-88b6-d0d64c52cdbc",
	"9c18aa07-cfca-4aec-80c3-50328219c355",
	"9ad5ecf0-3e57-4470-9baf-455244d03afe",
	330,
	3,
	'test line: 330');
INSERT INTO ACT_IF
	VALUES ("3ad7878f-d16e-429e-88b6-d0d64c52cdbc",
	"e0dd8456-2649-4749-85d1-d2cb4e78b2ae",
	"d562fe32-8ff2-4d98-b2bd-68b0c652c2d0",
	"00000000-0000-0000-0000-000000000000",
	"00000000-0000-0000-0000-000000000000");
INSERT INTO ACT_SMT
	VALUES ("9ad5ecf0-3e57-4470-9baf-455244d03afe",
	"9c18aa07-cfca-4aec-80c3-50328219c355",
	"75eb5be5-6e57-43a3-8eb0-e547cc7cd7c6",
	333,
	3,
	'test line: 333');
INSERT INTO ACT_SEL
	VALUES ("9ad5ecf0-3e57-4470-9baf-455244d03afe",
	"3a63ef99-bb80-4b6e-aa98-557076baddae",
	0,
	'one',
	"a1703965-c3bd-4d75-9aea-f712380b70f0");
INSERT INTO ACT_SR
	VALUES ("9ad5ecf0-3e57-4470-9baf-455244d03afe");
INSERT INTO ACT_LNK
	VALUES ("073d0de1-bf59-40ab-837b-dd38832db8db",
	'',
	"9ad5ecf0-3e57-4470-9baf-455244d03afe",
	"c07b0f46-6196-4dc6-86cb-6e62653bd340",
	"00000000-0000-0000-0000-000000000000",
	2,
	"7f36c39d-4387-48b0-81be-bd38a72789eb",
	333,
	30,
	333,
	45,
	0,
	0);
INSERT INTO ACT_SMT
	VALUES ("75eb5be5-6e57-43a3-8eb0-e547cc7cd7c6",
	"9c18aa07-cfca-4aec-80c3-50328219c355",
	"00000000-0000-0000-0000-000000000000",
	334,
	3,
	'test line: 334');
INSERT INTO ACT_IF
	VALUES ("75eb5be5-6e57-43a3-8eb0-e547cc7cd7c6",
	"d29d5289-fe26-4ca7-9f43-7fa35c49e2c2",
	"bd2726e1-c57a-40b3-8a9e-f465ccb48556",
	"00000000-0000-0000-0000-000000000000",
	"00000000-0000-0000-0000-000000000000");
INSERT INTO V_VAL
	VALUES ("b9dc7cc9-128a-4964-a381-f8eca28d5c83",
	0,
	0,
	330,
	10,
	10,
	0,
	0,
	0,
	0,
	"ba5eda7a-def5-0000-0000-000000000008",
	"9c18aa07-cfca-4aec-80c3-50328219c355");
INSERT INTO V_IRF
	VALUES ("b9dc7cc9-128a-4964-a381-f8eca28d5c83",
	"a63cbe2a-4b9a-4f2e-8e2a-b2b4d57f40ff");
INSERT INTO V_VAL
	VALUES ("114e4793-45f4-4527-b837-d5e62fd1c5ab",
	0,
	0,
	330,
	12,
	12,
	0,
	0,
	0,
	0,
	"ba5eda7a-def5-0000-0000-000000000004",
	"9c18aa07-cfca-4aec-80c3-50328219c355");
INSERT INTO V_AVL
	VALUES ("114e4793-45f4-4527-b837-d5e62fd1c5ab",
	"b9dc7cc9-128a-4964-a381-f8eca28d5c83",
	"9de905e1-46fc-4263-835c-6063781f6921",
	"57ba0a08-966b-4f77-a94b-28311596fe9b");
INSERT INTO V_VAL
	VALUES ("d917d52d-af8f-4332-87e9-947918177682",
	0,
	0,
	330,
	12,
	23,
	0,
	0,
	0,
	0,
	"ba5eda7a-def5-0000-0000-000000000001",
	"9c18aa07-cfca-4aec-80c3-50328219c355");
INSERT INTO V_BIN
	VALUES ("d917d52d-af8f-4332-87e9-947918177682",
	"234be970-e8dc-44ea-beaf-a91d34101576",
	"114e4793-45f4-4527-b837-d5e62fd1c5ab",
	'!=');
INSERT INTO V_VAL
	VALUES ("234be970-e8dc-44ea-beaf-a91d34101576",
	0,
	0,
	330,
	17,
	23,
	0,
	0,
	0,
	0,
	"ba5eda7a-def5-0000-0000-000000000004",
	"9c18aa07-cfca-4aec-80c3-50328219c355");
INSERT INTO V_LST
	VALUES ("234be970-e8dc-44ea-beaf-a91d34101576",
	'Hannah');
INSERT INTO V_VAL
	VALUES ("0b9ff307-7323-4340-a4ac-98796a773740",
	0,
	0,
	330,
	34,
	34,
	0,
	0,
	0,
	0,
	"ba5eda7a-def5-0000-0000-000000000008",
	"9c18aa07-cfca-4aec-80c3-50328219c355");
INSERT INTO V_IRF
	VALUES ("0b9ff307-7323-4340-a4ac-98796a773740",
	"a63cbe2a-4b9a-4f2e-8e2a-b2b4d57f40ff");
INSERT INTO V_VAL
	VALUES ("f40c9532-f8e4-4340-930c-14fde3082029",
	0,
	0,
	330,
	36,
	36,
	0,
	0,
	0,
	0,
	"ba5eda7a-def5-0000-0000-000000000004",
	"9c18aa07-cfca-4aec-80c3-50328219c355");
INSERT INTO V_AVL
	VALUES ("f40c9532-f8e4-4340-930c-14fde3082029",
	"0b9ff307-7323-4340-a4ac-98796a773740",
	"9de905e1-46fc-4263-835c-6063781f6921",
	"57ba0a08-966b-4f77-a94b-28311596fe9b");
INSERT INTO V_VAL
	VALUES ("399d05f0-2ad5-4a3e-a74c-ce9dbb85d362",
	0,
	0,
	330,
	36,
	45,
	0,
	0,
	0,
	0,
	"ba5eda7a-def5-0000-0000-000000000001",
	"9c18aa07-cfca-4aec-80c3-50328219c355");
INSERT INTO V_BIN
	VALUES ("399d05f0-2ad5-4a3e-a74c-ce9dbb85d362",
	"ad08ece1-df1b-4918-b9e8-330fd129c61e",
	"f40c9532-f8e4-4340-930c-14fde3082029",
	'!=');
INSERT INTO V_VAL
	VALUES ("ad08ece1-df1b-4918-b9e8-330fd129c61e",
	0,
	0,
	330,
	41,
	45,
	0,
	0,
	0,
	0,
	"ba5eda7a-def5-0000-0000-000000000004",
	"9c18aa07-cfca-4aec-80c3-50328219c355");
INSERT INTO V_LST
	VALUES ("ad08ece1-df1b-4918-b9e8-330fd129c61e",
	'Ruby');
INSERT INTO V_VAL
	VALUES ("d562fe32-8ff2-4d98-b2bd-68b0c652c2d0",
	0,
	0,
	330,
	12,
	45,
	0,
	0,
	0,
	0,
	"ba5eda7a-def5-0000-0000-000000000001",
	"9c18aa07-cfca-4aec-80c3-50328219c355");
INSERT INTO V_BIN
	VALUES ("d562fe32-8ff2-4d98-b2bd-68b0c652c2d0",
	"399d05f0-2ad5-4a3e-a74c-ce9dbb85d362",
	"d917d52d-af8f-4332-87e9-947918177682",
	'and');
INSERT INTO V_VAL
	VALUES ("a1703965-c3bd-4d75-9aea-f712380b70f0",
	0,
	0,
	333,
	27,
	27,
	0,
	0,
	0,
	0,
	"ba5eda7a-def5-0000-0000-000000000008",
	"9c18aa07-cfca-4aec-80c3-50328219c355");
INSERT INTO V_IRF
	VALUES ("a1703965-c3bd-4d75-9aea-f712380b70f0",
	"a63cbe2a-4b9a-4f2e-8e2a-b2b4d57f40ff");
INSERT INTO V_VAL
	VALUES ("15c0d56a-74dd-44f6-b204-c9b2de210387",
	0,
	0,
	334,
	8,
	8,
	0,
	0,
	0,
	0,
	"ba5eda7a-def5-0000-0000-000000000008",
	"9c18aa07-cfca-4aec-80c3-50328219c355");
INSERT INTO V_IRF
	VALUES ("15c0d56a-74dd-44f6-b204-c9b2de210387",
	"3a63ef99-bb80-4b6e-aa98-557076baddae");
INSERT INTO V_VAL
	VALUES ("dcebf293-7f51-40ca-acd3-a7d23c158057",
	0,
	0,
	334,
	10,
	10,
	0,
	0,
	0,
	0,
	"ba5eda7a-def5-0000-0000-000000000004",
	"9c18aa07-cfca-4aec-80c3-50328219c355");
INSERT INTO V_AVL
	VALUES ("dcebf293-7f51-40ca-acd3-a7d23c158057",
	"15c0d56a-74dd-44f6-b204-c9b2de210387",
	"7f36c39d-4387-48b0-81be-bd38a72789eb",
	"663f234e-99d6-4998-904f-0b1e9203d030");
INSERT INTO V_VAL
	VALUES ("bd2726e1-c57a-40b3-8a9e-f465ccb48556",
	0,
	0,
	334,
	10,
	18,
	0,
	0,
	0,
	0,
	"ba5eda7a-def5-0000-0000-000000000001",
	"9c18aa07-cfca-4aec-80c3-50328219c355");
INSERT INTO V_BIN
	VALUES ("bd2726e1-c57a-40b3-8a9e-f465ccb48556",
	"ea213bd1-ac20-4922-8256-b0e73c64f1bb",
	"dcebf293-7f51-40ca-acd3-a7d23c158057",
	'!=');
INSERT INTO V_VAL
	VALUES ("ea213bd1-ac20-4922-8256-b0e73c64f1bb",
	0,
	0,
	334,
	15,
	18,
	0,
	0,
	0,
	0,
	"ba5eda7a-def5-0000-0000-000000000004",
	"9c18aa07-cfca-4aec-80c3-50328219c355");
INSERT INTO V_LST
	VALUES ("ea213bd1-ac20-4922-8256-b0e73c64f1bb",
	'Rox');
INSERT INTO ACT_BLK
	VALUES ("e0dd8456-2649-4749-85d1-d2cb4e78b2ae",
	0,
	0,
	0,
	'LOG',
	'',
	'',
	331,
	5,
	331,
	5,
	0,
	0,
	0,
	0,
	0,
	0,
	0,
	0,
	0,
	"2c0be812-95ea-437f-b051-a9349a9f5da0",
	"00000000-0000-0000-0000-000000000000");
INSERT INTO ACT_SMT
	VALUES ("d833eddb-8f4d-4804-b27d-06fe1edd6fc2",
	"e0dd8456-2649-4749-85d1-d2cb4e78b2ae",
	"00000000-0000-0000-0000-000000000000",
	331,
	5,
	'test line: 331');
INSERT INTO ACT_BRG
	VALUES ("d833eddb-8f4d-4804-b27d-06fe1edd6fc2",
	"2dcf3e84-1208-4e7f-a70c-a54d15f1ce77",
	331,
	10,
	331,
	5);
INSERT INTO V_VAL
	VALUES ("1798e37a-6d14-4fa3-a674-789e2673a8f2",
	0,
	0,
	331,
	30,
	53,
	0,
	0,
	0,
	0,
	"ba5eda7a-def5-0000-0000-000000000004",
	"e0dd8456-2649-4749-85d1-d2cb4e78b2ae");
INSERT INTO V_LST
	VALUES ("1798e37a-6d14-4fa3-a674-789e2673a8f2",
	'test1.E2:  Incorrect T.');
INSERT INTO V_PAR
	VALUES ("1798e37a-6d14-4fa3-a674-789e2673a8f2",
	"d833eddb-8f4d-4804-b27d-06fe1edd6fc2",
	"00000000-0000-0000-0000-000000000000",
	'message',
	"00000000-0000-0000-0000-000000000000",
	331,
	22);
INSERT INTO ACT_BLK
	VALUES ("d29d5289-fe26-4ca7-9f43-7fa35c49e2c2",
	0,
	0,
	0,
	'LOG',
	'',
	'',
	335,
	5,
	335,
	5,
	0,
	0,
	0,
	0,
	0,
	0,
	0,
	0,
	0,
	"2c0be812-95ea-437f-b051-a9349a9f5da0",
	"00000000-0000-0000-0000-000000000000");
INSERT INTO ACT_SMT
	VALUES ("23292aff-e0e4-4483-b24e-43cb880a33b6",
	"d29d5289-fe26-4ca7-9f43-7fa35c49e2c2",
	"00000000-0000-0000-0000-000000000000",
	335,
	5,
	'test line: 335');
INSERT INTO ACT_BRG
	VALUES ("23292aff-e0e4-4483-b24e-43cb880a33b6",
	"2dcf3e84-1208-4e7f-a70c-a54d15f1ce77",
	335,
	10,
	335,
	5);
INSERT INTO V_VAL
	VALUES ("af34fdd4-a7b9-4c53-aefc-529552d8d51b",
	0,
	0,
	335,
	30,
	53,
	0,
	0,
	0,
	0,
	"ba5eda7a-def5-0000-0000-000000000004",
	"d29d5289-fe26-4ca7-9f43-7fa35c49e2c2");
INSERT INTO V_LST
	VALUES ("af34fdd4-a7b9-4c53-aefc-529552d8d51b",
	'test1.E3:  Incorrect S.');
INSERT INTO V_PAR
	VALUES ("af34fdd4-a7b9-4c53-aefc-529552d8d51b",
	"23292aff-e0e4-4483-b24e-43cb880a33b6",
	"00000000-0000-0000-0000-000000000000",
	'message',
	"00000000-0000-0000-0000-000000000000",
	335,
	22);
INSERT INTO ACT_BLK
	VALUES ("74459a40-dba5-4c0d-b5d4-d3d0e6b152b4",
	0,
	0,
	0,
	'LOG',
	'',
	'',
	342,
	3,
	342,
	3,
	0,
	0,
	0,
	0,
	0,
	0,
	0,
	0,
	0,
	"2c0be812-95ea-437f-b051-a9349a9f5da0",
	"00000000-0000-0000-0000-000000000000");
INSERT INTO ACT_SMT
	VALUES ("638fa332-4809-4c3e-a59e-6cb764eedc92",
	"74459a40-dba5-4c0d-b5d4-d3d0e6b152b4",
	"00000000-0000-0000-0000-000000000000",
	342,
	3,
	'test line: 342');
INSERT INTO ACT_BRG
	VALUES ("638fa332-4809-4c3e-a59e-6cb764eedc92",
	"2dcf3e84-1208-4e7f-a70c-a54d15f1ce77",
	342,
	8,
	342,
	3);
INSERT INTO V_VAL
	VALUES ("c4ab1114-31e0-4816-be65-af0f5afe4767",
	0,
	0,
	342,
	28,
	51,
	0,
	0,
	0,
	0,
	"ba5eda7a-def5-0000-0000-000000000004",
	"74459a40-dba5-4c0d-b5d4-d3d0e6b152b4");
INSERT INTO V_LST
	VALUES ("c4ab1114-31e0-4816-be65-af0f5afe4767",
	'test1.E4:  Incorrect U.');
INSERT INTO V_PAR
	VALUES ("c4ab1114-31e0-4816-be65-af0f5afe4767",
	"638fa332-4809-4c3e-a59e-6cb764eedc92",
	"00000000-0000-0000-0000-000000000000",
	'message',
	"00000000-0000-0000-0000-000000000000",
	342,
	20);
INSERT INTO ACT_BLK
	VALUES ("8d64dcf6-a431-4eeb-a0a6-71694c7878f2",
	0,
	0,
	0,
	'',
	'',
	'',
	344,
	3,
	0,
	0,
	0,
	0,
	0,
	0,
	0,
	0,
	0,
	0,
	0,
	"2c0be812-95ea-437f-b051-a9349a9f5da0",
	"00000000-0000-0000-0000-000000000000");
INSERT INTO ACT_SMT
	VALUES ("50042e86-22a8-4ae0-89c8-7f4586f3680f",
	"8d64dcf6-a431-4eeb-a0a6-71694c7878f2",
	"00000000-0000-0000-0000-000000000000",
	344,
	3,
	'test line: 344');
INSERT INTO ACT_IF
	VALUES ("50042e86-22a8-4ae0-89c8-7f4586f3680f",
	"cb9c1779-d1e6-46b7-bfd7-942f3f53776e",
	"beca7442-638c-4f4c-89c3-b90120b080bd",
	"00000000-0000-0000-0000-000000000000",
	"00000000-0000-0000-0000-000000000000");
INSERT INTO V_VAL
	VALUES ("6b696fac-f4fc-4e32-83c3-e7753fb298fb",
	0,
	0,
	344,
	8,
	8,
	0,
	0,
	0,
	0,
	"ba5eda7a-def5-0000-0000-000000000008",
	"8d64dcf6-a431-4eeb-a0a6-71694c7878f2");
INSERT INTO V_IRF
	VALUES ("6b696fac-f4fc-4e32-83c3-e7753fb298fb",
	"3a63ef99-bb80-4b6e-aa98-557076baddae");
INSERT INTO V_VAL
	VALUES ("e0a0b577-188d-4200-bbe2-5f6c7930f051",
	0,
	0,
	344,
	10,
	12,
	0,
	0,
	0,
	0,
	"ba5eda7a-def5-0000-0000-000000000002",
	"8d64dcf6-a431-4eeb-a0a6-71694c7878f2");
INSERT INTO V_AVL
	VALUES ("e0a0b577-188d-4200-bbe2-5f6c7930f051",
	"6b696fac-f4fc-4e32-83c3-e7753fb298fb",
	"7f36c39d-4387-48b0-81be-bd38a72789eb",
	"98ce2c12-c88c-4b29-a050-efe104351580");
INSERT INTO V_VAL
	VALUES ("beca7442-638c-4f4c-89c3-b90120b080bd",
	0,
	0,
	344,
	10,
	21,
	0,
	0,
	0,
	0,
	"ba5eda7a-def5-0000-0000-000000000001",
	"8d64dcf6-a431-4eeb-a0a6-71694c7878f2");
INSERT INTO V_BIN
	VALUES ("beca7442-638c-4f4c-89c3-b90120b080bd",
	"d38c2286-0294-45fe-9e0b-40c54de5feae",
	"e0a0b577-188d-4200-bbe2-5f6c7930f051",
	'!=');
INSERT INTO V_VAL
	VALUES ("4256907e-5acd-433e-867e-55a84e7f35ed",
	0,
	0,
	344,
	17,
	17,
	0,
	0,
	0,
	0,
	"ba5eda7a-def5-0000-0000-000000000008",
	"8d64dcf6-a431-4eeb-a0a6-71694c7878f2");
INSERT INTO V_IRF
	VALUES ("4256907e-5acd-433e-867e-55a84e7f35ed",
	"9507e9e2-1f5b-4e98-841e-7bc0e9e226c1");
INSERT INTO V_VAL
	VALUES ("d38c2286-0294-45fe-9e0b-40c54de5feae",
	0,
	0,
	344,
	19,
	21,
	0,
	0,
	0,
	0,
	"ba5eda7a-def5-0000-0000-000000000002",
	"8d64dcf6-a431-4eeb-a0a6-71694c7878f2");
INSERT INTO V_AVL
	VALUES ("d38c2286-0294-45fe-9e0b-40c54de5feae",
	"4256907e-5acd-433e-867e-55a84e7f35ed",
	"7f6f388d-edba-4bfb-b83c-533ee6906124",
	"a6c5844d-2860-4d1e-b4bb-575ae11ca761");
INSERT INTO ACT_BLK
	VALUES ("cb9c1779-d1e6-46b7-bfd7-942f3f53776e",
	0,
	0,
	0,
	'LOG',
	'',
	'',
	345,
	5,
	345,
	5,
	0,
	0,
	0,
	0,
	0,
	0,
	0,
	0,
	0,
	"2c0be812-95ea-437f-b051-a9349a9f5da0",
	"00000000-0000-0000-0000-000000000000");
INSERT INTO ACT_SMT
	VALUES ("60f87610-74d3-4120-b715-bd633b159f2a",
	"cb9c1779-d1e6-46b7-bfd7-942f3f53776e",
	"00000000-0000-0000-0000-000000000000",
	345,
	5,
	'test line: 345');
INSERT INTO ACT_BRG
	VALUES ("60f87610-74d3-4120-b715-bd633b159f2a",
	"2dcf3e84-1208-4e7f-a70c-a54d15f1ce77",
	345,
	10,
	345,
	5);
INSERT INTO V_VAL
	VALUES ("e88b8540-19d5-4ed3-a5dc-4c84b5065b4b",
	0,
	0,
	345,
	30,
	66,
	0,
	0,
	0,
	0,
	"ba5eda7a-def5-0000-0000-000000000004",
	"cb9c1779-d1e6-46b7-bfd7-942f3f53776e");
INSERT INTO V_LST
	VALUES ("e88b8540-19d5-4ed3-a5dc-4c84b5065b4b",
	'test1.E4a:  S/U referential mismatch');
INSERT INTO V_PAR
	VALUES ("e88b8540-19d5-4ed3-a5dc-4c84b5065b4b",
	"60f87610-74d3-4120-b715-bd633b159f2a",
	"00000000-0000-0000-0000-000000000000",
	'message',
	"00000000-0000-0000-0000-000000000000",
	345,
	22);
INSERT INTO ACT_BLK
	VALUES ("16efac8f-61e9-4c39-9356-dc8b1c5ac114",
	0,
	0,
	0,
	'LOG',
	'',
	'',
	355,
	3,
	355,
	3,
	0,
	0,
	0,
	0,
	0,
	0,
	0,
	0,
	0,
	"2c0be812-95ea-437f-b051-a9349a9f5da0",
	"00000000-0000-0000-0000-000000000000");
INSERT INTO ACT_SMT
	VALUES ("72a52102-4b15-4c1a-aad0-491cb0ffccf5",
	"16efac8f-61e9-4c39-9356-dc8b1c5ac114",
	"00000000-0000-0000-0000-000000000000",
	355,
	3,
	'test line: 355');
INSERT INTO ACT_BRG
	VALUES ("72a52102-4b15-4c1a-aad0-491cb0ffccf5",
	"2dcf3e84-1208-4e7f-a70c-a54d15f1ce77",
	355,
	8,
	355,
	3);
INSERT INTO V_VAL
	VALUES ("ef25d2c5-8a73-4550-a78f-a708491b61e0",
	0,
	0,
	355,
	28,
	51,
	0,
	0,
	0,
	0,
	"ba5eda7a-def5-0000-0000-000000000004",
	"16efac8f-61e9-4c39-9356-dc8b1c5ac114");
INSERT INTO V_LST
	VALUES ("ef25d2c5-8a73-4550-a78f-a708491b61e0",
	'test1.F1:  Incorrect W.');
INSERT INTO V_PAR
	VALUES ("ef25d2c5-8a73-4550-a78f-a708491b61e0",
	"72a52102-4b15-4c1a-aad0-491cb0ffccf5",
	"00000000-0000-0000-0000-000000000000",
	'message',
	"00000000-0000-0000-0000-000000000000",
	355,
	20);
INSERT INTO ACT_BLK
	VALUES ("35e13e2e-b108-449a-b1aa-c1b57bc995cf",
	0,
	0,
	0,
	'LOG',
	'',
	'',
	360,
	3,
	360,
	3,
	0,
	0,
	0,
	0,
	0,
	0,
	0,
	0,
	0,
	"2c0be812-95ea-437f-b051-a9349a9f5da0",
	"00000000-0000-0000-0000-000000000000");
INSERT INTO ACT_SMT
	VALUES ("89bed732-a764-4aa0-baec-95a4ad53ee4d",
	"35e13e2e-b108-449a-b1aa-c1b57bc995cf",
	"00000000-0000-0000-0000-000000000000",
	360,
	3,
	'test line: 360');
INSERT INTO ACT_BRG
	VALUES ("89bed732-a764-4aa0-baec-95a4ad53ee4d",
	"2dcf3e84-1208-4e7f-a70c-a54d15f1ce77",
	360,
	8,
	360,
	3);
INSERT INTO V_VAL
	VALUES ("bf7151b0-3f54-4a45-82a1-c505b8522aa1",
	0,
	0,
	360,
	28,
	51,
	0,
	0,
	0,
	0,
	"ba5eda7a-def5-0000-0000-000000000004",
	"35e13e2e-b108-449a-b1aa-c1b57bc995cf");
INSERT INTO V_LST
	VALUES ("bf7151b0-3f54-4a45-82a1-c505b8522aa1",
	'test1.F2:  Incorrect W.');
INSERT INTO V_PAR
	VALUES ("bf7151b0-3f54-4a45-82a1-c505b8522aa1",
	"89bed732-a764-4aa0-baec-95a4ad53ee4d",
	"00000000-0000-0000-0000-000000000000",
	'message',
	"00000000-0000-0000-0000-000000000000",
	360,
	20);
INSERT INTO ACT_BLK
	VALUES ("f6916f1a-349f-41bf-9bab-d1382b20a19a",
	0,
	0,
	0,
	'LOG',
	'',
	'',
	365,
	3,
	365,
	3,
	0,
	0,
	0,
	0,
	0,
	0,
	0,
	0,
	0,
	"2c0be812-95ea-437f-b051-a9349a9f5da0",
	"00000000-0000-0000-0000-000000000000");
INSERT INTO ACT_SMT
	VALUES ("def03c2b-2fb5-4607-a0ef-954b8767cdec",
	"f6916f1a-349f-41bf-9bab-d1382b20a19a",
	"00000000-0000-0000-0000-000000000000",
	365,
	3,
	'test line: 365');
INSERT INTO ACT_BRG
	VALUES ("def03c2b-2fb5-4607-a0ef-954b8767cdec",
	"2dcf3e84-1208-4e7f-a70c-a54d15f1ce77",
	365,
	8,
	365,
	3);
INSERT INTO V_VAL
	VALUES ("f84611f2-6da1-4819-af3f-3b226b3df098",
	0,
	0,
	365,
	28,
	51,
	0,
	0,
	0,
	0,
	"ba5eda7a-def5-0000-0000-000000000004",
	"f6916f1a-349f-41bf-9bab-d1382b20a19a");
INSERT INTO V_LST
	VALUES ("f84611f2-6da1-4819-af3f-3b226b3df098",
	'test1.F3:  Incorrect W.');
INSERT INTO V_PAR
	VALUES ("f84611f2-6da1-4819-af3f-3b226b3df098",
	"def03c2b-2fb5-4607-a0ef-954b8767cdec",
	"00000000-0000-0000-0000-000000000000",
	'message',
	"00000000-0000-0000-0000-000000000000",
	365,
	20);
INSERT INTO ACT_BLK
	VALUES ("d43c8284-7d51-40a5-9929-8bb1febd83ae",
	0,
	0,
	0,
	'LOG',
	'',
	'',
	369,
	3,
	369,
	3,
	0,
	0,
	0,
	0,
	0,
	0,
	0,
	0,
	0,
	"2c0be812-95ea-437f-b051-a9349a9f5da0",
	"00000000-0000-0000-0000-000000000000");
INSERT INTO ACT_SMT
	VALUES ("bf766ce6-fdad-4bb7-bb75-78b1ff4da06b",
	"d43c8284-7d51-40a5-9929-8bb1febd83ae",
	"00000000-0000-0000-0000-000000000000",
	369,
	3,
	'test line: 369');
INSERT INTO ACT_BRG
	VALUES ("bf766ce6-fdad-4bb7-bb75-78b1ff4da06b",
	"2dcf3e84-1208-4e7f-a70c-a54d15f1ce77",
	369,
	8,
	369,
	3);
INSERT INTO V_VAL
	VALUES ("11843b16-2908-459a-ba4a-688e8434e888",
	0,
	0,
	369,
	28,
	75,
	0,
	0,
	0,
	0,
	"ba5eda7a-def5-0000-0000-000000000004",
	"d43c8284-7d51-40a5-9929-8bb1febd83ae");
INSERT INTO V_LST
	VALUES ("11843b16-2908-459a-ba4a-688e8434e888",
	'test1.F4:  Incorrect V or referential mismatch.');
INSERT INTO V_PAR
	VALUES ("11843b16-2908-459a-ba4a-688e8434e888",
	"bf766ce6-fdad-4bb7-bb75-78b1ff4da06b",
	"00000000-0000-0000-0000-000000000000",
	'message',
	"00000000-0000-0000-0000-000000000000",
	369,
	20);
INSERT INTO ACT_BLK
	VALUES ("cab177b1-40f8-42e5-b6f1-4df6db744711",
	0,
	0,
	0,
	'LOG',
	'',
	'',
	377,
	3,
	377,
	3,
	0,
	0,
	0,
	0,
	0,
	0,
	0,
	0,
	0,
	"2c0be812-95ea-437f-b051-a9349a9f5da0",
	"00000000-0000-0000-0000-000000000000");
INSERT INTO ACT_SMT
	VALUES ("9ec46f75-6245-45e4-8a36-3a0362ca449b",
	"cab177b1-40f8-42e5-b6f1-4df6db744711",
	"00000000-0000-0000-0000-000000000000",
	377,
	3,
	'test line: 377');
INSERT INTO ACT_BRG
	VALUES ("9ec46f75-6245-45e4-8a36-3a0362ca449b",
	"2dcf3e84-1208-4e7f-a70c-a54d15f1ce77",
	377,
	8,
	377,
	3);
INSERT INTO V_VAL
	VALUES ("0089818f-858e-4d7c-b93d-e449afff656f",
	0,
	0,
	377,
	28,
	58,
	0,
	0,
	0,
	0,
	"ba5eda7a-def5-0000-0000-000000000004",
	"cab177b1-40f8-42e5-b6f1-4df6db744711");
INSERT INTO V_LST
	VALUES ("0089818f-858e-4d7c-b93d-e449afff656f",
	'test1.X1:  Failed to select X.');
INSERT INTO V_PAR
	VALUES ("0089818f-858e-4d7c-b93d-e449afff656f",
	"9ec46f75-6245-45e4-8a36-3a0362ca449b",
	"00000000-0000-0000-0000-000000000000",
	'message',
	"00000000-0000-0000-0000-000000000000",
	377,
	20);
INSERT INTO ACT_BLK
	VALUES ("e8bb9fac-ad89-4963-834b-3b82c6e30880",
	0,
	0,
	0,
	'LOG',
	'',
	'',
	384,
	3,
	384,
	3,
	0,
	0,
	0,
	0,
	0,
	0,
	0,
	0,
	0,
	"2c0be812-95ea-437f-b051-a9349a9f5da0",
	"00000000-0000-0000-0000-000000000000");
INSERT INTO ACT_SMT
	VALUES ("d7461dba-43dd-4f44-969e-609548ded4e8",
	"e8bb9fac-ad89-4963-834b-3b82c6e30880",
	"00000000-0000-0000-0000-000000000000",
	384,
	3,
	'test line: 384');
INSERT INTO ACT_BRG
	VALUES ("d7461dba-43dd-4f44-969e-609548ded4e8",
	"2dcf3e84-1208-4e7f-a70c-a54d15f1ce77",
	384,
	8,
	384,
	3);
INSERT INTO V_VAL
	VALUES ("31add24d-63bd-41d3-a41e-c2cc3de051e3",
	0,
	0,
	384,
	28,
	63,
	0,
	0,
	0,
	0,
	"ba5eda7a-def5-0000-0000-000000000004",
	"e8bb9fac-ad89-4963-834b-3b82c6e30880");
INSERT INTO V_LST
	VALUES ("31add24d-63bd-41d3-a41e-c2cc3de051e3",
	'test1.X2:  Wrong number of friends.');
INSERT INTO V_PAR
	VALUES ("31add24d-63bd-41d3-a41e-c2cc3de051e3",
	"d7461dba-43dd-4f44-969e-609548ded4e8",
	"00000000-0000-0000-0000-000000000000",
	'message',
	"00000000-0000-0000-0000-000000000000",
	384,
	20);
INSERT INTO ACT_BLK
	VALUES ("84b43461-91c6-4cc2-8e90-196a2f5b1259",
	0,
	0,
	0,
	'LOG',
	'',
	'',
	389,
	3,
	389,
	3,
	0,
	0,
	0,
	0,
	0,
	0,
	0,
	0,
	0,
	"2c0be812-95ea-437f-b051-a9349a9f5da0",
	"00000000-0000-0000-0000-000000000000");
INSERT INTO ACT_SMT
	VALUES ("063e379d-cc4f-4502-9aea-d608f88968c0",
	"84b43461-91c6-4cc2-8e90-196a2f5b1259",
	"00000000-0000-0000-0000-000000000000",
	389,
	3,
	'test line: 389');
INSERT INTO ACT_BRG
	VALUES ("063e379d-cc4f-4502-9aea-d608f88968c0",
	"2dcf3e84-1208-4e7f-a70c-a54d15f1ce77",
	389,
	8,
	389,
	3);
INSERT INTO V_VAL
	VALUES ("e9e6e24e-c979-414d-acb7-2be724f94995",
	0,
	0,
	389,
	28,
	63,
	0,
	0,
	0,
	0,
	"ba5eda7a-def5-0000-0000-000000000004",
	"84b43461-91c6-4cc2-8e90-196a2f5b1259");
INSERT INTO V_LST
	VALUES ("e9e6e24e-c979-414d-acb7-2be724f94995",
	'test1.Y3:  Wrong number of friends.');
INSERT INTO V_PAR
	VALUES ("e9e6e24e-c979-414d-acb7-2be724f94995",
	"063e379d-cc4f-4502-9aea-d608f88968c0",
	"00000000-0000-0000-0000-000000000000",
	'message',
	"00000000-0000-0000-0000-000000000000",
	389,
	20);
INSERT INTO ACT_BLK
	VALUES ("f71eb0c1-5320-4576-a70d-4d06116f8c38",
	0,
	0,
	0,
	'LOG',
	'',
	'',
	394,
	3,
	394,
	3,
	0,
	0,
	0,
	0,
	0,
	0,
	0,
	0,
	0,
	"2c0be812-95ea-437f-b051-a9349a9f5da0",
	"00000000-0000-0000-0000-000000000000");
INSERT INTO ACT_SMT
	VALUES ("9e7eabed-740b-4ad8-87d3-29965d1ad899",
	"f71eb0c1-5320-4576-a70d-4d06116f8c38",
	"00000000-0000-0000-0000-000000000000",
	394,
	3,
	'test line: 394');
INSERT INTO ACT_BRG
	VALUES ("9e7eabed-740b-4ad8-87d3-29965d1ad899",
	"2dcf3e84-1208-4e7f-a70c-a54d15f1ce77",
	394,
	8,
	394,
	3);
INSERT INTO V_VAL
	VALUES ("30c0dc23-1e83-4ac1-9738-963f5df538ab",
	0,
	0,
	394,
	28,
	58,
	0,
	0,
	0,
	0,
	"ba5eda7a-def5-0000-0000-000000000004",
	"f71eb0c1-5320-4576-a70d-4d06116f8c38");
INSERT INTO V_LST
	VALUES ("30c0dc23-1e83-4ac1-9738-963f5df538ab",
	'test1.X4:  Failed to select X.');
INSERT INTO V_PAR
	VALUES ("30c0dc23-1e83-4ac1-9738-963f5df538ab",
	"9e7eabed-740b-4ad8-87d3-29965d1ad899",
	"00000000-0000-0000-0000-000000000000",
	'message',
	"00000000-0000-0000-0000-000000000000",
	394,
	20);
INSERT INTO ACT_BLK
	VALUES ("0158e9d2-680b-4b0e-a117-6b24e15a01f4",
	0,
	0,
	0,
	'LOG',
	'',
	'',
	398,
	3,
	398,
	3,
	0,
	0,
	0,
	0,
	0,
	0,
	0,
	0,
	0,
	"2c0be812-95ea-437f-b051-a9349a9f5da0",
	"00000000-0000-0000-0000-000000000000");
INSERT INTO ACT_SMT
	VALUES ("eaf21420-8d47-4ef2-9bc5-f3052a7ba000",
	"0158e9d2-680b-4b0e-a117-6b24e15a01f4",
	"00000000-0000-0000-0000-000000000000",
	398,
	3,
	'test line: 398');
INSERT INTO ACT_BRG
	VALUES ("eaf21420-8d47-4ef2-9bc5-f3052a7ba000",
	"2dcf3e84-1208-4e7f-a70c-a54d15f1ce77",
	398,
	8,
	398,
	3);
INSERT INTO V_VAL
	VALUES ("c678660f-0603-4167-918c-ac1444478474",
	0,
	0,
	398,
	28,
	58,
	0,
	0,
	0,
	0,
	"ba5eda7a-def5-0000-0000-000000000004",
	"0158e9d2-680b-4b0e-a117-6b24e15a01f4");
INSERT INTO V_LST
	VALUES ("c678660f-0603-4167-918c-ac1444478474",
	'test1.X5:  Could not find Rox.');
INSERT INTO V_PAR
	VALUES ("c678660f-0603-4167-918c-ac1444478474",
	"eaf21420-8d47-4ef2-9bc5-f3052a7ba000",
	"00000000-0000-0000-0000-000000000000",
	'message',
	"00000000-0000-0000-0000-000000000000",
	398,
	20);
INSERT INTO ACT_BLK
	VALUES ("6ff062d8-2f54-4b37-b1f2-c2f5a9d33270",
	0,
	0,
	0,
	'LOG',
	'',
	'',
	402,
	3,
	402,
	3,
	0,
	0,
	0,
	0,
	0,
	0,
	0,
	0,
	0,
	"2c0be812-95ea-437f-b051-a9349a9f5da0",
	"00000000-0000-0000-0000-000000000000");
INSERT INTO ACT_SMT
	VALUES ("7845665c-3123-4bce-8eb7-5231dcb579a0",
	"6ff062d8-2f54-4b37-b1f2-c2f5a9d33270",
	"00000000-0000-0000-0000-000000000000",
	402,
	3,
	'test line: 402');
INSERT INTO ACT_BRG
	VALUES ("7845665c-3123-4bce-8eb7-5231dcb579a0",
	"2dcf3e84-1208-4e7f-a70c-a54d15f1ce77",
	402,
	8,
	402,
	3);
INSERT INTO V_VAL
	VALUES ("7544d328-d7e6-4682-a1df-e77ace3225a7",
	0,
	0,
	402,
	28,
	58,
	0,
	0,
	0,
	0,
	"ba5eda7a-def5-0000-0000-000000000004",
	"6ff062d8-2f54-4b37-b1f2-c2f5a9d33270");
INSERT INTO V_LST
	VALUES ("7544d328-d7e6-4682-a1df-e77ace3225a7",
	'test1.X6:  Failed to select X.');
INSERT INTO V_PAR
	VALUES ("7544d328-d7e6-4682-a1df-e77ace3225a7",
	"7845665c-3123-4bce-8eb7-5231dcb579a0",
	"00000000-0000-0000-0000-000000000000",
	'message',
	"00000000-0000-0000-0000-000000000000",
	402,
	20);
INSERT INTO ACT_BLK
	VALUES ("23fa8fce-16a8-423f-9882-99666f88800e",
	0,
	0,
	0,
	'LOG',
	'',
	'',
	406,
	3,
	406,
	3,
	0,
	0,
	0,
	0,
	0,
	0,
	0,
	0,
	0,
	"2c0be812-95ea-437f-b051-a9349a9f5da0",
	"00000000-0000-0000-0000-000000000000");
INSERT INTO ACT_SMT
	VALUES ("d744c5f3-b279-4dd6-8eb6-3bb4cb9d3d35",
	"23fa8fce-16a8-423f-9882-99666f88800e",
	"00000000-0000-0000-0000-000000000000",
	406,
	3,
	'test line: 406');
INSERT INTO ACT_BRG
	VALUES ("d744c5f3-b279-4dd6-8eb6-3bb4cb9d3d35",
	"2dcf3e84-1208-4e7f-a70c-a54d15f1ce77",
	406,
	8,
	406,
	3);
INSERT INTO V_VAL
	VALUES ("ddfb6608-5932-4664-8f8f-6d533171f7fe",
	0,
	0,
	406,
	28,
	61,
	0,
	0,
	0,
	0,
	"ba5eda7a-def5-0000-0000-000000000004",
	"23fa8fce-16a8-423f-9882-99666f88800e");
INSERT INTO V_LST
	VALUES ("ddfb6608-5932-4664-8f8f-6d533171f7fe",
	'test1.X6:  Could not find Sevina.');
INSERT INTO V_PAR
	VALUES ("ddfb6608-5932-4664-8f8f-6d533171f7fe",
	"d744c5f3-b279-4dd6-8eb6-3bb4cb9d3d35",
	"00000000-0000-0000-0000-000000000000",
	'message',
	"00000000-0000-0000-0000-000000000000",
	406,
	20);
INSERT INTO ACT_BLK
	VALUES ("e5c08b9b-efd6-40fb-a3bf-bd84d6611473",
	0,
	0,
	0,
	'LOG',
	'',
	'',
	411,
	3,
	411,
	3,
	0,
	0,
	0,
	0,
	0,
	0,
	0,
	0,
	0,
	"2c0be812-95ea-437f-b051-a9349a9f5da0",
	"00000000-0000-0000-0000-000000000000");
INSERT INTO ACT_SMT
	VALUES ("1cd70be4-9a1e-45da-89b0-f9086db895ce",
	"e5c08b9b-efd6-40fb-a3bf-bd84d6611473",
	"00000000-0000-0000-0000-000000000000",
	411,
	3,
	'test line: 411');
INSERT INTO ACT_BRG
	VALUES ("1cd70be4-9a1e-45da-89b0-f9086db895ce",
	"2dcf3e84-1208-4e7f-a70c-a54d15f1ce77",
	411,
	8,
	411,
	3);
INSERT INTO V_VAL
	VALUES ("512ce8d0-b94c-4901-afc2-8d59b5b822cf",
	0,
	0,
	411,
	28,
	64,
	0,
	0,
	0,
	0,
	"ba5eda7a-def5-0000-0000-000000000004",
	"e5c08b9b-efd6-40fb-a3bf-bd84d6611473");
INSERT INTO V_LST
	VALUES ("512ce8d0-b94c-4901-afc2-8d59b5b822cf",
	'test1.X6a:  X/Y referential mismatch');
INSERT INTO V_PAR
	VALUES ("512ce8d0-b94c-4901-afc2-8d59b5b822cf",
	"1cd70be4-9a1e-45da-89b0-f9086db895ce",
	"00000000-0000-0000-0000-000000000000",
	'message',
	"00000000-0000-0000-0000-000000000000",
	411,
	20);
INSERT INTO ACT_BLK
	VALUES ("2dbecbb8-83da-476c-b72f-e864ff52771e",
	0,
	0,
	0,
	'LOG',
	'',
	'',
	415,
	3,
	415,
	3,
	0,
	0,
	0,
	0,
	0,
	0,
	0,
	0,
	0,
	"2c0be812-95ea-437f-b051-a9349a9f5da0",
	"00000000-0000-0000-0000-000000000000");
INSERT INTO ACT_SMT
	VALUES ("f8426b6e-6f57-4fd5-a2e4-c410a04d9464",
	"2dbecbb8-83da-476c-b72f-e864ff52771e",
	"00000000-0000-0000-0000-000000000000",
	415,
	3,
	'test line: 415');
INSERT INTO ACT_BRG
	VALUES ("f8426b6e-6f57-4fd5-a2e4-c410a04d9464",
	"2dcf3e84-1208-4e7f-a70c-a54d15f1ce77",
	415,
	8,
	415,
	3);
INSERT INTO V_VAL
	VALUES ("d4fffab5-e304-4017-9924-9d3bf2d72853",
	0,
	0,
	415,
	28,
	64,
	0,
	0,
	0,
	0,
	"ba5eda7a-def5-0000-0000-000000000004",
	"2dbecbb8-83da-476c-b72f-e864ff52771e");
INSERT INTO V_LST
	VALUES ("d4fffab5-e304-4017-9924-9d3bf2d72853",
	'test1.X6b:  X/Y referential mismatch');
INSERT INTO V_PAR
	VALUES ("d4fffab5-e304-4017-9924-9d3bf2d72853",
	"f8426b6e-6f57-4fd5-a2e4-c410a04d9464",
	"00000000-0000-0000-0000-000000000000",
	'message',
	"00000000-0000-0000-0000-000000000000",
	415,
	20);
INSERT INTO ACT_BLK
	VALUES ("bc80a56d-fc38-48d9-9c84-fd19145608d7",
	0,
	0,
	0,
	'LOG',
	'',
	'',
	424,
	3,
	424,
	3,
	0,
	0,
	0,
	0,
	0,
	0,
	0,
	0,
	0,
	"2c0be812-95ea-437f-b051-a9349a9f5da0",
	"00000000-0000-0000-0000-000000000000");
INSERT INTO ACT_SMT
	VALUES ("0ea161c7-72f0-4528-a981-194c56cd578d",
	"bc80a56d-fc38-48d9-9c84-fd19145608d7",
	"00000000-0000-0000-0000-000000000000",
	424,
	3,
	'test line: 424');
INSERT INTO ACT_BRG
	VALUES ("0ea161c7-72f0-4528-a981-194c56cd578d",
	"2dcf3e84-1208-4e7f-a70c-a54d15f1ce77",
	424,
	8,
	424,
	3);
INSERT INTO V_VAL
	VALUES ("a2fcf4c3-359b-4892-a53a-7d0c968a6398",
	0,
	0,
	424,
	28,
	58,
	0,
	0,
	0,
	0,
	"ba5eda7a-def5-0000-0000-000000000004",
	"bc80a56d-fc38-48d9-9c84-fd19145608d7");
INSERT INTO V_LST
	VALUES ("a2fcf4c3-359b-4892-a53a-7d0c968a6398",
	'test1.Z1:  Failed to select Z.');
INSERT INTO V_PAR
	VALUES ("a2fcf4c3-359b-4892-a53a-7d0c968a6398",
	"0ea161c7-72f0-4528-a981-194c56cd578d",
	"00000000-0000-0000-0000-000000000000",
	'message',
	"00000000-0000-0000-0000-000000000000",
	424,
	20);
INSERT INTO ACT_BLK
	VALUES ("959156a7-8192-491c-a902-995ad4f1f677",
	0,
	0,
	0,
	'LOG',
	'',
	'',
	428,
	3,
	428,
	3,
	0,
	0,
	0,
	0,
	0,
	0,
	0,
	0,
	0,
	"2c0be812-95ea-437f-b051-a9349a9f5da0",
	"00000000-0000-0000-0000-000000000000");
INSERT INTO ACT_SMT
	VALUES ("ac603cb9-647f-4536-8484-400cdaa4a40c",
	"959156a7-8192-491c-a902-995ad4f1f677",
	"00000000-0000-0000-0000-000000000000",
	428,
	3,
	'test line: 428');
INSERT INTO ACT_BRG
	VALUES ("ac603cb9-647f-4536-8484-400cdaa4a40c",
	"2dcf3e84-1208-4e7f-a70c-a54d15f1ce77",
	428,
	8,
	428,
	3);
INSERT INTO V_VAL
	VALUES ("1881d1a6-3261-4a9c-a2b2-caf850d123b3",
	0,
	0,
	428,
	28,
	57,
	0,
	0,
	0,
	0,
	"ba5eda7a-def5-0000-0000-000000000004",
	"959156a7-8192-491c-a902-995ad4f1f677");
INSERT INTO V_LST
	VALUES ("1881d1a6-3261-4a9c-a2b2-caf850d123b3",
	'test1.Z2:  Could not find Zs.');
INSERT INTO V_PAR
	VALUES ("1881d1a6-3261-4a9c-a2b2-caf850d123b3",
	"ac603cb9-647f-4536-8484-400cdaa4a40c",
	"00000000-0000-0000-0000-000000000000",
	'message',
	"00000000-0000-0000-0000-000000000000",
	428,
	20);
INSERT INTO ACT_BLK
	VALUES ("49027550-8a8b-45a1-b6fd-f4d259fba840",
	0,
	0,
	0,
	'LOG',
	'',
	'',
	433,
	3,
	433,
	3,
	0,
	0,
	0,
	0,
	0,
	0,
	0,
	0,
	0,
	"2c0be812-95ea-437f-b051-a9349a9f5da0",
	"00000000-0000-0000-0000-000000000000");
INSERT INTO ACT_SMT
	VALUES ("7ad2adf6-a9cc-4b17-9e7c-a2b51ed8c711",
	"49027550-8a8b-45a1-b6fd-f4d259fba840",
	"00000000-0000-0000-0000-000000000000",
	433,
	3,
	'test line: 433');
INSERT INTO ACT_BRG
	VALUES ("7ad2adf6-a9cc-4b17-9e7c-a2b51ed8c711",
	"2dcf3e84-1208-4e7f-a70c-a54d15f1ce77",
	433,
	8,
	433,
	3);
INSERT INTO V_VAL
	VALUES ("fdcb1768-c4e1-4352-8eec-2b447630c634",
	0,
	0,
	433,
	28,
	65,
	0,
	0,
	0,
	0,
	"ba5eda7a-def5-0000-0000-000000000004",
	"49027550-8a8b-45a1-b6fd-f4d259fba840");
INSERT INTO V_LST
	VALUES ("fdcb1768-c4e1-4352-8eec-2b447630c634",
	'test1.Z2a:  Z/ZZ referential mismatch');
INSERT INTO V_PAR
	VALUES ("fdcb1768-c4e1-4352-8eec-2b447630c634",
	"7ad2adf6-a9cc-4b17-9e7c-a2b51ed8c711",
	"00000000-0000-0000-0000-000000000000",
	'message',
	"00000000-0000-0000-0000-000000000000",
	433,
	20);
INSERT INTO ACT_BLK
	VALUES ("85cea609-ebbc-4123-89ee-4f3a2d101156",
	0,
	0,
	0,
	'LOG',
	'',
	'',
	437,
	3,
	437,
	3,
	0,
	0,
	0,
	0,
	0,
	0,
	0,
	0,
	0,
	"2c0be812-95ea-437f-b051-a9349a9f5da0",
	"00000000-0000-0000-0000-000000000000");
INSERT INTO ACT_SMT
	VALUES ("ee7f7955-8846-41c9-8878-4f90951af019",
	"85cea609-ebbc-4123-89ee-4f3a2d101156",
	"00000000-0000-0000-0000-000000000000",
	437,
	3,
	'test line: 437');
INSERT INTO ACT_BRG
	VALUES ("ee7f7955-8846-41c9-8878-4f90951af019",
	"2dcf3e84-1208-4e7f-a70c-a54d15f1ce77",
	437,
	8,
	437,
	3);
INSERT INTO V_VAL
	VALUES ("51ae5270-8c63-4d9a-bd7c-3db54fb27abb",
	0,
	0,
	437,
	28,
	65,
	0,
	0,
	0,
	0,
	"ba5eda7a-def5-0000-0000-000000000004",
	"85cea609-ebbc-4123-89ee-4f3a2d101156");
INSERT INTO V_LST
	VALUES ("51ae5270-8c63-4d9a-bd7c-3db54fb27abb",
	'test1.Z2b:  Z/ZZ referential mismatch');
INSERT INTO V_PAR
	VALUES ("51ae5270-8c63-4d9a-bd7c-3db54fb27abb",
	"ee7f7955-8846-41c9-8878-4f90951af019",
	"00000000-0000-0000-0000-000000000000",
	'message',
	"00000000-0000-0000-0000-000000000000",
	437,
	20);
INSERT INTO PE_PE
	VALUES ("888d97ee-40a0-4baa-8ca8-41c7678e8e7d",
	1,
	"4bf9896e-225c-42da-82e6-68f6491ef16c",
	"00000000-0000-0000-0000-000000000000",
	1);
INSERT INTO S_SYNC
	VALUES ("888d97ee-40a0-4baa-8ca8-41c7678e8e7d",
	"00000000-0000-0000-0000-000000000000",
	'xit',
	'',
	'SQL::serialize();
LOG::LogInfo( message:"done" );
control stop;',
	"ba5eda7a-def5-0000-0000-000000000000",
	1,
	'',
	0);
INSERT INTO ACT_FNB
	VALUES ("e3f01999-8df8-4cab-9fff-09e5c7d5ae18",
	"888d97ee-40a0-4baa-8ca8-41c7678e8e7d");
INSERT INTO ACT_ACT
	VALUES ("e3f01999-8df8-4cab-9fff-09e5c7d5ae18",
	'function',
	0,
	"50045c9f-2064-4696-86d9-f5803053ab2e",
	"00000000-0000-0000-0000-000000000000",
	0,
	'xit',
	"00000000-0000-0000-0000-000000000000");
INSERT INTO ACT_BLK
	VALUES ("50045c9f-2064-4696-86d9-f5803053ab2e",
	0,
	0,
	0,
	'LOG',
	'',
	'',
	3,
	1,
	2,
	1,
	0,
	0,
	0,
	0,
	0,
	0,
	0,
	0,
	0,
	"e3f01999-8df8-4cab-9fff-09e5c7d5ae18",
	"00000000-0000-0000-0000-000000000000");
INSERT INTO ACT_SMT
	VALUES ("a997200d-cc07-4d31-912a-7cf4b2a83105",
	"50045c9f-2064-4696-86d9-f5803053ab2e",
	"9bcf8226-20b8-413e-87b7-d31139438833",
	1,
	1,
	'xit line: 1');
INSERT INTO ACT_BRG
	VALUES ("a997200d-cc07-4d31-912a-7cf4b2a83105",
	"a024f801-c9ad-4451-9c66-573aa528f182",
	1,
	6,
	1,
	1);
INSERT INTO ACT_SMT
	VALUES ("9bcf8226-20b8-413e-87b7-d31139438833",
	"50045c9f-2064-4696-86d9-f5803053ab2e",
	"21a4fd36-159a-4ea8-ace0-074fdb85acfc",
	2,
	1,
	'xit line: 2');
INSERT INTO ACT_BRG
	VALUES ("9bcf8226-20b8-413e-87b7-d31139438833",
	"af615ef3-56dd-40b1-be6b-27e07023a829",
	2,
	6,
	2,
	1);
INSERT INTO ACT_SMT
	VALUES ("21a4fd36-159a-4ea8-ace0-074fdb85acfc",
	"50045c9f-2064-4696-86d9-f5803053ab2e",
	"00000000-0000-0000-0000-000000000000",
	3,
	1,
	'xit line: 3');
INSERT INTO ACT_CTL
	VALUES ("21a4fd36-159a-4ea8-ace0-074fdb85acfc");
INSERT INTO V_VAL
	VALUES ("60a0ed25-b9a3-4171-b326-067aadb27d20",
	0,
	0,
	2,
	23,
	27,
	0,
	0,
	0,
	0,
	"ba5eda7a-def5-0000-0000-000000000004",
	"50045c9f-2064-4696-86d9-f5803053ab2e");
INSERT INTO V_LST
	VALUES ("60a0ed25-b9a3-4171-b326-067aadb27d20",
	'done');
INSERT INTO V_PAR
	VALUES ("60a0ed25-b9a3-4171-b326-067aadb27d20",
	"9bcf8226-20b8-413e-87b7-d31139438833",
	"00000000-0000-0000-0000-000000000000",
	'message',
	"00000000-0000-0000-0000-000000000000",
	2,
	15);
INSERT INTO PE_PE
	VALUES ("b4f207ee-aef3-4e77-b6ba-0eb9aa6a93d2",
	1,
	"4bf9896e-225c-42da-82e6-68f6491ef16c",
	"00000000-0000-0000-0000-000000000000",
	1);
INSERT INTO S_SYNC
	VALUES ("b4f207ee-aef3-4e77-b6ba-0eb9aa6a93d2",
	"00000000-0000-0000-0000-000000000000",
	'start_test',
	'',
	'::setup();
::test();
::xit();',
	"ba5eda7a-def5-0000-0000-000000000000",
	1,
	'',
	0);
INSERT INTO ACT_FNB
	VALUES ("4e1a3471-35b4-4653-8569-0e857610fd59",
	"b4f207ee-aef3-4e77-b6ba-0eb9aa6a93d2");
INSERT INTO ACT_ACT
	VALUES ("4e1a3471-35b4-4653-8569-0e857610fd59",
	'function',
	0,
	"53052ea2-fd70-411e-9c35-22747148c209",
	"00000000-0000-0000-0000-000000000000",
	0,
	'start_test',
	"00000000-0000-0000-0000-000000000000");
INSERT INTO ACT_BLK
	VALUES ("53052ea2-fd70-411e-9c35-22747148c209",
	0,
	0,
	0,
	'',
	'',
	'',
	3,
	1,
	0,
	0,
	0,
	0,
	0,
	0,
	0,
	0,
	0,
	0,
	0,
	"4e1a3471-35b4-4653-8569-0e857610fd59",
	"00000000-0000-0000-0000-000000000000");
INSERT INTO ACT_SMT
	VALUES ("695672d0-2ca7-4bca-917e-f23442c9bf85",
	"53052ea2-fd70-411e-9c35-22747148c209",
	"3bdca9be-677d-483f-8970-4bf2d9cd674e",
	1,
	1,
	'start_test line: 1');
INSERT INTO ACT_FNC
	VALUES ("695672d0-2ca7-4bca-917e-f23442c9bf85",
	"ee0b21c6-3e1f-4b2b-9441-00b6e64ca6eb",
	1,
	3);
INSERT INTO ACT_SMT
	VALUES ("3bdca9be-677d-483f-8970-4bf2d9cd674e",
	"53052ea2-fd70-411e-9c35-22747148c209",
	"3a414cb4-4342-440f-a15d-3dae0e239a34",
	2,
	1,
	'start_test line: 2');
INSERT INTO ACT_FNC
	VALUES ("3bdca9be-677d-483f-8970-4bf2d9cd674e",
	"b6ece4d0-3a14-4e5a-87e6-23378a779c47",
	2,
	3);
INSERT INTO ACT_SMT
	VALUES ("3a414cb4-4342-440f-a15d-3dae0e239a34",
	"53052ea2-fd70-411e-9c35-22747148c209",
	"00000000-0000-0000-0000-000000000000",
	3,
	1,
	'start_test line: 3');
INSERT INTO ACT_FNC
	VALUES ("3a414cb4-4342-440f-a15d-3dae0e239a34",
	"888d97ee-40a0-4baa-8ca8-41c7678e8e7d",
	3,
	3);
INSERT INTO PE_PE
	VALUES ("94fda37c-cedb-4db3-8d5b-755f0a35c6a6",
	1,
	"68872112-fa85-45c9-b20e-fb80e0a76c94",
	"00000000-0000-0000-0000-000000000000",
	7);
INSERT INTO EP_PKG
	VALUES ("94fda37c-cedb-4db3-8d5b-755f0a35c6a6",
	"00000000-0000-0000-0000-000000000000",
	"f8b7229b-f136-42db-8d6c-0444f3c8a0e2",
	'Shared',
	'',
	0);
INSERT INTO PE_PE
	VALUES ("69791a95-2594-41b8-892b-ed0bf3a0e3d4",
	1,
	"94fda37c-cedb-4db3-8d5b-755f0a35c6a6",
	"00000000-0000-0000-0000-000000000000",
	6);
INSERT INTO C_I
	VALUES ("69791a95-2594-41b8-892b-ed0bf3a0e3d4",
	"00000000-0000-0000-0000-000000000000",
	'instrumentation',
	'');
INSERT INTO C_EP
	VALUES ("9986778b-24b4-471f-85eb-a516f748e93a",
	"69791a95-2594-41b8-892b-ed0bf3a0e3d4",
	-1,
	'start_test',
	'');
INSERT INTO C_AS
	VALUES ("9986778b-24b4-471f-85eb-a516f748e93a",
	'start_test',
	'',
	0,
	"00000000-0000-0000-0000-000000000000");
INSERT INTO PE_PE
	VALUES ("ba5eda7a-def5-0000-0000-000000000000",
	1,
	"00000000-0000-0000-0000-000000000000",
	"00000000-0000-0000-0000-000000000000",
	3);
INSERT INTO S_DT
	VALUES ("ba5eda7a-def5-0000-0000-000000000000",
	"00000000-0000-0000-0000-000000000000",
	'void',
	'',
	'');
INSERT INTO S_CDT
	VALUES ("ba5eda7a-def5-0000-0000-000000000000",
	0);
INSERT INTO PE_PE
	VALUES ("ba5eda7a-def5-0000-0000-000000000001",
	1,
	"00000000-0000-0000-0000-000000000000",
	"00000000-0000-0000-0000-000000000000",
	3);
INSERT INTO S_DT
	VALUES ("ba5eda7a-def5-0000-0000-000000000001",
	"00000000-0000-0000-0000-000000000000",
	'boolean',
	'',
	'');
INSERT INTO S_CDT
	VALUES ("ba5eda7a-def5-0000-0000-000000000001",
	1);
INSERT INTO PE_PE
	VALUES ("ba5eda7a-def5-0000-0000-000000000002",
	1,
	"00000000-0000-0000-0000-000000000000",
	"00000000-0000-0000-0000-000000000000",
	3);
INSERT INTO S_DT
	VALUES ("ba5eda7a-def5-0000-0000-000000000002",
	"00000000-0000-0000-0000-000000000000",
	'integer',
	'',
	'');
INSERT INTO S_CDT
	VALUES ("ba5eda7a-def5-0000-0000-000000000002",
	2);
INSERT INTO PE_PE
	VALUES ("ba5eda7a-def5-0000-0000-000000000003",
	1,
	"00000000-0000-0000-0000-000000000000",
	"00000000-0000-0000-0000-000000000000",
	3);
INSERT INTO S_DT
	VALUES ("ba5eda7a-def5-0000-0000-000000000003",
	"00000000-0000-0000-0000-000000000000",
	'real',
	'',
	'');
INSERT INTO S_CDT
	VALUES ("ba5eda7a-def5-0000-0000-000000000003",
	3);
INSERT INTO PE_PE
	VALUES ("ba5eda7a-def5-0000-0000-000000000004",
	1,
	"00000000-0000-0000-0000-000000000000",
	"00000000-0000-0000-0000-000000000000",
	3);
INSERT INTO S_DT
	VALUES ("ba5eda7a-def5-0000-0000-000000000004",
	"00000000-0000-0000-0000-000000000000",
	'string',
	'',
	'');
INSERT INTO S_CDT
	VALUES ("ba5eda7a-def5-0000-0000-000000000004",
	4);
INSERT INTO PE_PE
	VALUES ("ba5eda7a-def5-0000-0000-000000000005",
	1,
	"00000000-0000-0000-0000-000000000000",
	"00000000-0000-0000-0000-000000000000",
	3);
INSERT INTO S_DT
	VALUES ("ba5eda7a-def5-0000-0000-000000000005",
	"00000000-0000-0000-0000-000000000000",
	'unique_id',
	'',
	'');
INSERT INTO S_CDT
	VALUES ("ba5eda7a-def5-0000-0000-000000000005",
	5);
INSERT INTO PE_PE
	VALUES ("ba5eda7a-def5-0000-0000-000000000006",
	1,
	"00000000-0000-0000-0000-000000000000",
	"00000000-0000-0000-0000-000000000000",
	3);
INSERT INTO S_DT
	VALUES ("ba5eda7a-def5-0000-0000-000000000006",
	"00000000-0000-0000-0000-000000000000",
	'state<State_Model>',
	'',
	'');
INSERT INTO S_CDT
	VALUES ("ba5eda7a-def5-0000-0000-000000000006",
	6);
INSERT INTO PE_PE
	VALUES ("ba5eda7a-def5-0000-0000-000000000007",
	1,
	"00000000-0000-0000-0000-000000000000",
	"00000000-0000-0000-0000-000000000000",
	3);
INSERT INTO S_DT
	VALUES ("ba5eda7a-def5-0000-0000-000000000007",
	"00000000-0000-0000-0000-000000000000",
	'same_as<Base_Attribute>',
	'',
	'');
INSERT INTO S_CDT
	VALUES ("ba5eda7a-def5-0000-0000-000000000007",
	7);
INSERT INTO PE_PE
	VALUES ("ba5eda7a-def5-0000-0000-000000000008",
	1,
	"00000000-0000-0000-0000-000000000000",
	"00000000-0000-0000-0000-000000000000",
	3);
INSERT INTO S_DT
	VALUES ("ba5eda7a-def5-0000-0000-000000000008",
	"00000000-0000-0000-0000-000000000000",
	'inst_ref<Object>',
	'',
	'');
INSERT INTO S_CDT
	VALUES ("ba5eda7a-def5-0000-0000-000000000008",
	8);
INSERT INTO PE_PE
	VALUES ("ba5eda7a-def5-0000-0000-000000000009",
	1,
	"00000000-0000-0000-0000-000000000000",
	"00000000-0000-0000-0000-000000000000",
	3);
INSERT INTO S_DT
	VALUES ("ba5eda7a-def5-0000-0000-000000000009",
	"00000000-0000-0000-0000-000000000000",
	'inst_ref_set<Object>',
	'',
	'');
INSERT INTO S_CDT
	VALUES ("ba5eda7a-def5-0000-0000-000000000009",
	9);
INSERT INTO PE_PE
	VALUES ("ba5eda7a-def5-0000-0000-00000000000a",
	1,
	"00000000-0000-0000-0000-000000000000",
	"00000000-0000-0000-0000-000000000000",
	3);
INSERT INTO S_DT
	VALUES ("ba5eda7a-def5-0000-0000-00000000000a",
	"00000000-0000-0000-0000-000000000000",
	'inst<Event>',
	'',
	'');
INSERT INTO S_CDT
	VALUES ("ba5eda7a-def5-0000-0000-00000000000a",
	10);
INSERT INTO PE_PE
	VALUES ("ba5eda7a-def5-0000-0000-00000000000b",
	1,
	"00000000-0000-0000-0000-000000000000",
	"00000000-0000-0000-0000-000000000000",
	3);
INSERT INTO S_DT
	VALUES ("ba5eda7a-def5-0000-0000-00000000000b",
	"00000000-0000-0000-0000-000000000000",
	'inst<Mapping>',
	'',
	'');
INSERT INTO S_CDT
	VALUES ("ba5eda7a-def5-0000-0000-00000000000b",
	11);
INSERT INTO PE_PE
	VALUES ("ba5eda7a-def5-0000-0000-00000000000c",
	1,
	"00000000-0000-0000-0000-000000000000",
	"00000000-0000-0000-0000-000000000000",
	3);
INSERT INTO S_DT
	VALUES ("ba5eda7a-def5-0000-0000-00000000000c",
	"00000000-0000-0000-0000-000000000000",
	'inst_ref<Mapping>',
	'',
	'');
INSERT INTO S_CDT
	VALUES ("ba5eda7a-def5-0000-0000-00000000000c",
	12);
INSERT INTO PE_PE
	VALUES ("ba5eda7a-def5-0000-0000-00000000000d",
	1,
	"00000000-0000-0000-0000-000000000000",
	"00000000-0000-0000-0000-000000000000",
	3);
INSERT INTO S_DT
	VALUES ("ba5eda7a-def5-0000-0000-00000000000d",
	"00000000-0000-0000-0000-000000000000",
	'component_ref',
	'',
	'');
INSERT INTO S_CDT
	VALUES ("ba5eda7a-def5-0000-0000-00000000000d",
	13);
INSERT INTO PE_PE
	VALUES ("ba5eda7a-def5-0000-0000-00000000000e",
	1,
	"00000000-0000-0000-0000-000000000000",
	"00000000-0000-0000-0000-000000000000",
	3);
INSERT INTO S_DT
	VALUES ("ba5eda7a-def5-0000-0000-00000000000e",
	"00000000-0000-0000-0000-000000000000",
	'date',
	'',
	'');
INSERT INTO S_UDT
	VALUES ("ba5eda7a-def5-0000-0000-00000000000e",
	"ba5eda7a-def5-0000-0000-00000000000b",
	1,
	'');
INSERT INTO PE_PE
	VALUES ("ba5eda7a-def5-0000-0000-00000000000f",
	1,
	"00000000-0000-0000-0000-000000000000",
	"00000000-0000-0000-0000-000000000000",
	3);
INSERT INTO S_DT
	VALUES ("ba5eda7a-def5-0000-0000-00000000000f",
	"00000000-0000-0000-0000-000000000000",
	'inst_ref<Timer>',
	'',
	'');
INSERT INTO S_UDT
	VALUES ("ba5eda7a-def5-0000-0000-00000000000f",
	"ba5eda7a-def5-0000-0000-00000000000c",
	3,
	'');
INSERT INTO PE_PE
	VALUES ("ba5eda7a-def5-0000-0000-000000000010",
	1,
	"00000000-0000-0000-0000-000000000000",
	"00000000-0000-0000-0000-000000000000",
	3);
INSERT INTO S_DT
	VALUES ("ba5eda7a-def5-0000-0000-000000000010",
	"00000000-0000-0000-0000-000000000000",
	'timestamp',
	'',
	'');
INSERT INTO S_UDT
	VALUES ("ba5eda7a-def5-0000-0000-000000000010",
	"ba5eda7a-def5-0000-0000-00000000000b",
	2,
	'');
INSERT INTO S_BRG_PROXY
	VALUES ("40eaec44-eb8d-4cae-959a-880b94c28c05",
	"3c9187e2-faac-4b05-986d-04c751e1632b",
	'load',
	'',
	0,
	"ba5eda7a-def5-0000-0000-000000000000",
	'',
	1,
	'',
	0,
	'../../../io.ciera.runtime/models/io.ciera.runtime/io.ciera.runtime.instanceloading.sql.util/io.ciera.runtime.instanceloading.sql.util.xtuml');
INSERT INTO S_BRG_PROXY
	VALUES ("af615ef3-56dd-40b1-be6b-27e07023a829",
	"fb3760d2-2a3e-463f-bd24-66cd25fdba39",
	'LogInfo',
	'',
	0,
	"ba5eda7a-def5-0000-0000-000000000000",
	'',
	1,
	'',
	0,
	'../../../io.ciera.runtime/models/io.ciera.runtime/io.ciera.runtime.summit.util/io.ciera.runtime.summit.util.xtuml');
INSERT INTO S_BRG_PROXY
	VALUES ("c56d3597-5a54-4d78-8914-2dc2594c2af4",
	"fb3760d2-2a3e-463f-bd24-66cd25fdba39",
	'LogSuccess',
	'',
	0,
	"ba5eda7a-def5-0000-0000-000000000000",
	'',
	1,
	'',
	0,
	'../../../io.ciera.runtime/models/io.ciera.runtime/io.ciera.runtime.summit.util/io.ciera.runtime.summit.util.xtuml');
INSERT INTO S_BRG_PROXY
	VALUES ("2dcf3e84-1208-4e7f-a70c-a54d15f1ce77",
	"fb3760d2-2a3e-463f-bd24-66cd25fdba39",
	'LogFailure',
	'',
	0,
	"ba5eda7a-def5-0000-0000-000000000000",
	'',
	1,
	'',
	0,
	'../../../io.ciera.runtime/models/io.ciera.runtime/io.ciera.runtime.summit.util/io.ciera.runtime.summit.util.xtuml');
INSERT INTO S_BRG_PROXY
	VALUES ("a024f801-c9ad-4451-9c66-573aa528f182",
	"3c9187e2-faac-4b05-986d-04c751e1632b",
	'serialize',
	'',
	0,
	"ba5eda7a-def5-0000-0000-000000000000",
	'',
	1,
	'',
	0,
	'../../../io.ciera.runtime/models/io.ciera.runtime/io.ciera.runtime.instanceloading.sql.util/io.ciera.runtime.instanceloading.sql.util.xtuml');
-- root-types-contained: SystemModel_c
-- BP 7.1 content: StreamData syschar: 3 persistence-version: 7.1.6

INSERT INTO S_SYS
	VALUES ("7fdc406f-2939-49c0-8fab-99de27b70193",
	'io.ciera.runtime',
	1);
INSERT INTO EP_PKG
	VALUES ("ddbd5fec-558a-4967-bd11-9b09a6c6c428",
	"7fdc406f-2939-49c0-8fab-99de27b70193",
	"7fdc406f-2939-49c0-8fab-99de27b70193",
	'io.ciera.runtime.instanceloading.dynamodb.util',
	'',
	0);
INSERT INTO PE_PE
	VALUES ("c03ccce5-cb73-48ca-b676-b00270c95839",
	1,
	"ddbd5fec-558a-4967-bd11-9b09a6c6c428",
	"00000000-0000-0000-0000-000000000000",
	5);
INSERT INTO S_EE
	VALUES ("c03ccce5-cb73-48ca-b676-b00270c95839",
	'DynamoDB',
	'',
	'DynamoDB',
	"00000000-0000-0000-0000-000000000000",
	'',
	'DynamoDB',
	1);
INSERT INTO S_BRG
	VALUES ("c7c7b56a-16b4-47d8-a682-c148ba0ff869",
	"c03ccce5-cb73-48ca-b676-b00270c95839",
	'load',
	'',
	0,
	"ba5eda7a-def5-0000-0000-000000000000",
	'',
	1,
	'',
	0);
INSERT INTO ACT_BRB
	VALUES ("a5f147fc-ecfb-40bd-8993-7c27eec7daa5",
	"c7c7b56a-16b4-47d8-a682-c148ba0ff869");
INSERT INTO ACT_ACT
	VALUES ("a5f147fc-ecfb-40bd-8993-7c27eec7daa5",
	'bridge',
	0,
	"e6ccdd7c-8720-4ac4-af1d-395301f51dd8",
	"00000000-0000-0000-0000-000000000000",
	0,
	'DynamoDB::load',
	"00000000-0000-0000-0000-000000000000");
INSERT INTO ACT_BLK
	VALUES ("e6ccdd7c-8720-4ac4-af1d-395301f51dd8",
	0,
	0,
	0,
	'',
	'',
	'',
	0,
	0,
	0,
	0,
	0,
	0,
	0,
	0,
	0,
	0,
	0,
	0,
	0,
	"a5f147fc-ecfb-40bd-8993-7c27eec7daa5",
	"00000000-0000-0000-0000-000000000000");
INSERT INTO S_BRG
	VALUES ("bdc9cf61-1955-40c9-9744-9b3004874cc6",
	"c03ccce5-cb73-48ca-b676-b00270c95839",
	'serialize',
	'',
	0,
	"ba5eda7a-def5-0000-0000-000000000000",
	'',
	1,
	'',
	0);
INSERT INTO ACT_BRB
	VALUES ("d2d8f147-5747-4a94-8825-a4bd40cd9d29",
	"bdc9cf61-1955-40c9-9744-9b3004874cc6");
INSERT INTO ACT_ACT
	VALUES ("d2d8f147-5747-4a94-8825-a4bd40cd9d29",
	'bridge',
	0,
	"1e38f0be-f847-4c6a-bfad-328bdbab8336",
	"00000000-0000-0000-0000-000000000000",
	0,
	'DynamoDB::serialize',
	"00000000-0000-0000-0000-000000000000");
INSERT INTO ACT_BLK
	VALUES ("1e38f0be-f847-4c6a-bfad-328bdbab8336",
	0,
	0,
	0,
	'',
	'',
	'',
	0,
	0,
	0,
	0,
	0,
	0,
	0,
	0,
	0,
	0,
	0,
	0,
	0,
	"d2d8f147-5747-4a94-8825-a4bd40cd9d29",
	"00000000-0000-0000-0000-000000000000");
INSERT INTO S_BRG
	VALUES ("5bd13bba-debc-4b14-b39f-b6d284c5b08d",
	"c03ccce5-cb73-48ca-b676-b00270c95839",
	'initialize',
	'',
	0,
	"ba5eda7a-def5-0000-0000-000000000000",
	'',
	1,
	'',
	0);
INSERT INTO ACT_BRB
	VALUES ("54c1d94b-f928-4f6b-b41e-e9a3fce2e20f",
	"5bd13bba-debc-4b14-b39f-b6d284c5b08d");
INSERT INTO ACT_ACT
	VALUES ("54c1d94b-f928-4f6b-b41e-e9a3fce2e20f",
	'bridge',
	0,
	"a9acffe5-895f-4723-b314-2474ecb9f370",
	"00000000-0000-0000-0000-000000000000",
	0,
	'DynamoDB::initialize',
	"00000000-0000-0000-0000-000000000000");
INSERT INTO ACT_BLK
	VALUES ("a9acffe5-895f-4723-b314-2474ecb9f370",
	0,
	0,
	0,
	'',
	'',
	'',
	0,
	0,
	0,
	0,
	0,
	0,
	0,
	0,
	0,
	0,
	0,
	0,
	0,
	"54c1d94b-f928-4f6b-b41e-e9a3fce2e20f",
	"00000000-0000-0000-0000-000000000000");
INSERT INTO EP_PKG
	VALUES ("78fb3e55-9840-4511-a824-62393e628058",
	"7fdc406f-2939-49c0-8fab-99de27b70193",
	"7fdc406f-2939-49c0-8fab-99de27b70193",
	'io.ciera.runtime.instanceloading.sql.util',
	'',
	0);
INSERT INTO PE_PE
	VALUES ("3c9187e2-faac-4b05-986d-04c751e1632b",
	1,
	"78fb3e55-9840-4511-a824-62393e628058",
	"00000000-0000-0000-0000-000000000000",
	5);
INSERT INTO S_EE
	VALUES ("3c9187e2-faac-4b05-986d-04c751e1632b",
	'SQL',
	'',
	'SQL',
	"00000000-0000-0000-0000-000000000000",
	'',
	'SQL',
	1);
INSERT INTO S_BRG
	VALUES ("41ba132d-a1d1-4191-a09b-2557dff31e03",
	"3c9187e2-faac-4b05-986d-04c751e1632b",
	'load_file',
	'',
	0,
	"ba5eda7a-def5-0000-0000-000000000000",
	'',
	1,
	'',
	0);
INSERT INTO S_BPARM
	VALUES ("cc59f84f-ad26-45ec-8f9d-fd87a49d1b24",
	"41ba132d-a1d1-4191-a09b-2557dff31e03",
	'file',
	"ba5eda7a-def5-0000-0000-000000000004",
	0,
	'',
	"00000000-0000-0000-0000-000000000000",
	'');
INSERT INTO ACT_BRB
	VALUES ("1e8753e9-0634-482e-8629-fdcb40d70571",
	"41ba132d-a1d1-4191-a09b-2557dff31e03");
INSERT INTO ACT_ACT
	VALUES ("1e8753e9-0634-482e-8629-fdcb40d70571",
	'bridge',
	0,
	"5a9d78de-f9fb-4250-b4aa-04448362a4cd",
	"00000000-0000-0000-0000-000000000000",
	0,
	'SQL::load_file',
	"00000000-0000-0000-0000-000000000000");
INSERT INTO ACT_BLK
	VALUES ("5a9d78de-f9fb-4250-b4aa-04448362a4cd",
	0,
	0,
	0,
	'',
	'',
	'',
	0,
	0,
	0,
	0,
	0,
	0,
	0,
	0,
	0,
	0,
	0,
	0,
	0,
	"1e8753e9-0634-482e-8629-fdcb40d70571",
	"00000000-0000-0000-0000-000000000000");
INSERT INTO S_BRG
	VALUES ("9c9ff561-0230-49c6-93a0-97e6e806f171",
	"3c9187e2-faac-4b05-986d-04c751e1632b",
	'serialize_file',
	'',
	0,
	"ba5eda7a-def5-0000-0000-000000000000",
	'',
	1,
	'',
	0);
INSERT INTO S_BPARM
	VALUES ("b44dee13-d04f-428c-9395-32ebe32a7438",
	"9c9ff561-0230-49c6-93a0-97e6e806f171",
	'file',
	"ba5eda7a-def5-0000-0000-000000000004",
	0,
	'',
	"00000000-0000-0000-0000-000000000000",
	'');
INSERT INTO ACT_BRB
	VALUES ("4c3ba150-9498-4b20-9f8e-88a006bc40bb",
	"9c9ff561-0230-49c6-93a0-97e6e806f171");
INSERT INTO ACT_ACT
	VALUES ("4c3ba150-9498-4b20-9f8e-88a006bc40bb",
	'bridge',
	0,
	"6d07cb6b-302c-4df7-8762-08170f54b892",
	"00000000-0000-0000-0000-000000000000",
	0,
	'SQL::serialize_file',
	"00000000-0000-0000-0000-000000000000");
INSERT INTO ACT_BLK
	VALUES ("6d07cb6b-302c-4df7-8762-08170f54b892",
	0,
	0,
	0,
	'',
	'',
	'',
	0,
	0,
	0,
	0,
	0,
	0,
	0,
	0,
	0,
	0,
	0,
	0,
	0,
	"4c3ba150-9498-4b20-9f8e-88a006bc40bb",
	"00000000-0000-0000-0000-000000000000");
INSERT INTO S_BRG
	VALUES ("40eaec44-eb8d-4cae-959a-880b94c28c05",
	"3c9187e2-faac-4b05-986d-04c751e1632b",
	'load',
	'',
	0,
	"ba5eda7a-def5-0000-0000-000000000000",
	'',
	1,
	'',
	0);
INSERT INTO ACT_BRB
	VALUES ("1aa72603-349c-4fd0-b365-e3224aeee31e",
	"40eaec44-eb8d-4cae-959a-880b94c28c05");
INSERT INTO ACT_ACT
	VALUES ("1aa72603-349c-4fd0-b365-e3224aeee31e",
	'bridge',
	0,
	"55eedeb0-2e04-40e2-82c1-8cee916803b3",
	"00000000-0000-0000-0000-000000000000",
	0,
	'SQL::load',
	"00000000-0000-0000-0000-000000000000");
INSERT INTO ACT_BLK
	VALUES ("55eedeb0-2e04-40e2-82c1-8cee916803b3",
	0,
	0,
	0,
	'',
	'',
	'',
	0,
	0,
	0,
	0,
	0,
	0,
	0,
	0,
	0,
	0,
	0,
	0,
	0,
	"1aa72603-349c-4fd0-b365-e3224aeee31e",
	"00000000-0000-0000-0000-000000000000");
INSERT INTO S_BRG
	VALUES ("a024f801-c9ad-4451-9c66-573aa528f182",
	"3c9187e2-faac-4b05-986d-04c751e1632b",
	'serialize',
	'',
	0,
	"ba5eda7a-def5-0000-0000-000000000000",
	'',
	1,
	'',
	0);
INSERT INTO ACT_BRB
	VALUES ("8c5662bc-3d0f-4c92-a02b-0684c6e74ec2",
	"a024f801-c9ad-4451-9c66-573aa528f182");
INSERT INTO ACT_ACT
	VALUES ("8c5662bc-3d0f-4c92-a02b-0684c6e74ec2",
	'bridge',
	0,
	"9ccecb4b-9082-4773-8d59-5d6c4a7eecf9",
	"00000000-0000-0000-0000-000000000000",
	0,
	'SQL::serialize',
	"00000000-0000-0000-0000-000000000000");
INSERT INTO ACT_BLK
	VALUES ("9ccecb4b-9082-4773-8d59-5d6c4a7eecf9",
	0,
	0,
	0,
	'',
	'',
	'',
	0,
	0,
	0,
	0,
	0,
	0,
	0,
	0,
	0,
	0,
	0,
	0,
	0,
	"8c5662bc-3d0f-4c92-a02b-0684c6e74ec2",
	"00000000-0000-0000-0000-000000000000");
INSERT INTO EP_PKG
	VALUES ("63980537-a12c-49e3-a1f9-8bd1a2489218",
	"7fdc406f-2939-49c0-8fab-99de27b70193",
	"7fdc406f-2939-49c0-8fab-99de27b70193",
	'io.ciera.runtime.summit.util',
	'',
	0);
INSERT INTO PE_PE
	VALUES ("301ed0ee-cd6b-49d6-949f-df904baa862c",
	1,
	"63980537-a12c-49e3-a1f9-8bd1a2489218",
	"00000000-0000-0000-0000-000000000000",
	5);
INSERT INTO S_EE
	VALUES ("301ed0ee-cd6b-49d6-949f-df904baa862c",
	'Architecture',
	'',
	'ARCH',
	"00000000-0000-0000-0000-000000000000",
	'',
	'Architecture',
	1);
INSERT INTO S_BRG
	VALUES ("112f319f-4c8e-482c-a552-276f1b56bc8d",
	"301ed0ee-cd6b-49d6-949f-df904baa862c",
	'shutdown',
	'',
	0,
	"ba5eda7a-def5-0000-0000-000000000000",
	'//',
	1,
	'',
	0);
INSERT INTO ACT_BRB
	VALUES ("b4d53afc-b063-4913-8a4e-69fdb73325f9",
	"112f319f-4c8e-482c-a552-276f1b56bc8d");
INSERT INTO ACT_ACT
	VALUES ("b4d53afc-b063-4913-8a4e-69fdb73325f9",
	'bridge',
	0,
	"6279baa8-478a-443d-8bee-6ff4e7c04c09",
	"00000000-0000-0000-0000-000000000000",
	0,
	'Architecture::shutdown',
	"00000000-0000-0000-0000-000000000000");
INSERT INTO ACT_BLK
	VALUES ("6279baa8-478a-443d-8bee-6ff4e7c04c09",
	0,
	0,
	0,
	'',
	'',
	'',
	0,
	0,
	0,
	0,
	0,
	0,
	0,
	0,
	0,
	0,
	0,
	0,
	0,
	"b4d53afc-b063-4913-8a4e-69fdb73325f9",
	"00000000-0000-0000-0000-000000000000");
INSERT INTO PE_PE
	VALUES ("fb3760d2-2a3e-463f-bd24-66cd25fdba39",
	1,
	"63980537-a12c-49e3-a1f9-8bd1a2489218",
	"00000000-0000-0000-0000-000000000000",
	5);
INSERT INTO S_EE
	VALUES ("fb3760d2-2a3e-463f-bd24-66cd25fdba39",
	'Logging',
	'',
	'LOG',
	"00000000-0000-0000-0000-000000000000",
	'',
	'Logging',
	1);
INSERT INTO S_BRG
	VALUES ("b34ec664-6dea-44bc-afbf-69645da52f0a",
	"fb3760d2-2a3e-463f-bd24-66cd25fdba39",
	'LogDate',
	'',
	0,
	"ba5eda7a-def5-0000-0000-000000000000",
	'',
	1,
	'',
	0);
INSERT INTO S_BPARM
	VALUES ("e9c68522-20fa-4445-ab22-2abf9f8db971",
	"b34ec664-6dea-44bc-afbf-69645da52f0a",
	'd',
	"ba5eda7a-def5-0000-0000-00000000000e",
	0,
	'',
	"00000000-0000-0000-0000-000000000000",
	'');
INSERT INTO S_BPARM
	VALUES ("0096da0d-b18b-4532-a1f3-6ca86fa459d2",
	"b34ec664-6dea-44bc-afbf-69645da52f0a",
	'message',
	"ba5eda7a-def5-0000-0000-000000000004",
	0,
	'',
	"e9c68522-20fa-4445-ab22-2abf9f8db971",
	'');
INSERT INTO ACT_BRB
	VALUES ("6021ff17-633f-4332-8869-46db1c0da005",
	"b34ec664-6dea-44bc-afbf-69645da52f0a");
INSERT INTO ACT_ACT
	VALUES ("6021ff17-633f-4332-8869-46db1c0da005",
	'bridge',
	0,
	"e23559be-795c-44a0-be8b-50cabe8b78be",
	"00000000-0000-0000-0000-000000000000",
	0,
	'Logging::LogDate',
	"00000000-0000-0000-0000-000000000000");
INSERT INTO ACT_BLK
	VALUES ("e23559be-795c-44a0-be8b-50cabe8b78be",
	0,
	0,
	0,
	'',
	'',
	'',
	0,
	0,
	0,
	0,
	0,
	0,
	0,
	0,
	0,
	0,
	0,
	0,
	0,
	"6021ff17-633f-4332-8869-46db1c0da005",
	"00000000-0000-0000-0000-000000000000");
INSERT INTO S_BRG
	VALUES ("2dcf3e84-1208-4e7f-a70c-a54d15f1ce77",
	"fb3760d2-2a3e-463f-bd24-66cd25fdba39",
	'LogFailure',
	'',
	0,
	"ba5eda7a-def5-0000-0000-000000000000",
	'',
	1,
	'',
	0);
INSERT INTO S_BPARM
	VALUES ("75ebdabf-e4e2-4133-8c3d-0e33be4c1f80",
	"2dcf3e84-1208-4e7f-a70c-a54d15f1ce77",
	'message',
	"ba5eda7a-def5-0000-0000-000000000004",
	0,
	'',
	"00000000-0000-0000-0000-000000000000",
	'');
INSERT INTO ACT_BRB
	VALUES ("70907597-5660-4362-9c4a-26f329d8b3ad",
	"2dcf3e84-1208-4e7f-a70c-a54d15f1ce77");
INSERT INTO ACT_ACT
	VALUES ("70907597-5660-4362-9c4a-26f329d8b3ad",
	'bridge',
	0,
	"b26cec15-556e-4a71-8deb-87d7fa268f35",
	"00000000-0000-0000-0000-000000000000",
	0,
	'Logging::LogFailure',
	"00000000-0000-0000-0000-000000000000");
INSERT INTO ACT_BLK
	VALUES ("b26cec15-556e-4a71-8deb-87d7fa268f35",
	0,
	0,
	0,
	'',
	'',
	'',
	0,
	0,
	0,
	0,
	0,
	0,
	0,
	0,
	0,
	0,
	0,
	0,
	0,
	"70907597-5660-4362-9c4a-26f329d8b3ad",
	"00000000-0000-0000-0000-000000000000");
INSERT INTO S_BRG
	VALUES ("af615ef3-56dd-40b1-be6b-27e07023a829",
	"fb3760d2-2a3e-463f-bd24-66cd25fdba39",
	'LogInfo',
	'',
	0,
	"ba5eda7a-def5-0000-0000-000000000000",
	'',
	1,
	'',
	0);
INSERT INTO S_BPARM
	VALUES ("b63b67af-56f4-4ea0-a7e4-10a0759fc2b9",
	"af615ef3-56dd-40b1-be6b-27e07023a829",
	'message',
	"ba5eda7a-def5-0000-0000-000000000004",
	0,
	'',
	"00000000-0000-0000-0000-000000000000",
	'');
INSERT INTO ACT_BRB
	VALUES ("18e098ab-465a-49ea-a98a-9987eef5d7be",
	"af615ef3-56dd-40b1-be6b-27e07023a829");
INSERT INTO ACT_ACT
	VALUES ("18e098ab-465a-49ea-a98a-9987eef5d7be",
	'bridge',
	0,
	"bb2045e3-5902-4908-85b9-51655d39e74c",
	"00000000-0000-0000-0000-000000000000",
	0,
	'Logging::LogInfo',
	"00000000-0000-0000-0000-000000000000");
INSERT INTO ACT_BLK
	VALUES ("bb2045e3-5902-4908-85b9-51655d39e74c",
	0,
	0,
	0,
	'',
	'',
	'',
	0,
	0,
	0,
	0,
	0,
	0,
	0,
	0,
	0,
	0,
	0,
	0,
	0,
	"18e098ab-465a-49ea-a98a-9987eef5d7be",
	"00000000-0000-0000-0000-000000000000");
INSERT INTO S_BRG
	VALUES ("474dc6f1-f8eb-4a43-8ae9-fd7ec3f494ce",
	"fb3760d2-2a3e-463f-bd24-66cd25fdba39",
	'LogInteger',
	'',
	0,
	"ba5eda7a-def5-0000-0000-000000000000",
	'',
	0,
	'',
	0);
INSERT INTO S_BPARM
	VALUES ("ccdb7d2a-319c-4887-b31e-89e920b236fe",
	"474dc6f1-f8eb-4a43-8ae9-fd7ec3f494ce",
	'message',
	"ba5eda7a-def5-0000-0000-000000000002",
	0,
	'',
	"00000000-0000-0000-0000-000000000000",
	'');
INSERT INTO S_BRG
	VALUES ("a9e838fb-4772-4822-aee6-57f775da6967",
	"fb3760d2-2a3e-463f-bd24-66cd25fdba39",
	'LogReal',
	'',
	0,
	"ba5eda7a-def5-0000-0000-000000000000",
	'',
	1,
	'',
	0);
INSERT INTO S_BPARM
	VALUES ("dcd130d4-ee17-4be5-8b7e-6d847c7b3b19",
	"a9e838fb-4772-4822-aee6-57f775da6967",
	'r',
	"ba5eda7a-def5-0000-0000-000000000003",
	0,
	'',
	"c0551359-a1b0-4e13-bde0-184892639b14",
	'');
INSERT INTO S_BPARM
	VALUES ("c0551359-a1b0-4e13-bde0-184892639b14",
	"a9e838fb-4772-4822-aee6-57f775da6967",
	'message',
	"ba5eda7a-def5-0000-0000-000000000004",
	0,
	'',
	"00000000-0000-0000-0000-000000000000",
	'');
INSERT INTO ACT_BRB
	VALUES ("e2327184-ee57-480d-a956-e70cab7da42c",
	"a9e838fb-4772-4822-aee6-57f775da6967");
INSERT INTO ACT_ACT
	VALUES ("e2327184-ee57-480d-a956-e70cab7da42c",
	'bridge',
	0,
	"65b654b6-34f8-4f14-855f-117410655bae",
	"00000000-0000-0000-0000-000000000000",
	0,
	'Logging::LogReal',
	"00000000-0000-0000-0000-000000000000");
INSERT INTO ACT_BLK
	VALUES ("65b654b6-34f8-4f14-855f-117410655bae",
	0,
	0,
	0,
	'',
	'',
	'',
	0,
	0,
	0,
	0,
	0,
	0,
	0,
	0,
	0,
	0,
	0,
	0,
	0,
	"e2327184-ee57-480d-a956-e70cab7da42c",
	"00000000-0000-0000-0000-000000000000");
INSERT INTO S_BRG
	VALUES ("c56d3597-5a54-4d78-8914-2dc2594c2af4",
	"fb3760d2-2a3e-463f-bd24-66cd25fdba39",
	'LogSuccess',
	'',
	0,
	"ba5eda7a-def5-0000-0000-000000000000",
	'',
	1,
	'',
	0);
INSERT INTO S_BPARM
	VALUES ("062ab47d-832f-4c30-b495-e7e88749b61a",
	"c56d3597-5a54-4d78-8914-2dc2594c2af4",
	'message',
	"ba5eda7a-def5-0000-0000-000000000004",
	0,
	'',
	"00000000-0000-0000-0000-000000000000",
	'');
INSERT INTO ACT_BRB
	VALUES ("aebe460f-cfa9-43e0-99f2-ef90b6d71995",
	"c56d3597-5a54-4d78-8914-2dc2594c2af4");
INSERT INTO ACT_ACT
	VALUES ("aebe460f-cfa9-43e0-99f2-ef90b6d71995",
	'bridge',
	0,
	"d3b05e85-16ef-4553-8e8c-bbbf7b965243",
	"00000000-0000-0000-0000-000000000000",
	0,
	'Logging::LogSuccess',
	"00000000-0000-0000-0000-000000000000");
INSERT INTO ACT_BLK
	VALUES ("d3b05e85-16ef-4553-8e8c-bbbf7b965243",
	0,
	0,
	0,
	'',
	'',
	'',
	0,
	0,
	0,
	0,
	0,
	0,
	0,
	0,
	0,
	0,
	0,
	0,
	0,
	"aebe460f-cfa9-43e0-99f2-ef90b6d71995",
	"00000000-0000-0000-0000-000000000000");
INSERT INTO S_BRG
	VALUES ("77300edb-b891-4e35-858b-9e8cb6437f19",
	"fb3760d2-2a3e-463f-bd24-66cd25fdba39",
	'LogTime',
	'',
	0,
	"ba5eda7a-def5-0000-0000-000000000000",
	'',
	1,
	'',
	0);
INSERT INTO S_BPARM
	VALUES ("ddef5865-5c6c-48d0-ad1c-0ff53abaa403",
	"77300edb-b891-4e35-858b-9e8cb6437f19",
	't',
	"ba5eda7a-def5-0000-0000-000000000010",
	0,
	'',
	"fa21667d-7b40-4f1e-8f18-bf2482852c21",
	'');
INSERT INTO S_BPARM
	VALUES ("fa21667d-7b40-4f1e-8f18-bf2482852c21",
	"77300edb-b891-4e35-858b-9e8cb6437f19",
	'message',
	"ba5eda7a-def5-0000-0000-000000000004",
	0,
	'',
	"00000000-0000-0000-0000-000000000000",
	'');
INSERT INTO ACT_BRB
	VALUES ("5c6580a7-0038-4ac3-8e60-690bdd25e10f",
	"77300edb-b891-4e35-858b-9e8cb6437f19");
INSERT INTO ACT_ACT
	VALUES ("5c6580a7-0038-4ac3-8e60-690bdd25e10f",
	'bridge',
	0,
	"d0059b4b-53ad-41f6-a34e-d9256bd2de17",
	"00000000-0000-0000-0000-000000000000",
	0,
	'Logging::LogTime',
	"00000000-0000-0000-0000-000000000000");
INSERT INTO ACT_BLK
	VALUES ("d0059b4b-53ad-41f6-a34e-d9256bd2de17",
	0,
	0,
	0,
	'',
	'',
	'',
	0,
	0,
	0,
	0,
	0,
	0,
	0,
	0,
	0,
	0,
	0,
	0,
	0,
	"5c6580a7-0038-4ac3-8e60-690bdd25e10f",
	"00000000-0000-0000-0000-000000000000");
INSERT INTO PE_PE
	VALUES ("0cbe8000-b94e-43c0-a74e-b3d9f70bb59d",
	1,
	"63980537-a12c-49e3-a1f9-8bd1a2489218",
	"00000000-0000-0000-0000-000000000000",
	5);
INSERT INTO S_EE
	VALUES ("0cbe8000-b94e-43c0-a74e-b3d9f70bb59d",
	'Time',
	'The Time external entity provides date, timestamp, and timer related operations.',
	'TIM',
	"00000000-0000-0000-0000-000000000000",
	'',
	'Time',
	1);
INSERT INTO S_BRG
	VALUES ("8a08e8b6-4de0-437f-968f-71d65464ceb7",
	"0cbe8000-b94e-43c0-a74e-b3d9f70bb59d",
	'current_date',
	'',
	1,
	"ba5eda7a-def5-0000-0000-00000000000e",
	'',
	1,
	'',
	0);
INSERT INTO ACT_BRB
	VALUES ("6d085bc4-0acb-4221-9b39-1480c203fd4f",
	"8a08e8b6-4de0-437f-968f-71d65464ceb7");
INSERT INTO ACT_ACT
	VALUES ("6d085bc4-0acb-4221-9b39-1480c203fd4f",
	'bridge',
	0,
	"46516c00-7981-4276-9dc6-f5ed0ce658c7",
	"00000000-0000-0000-0000-000000000000",
	0,
	'Time::current_date',
	"00000000-0000-0000-0000-000000000000");
INSERT INTO ACT_BLK
	VALUES ("46516c00-7981-4276-9dc6-f5ed0ce658c7",
	0,
	0,
	0,
	'',
	'',
	'',
	0,
	0,
	0,
	0,
	0,
	0,
	0,
	0,
	0,
	0,
	0,
	0,
	0,
	"6d085bc4-0acb-4221-9b39-1480c203fd4f",
	"00000000-0000-0000-0000-000000000000");
INSERT INTO S_BRG
	VALUES ("e6bddfad-112a-4e3d-983c-17cf660f6a1d",
	"0cbe8000-b94e-43c0-a74e-b3d9f70bb59d",
	'create_date',
	'',
	1,
	"ba5eda7a-def5-0000-0000-00000000000e",
	'',
	1,
	'',
	0);
INSERT INTO S_BPARM
	VALUES ("2ff84885-d9d8-4403-82b1-cf68d9f4c2ff",
	"e6bddfad-112a-4e3d-983c-17cf660f6a1d",
	'second',
	"ba5eda7a-def5-0000-0000-000000000002",
	0,
	'',
	"a8dc93e1-f7e2-4b96-ba42-d464e71e81dd",
	'');
INSERT INTO S_BPARM
	VALUES ("b618c824-214f-496d-9f10-3fd50db9e512",
	"e6bddfad-112a-4e3d-983c-17cf660f6a1d",
	'minute',
	"ba5eda7a-def5-0000-0000-000000000002",
	0,
	'',
	"aa1100ee-c7e5-4ecb-b21a-a458b9395f0f",
	'');
INSERT INTO S_BPARM
	VALUES ("aa1100ee-c7e5-4ecb-b21a-a458b9395f0f",
	"e6bddfad-112a-4e3d-983c-17cf660f6a1d",
	'hour',
	"ba5eda7a-def5-0000-0000-000000000002",
	0,
	'',
	"076564bb-aa4b-45d4-a897-765cb7a7623d",
	'');
INSERT INTO S_BPARM
	VALUES ("076564bb-aa4b-45d4-a897-765cb7a7623d",
	"e6bddfad-112a-4e3d-983c-17cf660f6a1d",
	'day',
	"ba5eda7a-def5-0000-0000-000000000002",
	0,
	'',
	"00000000-0000-0000-0000-000000000000",
	'');
INSERT INTO S_BPARM
	VALUES ("a8dc93e1-f7e2-4b96-ba42-d464e71e81dd",
	"e6bddfad-112a-4e3d-983c-17cf660f6a1d",
	'month',
	"ba5eda7a-def5-0000-0000-000000000002",
	0,
	'',
	"b618c824-214f-496d-9f10-3fd50db9e512",
	'');
INSERT INTO S_BPARM
	VALUES ("bd9cb1eb-612c-4cf4-a5aa-5ba7f8820cc3",
	"e6bddfad-112a-4e3d-983c-17cf660f6a1d",
	'year',
	"ba5eda7a-def5-0000-0000-000000000002",
	0,
	'',
	"2ff84885-d9d8-4403-82b1-cf68d9f4c2ff",
	'');
INSERT INTO ACT_BRB
	VALUES ("d310c2cb-63a4-43d7-bead-f9e57ac207e0",
	"e6bddfad-112a-4e3d-983c-17cf660f6a1d");
INSERT INTO ACT_ACT
	VALUES ("d310c2cb-63a4-43d7-bead-f9e57ac207e0",
	'bridge',
	0,
	"8bff30ae-a667-4143-8c48-a70fc5aaa767",
	"00000000-0000-0000-0000-000000000000",
	0,
	'Time::create_date',
	"00000000-0000-0000-0000-000000000000");
INSERT INTO ACT_BLK
	VALUES ("8bff30ae-a667-4143-8c48-a70fc5aaa767",
	0,
	0,
	0,
	'',
	'',
	'',
	0,
	0,
	0,
	0,
	0,
	0,
	0,
	0,
	0,
	0,
	0,
	0,
	0,
	"d310c2cb-63a4-43d7-bead-f9e57ac207e0",
	"00000000-0000-0000-0000-000000000000");
INSERT INTO S_BRG
	VALUES ("38a0bf36-f1fa-46ff-9ac5-30980dbf9ba0",
	"0cbe8000-b94e-43c0-a74e-b3d9f70bb59d",
	'get_second',
	'',
	1,
	"ba5eda7a-def5-0000-0000-000000000002",
	'',
	1,
	'',
	0);
INSERT INTO S_BPARM
	VALUES ("7521082d-9202-4338-9c55-6857f6eab728",
	"38a0bf36-f1fa-46ff-9ac5-30980dbf9ba0",
	'date',
	"ba5eda7a-def5-0000-0000-00000000000e",
	0,
	'',
	"00000000-0000-0000-0000-000000000000",
	'');
INSERT INTO ACT_BRB
	VALUES ("fc3d7eba-fd0b-4491-b78d-05963cc38ed0",
	"38a0bf36-f1fa-46ff-9ac5-30980dbf9ba0");
INSERT INTO ACT_ACT
	VALUES ("fc3d7eba-fd0b-4491-b78d-05963cc38ed0",
	'bridge',
	0,
	"257c0f2f-1795-4eb3-ad67-c81643125575",
	"00000000-0000-0000-0000-000000000000",
	0,
	'Time::get_second',
	"00000000-0000-0000-0000-000000000000");
INSERT INTO ACT_BLK
	VALUES ("257c0f2f-1795-4eb3-ad67-c81643125575",
	0,
	0,
	0,
	'',
	'',
	'',
	0,
	0,
	0,
	0,
	0,
	0,
	0,
	0,
	0,
	0,
	0,
	0,
	0,
	"fc3d7eba-fd0b-4491-b78d-05963cc38ed0",
	"00000000-0000-0000-0000-000000000000");
INSERT INTO S_BRG
	VALUES ("2052aeb8-71a4-49e3-864d-b678d3906bed",
	"0cbe8000-b94e-43c0-a74e-b3d9f70bb59d",
	'get_minute',
	'',
	1,
	"ba5eda7a-def5-0000-0000-000000000002",
	'',
	1,
	'',
	0);
INSERT INTO S_BPARM
	VALUES ("ec9a6f91-6a94-401e-a679-35130105b5ea",
	"2052aeb8-71a4-49e3-864d-b678d3906bed",
	'date',
	"ba5eda7a-def5-0000-0000-00000000000e",
	0,
	'',
	"00000000-0000-0000-0000-000000000000",
	'');
INSERT INTO ACT_BRB
	VALUES ("32ca6842-bf31-4808-bb49-e0665140a0c8",
	"2052aeb8-71a4-49e3-864d-b678d3906bed");
INSERT INTO ACT_ACT
	VALUES ("32ca6842-bf31-4808-bb49-e0665140a0c8",
	'bridge',
	0,
	"abf63a85-6d33-46c1-99e6-259500369c8f",
	"00000000-0000-0000-0000-000000000000",
	0,
	'Time::get_minute',
	"00000000-0000-0000-0000-000000000000");
INSERT INTO ACT_BLK
	VALUES ("abf63a85-6d33-46c1-99e6-259500369c8f",
	0,
	0,
	0,
	'',
	'',
	'',
	0,
	0,
	0,
	0,
	0,
	0,
	0,
	0,
	0,
	0,
	0,
	0,
	0,
	"32ca6842-bf31-4808-bb49-e0665140a0c8",
	"00000000-0000-0000-0000-000000000000");
INSERT INTO S_BRG
	VALUES ("ffe9b4a1-cf2d-46b7-9789-be3f258319ec",
	"0cbe8000-b94e-43c0-a74e-b3d9f70bb59d",
	'get_hour',
	'',
	1,
	"ba5eda7a-def5-0000-0000-000000000002",
	'',
	1,
	'',
	0);
INSERT INTO S_BPARM
	VALUES ("84d75bad-1e52-43aa-aa26-ca21bbf0a968",
	"ffe9b4a1-cf2d-46b7-9789-be3f258319ec",
	'date',
	"ba5eda7a-def5-0000-0000-00000000000e",
	0,
	'',
	"00000000-0000-0000-0000-000000000000",
	'');
INSERT INTO ACT_BRB
	VALUES ("09e13f2d-323a-426d-9b3c-f00621ec08a3",
	"ffe9b4a1-cf2d-46b7-9789-be3f258319ec");
INSERT INTO ACT_ACT
	VALUES ("09e13f2d-323a-426d-9b3c-f00621ec08a3",
	'bridge',
	0,
	"d1e3be8e-43e5-4064-a6c2-6cd1dde55190",
	"00000000-0000-0000-0000-000000000000",
	0,
	'Time::get_hour',
	"00000000-0000-0000-0000-000000000000");
INSERT INTO ACT_BLK
	VALUES ("d1e3be8e-43e5-4064-a6c2-6cd1dde55190",
	0,
	0,
	0,
	'',
	'',
	'',
	0,
	0,
	0,
	0,
	0,
	0,
	0,
	0,
	0,
	0,
	0,
	0,
	0,
	"09e13f2d-323a-426d-9b3c-f00621ec08a3",
	"00000000-0000-0000-0000-000000000000");
INSERT INTO S_BRG
	VALUES ("cccf7316-ec6f-4823-ade0-eaab3e2435fc",
	"0cbe8000-b94e-43c0-a74e-b3d9f70bb59d",
	'get_day',
	'',
	1,
	"ba5eda7a-def5-0000-0000-000000000002",
	'',
	1,
	'',
	0);
INSERT INTO S_BPARM
	VALUES ("4a4ba548-f47c-486b-8ef0-77ed20e6a45e",
	"cccf7316-ec6f-4823-ade0-eaab3e2435fc",
	'date',
	"ba5eda7a-def5-0000-0000-00000000000e",
	0,
	'',
	"00000000-0000-0000-0000-000000000000",
	'');
INSERT INTO ACT_BRB
	VALUES ("6efa9e1e-25ff-4468-8271-b6676ad071cf",
	"cccf7316-ec6f-4823-ade0-eaab3e2435fc");
INSERT INTO ACT_ACT
	VALUES ("6efa9e1e-25ff-4468-8271-b6676ad071cf",
	'bridge',
	0,
	"b328c648-b687-4491-b35b-a87442c41f38",
	"00000000-0000-0000-0000-000000000000",
	0,
	'Time::get_day',
	"00000000-0000-0000-0000-000000000000");
INSERT INTO ACT_BLK
	VALUES ("b328c648-b687-4491-b35b-a87442c41f38",
	0,
	0,
	0,
	'',
	'',
	'',
	0,
	0,
	0,
	0,
	0,
	0,
	0,
	0,
	0,
	0,
	0,
	0,
	0,
	"6efa9e1e-25ff-4468-8271-b6676ad071cf",
	"00000000-0000-0000-0000-000000000000");
INSERT INTO S_BRG
	VALUES ("e4d7890a-c0ba-4e92-bb75-a89f7a1deb89",
	"0cbe8000-b94e-43c0-a74e-b3d9f70bb59d",
	'get_month',
	'',
	1,
	"ba5eda7a-def5-0000-0000-000000000002",
	'',
	1,
	'',
	0);
INSERT INTO S_BPARM
	VALUES ("d40816f7-b76c-427b-b6d7-446d20d03ee3",
	"e4d7890a-c0ba-4e92-bb75-a89f7a1deb89",
	'date',
	"ba5eda7a-def5-0000-0000-00000000000e",
	0,
	'',
	"00000000-0000-0000-0000-000000000000",
	'');
INSERT INTO ACT_BRB
	VALUES ("1bef7120-9d5f-4820-9e31-dbde7108e5a1",
	"e4d7890a-c0ba-4e92-bb75-a89f7a1deb89");
INSERT INTO ACT_ACT
	VALUES ("1bef7120-9d5f-4820-9e31-dbde7108e5a1",
	'bridge',
	0,
	"529ddd0e-660d-4b26-8af2-7ce3ac8f38dc",
	"00000000-0000-0000-0000-000000000000",
	0,
	'Time::get_month',
	"00000000-0000-0000-0000-000000000000");
INSERT INTO ACT_BLK
	VALUES ("529ddd0e-660d-4b26-8af2-7ce3ac8f38dc",
	0,
	0,
	0,
	'',
	'',
	'',
	0,
	0,
	0,
	0,
	0,
	0,
	0,
	0,
	0,
	0,
	0,
	0,
	0,
	"1bef7120-9d5f-4820-9e31-dbde7108e5a1",
	"00000000-0000-0000-0000-000000000000");
INSERT INTO S_BRG
	VALUES ("cd04774e-daca-4924-8bf8-26acb2101a9a",
	"0cbe8000-b94e-43c0-a74e-b3d9f70bb59d",
	'get_year',
	'',
	1,
	"ba5eda7a-def5-0000-0000-000000000002",
	'',
	1,
	'',
	0);
INSERT INTO S_BPARM
	VALUES ("5b29a6f6-08a1-4ddf-9107-136a053c0933",
	"cd04774e-daca-4924-8bf8-26acb2101a9a",
	'date',
	"ba5eda7a-def5-0000-0000-00000000000e",
	0,
	'',
	"00000000-0000-0000-0000-000000000000",
	'');
INSERT INTO ACT_BRB
	VALUES ("e15ff34d-6dc3-42ba-939f-668722e5a07e",
	"cd04774e-daca-4924-8bf8-26acb2101a9a");
INSERT INTO ACT_ACT
	VALUES ("e15ff34d-6dc3-42ba-939f-668722e5a07e",
	'bridge',
	0,
	"01317f8f-a5b5-4d3e-9ecc-d70b61ca3310",
	"00000000-0000-0000-0000-000000000000",
	0,
	'Time::get_year',
	"00000000-0000-0000-0000-000000000000");
INSERT INTO ACT_BLK
	VALUES ("01317f8f-a5b5-4d3e-9ecc-d70b61ca3310",
	0,
	0,
	0,
	'',
	'',
	'',
	0,
	0,
	0,
	0,
	0,
	0,
	0,
	0,
	0,
	0,
	0,
	0,
	0,
	"e15ff34d-6dc3-42ba-939f-668722e5a07e",
	"00000000-0000-0000-0000-000000000000");
INSERT INTO S_BRG
	VALUES ("f3a7f92c-3c6b-4d36-8f32-849ae8fce50a",
	"0cbe8000-b94e-43c0-a74e-b3d9f70bb59d",
	'current_clock',
	'',
	1,
	"ba5eda7a-def5-0000-0000-000000000010",
	'',
	1,
	'',
	0);
INSERT INTO ACT_BRB
	VALUES ("066bd15f-e290-4b43-a69d-31e8ad6415f6",
	"f3a7f92c-3c6b-4d36-8f32-849ae8fce50a");
INSERT INTO ACT_ACT
	VALUES ("066bd15f-e290-4b43-a69d-31e8ad6415f6",
	'bridge',
	0,
	"60768b3d-d572-487e-8d8c-67e88dfab9f7",
	"00000000-0000-0000-0000-000000000000",
	0,
	'Time::current_clock',
	"00000000-0000-0000-0000-000000000000");
INSERT INTO ACT_BLK
	VALUES ("60768b3d-d572-487e-8d8c-67e88dfab9f7",
	0,
	0,
	0,
	'',
	'',
	'',
	0,
	0,
	0,
	0,
	0,
	0,
	0,
	0,
	0,
	0,
	0,
	0,
	0,
	"066bd15f-e290-4b43-a69d-31e8ad6415f6",
	"00000000-0000-0000-0000-000000000000");
INSERT INTO S_BRG
	VALUES ("0b4c485f-017d-40b6-9a7e-57fda5776da4",
	"0cbe8000-b94e-43c0-a74e-b3d9f70bb59d",
	'timer_start',
	'This bridge operation starts a timer set to expire in the specified number of
microseconds, generating the passed event upon expiration. Returns the instance
handle of the timer.',
	1,
	"ba5eda7a-def5-0000-0000-00000000000f",
	'',
	1,
	'',
	0);
INSERT INTO S_BPARM
	VALUES ("eebfd799-31fd-4ce8-a08a-9724a263b762",
	"0b4c485f-017d-40b6-9a7e-57fda5776da4",
	'microseconds',
	"ba5eda7a-def5-0000-0000-000000000002",
	0,
	'',
	"9b715479-d702-47cb-8122-8620dc4ed902",
	'');
INSERT INTO S_BPARM
	VALUES ("9b715479-d702-47cb-8122-8620dc4ed902",
	"0b4c485f-017d-40b6-9a7e-57fda5776da4",
	'event_inst',
	"ba5eda7a-def5-0000-0000-00000000000a",
	0,
	'',
	"00000000-0000-0000-0000-000000000000",
	'');
INSERT INTO ACT_BRB
	VALUES ("dbf9a758-cfcf-45cf-88a6-4e52f3ed239b",
	"0b4c485f-017d-40b6-9a7e-57fda5776da4");
INSERT INTO ACT_ACT
	VALUES ("dbf9a758-cfcf-45cf-88a6-4e52f3ed239b",
	'bridge',
	0,
	"5df96eee-c839-430c-aa41-fae8bac5ba97",
	"00000000-0000-0000-0000-000000000000",
	0,
	'Time::timer_start',
	"00000000-0000-0000-0000-000000000000");
INSERT INTO ACT_BLK
	VALUES ("5df96eee-c839-430c-aa41-fae8bac5ba97",
	0,
	0,
	0,
	'',
	'',
	'',
	0,
	0,
	0,
	0,
	0,
	0,
	0,
	0,
	0,
	0,
	0,
	0,
	0,
	"dbf9a758-cfcf-45cf-88a6-4e52f3ed239b",
	"00000000-0000-0000-0000-000000000000");
INSERT INTO S_BRG
	VALUES ("16322409-ab18-4a8a-8189-42924b6ad4c7",
	"0cbe8000-b94e-43c0-a74e-b3d9f70bb59d",
	'timer_start_recurring',
	'This bridge operation starts a timer set to expire in the specified number of
microseconds, generating the passed event upon expiration. Upon expiration, the
timer will be restarted and fire again in the specified number of microseconds
generating the passed event. This bridge operation returns the instance handle
of the timer.',
	1,
	"ba5eda7a-def5-0000-0000-00000000000f",
	'',
	1,
	'',
	0);
INSERT INTO S_BPARM
	VALUES ("f837dc1f-51c1-4f10-8f70-894551d66b04",
	"16322409-ab18-4a8a-8189-42924b6ad4c7",
	'microseconds',
	"ba5eda7a-def5-0000-0000-000000000002",
	0,
	'',
	"d4bcf76d-bce4-4c9a-9fe9-5fd26309ed9a",
	'');
INSERT INTO S_BPARM
	VALUES ("d4bcf76d-bce4-4c9a-9fe9-5fd26309ed9a",
	"16322409-ab18-4a8a-8189-42924b6ad4c7",
	'event_inst',
	"ba5eda7a-def5-0000-0000-00000000000a",
	0,
	'',
	"00000000-0000-0000-0000-000000000000",
	'');
INSERT INTO ACT_BRB
	VALUES ("4d4e7010-3502-4b8f-ac35-2cc167c03843",
	"16322409-ab18-4a8a-8189-42924b6ad4c7");
INSERT INTO ACT_ACT
	VALUES ("4d4e7010-3502-4b8f-ac35-2cc167c03843",
	'bridge',
	0,
	"926c8efb-884d-472d-a902-3865fee8261a",
	"00000000-0000-0000-0000-000000000000",
	0,
	'Time::timer_start_recurring',
	"00000000-0000-0000-0000-000000000000");
INSERT INTO ACT_BLK
	VALUES ("926c8efb-884d-472d-a902-3865fee8261a",
	0,
	0,
	0,
	'',
	'',
	'',
	0,
	0,
	0,
	0,
	0,
	0,
	0,
	0,
	0,
	0,
	0,
	0,
	0,
	"4d4e7010-3502-4b8f-ac35-2cc167c03843",
	"00000000-0000-0000-0000-000000000000");
INSERT INTO S_BRG
	VALUES ("724d498a-672c-4565-ade3-ad23463f9c4e",
	"0cbe8000-b94e-43c0-a74e-b3d9f70bb59d",
	'timer_remaining_time',
	'Returns the time remaining (in microseconds) for the passed timer instance. If
the timer has expired, a zero value is returned.',
	1,
	"ba5eda7a-def5-0000-0000-000000000002",
	'',
	1,
	'',
	0);
INSERT INTO S_BPARM
	VALUES ("2acf22f9-c00d-4469-9fad-399b127eee5b",
	"724d498a-672c-4565-ade3-ad23463f9c4e",
	'timer_inst_ref',
	"ba5eda7a-def5-0000-0000-00000000000f",
	0,
	'',
	"00000000-0000-0000-0000-000000000000",
	'');
INSERT INTO ACT_BRB
	VALUES ("a4e4c76c-39de-449b-9e7c-5639dce9bd99",
	"724d498a-672c-4565-ade3-ad23463f9c4e");
INSERT INTO ACT_ACT
	VALUES ("a4e4c76c-39de-449b-9e7c-5639dce9bd99",
	'bridge',
	0,
	"1b4e7d5d-554e-4394-aeb0-8917acf725f0",
	"00000000-0000-0000-0000-000000000000",
	0,
	'Time::timer_remaining_time',
	"00000000-0000-0000-0000-000000000000");
INSERT INTO ACT_BLK
	VALUES ("1b4e7d5d-554e-4394-aeb0-8917acf725f0",
	0,
	0,
	0,
	'',
	'',
	'',
	0,
	0,
	0,
	0,
	0,
	0,
	0,
	0,
	0,
	0,
	0,
	0,
	0,
	"a4e4c76c-39de-449b-9e7c-5639dce9bd99",
	"00000000-0000-0000-0000-000000000000");
INSERT INTO S_BRG
	VALUES ("587a5601-85c2-4712-9523-edb532578dab",
	"0cbe8000-b94e-43c0-a74e-b3d9f70bb59d",
	'timer_reset_time',
	'This bridge operation attempts to set the passed existing timer to expire in
the specified number of microseconds. If the timer exists (that is, it has not
expired), a TRUE value is returned. If the timer no longer exists, a FALSE value
is returned.',
	1,
	"ba5eda7a-def5-0000-0000-000000000001",
	'',
	1,
	'',
	0);
INSERT INTO S_BPARM
	VALUES ("8c3b610d-cb43-431e-a887-f93a904a8d13",
	"587a5601-85c2-4712-9523-edb532578dab",
	'timer_inst_ref',
	"ba5eda7a-def5-0000-0000-00000000000f",
	0,
	'',
	"f3102f1e-34e8-4504-bb2c-986aecdb906d",
	'');
INSERT INTO S_BPARM
	VALUES ("f3102f1e-34e8-4504-bb2c-986aecdb906d",
	"587a5601-85c2-4712-9523-edb532578dab",
	'microseconds',
	"ba5eda7a-def5-0000-0000-000000000002",
	0,
	'',
	"00000000-0000-0000-0000-000000000000",
	'');
INSERT INTO ACT_BRB
	VALUES ("9b61ceec-54e8-4a9d-9e43-8754134cd141",
	"587a5601-85c2-4712-9523-edb532578dab");
INSERT INTO ACT_ACT
	VALUES ("9b61ceec-54e8-4a9d-9e43-8754134cd141",
	'bridge',
	0,
	"74ca5aae-e683-4e68-ab4b-310fe9b22997",
	"00000000-0000-0000-0000-000000000000",
	0,
	'Time::timer_reset_time',
	"00000000-0000-0000-0000-000000000000");
INSERT INTO ACT_BLK
	VALUES ("74ca5aae-e683-4e68-ab4b-310fe9b22997",
	0,
	0,
	0,
	'',
	'',
	'',
	0,
	0,
	0,
	0,
	0,
	0,
	0,
	0,
	0,
	0,
	0,
	0,
	0,
	"9b61ceec-54e8-4a9d-9e43-8754134cd141",
	"00000000-0000-0000-0000-000000000000");
INSERT INTO S_BRG
	VALUES ("a160d621-7f28-44ee-b4d9-59b10ef2e404",
	"0cbe8000-b94e-43c0-a74e-b3d9f70bb59d",
	'timer_add_time',
	'This bridge operation attempts to add the specified number of microseconds to a
passed existing timer. If the timer exists (that is, it has not expired), a TRUE
value is returned. If the timer no longer exists, a FALSE value is returned.',
	1,
	"ba5eda7a-def5-0000-0000-000000000001",
	'',
	1,
	'',
	0);
INSERT INTO S_BPARM
	VALUES ("468de39e-d4fc-4f30-accf-11eb27171171",
	"a160d621-7f28-44ee-b4d9-59b10ef2e404",
	'timer_inst_ref',
	"ba5eda7a-def5-0000-0000-00000000000f",
	0,
	'',
	"d464f0b4-214d-40d1-87b3-f836b218ccaf",
	'');
INSERT INTO S_BPARM
	VALUES ("d464f0b4-214d-40d1-87b3-f836b218ccaf",
	"a160d621-7f28-44ee-b4d9-59b10ef2e404",
	'microseconds',
	"ba5eda7a-def5-0000-0000-000000000002",
	0,
	'',
	"00000000-0000-0000-0000-000000000000",
	'');
INSERT INTO ACT_BRB
	VALUES ("2a47d23a-af61-44b1-88ed-41053663633b",
	"a160d621-7f28-44ee-b4d9-59b10ef2e404");
INSERT INTO ACT_ACT
	VALUES ("2a47d23a-af61-44b1-88ed-41053663633b",
	'bridge',
	0,
	"a919b000-fd22-4306-af25-f5f8f105bd11",
	"00000000-0000-0000-0000-000000000000",
	0,
	'Time::timer_add_time',
	"00000000-0000-0000-0000-000000000000");
INSERT INTO ACT_BLK
	VALUES ("a919b000-fd22-4306-af25-f5f8f105bd11",
	0,
	0,
	0,
	'',
	'',
	'',
	0,
	0,
	0,
	0,
	0,
	0,
	0,
	0,
	0,
	0,
	0,
	0,
	0,
	"2a47d23a-af61-44b1-88ed-41053663633b",
	"00000000-0000-0000-0000-000000000000");
INSERT INTO S_BRG
	VALUES ("b2f303f5-6e95-4731-a762-be0c0eb02ca7",
	"0cbe8000-b94e-43c0-a74e-b3d9f70bb59d",
	'timer_cancel',
	'This bridge operation cancels and deletes the passed timer instance. If the
timer exists (that is, it had not expired), a TRUE value is returned. If the
timer no longer exists, a FALSE value is returned.',
	1,
	"ba5eda7a-def5-0000-0000-000000000001",
	'',
	1,
	'',
	0);
INSERT INTO S_BPARM
	VALUES ("e74eb78d-a2ce-4224-bdad-cc900e1a843b",
	"b2f303f5-6e95-4731-a762-be0c0eb02ca7",
	'timer_inst_ref',
	"ba5eda7a-def5-0000-0000-00000000000f",
	0,
	'',
	"00000000-0000-0000-0000-000000000000",
	'');
INSERT INTO ACT_BRB
	VALUES ("e2f591d8-0c9f-421c-b4a5-d900039b091b",
	"b2f303f5-6e95-4731-a762-be0c0eb02ca7");
INSERT INTO ACT_ACT
	VALUES ("e2f591d8-0c9f-421c-b4a5-d900039b091b",
	'bridge',
	0,
	"9eea3952-d188-4587-8736-e33a69afdadd",
	"00000000-0000-0000-0000-000000000000",
	0,
	'Time::timer_cancel',
	"00000000-0000-0000-0000-000000000000");
INSERT INTO ACT_BLK
	VALUES ("9eea3952-d188-4587-8736-e33a69afdadd",
	0,
	0,
	0,
	'',
	'',
	'',
	0,
	0,
	0,
	0,
	0,
	0,
	0,
	0,
	0,
	0,
	0,
	0,
	0,
	"e2f591d8-0c9f-421c-b4a5-d900039b091b",
	"00000000-0000-0000-0000-000000000000");
INSERT INTO PE_PE
	VALUES ("2c85491d-6998-469c-bc26-d447450f7f85",
	1,
	"63980537-a12c-49e3-a1f9-8bd1a2489218",
	"00000000-0000-0000-0000-000000000000",
	5);
INSERT INTO S_EE
	VALUES ("2c85491d-6998-469c-bc26-d447450f7f85",
	'Command Line',
	'This utility provides an interface to the command line arguements of the
application. ''register_flag'' and ''register_value'' are used to set up possible
options that may be queried. ''read_command_line'' signals the tool to parse
the command line arguments based on the registered options. ''get_flag'' and
''get_value'' query the loaded command line options. The ''register_*'' bridges
are intended to be called in the initializaion routine for a component. After
all options, are registered, ''read_command_line'' should be called to load
and validate the options. At this point, if the command line options do not
match the requirements of the registered options, the application will terminate.
Once ''read_command_line'' is invoked, no more options may be registered. The
''get_*'' bridges may be called any number of times afterwards to query the
command line.',
	'CMD',
	"00000000-0000-0000-0000-000000000000",
	'',
	'Command Line',
	1);
INSERT INTO S_BRG
	VALUES ("4c84eeef-580a-44c0-99a3-07b6a73452d7",
	"2c85491d-6998-469c-bc26-d447450f7f85",
	'register_flag',
	'Registers a command line option that may or may not be present. This option may not take a value.
  name: The name of the option. Values must be composed of uper and lowercase letters only.
  usage: Usage text to be displayed to the user.
  
Produces an error if:
  - The provided option name is invalid
  - The proivided option name has already been registered
  - It is invoked after ''read_command_line'' has been invoked',
	0,
	"ba5eda7a-def5-0000-0000-000000000000",
	'',
	1,
	'',
	0);
INSERT INTO S_BPARM
	VALUES ("c6e934fc-2ef0-40c1-a16c-0a06a0277880",
	"4c84eeef-580a-44c0-99a3-07b6a73452d7",
	'name',
	"ba5eda7a-def5-0000-0000-000000000004",
	0,
	'',
	"00000000-0000-0000-0000-000000000000",
	'');
INSERT INTO S_BPARM
	VALUES ("aa97ca18-dd08-4372-a172-5fea79e99363",
	"4c84eeef-580a-44c0-99a3-07b6a73452d7",
	'usage',
	"ba5eda7a-def5-0000-0000-000000000004",
	0,
	'',
	"c6e934fc-2ef0-40c1-a16c-0a06a0277880",
	'');
INSERT INTO ACT_BRB
	VALUES ("eba99b3a-0445-4b24-97fa-8a84e9bf7b0d",
	"4c84eeef-580a-44c0-99a3-07b6a73452d7");
INSERT INTO ACT_ACT
	VALUES ("eba99b3a-0445-4b24-97fa-8a84e9bf7b0d",
	'bridge',
	0,
	"f706daba-4c06-4cf1-ac93-f746192f3a25",
	"00000000-0000-0000-0000-000000000000",
	0,
	'Command Line::register_flag',
	"00000000-0000-0000-0000-000000000000");
INSERT INTO ACT_BLK
	VALUES ("f706daba-4c06-4cf1-ac93-f746192f3a25",
	0,
	0,
	0,
	'',
	'',
	'',
	0,
	0,
	0,
	0,
	0,
	0,
	0,
	0,
	0,
	0,
	0,
	0,
	0,
	"eba99b3a-0445-4b24-97fa-8a84e9bf7b0d",
	"00000000-0000-0000-0000-000000000000");
INSERT INTO S_BRG
	VALUES ("552205ca-aa70-45be-9f6c-fed75e322243",
	"2c85491d-6998-469c-bc26-d447450f7f85",
	'register_value',
	'Registers a command line option that is accompanied by a value.
  name: The name of the option. Values must be composed of uper and lowercase letters only.
  value_name: The name of the value to be printed in the usage information.
  usage: Usage text to be displayed to the user.
  default: The value to return if the option is not present.
  
Produces an error if:
  - The provided option name is invalid
  - The proivided option name has already been registered
  - It is invoked after ''read_command_line'' has been invoked',
	0,
	"ba5eda7a-def5-0000-0000-000000000000",
	'',
	1,
	'',
	0);
INSERT INTO S_BPARM
	VALUES ("fe6e347e-148c-41b0-93d2-103cb5b039c7",
	"552205ca-aa70-45be-9f6c-fed75e322243",
	'name',
	"ba5eda7a-def5-0000-0000-000000000004",
	0,
	'',
	"00000000-0000-0000-0000-000000000000",
	'');
INSERT INTO S_BPARM
	VALUES ("aeafcd39-100f-4510-b577-b492a87341b4",
	"552205ca-aa70-45be-9f6c-fed75e322243",
	'usage',
	"ba5eda7a-def5-0000-0000-000000000004",
	0,
	'',
	"de67d99a-f018-4c57-8c77-ae04092276d5",
	'');
INSERT INTO S_BPARM
	VALUES ("1116bbba-a679-4051-9499-b6b084b1ce4b",
	"552205ca-aa70-45be-9f6c-fed75e322243",
	'default',
	"ba5eda7a-def5-0000-0000-000000000004",
	0,
	'',
	"aeafcd39-100f-4510-b577-b492a87341b4",
	'');
INSERT INTO S_BPARM
	VALUES ("de67d99a-f018-4c57-8c77-ae04092276d5",
	"552205ca-aa70-45be-9f6c-fed75e322243",
	'value_name',
	"ba5eda7a-def5-0000-0000-000000000004",
	0,
	'',
	"fe6e347e-148c-41b0-93d2-103cb5b039c7",
	'');
INSERT INTO S_BPARM
	VALUES ("c0949355-b740-4feb-9f33-245a8ef01d3f",
	"552205ca-aa70-45be-9f6c-fed75e322243",
	'required',
	"ba5eda7a-def5-0000-0000-000000000001",
	0,
	'',
	"1116bbba-a679-4051-9499-b6b084b1ce4b",
	'');
INSERT INTO ACT_BRB
	VALUES ("561f7cc6-5980-4be5-a8ea-d699baafb9f2",
	"552205ca-aa70-45be-9f6c-fed75e322243");
INSERT INTO ACT_ACT
	VALUES ("561f7cc6-5980-4be5-a8ea-d699baafb9f2",
	'bridge',
	0,
	"99d8a0d7-3c20-4039-a4db-6dc6028a1c02",
	"00000000-0000-0000-0000-000000000000",
	0,
	'Command Line::register_value',
	"00000000-0000-0000-0000-000000000000");
INSERT INTO ACT_BLK
	VALUES ("99d8a0d7-3c20-4039-a4db-6dc6028a1c02",
	0,
	0,
	0,
	'',
	'',
	'',
	0,
	0,
	0,
	0,
	0,
	0,
	0,
	0,
	0,
	0,
	0,
	0,
	0,
	"561f7cc6-5980-4be5-a8ea-d699baafb9f2",
	"00000000-0000-0000-0000-000000000000");
INSERT INTO S_BRG
	VALUES ("e14dac49-6263-450c-a836-b0d18eb918ce",
	"2c85491d-6998-469c-bc26-d447450f7f85",
	'get_flag',
	'Return true if the option is present.
  
Produces an error if:
  - The provided option name is invalid
  - The provided option name has not been registered
  - The provided option name has been registered as a value
  - It is invoked before ''read_command_line'' has been invoked',
	0,
	"ba5eda7a-def5-0000-0000-000000000001",
	'',
	1,
	'',
	0);
INSERT INTO S_BPARM
	VALUES ("0b5faa27-1c3c-451f-8cde-e5556fa72e6f",
	"e14dac49-6263-450c-a836-b0d18eb918ce",
	'name',
	"ba5eda7a-def5-0000-0000-000000000004",
	0,
	'',
	"00000000-0000-0000-0000-000000000000",
	'');
INSERT INTO ACT_BRB
	VALUES ("afb934f8-2cb5-4277-a375-c4113a0074f9",
	"e14dac49-6263-450c-a836-b0d18eb918ce");
INSERT INTO ACT_ACT
	VALUES ("afb934f8-2cb5-4277-a375-c4113a0074f9",
	'bridge',
	0,
	"45e379bf-8662-4f63-be68-22846e252f2d",
	"00000000-0000-0000-0000-000000000000",
	0,
	'Command Line::get_flag',
	"00000000-0000-0000-0000-000000000000");
INSERT INTO ACT_BLK
	VALUES ("45e379bf-8662-4f63-be68-22846e252f2d",
	0,
	0,
	0,
	'',
	'',
	'',
	0,
	0,
	0,
	0,
	0,
	0,
	0,
	0,
	0,
	0,
	0,
	0,
	0,
	"afb934f8-2cb5-4277-a375-c4113a0074f9",
	"00000000-0000-0000-0000-000000000000");
INSERT INTO S_BRG
	VALUES ("48b8f9dc-e8f2-41f2-9b8e-d6b671643328",
	"2c85491d-6998-469c-bc26-d447450f7f85",
	'get_value',
	'Get the value of a registered option.
  
Produces an error if:
  - The provided option name is invalid
  - The provided option name has not been registered
  - The provided option name has been registered as a flag
  - It is invoked before ''read_command_line'' has been invoked',
	0,
	"ba5eda7a-def5-0000-0000-000000000004",
	'',
	1,
	'',
	0);
INSERT INTO S_BPARM
	VALUES ("4c7c1c7f-d782-47de-94dc-8c16a0605a70",
	"48b8f9dc-e8f2-41f2-9b8e-d6b671643328",
	'name',
	"ba5eda7a-def5-0000-0000-000000000004",
	0,
	'',
	"00000000-0000-0000-0000-000000000000",
	'');
INSERT INTO ACT_BRB
	VALUES ("b80c8092-35df-45ce-b06c-511bbf7b2903",
	"48b8f9dc-e8f2-41f2-9b8e-d6b671643328");
INSERT INTO ACT_ACT
	VALUES ("b80c8092-35df-45ce-b06c-511bbf7b2903",
	'bridge',
	0,
	"b54afaf0-88d5-42e3-a6ee-ee571a999773",
	"00000000-0000-0000-0000-000000000000",
	0,
	'Command Line::get_value',
	"00000000-0000-0000-0000-000000000000");
INSERT INTO ACT_BLK
	VALUES ("b54afaf0-88d5-42e3-a6ee-ee571a999773",
	0,
	0,
	0,
	'',
	'',
	'',
	0,
	0,
	0,
	0,
	0,
	0,
	0,
	0,
	0,
	0,
	0,
	0,
	0,
	"b80c8092-35df-45ce-b06c-511bbf7b2903",
	"00000000-0000-0000-0000-000000000000");
INSERT INTO S_BRG
	VALUES ("029dc98c-3010-43ac-9592-e46b263472fe",
	"2c85491d-6998-469c-bc26-d447450f7f85",
	'read_command_line',
	'Parses the command line arguments and validates them based on the registered
options. This produces an error if it is called twice.',
	0,
	"ba5eda7a-def5-0000-0000-000000000000",
	'',
	1,
	'',
	0);
INSERT INTO ACT_BRB
	VALUES ("eedb8c24-c129-48f8-8f91-248b8699dcb9",
	"029dc98c-3010-43ac-9592-e46b263472fe");
INSERT INTO ACT_ACT
	VALUES ("eedb8c24-c129-48f8-8f91-248b8699dcb9",
	'bridge',
	0,
	"751a1084-db87-4d55-bfba-7421910c491b",
	"00000000-0000-0000-0000-000000000000",
	0,
	'Command Line::read_command_line',
	"00000000-0000-0000-0000-000000000000");
INSERT INTO ACT_BLK
	VALUES ("751a1084-db87-4d55-bfba-7421910c491b",
	0,
	0,
	0,
	'',
	'',
	'',
	0,
	0,
	0,
	0,
	0,
	0,
	0,
	0,
	0,
	0,
	0,
	0,
	0,
	"eedb8c24-c129-48f8-8f91-248b8699dcb9",
	"00000000-0000-0000-0000-000000000000");
INSERT INTO PE_PE
	VALUES ("33d21480-69a2-4ed7-9fd6-4b0d734cf2a9",
	1,
	"63980537-a12c-49e3-a1f9-8bd1a2489218",
	"00000000-0000-0000-0000-000000000000",
	5);
INSERT INTO S_EE
	VALUES ("33d21480-69a2-4ed7-9fd6-4b0d734cf2a9",
	'string',
	'',
	'STRING',
	"00000000-0000-0000-0000-000000000000",
	'',
	'string',
	1);
INSERT INTO S_BRG
	VALUES ("1f23e627-377e-4168-a4a2-bda0a5ec42eb",
	"33d21480-69a2-4ed7-9fd6-4b0d734cf2a9",
	'itoa',
	'',
	0,
	"ba5eda7a-def5-0000-0000-000000000004",
	'mapping[9]="9"; mapping[8]="8"; mapping[7]="7"; mapping[6]="6"; mapping[5]="5";
mapping[4]="4"; mapping[3]="3"; mapping[2]="2"; mapping[1]="1"; mapping[0]="0";

i = param.i; s = "";
while ( i >= 1 )
  d = i % 10;
  i = i / 10;
  s = mapping[ d ] + s;
end while;

return s;',
	1,
	'',
	0);
INSERT INTO S_BPARM
	VALUES ("37ef52bb-354f-4080-951f-232d57d97550",
	"1f23e627-377e-4168-a4a2-bda0a5ec42eb",
	'i',
	"ba5eda7a-def5-0000-0000-000000000002",
	0,
	'',
	"00000000-0000-0000-0000-000000000000",
	'');
INSERT INTO ACT_BRB
	VALUES ("850746df-729f-44c8-a0ca-f8ffbef8438a",
	"1f23e627-377e-4168-a4a2-bda0a5ec42eb");
INSERT INTO ACT_ACT
	VALUES ("850746df-729f-44c8-a0ca-f8ffbef8438a",
	'bridge',
	0,
	"a26c7a59-5010-42ae-86b5-9b7116f0df95",
	"00000000-0000-0000-0000-000000000000",
	0,
	'string::itoa',
	"00000000-0000-0000-0000-000000000000");
INSERT INTO ACT_BLK
	VALUES ("a26c7a59-5010-42ae-86b5-9b7116f0df95",
	0,
	0,
	0,
	'',
	'',
	'',
	11,
	1,
	0,
	0,
	0,
	0,
	0,
	0,
	0,
	0,
	0,
	0,
	0,
	"850746df-729f-44c8-a0ca-f8ffbef8438a",
	"00000000-0000-0000-0000-000000000000");
INSERT INTO ACT_SMT
	VALUES ("ca3227ce-b4d4-4e6c-8859-6eb9e727ef26",
	"a26c7a59-5010-42ae-86b5-9b7116f0df95",
	"b04aec82-6483-4ce6-94c4-540ef335bc18",
	1,
	1,
	'string::itoa line: 1');
INSERT INTO ACT_AI
	VALUES ("ca3227ce-b4d4-4e6c-8859-6eb9e727ef26",
	"6b27ddd7-a86e-492d-aff9-7a6936c4d6b1",
	"063120c9-f521-4621-85b5-2dbd2e577b05",
	0,
	0);
INSERT INTO ACT_SMT
	VALUES ("b04aec82-6483-4ce6-94c4-540ef335bc18",
	"a26c7a59-5010-42ae-86b5-9b7116f0df95",
	"bd8c2980-2a5c-4ea4-a713-e6e2b612ca90",
	1,
	17,
	'string::itoa line: 1');
INSERT INTO ACT_AI
	VALUES ("b04aec82-6483-4ce6-94c4-540ef335bc18",
	"a89bdda6-9eb4-484c-98eb-11bf76e2f038",
	"469982de-5088-479a-8305-3f609f8a46ee",
	0,
	0);
INSERT INTO ACT_SMT
	VALUES ("bd8c2980-2a5c-4ea4-a713-e6e2b612ca90",
	"a26c7a59-5010-42ae-86b5-9b7116f0df95",
	"b45f811e-657e-4a01-bd1a-20c2d9e0f8e6",
	1,
	33,
	'string::itoa line: 1');
INSERT INTO ACT_AI
	VALUES ("bd8c2980-2a5c-4ea4-a713-e6e2b612ca90",
	"8f999fe9-3b60-447e-8e44-fc4492d30fdc",
	"8c6bf923-8a1f-4e1b-a25c-b72792dd7c2a",
	0,
	0);
INSERT INTO ACT_SMT
	VALUES ("b45f811e-657e-4a01-bd1a-20c2d9e0f8e6",
	"a26c7a59-5010-42ae-86b5-9b7116f0df95",
	"4672ce93-9984-4add-b750-dbf0e512ea90",
	1,
	49,
	'string::itoa line: 1');
INSERT INTO ACT_AI
	VALUES ("b45f811e-657e-4a01-bd1a-20c2d9e0f8e6",
	"6f701c26-c14a-4b75-9a78-40c117afc77a",
	"a2291014-876d-4597-8b5f-d137759a5370",
	0,
	0);
INSERT INTO ACT_SMT
	VALUES ("4672ce93-9984-4add-b750-dbf0e512ea90",
	"a26c7a59-5010-42ae-86b5-9b7116f0df95",
	"4277054c-977f-4c9d-b12b-2cc3d8ab2177",
	1,
	65,
	'string::itoa line: 1');
INSERT INTO ACT_AI
	VALUES ("4672ce93-9984-4add-b750-dbf0e512ea90",
	"1c06d654-725f-4687-a685-1a3544b46468",
	"a5cf5454-ae4e-4e8a-8f77-1c033ba6cb3d",
	0,
	0);
INSERT INTO ACT_SMT
	VALUES ("4277054c-977f-4c9d-b12b-2cc3d8ab2177",
	"a26c7a59-5010-42ae-86b5-9b7116f0df95",
	"2df2fc63-6dcd-4646-bbd9-82e6b50be893",
	2,
	1,
	'string::itoa line: 2');
INSERT INTO ACT_AI
	VALUES ("4277054c-977f-4c9d-b12b-2cc3d8ab2177",
	"41cfaa01-e5f8-49c6-948d-0973a3127b0e",
	"51e2340e-f218-4c14-a09d-711e1ff64647",
	0,
	0);
INSERT INTO ACT_SMT
	VALUES ("2df2fc63-6dcd-4646-bbd9-82e6b50be893",
	"a26c7a59-5010-42ae-86b5-9b7116f0df95",
	"71b338e4-31e9-44f1-af67-3e322801a6c0",
	2,
	17,
	'string::itoa line: 2');
INSERT INTO ACT_AI
	VALUES ("2df2fc63-6dcd-4646-bbd9-82e6b50be893",
	"b41342b2-a6f9-4763-aed5-915d5738d28a",
	"8afe871b-c450-43c2-a44f-2f470aee2d35",
	0,
	0);
INSERT INTO ACT_SMT
	VALUES ("71b338e4-31e9-44f1-af67-3e322801a6c0",
	"a26c7a59-5010-42ae-86b5-9b7116f0df95",
	"cc95c1c5-cbbe-4b4c-93b9-f70fc5b49d45",
	2,
	33,
	'string::itoa line: 2');
INSERT INTO ACT_AI
	VALUES ("71b338e4-31e9-44f1-af67-3e322801a6c0",
	"acd593c4-768a-4e73-bf61-6a779f1eb159",
	"662abbcf-1a1b-4518-95dc-f0334834b7d1",
	0,
	0);
INSERT INTO ACT_SMT
	VALUES ("cc95c1c5-cbbe-4b4c-93b9-f70fc5b49d45",
	"a26c7a59-5010-42ae-86b5-9b7116f0df95",
	"9130875c-5fb6-4f61-aafc-9bfeb6e6c5b6",
	2,
	49,
	'string::itoa line: 2');
INSERT INTO ACT_AI
	VALUES ("cc95c1c5-cbbe-4b4c-93b9-f70fc5b49d45",
	"6679d04a-2966-41a6-ad2f-b573e09960a4",
	"1241525f-726a-4513-8977-fe799056f254",
	0,
	0);
INSERT INTO ACT_SMT
	VALUES ("9130875c-5fb6-4f61-aafc-9bfeb6e6c5b6",
	"a26c7a59-5010-42ae-86b5-9b7116f0df95",
	"a04506eb-fdbc-4bf9-9424-958d13f26d68",
	2,
	65,
	'string::itoa line: 2');
INSERT INTO ACT_AI
	VALUES ("9130875c-5fb6-4f61-aafc-9bfeb6e6c5b6",
	"7b85e320-e4ac-48a9-b16b-10a12e2187f7",
	"93b2f64c-0a00-4d2f-a5c2-c74fed06baa3",
	0,
	0);
INSERT INTO ACT_SMT
	VALUES ("a04506eb-fdbc-4bf9-9424-958d13f26d68",
	"a26c7a59-5010-42ae-86b5-9b7116f0df95",
	"4a2cfdc4-b236-4669-b81a-a3d6699f54b1",
	4,
	1,
	'string::itoa line: 4');
INSERT INTO ACT_AI
	VALUES ("a04506eb-fdbc-4bf9-9424-958d13f26d68",
	"aa49d827-0489-483f-9542-8811e9b7f5cb",
	"90f21d0e-ad1c-4ca7-9660-317798587430",
	0,
	0);
INSERT INTO ACT_SMT
	VALUES ("4a2cfdc4-b236-4669-b81a-a3d6699f54b1",
	"a26c7a59-5010-42ae-86b5-9b7116f0df95",
	"0e3c80a4-2ea6-47e0-93db-ec07d6707bcf",
	4,
	14,
	'string::itoa line: 4');
INSERT INTO ACT_AI
	VALUES ("4a2cfdc4-b236-4669-b81a-a3d6699f54b1",
	"73c6830b-b4b9-4ba2-810e-e56cdff0b801",
	"52c1291d-17b0-43ee-8191-2ac91ec11aea",
	0,
	0);
INSERT INTO ACT_SMT
	VALUES ("0e3c80a4-2ea6-47e0-93db-ec07d6707bcf",
	"a26c7a59-5010-42ae-86b5-9b7116f0df95",
	"7ef7f271-708b-44dd-aa9f-fc328b97030e",
	5,
	1,
	'string::itoa line: 5');
INSERT INTO ACT_WHL
	VALUES ("0e3c80a4-2ea6-47e0-93db-ec07d6707bcf",
	"cd0493de-23bc-48e9-8c45-12479b860ce4",
	"e2b8461d-6e9e-4845-945f-bc986fca7709");
INSERT INTO ACT_SMT
	VALUES ("7ef7f271-708b-44dd-aa9f-fc328b97030e",
	"a26c7a59-5010-42ae-86b5-9b7116f0df95",
	"00000000-0000-0000-0000-000000000000",
	11,
	1,
	'string::itoa line: 11');
INSERT INTO ACT_RET
	VALUES ("7ef7f271-708b-44dd-aa9f-fc328b97030e",
	"334cce4e-c7e0-4c48-a050-a0cae34e5d4e");
INSERT INTO V_VAL
	VALUES ("8d4a5e76-44cc-4c49-bfad-4308c902da19",
	0,
	0,
	1,
	9,
	9,
	0,
	0,
	0,
	0,
	"ba5eda7a-def5-0000-0000-000000000002",
	"a26c7a59-5010-42ae-86b5-9b7116f0df95");
INSERT INTO V_LIN
	VALUES ("8d4a5e76-44cc-4c49-bfad-4308c902da19",
	'9');
INSERT INTO V_VAL
	VALUES ("1f41f678-a0a8-4505-afab-e06ad97dcbd1",
	1,
	1,
	1,
	1,
	7,
	0,
	0,
	0,
	0,
	"ba5eda7a-def5-0000-0000-000000000004",
	"a26c7a59-5010-42ae-86b5-9b7116f0df95");
INSERT INTO V_TVL
	VALUES ("1f41f678-a0a8-4505-afab-e06ad97dcbd1",
	"95e23029-7db7-41fd-9f86-2ba3f1e09dc3");
INSERT INTO V_VAL
	VALUES ("063120c9-f521-4621-85b5-2dbd2e577b05",
	0,
	0,
	-1,
	-1,
	-1,
	0,
	0,
	0,
	0,
	"ba5eda7a-def5-0000-0000-000000000004",
	"a26c7a59-5010-42ae-86b5-9b7116f0df95");
INSERT INTO V_AER
	VALUES ("063120c9-f521-4621-85b5-2dbd2e577b05",
	"1f41f678-a0a8-4505-afab-e06ad97dcbd1",
	"8d4a5e76-44cc-4c49-bfad-4308c902da19");
INSERT INTO V_VAL
	VALUES ("6b27ddd7-a86e-492d-aff9-7a6936c4d6b1",
	0,
	0,
	1,
	12,
	13,
	0,
	0,
	0,
	0,
	"ba5eda7a-def5-0000-0000-000000000004",
	"a26c7a59-5010-42ae-86b5-9b7116f0df95");
INSERT INTO V_LST
	VALUES ("6b27ddd7-a86e-492d-aff9-7a6936c4d6b1",
	'9');
INSERT INTO V_VAL
	VALUES ("252578ec-cd0d-47a9-a922-e14bd46fed75",
	0,
	0,
	1,
	25,
	25,
	0,
	0,
	0,
	0,
	"ba5eda7a-def5-0000-0000-000000000002",
	"a26c7a59-5010-42ae-86b5-9b7116f0df95");
INSERT INTO V_LIN
	VALUES ("252578ec-cd0d-47a9-a922-e14bd46fed75",
	'8');
INSERT INTO V_VAL
	VALUES ("5d9143c7-5aed-464e-b5e5-c038150952be",
	1,
	0,
	1,
	17,
	23,
	0,
	0,
	0,
	0,
	"ba5eda7a-def5-0000-0000-000000000004",
	"a26c7a59-5010-42ae-86b5-9b7116f0df95");
INSERT INTO V_TVL
	VALUES ("5d9143c7-5aed-464e-b5e5-c038150952be",
	"95e23029-7db7-41fd-9f86-2ba3f1e09dc3");
INSERT INTO V_VAL
	VALUES ("469982de-5088-479a-8305-3f609f8a46ee",
	0,
	0,
	-1,
	-1,
	-1,
	0,
	0,
	0,
	0,
	"ba5eda7a-def5-0000-0000-000000000004",
	"a26c7a59-5010-42ae-86b5-9b7116f0df95");
INSERT INTO V_AER
	VALUES ("469982de-5088-479a-8305-3f609f8a46ee",
	"5d9143c7-5aed-464e-b5e5-c038150952be",
	"252578ec-cd0d-47a9-a922-e14bd46fed75");
INSERT INTO V_VAL
	VALUES ("a89bdda6-9eb4-484c-98eb-11bf76e2f038",
	0,
	0,
	1,
	28,
	29,
	0,
	0,
	0,
	0,
	"ba5eda7a-def5-0000-0000-000000000004",
	"a26c7a59-5010-42ae-86b5-9b7116f0df95");
INSERT INTO V_LST
	VALUES ("a89bdda6-9eb4-484c-98eb-11bf76e2f038",
	'8');
INSERT INTO V_VAL
	VALUES ("1d2b83dc-11bf-459d-b817-30f1d0b8b549",
	0,
	0,
	1,
	41,
	41,
	0,
	0,
	0,
	0,
	"ba5eda7a-def5-0000-0000-000000000002",
	"a26c7a59-5010-42ae-86b5-9b7116f0df95");
INSERT INTO V_LIN
	VALUES ("1d2b83dc-11bf-459d-b817-30f1d0b8b549",
	'7');
INSERT INTO V_VAL
	VALUES ("985d0135-818e-47de-97a1-ab33a97332c1",
	1,
	0,
	1,
	33,
	39,
	0,
	0,
	0,
	0,
	"ba5eda7a-def5-0000-0000-000000000004",
	"a26c7a59-5010-42ae-86b5-9b7116f0df95");
INSERT INTO V_TVL
	VALUES ("985d0135-818e-47de-97a1-ab33a97332c1",
	"95e23029-7db7-41fd-9f86-2ba3f1e09dc3");
INSERT INTO V_VAL
	VALUES ("8c6bf923-8a1f-4e1b-a25c-b72792dd7c2a",
	0,
	0,
	-1,
	-1,
	-1,
	0,
	0,
	0,
	0,
	"ba5eda7a-def5-0000-0000-000000000004",
	"a26c7a59-5010-42ae-86b5-9b7116f0df95");
INSERT INTO V_AER
	VALUES ("8c6bf923-8a1f-4e1b-a25c-b72792dd7c2a",
	"985d0135-818e-47de-97a1-ab33a97332c1",
	"1d2b83dc-11bf-459d-b817-30f1d0b8b549");
INSERT INTO V_VAL
	VALUES ("8f999fe9-3b60-447e-8e44-fc4492d30fdc",
	0,
	0,
	1,
	44,
	45,
	0,
	0,
	0,
	0,
	"ba5eda7a-def5-0000-0000-000000000004",
	"a26c7a59-5010-42ae-86b5-9b7116f0df95");
INSERT INTO V_LST
	VALUES ("8f999fe9-3b60-447e-8e44-fc4492d30fdc",
	'7');
INSERT INTO V_VAL
	VALUES ("a7918292-e370-4a85-a478-4aadb6a21793",
	0,
	0,
	1,
	57,
	57,
	0,
	0,
	0,
	0,
	"ba5eda7a-def5-0000-0000-000000000002",
	"a26c7a59-5010-42ae-86b5-9b7116f0df95");
INSERT INTO V_LIN
	VALUES ("a7918292-e370-4a85-a478-4aadb6a21793",
	'6');
INSERT INTO V_VAL
	VALUES ("0b8418dc-98cf-40ab-8014-b5299b89f250",
	1,
	0,
	1,
	49,
	55,
	0,
	0,
	0,
	0,
	"ba5eda7a-def5-0000-0000-000000000004",
	"a26c7a59-5010-42ae-86b5-9b7116f0df95");
INSERT INTO V_TVL
	VALUES ("0b8418dc-98cf-40ab-8014-b5299b89f250",
	"95e23029-7db7-41fd-9f86-2ba3f1e09dc3");
INSERT INTO V_VAL
	VALUES ("a2291014-876d-4597-8b5f-d137759a5370",
	0,
	0,
	-1,
	-1,
	-1,
	0,
	0,
	0,
	0,
	"ba5eda7a-def5-0000-0000-000000000004",
	"a26c7a59-5010-42ae-86b5-9b7116f0df95");
INSERT INTO V_AER
	VALUES ("a2291014-876d-4597-8b5f-d137759a5370",
	"0b8418dc-98cf-40ab-8014-b5299b89f250",
	"a7918292-e370-4a85-a478-4aadb6a21793");
INSERT INTO V_VAL
	VALUES ("6f701c26-c14a-4b75-9a78-40c117afc77a",
	0,
	0,
	1,
	60,
	61,
	0,
	0,
	0,
	0,
	"ba5eda7a-def5-0000-0000-000000000004",
	"a26c7a59-5010-42ae-86b5-9b7116f0df95");
INSERT INTO V_LST
	VALUES ("6f701c26-c14a-4b75-9a78-40c117afc77a",
	'6');
INSERT INTO V_VAL
	VALUES ("f0887b03-f384-436f-b5db-e80213fbcbcd",
	0,
	0,
	1,
	73,
	73,
	0,
	0,
	0,
	0,
	"ba5eda7a-def5-0000-0000-000000000002",
	"a26c7a59-5010-42ae-86b5-9b7116f0df95");
INSERT INTO V_LIN
	VALUES ("f0887b03-f384-436f-b5db-e80213fbcbcd",
	'5');
INSERT INTO V_VAL
	VALUES ("e70216a2-dadc-46d6-9fc4-9178ef78e5ec",
	1,
	0,
	1,
	65,
	71,
	0,
	0,
	0,
	0,
	"ba5eda7a-def5-0000-0000-000000000004",
	"a26c7a59-5010-42ae-86b5-9b7116f0df95");
INSERT INTO V_TVL
	VALUES ("e70216a2-dadc-46d6-9fc4-9178ef78e5ec",
	"95e23029-7db7-41fd-9f86-2ba3f1e09dc3");
INSERT INTO V_VAL
	VALUES ("a5cf5454-ae4e-4e8a-8f77-1c033ba6cb3d",
	0,
	0,
	-1,
	-1,
	-1,
	0,
	0,
	0,
	0,
	"ba5eda7a-def5-0000-0000-000000000004",
	"a26c7a59-5010-42ae-86b5-9b7116f0df95");
INSERT INTO V_AER
	VALUES ("a5cf5454-ae4e-4e8a-8f77-1c033ba6cb3d",
	"e70216a2-dadc-46d6-9fc4-9178ef78e5ec",
	"f0887b03-f384-436f-b5db-e80213fbcbcd");
INSERT INTO V_VAL
	VALUES ("1c06d654-725f-4687-a685-1a3544b46468",
	0,
	0,
	1,
	76,
	77,
	0,
	0,
	0,
	0,
	"ba5eda7a-def5-0000-0000-000000000004",
	"a26c7a59-5010-42ae-86b5-9b7116f0df95");
INSERT INTO V_LST
	VALUES ("1c06d654-725f-4687-a685-1a3544b46468",
	'5');
INSERT INTO V_VAL
	VALUES ("c6b44dbd-dd77-4588-ac9e-b8824b52d287",
	0,
	0,
	2,
	9,
	9,
	0,
	0,
	0,
	0,
	"ba5eda7a-def5-0000-0000-000000000002",
	"a26c7a59-5010-42ae-86b5-9b7116f0df95");
INSERT INTO V_LIN
	VALUES ("c6b44dbd-dd77-4588-ac9e-b8824b52d287",
	'4');
INSERT INTO V_VAL
	VALUES ("9d2174d9-fc45-4aa5-9547-73e06e0c24d5",
	1,
	0,
	2,
	1,
	7,
	0,
	0,
	0,
	0,
	"ba5eda7a-def5-0000-0000-000000000004",
	"a26c7a59-5010-42ae-86b5-9b7116f0df95");
INSERT INTO V_TVL
	VALUES ("9d2174d9-fc45-4aa5-9547-73e06e0c24d5",
	"95e23029-7db7-41fd-9f86-2ba3f1e09dc3");
INSERT INTO V_VAL
	VALUES ("51e2340e-f218-4c14-a09d-711e1ff64647",
	0,
	0,
	-1,
	-1,
	-1,
	0,
	0,
	0,
	0,
	"ba5eda7a-def5-0000-0000-000000000004",
	"a26c7a59-5010-42ae-86b5-9b7116f0df95");
INSERT INTO V_AER
	VALUES ("51e2340e-f218-4c14-a09d-711e1ff64647",
	"9d2174d9-fc45-4aa5-9547-73e06e0c24d5",
	"c6b44dbd-dd77-4588-ac9e-b8824b52d287");
INSERT INTO V_VAL
	VALUES ("41cfaa01-e5f8-49c6-948d-0973a3127b0e",
	0,
	0,
	2,
	12,
	13,
	0,
	0,
	0,
	0,
	"ba5eda7a-def5-0000-0000-000000000004",
	"a26c7a59-5010-42ae-86b5-9b7116f0df95");
INSERT INTO V_LST
	VALUES ("41cfaa01-e5f8-49c6-948d-0973a3127b0e",
	'4');
INSERT INTO V_VAL
	VALUES ("d45ddb87-2f22-48f3-b8b6-b410b7196fe9",
	0,
	0,
	2,
	25,
	25,
	0,
	0,
	0,
	0,
	"ba5eda7a-def5-0000-0000-000000000002",
	"a26c7a59-5010-42ae-86b5-9b7116f0df95");
INSERT INTO V_LIN
	VALUES ("d45ddb87-2f22-48f3-b8b6-b410b7196fe9",
	'3');
INSERT INTO V_VAL
	VALUES ("622096d4-1b5c-4b3e-8bfa-9d76762fe058",
	1,
	0,
	2,
	17,
	23,
	0,
	0,
	0,
	0,
	"ba5eda7a-def5-0000-0000-000000000004",
	"a26c7a59-5010-42ae-86b5-9b7116f0df95");
INSERT INTO V_TVL
	VALUES ("622096d4-1b5c-4b3e-8bfa-9d76762fe058",
	"95e23029-7db7-41fd-9f86-2ba3f1e09dc3");
INSERT INTO V_VAL
	VALUES ("8afe871b-c450-43c2-a44f-2f470aee2d35",
	0,
	0,
	-1,
	-1,
	-1,
	0,
	0,
	0,
	0,
	"ba5eda7a-def5-0000-0000-000000000004",
	"a26c7a59-5010-42ae-86b5-9b7116f0df95");
INSERT INTO V_AER
	VALUES ("8afe871b-c450-43c2-a44f-2f470aee2d35",
	"622096d4-1b5c-4b3e-8bfa-9d76762fe058",
	"d45ddb87-2f22-48f3-b8b6-b410b7196fe9");
INSERT INTO V_VAL
	VALUES ("b41342b2-a6f9-4763-aed5-915d5738d28a",
	0,
	0,
	2,
	28,
	29,
	0,
	0,
	0,
	0,
	"ba5eda7a-def5-0000-0000-000000000004",
	"a26c7a59-5010-42ae-86b5-9b7116f0df95");
INSERT INTO V_LST
	VALUES ("b41342b2-a6f9-4763-aed5-915d5738d28a",
	'3');
INSERT INTO V_VAL
	VALUES ("945629c0-3cbc-4108-9bf4-2d479445f2cf",
	0,
	0,
	2,
	41,
	41,
	0,
	0,
	0,
	0,
	"ba5eda7a-def5-0000-0000-000000000002",
	"a26c7a59-5010-42ae-86b5-9b7116f0df95");
INSERT INTO V_LIN
	VALUES ("945629c0-3cbc-4108-9bf4-2d479445f2cf",
	'2');
INSERT INTO V_VAL
	VALUES ("3017c584-cd7c-410a-b3b2-6efaf7b72172",
	1,
	0,
	2,
	33,
	39,
	0,
	0,
	0,
	0,
	"ba5eda7a-def5-0000-0000-000000000004",
	"a26c7a59-5010-42ae-86b5-9b7116f0df95");
INSERT INTO V_TVL
	VALUES ("3017c584-cd7c-410a-b3b2-6efaf7b72172",
	"95e23029-7db7-41fd-9f86-2ba3f1e09dc3");
INSERT INTO V_VAL
	VALUES ("662abbcf-1a1b-4518-95dc-f0334834b7d1",
	0,
	0,
	-1,
	-1,
	-1,
	0,
	0,
	0,
	0,
	"ba5eda7a-def5-0000-0000-000000000004",
	"a26c7a59-5010-42ae-86b5-9b7116f0df95");
INSERT INTO V_AER
	VALUES ("662abbcf-1a1b-4518-95dc-f0334834b7d1",
	"3017c584-cd7c-410a-b3b2-6efaf7b72172",
	"945629c0-3cbc-4108-9bf4-2d479445f2cf");
INSERT INTO V_VAL
	VALUES ("acd593c4-768a-4e73-bf61-6a779f1eb159",
	0,
	0,
	2,
	44,
	45,
	0,
	0,
	0,
	0,
	"ba5eda7a-def5-0000-0000-000000000004",
	"a26c7a59-5010-42ae-86b5-9b7116f0df95");
INSERT INTO V_LST
	VALUES ("acd593c4-768a-4e73-bf61-6a779f1eb159",
	'2');
INSERT INTO V_VAL
	VALUES ("8f6111c3-30e8-4280-a086-4d64c852de03",
	0,
	0,
	2,
	57,
	57,
	0,
	0,
	0,
	0,
	"ba5eda7a-def5-0000-0000-000000000002",
	"a26c7a59-5010-42ae-86b5-9b7116f0df95");
INSERT INTO V_LIN
	VALUES ("8f6111c3-30e8-4280-a086-4d64c852de03",
	'1');
INSERT INTO V_VAL
	VALUES ("69478e50-aa48-472b-817b-af75c367c5d7",
	1,
	0,
	2,
	49,
	55,
	0,
	0,
	0,
	0,
	"ba5eda7a-def5-0000-0000-000000000004",
	"a26c7a59-5010-42ae-86b5-9b7116f0df95");
INSERT INTO V_TVL
	VALUES ("69478e50-aa48-472b-817b-af75c367c5d7",
	"95e23029-7db7-41fd-9f86-2ba3f1e09dc3");
INSERT INTO V_VAL
	VALUES ("1241525f-726a-4513-8977-fe799056f254",
	0,
	0,
	-1,
	-1,
	-1,
	0,
	0,
	0,
	0,
	"ba5eda7a-def5-0000-0000-000000000004",
	"a26c7a59-5010-42ae-86b5-9b7116f0df95");
INSERT INTO V_AER
	VALUES ("1241525f-726a-4513-8977-fe799056f254",
	"69478e50-aa48-472b-817b-af75c367c5d7",
	"8f6111c3-30e8-4280-a086-4d64c852de03");
INSERT INTO V_VAL
	VALUES ("6679d04a-2966-41a6-ad2f-b573e09960a4",
	0,
	0,
	2,
	60,
	61,
	0,
	0,
	0,
	0,
	"ba5eda7a-def5-0000-0000-000000000004",
	"a26c7a59-5010-42ae-86b5-9b7116f0df95");
INSERT INTO V_LST
	VALUES ("6679d04a-2966-41a6-ad2f-b573e09960a4",
	'1');
INSERT INTO V_VAL
	VALUES ("159dd4f4-02ff-4fa9-a02c-a46c9d3f4cd1",
	0,
	0,
	2,
	73,
	73,
	0,
	0,
	0,
	0,
	"ba5eda7a-def5-0000-0000-000000000002",
	"a26c7a59-5010-42ae-86b5-9b7116f0df95");
INSERT INTO V_LIN
	VALUES ("159dd4f4-02ff-4fa9-a02c-a46c9d3f4cd1",
	'0');
INSERT INTO V_VAL
	VALUES ("ff867385-2ebe-4b50-8d83-d0715a560aa3",
	1,
	0,
	2,
	65,
	71,
	0,
	0,
	0,
	0,
	"ba5eda7a-def5-0000-0000-000000000004",
	"a26c7a59-5010-42ae-86b5-9b7116f0df95");
INSERT INTO V_TVL
	VALUES ("ff867385-2ebe-4b50-8d83-d0715a560aa3",
	"95e23029-7db7-41fd-9f86-2ba3f1e09dc3");
INSERT INTO V_VAL
	VALUES ("93b2f64c-0a00-4d2f-a5c2-c74fed06baa3",
	0,
	0,
	-1,
	-1,
	-1,
	0,
	0,
	0,
	0,
	"ba5eda7a-def5-0000-0000-000000000004",
	"a26c7a59-5010-42ae-86b5-9b7116f0df95");
INSERT INTO V_AER
	VALUES ("93b2f64c-0a00-4d2f-a5c2-c74fed06baa3",
	"ff867385-2ebe-4b50-8d83-d0715a560aa3",
	"159dd4f4-02ff-4fa9-a02c-a46c9d3f4cd1");
INSERT INTO V_VAL
	VALUES ("7b85e320-e4ac-48a9-b16b-10a12e2187f7",
	0,
	0,
	2,
	76,
	77,
	0,
	0,
	0,
	0,
	"ba5eda7a-def5-0000-0000-000000000004",
	"a26c7a59-5010-42ae-86b5-9b7116f0df95");
INSERT INTO V_LST
	VALUES ("7b85e320-e4ac-48a9-b16b-10a12e2187f7",
	'0');
INSERT INTO V_VAL
	VALUES ("90f21d0e-ad1c-4ca7-9660-317798587430",
	1,
	1,
	4,
	1,
	1,
	0,
	0,
	0,
	0,
	"ba5eda7a-def5-0000-0000-000000000002",
	"a26c7a59-5010-42ae-86b5-9b7116f0df95");
INSERT INTO V_TVL
	VALUES ("90f21d0e-ad1c-4ca7-9660-317798587430",
	"df34aaaa-0e9f-4ac7-9f9f-18fe64055218");
INSERT INTO V_VAL
	VALUES ("aa49d827-0489-483f-9542-8811e9b7f5cb",
	0,
	0,
	4,
	11,
	11,
	0,
	0,
	0,
	0,
	"ba5eda7a-def5-0000-0000-000000000002",
	"a26c7a59-5010-42ae-86b5-9b7116f0df95");
INSERT INTO V_PVL
	VALUES ("aa49d827-0489-483f-9542-8811e9b7f5cb",
	"37ef52bb-354f-4080-951f-232d57d97550",
	"00000000-0000-0000-0000-000000000000",
	"00000000-0000-0000-0000-000000000000",
	"00000000-0000-0000-0000-000000000000");
INSERT INTO V_VAL
	VALUES ("52c1291d-17b0-43ee-8191-2ac91ec11aea",
	1,
	1,
	4,
	14,
	14,
	0,
	0,
	0,
	0,
	"ba5eda7a-def5-0000-0000-000000000004",
	"a26c7a59-5010-42ae-86b5-9b7116f0df95");
INSERT INTO V_TVL
	VALUES ("52c1291d-17b0-43ee-8191-2ac91ec11aea",
	"3efb2f5e-1302-4e73-8660-77b7e2c926f1");
INSERT INTO V_VAL
	VALUES ("73c6830b-b4b9-4ba2-810e-e56cdff0b801",
	0,
	0,
	4,
	18,
	18,
	0,
	0,
	0,
	0,
	"ba5eda7a-def5-0000-0000-000000000004",
	"a26c7a59-5010-42ae-86b5-9b7116f0df95");
INSERT INTO V_LST
	VALUES ("73c6830b-b4b9-4ba2-810e-e56cdff0b801",
	'');
INSERT INTO V_VAL
	VALUES ("0d0952e3-57a4-4290-b84d-8dc83de4dd1b",
	0,
	0,
	5,
	9,
	9,
	0,
	0,
	0,
	0,
	"ba5eda7a-def5-0000-0000-000000000002",
	"a26c7a59-5010-42ae-86b5-9b7116f0df95");
INSERT INTO V_TVL
	VALUES ("0d0952e3-57a4-4290-b84d-8dc83de4dd1b",
	"df34aaaa-0e9f-4ac7-9f9f-18fe64055218");
INSERT INTO V_VAL
	VALUES ("cd0493de-23bc-48e9-8c45-12479b860ce4",
	0,
	0,
	5,
	9,
	14,
	0,
	0,
	0,
	0,
	"ba5eda7a-def5-0000-0000-000000000001",
	"a26c7a59-5010-42ae-86b5-9b7116f0df95");
INSERT INTO V_BIN
	VALUES ("cd0493de-23bc-48e9-8c45-12479b860ce4",
	"98e9378a-6f23-4c2f-b7be-4781d63e7363",
	"0d0952e3-57a4-4290-b84d-8dc83de4dd1b",
	'>=');
INSERT INTO V_VAL
	VALUES ("98e9378a-6f23-4c2f-b7be-4781d63e7363",
	0,
	0,
	5,
	14,
	14,
	0,
	0,
	0,
	0,
	"ba5eda7a-def5-0000-0000-000000000002",
	"a26c7a59-5010-42ae-86b5-9b7116f0df95");
INSERT INTO V_LIN
	VALUES ("98e9378a-6f23-4c2f-b7be-4781d63e7363",
	'1');
INSERT INTO V_VAL
	VALUES ("334cce4e-c7e0-4c48-a050-a0cae34e5d4e",
	0,
	0,
	11,
	8,
	8,
	0,
	0,
	0,
	0,
	"ba5eda7a-def5-0000-0000-000000000004",
	"a26c7a59-5010-42ae-86b5-9b7116f0df95");
INSERT INTO V_TVL
	VALUES ("334cce4e-c7e0-4c48-a050-a0cae34e5d4e",
	"3efb2f5e-1302-4e73-8660-77b7e2c926f1");
INSERT INTO V_VAR
	VALUES ("95e23029-7db7-41fd-9f86-2ba3f1e09dc3",
	"a26c7a59-5010-42ae-86b5-9b7116f0df95",
	'mapping',
	0,
	"ba5eda7a-def5-0000-0000-000000000004");
INSERT INTO V_TRN
	VALUES ("95e23029-7db7-41fd-9f86-2ba3f1e09dc3",
	"00000000-0000-0000-0000-000000000000",
	'');
INSERT INTO S_DIM
	VALUES (10,
	0,
	"00000000-0000-0000-0000-000000000000",
	"00000000-0000-0000-0000-000000000000",
	"00000000-0000-0000-0000-000000000000",
	"00000000-0000-0000-0000-000000000000",
	"00000000-0000-0000-0000-000000000000",
	"00000000-0000-0000-0000-000000000000",
	"00000000-0000-0000-0000-000000000000",
	"00000000-0000-0000-0000-000000000000",
	"00000000-0000-0000-0000-000000000000",
	"00000000-0000-0000-0000-000000000000",
	"00000000-0000-0000-0000-000000000000",
	"00000000-0000-0000-0000-000000000000",
	"00000000-0000-0000-0000-000000000000",
	"00000000-0000-0000-0000-000000000000",
	"9e49eac9-b850-46ea-95b4-c00e4bbc7b96",
	"95e23029-7db7-41fd-9f86-2ba3f1e09dc3");
INSERT INTO V_VAR
	VALUES ("df34aaaa-0e9f-4ac7-9f9f-18fe64055218",
	"a26c7a59-5010-42ae-86b5-9b7116f0df95",
	'i',
	1,
	"ba5eda7a-def5-0000-0000-000000000002");
INSERT INTO V_TRN
	VALUES ("df34aaaa-0e9f-4ac7-9f9f-18fe64055218",
	"00000000-0000-0000-0000-000000000000",
	'');
INSERT INTO V_VAR
	VALUES ("3efb2f5e-1302-4e73-8660-77b7e2c926f1",
	"a26c7a59-5010-42ae-86b5-9b7116f0df95",
	's',
	1,
	"ba5eda7a-def5-0000-0000-000000000004");
INSERT INTO V_TRN
	VALUES ("3efb2f5e-1302-4e73-8660-77b7e2c926f1",
	"00000000-0000-0000-0000-000000000000",
	'');
INSERT INTO ACT_BLK
	VALUES ("e2b8461d-6e9e-4845-945f-bc986fca7709",
	0,
	0,
	0,
	'',
	'',
	'',
	8,
	3,
	0,
	0,
	0,
	0,
	0,
	0,
	0,
	0,
	0,
	0,
	0,
	"850746df-729f-44c8-a0ca-f8ffbef8438a",
	"00000000-0000-0000-0000-000000000000");
INSERT INTO ACT_SMT
	VALUES ("55097e0e-0c3d-4609-9e61-80ca7ac99097",
	"e2b8461d-6e9e-4845-945f-bc986fca7709",
	"cd239bcb-de95-4bbe-9cd2-2d99e9ea59be",
	6,
	3,
	'string::itoa line: 6');
INSERT INTO ACT_AI
	VALUES ("55097e0e-0c3d-4609-9e61-80ca7ac99097",
	"acbcab0f-44ce-463b-86c9-e5e506a6832d",
	"b1ba0822-9ae0-4d78-8484-b91a57c488bb",
	0,
	0);
INSERT INTO ACT_SMT
	VALUES ("cd239bcb-de95-4bbe-9cd2-2d99e9ea59be",
	"e2b8461d-6e9e-4845-945f-bc986fca7709",
	"7414fb00-5eb7-44bc-a67c-95828600c41f",
	7,
	3,
	'string::itoa line: 7');
INSERT INTO ACT_AI
	VALUES ("cd239bcb-de95-4bbe-9cd2-2d99e9ea59be",
	"363565f6-0499-43c5-ac28-7c6fb39f6f05",
	"321b66e5-93fc-4da1-928c-7fbfc390ed82",
	0,
	0);
INSERT INTO ACT_SMT
	VALUES ("7414fb00-5eb7-44bc-a67c-95828600c41f",
	"e2b8461d-6e9e-4845-945f-bc986fca7709",
	"00000000-0000-0000-0000-000000000000",
	8,
	3,
	'string::itoa line: 8');
INSERT INTO ACT_AI
	VALUES ("7414fb00-5eb7-44bc-a67c-95828600c41f",
	"97e08cd9-2a75-451e-8228-d27f2e4110e5",
	"1e53c1ec-18f8-4d47-bf21-1314652e30a8",
	0,
	0);
INSERT INTO V_VAL
	VALUES ("b1ba0822-9ae0-4d78-8484-b91a57c488bb",
	1,
	1,
	6,
	3,
	3,
	0,
	0,
	0,
	0,
	"ba5eda7a-def5-0000-0000-000000000002",
	"e2b8461d-6e9e-4845-945f-bc986fca7709");
INSERT INTO V_TVL
	VALUES ("b1ba0822-9ae0-4d78-8484-b91a57c488bb",
	"bd630f4c-c196-4718-9f60-9be6e50e1e77");
INSERT INTO V_VAL
	VALUES ("aa9937bb-b16f-4383-96d6-e5f654e1a2e8",
	0,
	0,
	6,
	7,
	7,
	0,
	0,
	0,
	0,
	"ba5eda7a-def5-0000-0000-000000000002",
	"e2b8461d-6e9e-4845-945f-bc986fca7709");
INSERT INTO V_TVL
	VALUES ("aa9937bb-b16f-4383-96d6-e5f654e1a2e8",
	"df34aaaa-0e9f-4ac7-9f9f-18fe64055218");
INSERT INTO V_VAL
	VALUES ("acbcab0f-44ce-463b-86c9-e5e506a6832d",
	0,
	0,
	6,
	7,
	12,
	0,
	0,
	0,
	0,
	"ba5eda7a-def5-0000-0000-000000000002",
	"e2b8461d-6e9e-4845-945f-bc986fca7709");
INSERT INTO V_BIN
	VALUES ("acbcab0f-44ce-463b-86c9-e5e506a6832d",
	"cbc919aa-0c0e-45d7-bec1-386bf3075856",
	"aa9937bb-b16f-4383-96d6-e5f654e1a2e8",
	'%');
INSERT INTO V_VAL
	VALUES ("cbc919aa-0c0e-45d7-bec1-386bf3075856",
	0,
	0,
	6,
	11,
	12,
	0,
	0,
	0,
	0,
	"ba5eda7a-def5-0000-0000-000000000002",
	"e2b8461d-6e9e-4845-945f-bc986fca7709");
INSERT INTO V_LIN
	VALUES ("cbc919aa-0c0e-45d7-bec1-386bf3075856",
	'10');
INSERT INTO V_VAL
	VALUES ("321b66e5-93fc-4da1-928c-7fbfc390ed82",
	1,
	0,
	7,
	3,
	3,
	0,
	0,
	0,
	0,
	"ba5eda7a-def5-0000-0000-000000000002",
	"e2b8461d-6e9e-4845-945f-bc986fca7709");
INSERT INTO V_TVL
	VALUES ("321b66e5-93fc-4da1-928c-7fbfc390ed82",
	"df34aaaa-0e9f-4ac7-9f9f-18fe64055218");
INSERT INTO V_VAL
	VALUES ("7618e26c-bc35-4daf-8bfb-060fa13a9617",
	0,
	0,
	7,
	7,
	7,
	0,
	0,
	0,
	0,
	"ba5eda7a-def5-0000-0000-000000000002",
	"e2b8461d-6e9e-4845-945f-bc986fca7709");
INSERT INTO V_TVL
	VALUES ("7618e26c-bc35-4daf-8bfb-060fa13a9617",
	"df34aaaa-0e9f-4ac7-9f9f-18fe64055218");
INSERT INTO V_VAL
	VALUES ("363565f6-0499-43c5-ac28-7c6fb39f6f05",
	0,
	0,
	7,
	7,
	12,
	0,
	0,
	0,
	0,
	"ba5eda7a-def5-0000-0000-000000000002",
	"e2b8461d-6e9e-4845-945f-bc986fca7709");
INSERT INTO V_BIN
	VALUES ("363565f6-0499-43c5-ac28-7c6fb39f6f05",
	"b0ac9bbe-7a91-4c5c-9a58-62dacf8a6dc9",
	"7618e26c-bc35-4daf-8bfb-060fa13a9617",
	'/');
INSERT INTO V_VAL
	VALUES ("b0ac9bbe-7a91-4c5c-9a58-62dacf8a6dc9",
	0,
	0,
	7,
	11,
	12,
	0,
	0,
	0,
	0,
	"ba5eda7a-def5-0000-0000-000000000002",
	"e2b8461d-6e9e-4845-945f-bc986fca7709");
INSERT INTO V_LIN
	VALUES ("b0ac9bbe-7a91-4c5c-9a58-62dacf8a6dc9",
	'10');
INSERT INTO V_VAL
	VALUES ("1e53c1ec-18f8-4d47-bf21-1314652e30a8",
	1,
	0,
	8,
	3,
	3,
	0,
	0,
	0,
	0,
	"ba5eda7a-def5-0000-0000-000000000004",
	"e2b8461d-6e9e-4845-945f-bc986fca7709");
INSERT INTO V_TVL
	VALUES ("1e53c1ec-18f8-4d47-bf21-1314652e30a8",
	"3efb2f5e-1302-4e73-8660-77b7e2c926f1");
INSERT INTO V_VAL
	VALUES ("9159c660-9e9a-45b5-9c61-bfbac2c9f047",
	0,
	0,
	8,
	7,
	13,
	0,
	0,
	0,
	0,
	"ba5eda7a-def5-0000-0000-000000000004",
	"e2b8461d-6e9e-4845-945f-bc986fca7709");
INSERT INTO V_TVL
	VALUES ("9159c660-9e9a-45b5-9c61-bfbac2c9f047",
	"95e23029-7db7-41fd-9f86-2ba3f1e09dc3");
INSERT INTO V_VAL
	VALUES ("a619b41e-2686-41a2-ac29-82b59e5b3c1a",
	0,
	0,
	8,
	16,
	16,
	0,
	0,
	0,
	0,
	"ba5eda7a-def5-0000-0000-000000000002",
	"e2b8461d-6e9e-4845-945f-bc986fca7709");
INSERT INTO V_TVL
	VALUES ("a619b41e-2686-41a2-ac29-82b59e5b3c1a",
	"bd630f4c-c196-4718-9f60-9be6e50e1e77");
INSERT INTO V_VAL
	VALUES ("1dd4a912-fde7-4b39-bff2-7737634969a4",
	0,
	0,
	-1,
	-1,
	-1,
	0,
	0,
	0,
	0,
	"ba5eda7a-def5-0000-0000-000000000004",
	"e2b8461d-6e9e-4845-945f-bc986fca7709");
INSERT INTO V_AER
	VALUES ("1dd4a912-fde7-4b39-bff2-7737634969a4",
	"9159c660-9e9a-45b5-9c61-bfbac2c9f047",
	"a619b41e-2686-41a2-ac29-82b59e5b3c1a");
INSERT INTO V_VAL
	VALUES ("97e08cd9-2a75-451e-8228-d27f2e4110e5",
	0,
	0,
	-1,
	-1,
	-1,
	0,
	0,
	0,
	0,
	"ba5eda7a-def5-0000-0000-000000000004",
	"e2b8461d-6e9e-4845-945f-bc986fca7709");
INSERT INTO V_BIN
	VALUES ("97e08cd9-2a75-451e-8228-d27f2e4110e5",
	"9f24abf8-a541-4810-b4b4-19ebabee5162",
	"1dd4a912-fde7-4b39-bff2-7737634969a4",
	'+');
INSERT INTO V_VAL
	VALUES ("9f24abf8-a541-4810-b4b4-19ebabee5162",
	0,
	0,
	8,
	22,
	22,
	0,
	0,
	0,
	0,
	"ba5eda7a-def5-0000-0000-000000000004",
	"e2b8461d-6e9e-4845-945f-bc986fca7709");
INSERT INTO V_TVL
	VALUES ("9f24abf8-a541-4810-b4b4-19ebabee5162",
	"3efb2f5e-1302-4e73-8660-77b7e2c926f1");
INSERT INTO V_VAR
	VALUES ("bd630f4c-c196-4718-9f60-9be6e50e1e77",
	"e2b8461d-6e9e-4845-945f-bc986fca7709",
	'd',
	1,
	"ba5eda7a-def5-0000-0000-000000000002");
INSERT INTO V_TRN
	VALUES ("bd630f4c-c196-4718-9f60-9be6e50e1e77",
	"00000000-0000-0000-0000-000000000000",
	'');
INSERT INTO S_BRG
	VALUES ("5f3c759c-6b7b-4ee8-8e47-370fb4a90427",
	"33d21480-69a2-4ed7-9fd6-4b0d734cf2a9",
	'atoi',
	'',
	0,
	"ba5eda7a-def5-0000-0000-000000000002",
	'return 0;',
	1,
	'',
	0);
INSERT INTO S_BPARM
	VALUES ("dcf08dfe-7a14-4dff-9610-adce1f97728c",
	"5f3c759c-6b7b-4ee8-8e47-370fb4a90427",
	's',
	"ba5eda7a-def5-0000-0000-000000000004",
	0,
	'',
	"00000000-0000-0000-0000-000000000000",
	'');
INSERT INTO ACT_BRB
	VALUES ("2226b43a-0cad-4d1b-8507-e75192f4ed80",
	"5f3c759c-6b7b-4ee8-8e47-370fb4a90427");
INSERT INTO ACT_ACT
	VALUES ("2226b43a-0cad-4d1b-8507-e75192f4ed80",
	'bridge',
	0,
	"4bca4ca3-8f4d-4237-beec-7f12a4e19ab0",
	"00000000-0000-0000-0000-000000000000",
	0,
	'string::atoi',
	"00000000-0000-0000-0000-000000000000");
INSERT INTO ACT_BLK
	VALUES ("4bca4ca3-8f4d-4237-beec-7f12a4e19ab0",
	0,
	0,
	0,
	'',
	'',
	'',
	1,
	1,
	0,
	0,
	0,
	0,
	0,
	0,
	0,
	0,
	0,
	0,
	0,
	"2226b43a-0cad-4d1b-8507-e75192f4ed80",
	"00000000-0000-0000-0000-000000000000");
INSERT INTO ACT_SMT
	VALUES ("1a1f19f5-72f7-4b9c-a40b-5c8fec14de19",
	"4bca4ca3-8f4d-4237-beec-7f12a4e19ab0",
	"00000000-0000-0000-0000-000000000000",
	1,
	1,
	'string::atoi line: 1');
INSERT INTO ACT_RET
	VALUES ("1a1f19f5-72f7-4b9c-a40b-5c8fec14de19",
	"ce194d04-f362-46b4-aa99-ad13c1b6e6a9");
INSERT INTO V_VAL
	VALUES ("ce194d04-f362-46b4-aa99-ad13c1b6e6a9",
	0,
	0,
	1,
	8,
	8,
	0,
	0,
	0,
	0,
	"ba5eda7a-def5-0000-0000-000000000002",
	"4bca4ca3-8f4d-4237-beec-7f12a4e19ab0");
INSERT INTO V_LIN
	VALUES ("ce194d04-f362-46b4-aa99-ad13c1b6e6a9",
	'0');
INSERT INTO S_BRG
	VALUES ("89d596ad-2792-4523-b93e-7f73d50eaa81",
	"33d21480-69a2-4ed7-9fd6-4b0d734cf2a9",
	'substr',
	'returns a substring of the given string s starting at the index begin and ending at the index end - 1.
if begin < 0, returns a substring starting at the beginning of s
if begin > the length of s - 1, returns an empty string
if end < 0 or > the length of s, returns a substring starting at begin to the end of s
if end <= begin, returns empty string

usage examples:
foo = substr( s:"Hello, World!", 4, 8 );	// foo == "o, Wo"
bar = substr( s:"Hello, World!", 2, -1 );	// bar == "llo, World!"',
	0,
	"ba5eda7a-def5-0000-0000-000000000004",
	'',
	1,
	'',
	0);
INSERT INTO S_BPARM
	VALUES ("4d7b8f22-8059-47ca-a987-bb57179f7901",
	"89d596ad-2792-4523-b93e-7f73d50eaa81",
	's',
	"ba5eda7a-def5-0000-0000-000000000004",
	0,
	'',
	"00000000-0000-0000-0000-000000000000",
	'');
INSERT INTO S_BPARM
	VALUES ("5672b300-8883-407f-b671-9972b79679ef",
	"89d596ad-2792-4523-b93e-7f73d50eaa81",
	'begin',
	"ba5eda7a-def5-0000-0000-000000000002",
	0,
	'',
	"4d7b8f22-8059-47ca-a987-bb57179f7901",
	'');
INSERT INTO S_BPARM
	VALUES ("4d74bbb3-4555-4bb8-b43d-9c505332a21d",
	"89d596ad-2792-4523-b93e-7f73d50eaa81",
	'end',
	"ba5eda7a-def5-0000-0000-000000000002",
	0,
	'',
	"5672b300-8883-407f-b671-9972b79679ef",
	'');
INSERT INTO ACT_BRB
	VALUES ("1d3282a1-4fad-4bf9-8f84-a78567f25105",
	"89d596ad-2792-4523-b93e-7f73d50eaa81");
INSERT INTO ACT_ACT
	VALUES ("1d3282a1-4fad-4bf9-8f84-a78567f25105",
	'bridge',
	0,
	"591592b9-1b21-4789-a81c-a9c493c73e82",
	"00000000-0000-0000-0000-000000000000",
	0,
	'string::substr',
	"00000000-0000-0000-0000-000000000000");
INSERT INTO ACT_BLK
	VALUES ("591592b9-1b21-4789-a81c-a9c493c73e82",
	0,
	0,
	0,
	'',
	'',
	'',
	0,
	0,
	0,
	0,
	0,
	0,
	0,
	0,
	0,
	0,
	0,
	0,
	0,
	"1d3282a1-4fad-4bf9-8f84-a78567f25105",
	"00000000-0000-0000-0000-000000000000");
INSERT INTO S_BRG
	VALUES ("ffa333ae-485c-4095-8a9f-2ea460bbb53f",
	"33d21480-69a2-4ed7-9fd6-4b0d734cf2a9",
	'strlen',
	'',
	0,
	"ba5eda7a-def5-0000-0000-000000000002",
	'',
	1,
	'',
	0);
INSERT INTO S_BPARM
	VALUES ("fcac9711-b2b9-4b20-a255-28cd2024c9c5",
	"ffa333ae-485c-4095-8a9f-2ea460bbb53f",
	's',
	"ba5eda7a-def5-0000-0000-000000000004",
	0,
	'',
	"00000000-0000-0000-0000-000000000000",
	'');
INSERT INTO ACT_BRB
	VALUES ("7ec192e7-138f-45fe-b6b4-e1ebd19961ff",
	"ffa333ae-485c-4095-8a9f-2ea460bbb53f");
INSERT INTO ACT_ACT
	VALUES ("7ec192e7-138f-45fe-b6b4-e1ebd19961ff",
	'bridge',
	0,
	"a6eb2541-43d2-4f74-9645-0263a67c1ca6",
	"00000000-0000-0000-0000-000000000000",
	0,
	'string::strlen',
	"00000000-0000-0000-0000-000000000000");
INSERT INTO ACT_BLK
	VALUES ("a6eb2541-43d2-4f74-9645-0263a67c1ca6",
	0,
	0,
	0,
	'',
	'',
	'',
	0,
	0,
	0,
	0,
	0,
	0,
	0,
	0,
	0,
	0,
	0,
	0,
	0,
	"7ec192e7-138f-45fe-b6b4-e1ebd19961ff",
	"00000000-0000-0000-0000-000000000000");
INSERT INTO S_BRG
	VALUES ("7336eafe-bf7f-45cf-a139-f0fa44c5400e",
	"33d21480-69a2-4ed7-9fd6-4b0d734cf2a9",
	'indexof',
	'Returns the index of the first occurence of needle in haystack. Returns -1 if no match is found.',
	0,
	"ba5eda7a-def5-0000-0000-000000000002",
	'',
	1,
	'',
	0);
INSERT INTO S_BPARM
	VALUES ("03af71b0-2807-442d-9e88-c095ff2543ac",
	"7336eafe-bf7f-45cf-a139-f0fa44c5400e",
	'haystack',
	"ba5eda7a-def5-0000-0000-000000000004",
	0,
	'',
	"00000000-0000-0000-0000-000000000000",
	'');
INSERT INTO S_BPARM
	VALUES ("42f61ab6-7e6f-4814-a9b2-e0b84a3f9187",
	"7336eafe-bf7f-45cf-a139-f0fa44c5400e",
	'needle',
	"ba5eda7a-def5-0000-0000-000000000004",
	0,
	'',
	"03af71b0-2807-442d-9e88-c095ff2543ac",
	'');
INSERT INTO ACT_BRB
	VALUES ("792dd1f6-8c00-4954-b7e6-e214f6704f21",
	"7336eafe-bf7f-45cf-a139-f0fa44c5400e");
INSERT INTO ACT_ACT
	VALUES ("792dd1f6-8c00-4954-b7e6-e214f6704f21",
	'bridge',
	0,
	"8b52e456-c4b2-4e50-b9c6-d273783a5603",
	"00000000-0000-0000-0000-000000000000",
	0,
	'string::indexof',
	"00000000-0000-0000-0000-000000000000");
INSERT INTO ACT_BLK
	VALUES ("8b52e456-c4b2-4e50-b9c6-d273783a5603",
	0,
	0,
	0,
	'',
	'',
	'',
	0,
	0,
	0,
	0,
	0,
	0,
	0,
	0,
	0,
	0,
	0,
	0,
	0,
	"792dd1f6-8c00-4954-b7e6-e214f6704f21",
	"00000000-0000-0000-0000-000000000000");
INSERT INTO S_BRG
	VALUES ("00c199b8-96f8-4587-9350-4f43cf146c15",
	"33d21480-69a2-4ed7-9fd6-4b0d734cf2a9",
	'getword',
	'returns the first word in the input string s starting at index i, ending at index j
if no identifier is found, or i/j is an invalid index, empty string is returned.

words are delimited by ",", " ", "\n", "\r", "\t", "(", ")"',
	0,
	"ba5eda7a-def5-0000-0000-000000000004",
	'',
	1,
	'',
	0);
INSERT INTO S_BPARM
	VALUES ("63cd66d9-5434-47f0-a3d5-542cb91e8cd7",
	"00c199b8-96f8-4587-9350-4f43cf146c15",
	's',
	"ba5eda7a-def5-0000-0000-000000000004",
	0,
	'',
	"00000000-0000-0000-0000-000000000000",
	'');
INSERT INTO S_BPARM
	VALUES ("2f0f4b48-74bd-46dc-b851-cda0a77a2cc2",
	"00c199b8-96f8-4587-9350-4f43cf146c15",
	'i',
	"ba5eda7a-def5-0000-0000-000000000002",
	0,
	'',
	"63cd66d9-5434-47f0-a3d5-542cb91e8cd7",
	'');
INSERT INTO S_BPARM
	VALUES ("46450392-0b98-4c4e-a26e-7d013f16d245",
	"00c199b8-96f8-4587-9350-4f43cf146c15",
	'j',
	"ba5eda7a-def5-0000-0000-000000000002",
	0,
	'',
	"2f0f4b48-74bd-46dc-b851-cda0a77a2cc2",
	'');
INSERT INTO ACT_BRB
	VALUES ("767ef977-d29e-4624-afa7-2a137a34f383",
	"00c199b8-96f8-4587-9350-4f43cf146c15");
INSERT INTO ACT_ACT
	VALUES ("767ef977-d29e-4624-afa7-2a137a34f383",
	'bridge',
	0,
	"94333e67-fcca-4a2c-bd4f-75c717e5faf5",
	"00000000-0000-0000-0000-000000000000",
	0,
	'string::getword',
	"00000000-0000-0000-0000-000000000000");
INSERT INTO ACT_BLK
	VALUES ("94333e67-fcca-4a2c-bd4f-75c717e5faf5",
	0,
	0,
	0,
	'',
	'',
	'',
	0,
	0,
	0,
	0,
	0,
	0,
	0,
	0,
	0,
	0,
	0,
	0,
	0,
	"767ef977-d29e-4624-afa7-2a137a34f383",
	"00000000-0000-0000-0000-000000000000");
INSERT INTO S_BRG
	VALUES ("d62c634b-74cc-4271-879d-bb16f8243125",
	"33d21480-69a2-4ed7-9fd6-4b0d734cf2a9",
	'trim',
	'Returns the input string with whitespace ( '' '', ''\r'', ''\t'', and ''\n'' ) trimmed from the beginning
and the end of the string. If the input string is only whitespace, empty string is returned',
	0,
	"ba5eda7a-def5-0000-0000-000000000004",
	'',
	1,
	'',
	0);
INSERT INTO S_BPARM
	VALUES ("21d3e869-1404-48d5-a267-164cc9137af6",
	"d62c634b-74cc-4271-879d-bb16f8243125",
	's',
	"ba5eda7a-def5-0000-0000-000000000004",
	0,
	'',
	"00000000-0000-0000-0000-000000000000",
	'');
INSERT INTO ACT_BRB
	VALUES ("8775fce1-add9-4ee0-9908-995b1fa317a2",
	"d62c634b-74cc-4271-879d-bb16f8243125");
INSERT INTO ACT_ACT
	VALUES ("8775fce1-add9-4ee0-9908-995b1fa317a2",
	'bridge',
	0,
	"6ab55818-1585-41c1-931a-38332e033b9f",
	"00000000-0000-0000-0000-000000000000",
	0,
	'string::trim',
	"00000000-0000-0000-0000-000000000000");
INSERT INTO ACT_BLK
	VALUES ("6ab55818-1585-41c1-931a-38332e033b9f",
	0,
	0,
	0,
	'',
	'',
	'',
	0,
	0,
	0,
	0,
	0,
	0,
	0,
	0,
	0,
	0,
	0,
	0,
	0,
	"8775fce1-add9-4ee0-9908-995b1fa317a2",
	"00000000-0000-0000-0000-000000000000");
INSERT INTO S_BRG
	VALUES ("bdfbe284-fdf5-4d84-b868-24a4494b1eed",
	"33d21480-69a2-4ed7-9fd6-4b0d734cf2a9",
	'quote',
	'Returns a literal double quote character as a string',
	0,
	"ba5eda7a-def5-0000-0000-000000000004",
	'',
	1,
	'',
	0);
INSERT INTO ACT_BRB
	VALUES ("7d858c86-0116-4d52-8894-1daff23788d7",
	"bdfbe284-fdf5-4d84-b868-24a4494b1eed");
INSERT INTO ACT_ACT
	VALUES ("7d858c86-0116-4d52-8894-1daff23788d7",
	'bridge',
	0,
	"c1436c4f-b857-466d-927f-537eb81e714b",
	"00000000-0000-0000-0000-000000000000",
	0,
	'string::quote',
	"00000000-0000-0000-0000-000000000000");
INSERT INTO ACT_BLK
	VALUES ("c1436c4f-b857-466d-927f-537eb81e714b",
	0,
	0,
	0,
	'',
	'',
	'',
	0,
	0,
	0,
	0,
	0,
	0,
	0,
	0,
	0,
	0,
	0,
	0,
	0,
	"7d858c86-0116-4d52-8894-1daff23788d7",
	"00000000-0000-0000-0000-000000000000");
INSERT INTO S_BRG
	VALUES ("98d84f3d-005b-4259-a245-635911bfd6d9",
	"33d21480-69a2-4ed7-9fd6-4b0d734cf2a9",
	'escapetics',
	'replaces all instances of '' with '''' to escape the tics for SQL. Assumes that the result will still fit in the max
string',
	0,
	"ba5eda7a-def5-0000-0000-000000000004",
	'',
	1,
	'',
	0);
INSERT INTO S_BPARM
	VALUES ("e87f42b4-d43e-43d5-ac81-caaa57626be5",
	"98d84f3d-005b-4259-a245-635911bfd6d9",
	's',
	"ba5eda7a-def5-0000-0000-000000000004",
	0,
	'',
	"00000000-0000-0000-0000-000000000000",
	'');
INSERT INTO ACT_BRB
	VALUES ("a06e7d62-9741-4e24-98de-cec61dca26fa",
	"98d84f3d-005b-4259-a245-635911bfd6d9");
INSERT INTO ACT_ACT
	VALUES ("a06e7d62-9741-4e24-98de-cec61dca26fa",
	'bridge',
	0,
	"10032e42-e371-4fec-a086-fc5bc35d851a",
	"00000000-0000-0000-0000-000000000000",
	0,
	'string::escapetics',
	"00000000-0000-0000-0000-000000000000");
INSERT INTO ACT_BLK
	VALUES ("10032e42-e371-4fec-a086-fc5bc35d851a",
	0,
	0,
	0,
	'',
	'',
	'',
	0,
	0,
	0,
	0,
	0,
	0,
	0,
	0,
	0,
	0,
	0,
	0,
	0,
	"a06e7d62-9741-4e24-98de-cec61dca26fa",
	"00000000-0000-0000-0000-000000000000");
INSERT INTO S_BRG
	VALUES ("2d05e784-4e68-4ad9-b373-5583b0c79497",
	"33d21480-69a2-4ed7-9fd6-4b0d734cf2a9",
	'unescapetics',
	'replaces all instances of '''' with '' to un-escape the tics for SQL',
	0,
	"ba5eda7a-def5-0000-0000-000000000004",
	'',
	1,
	'',
	0);
INSERT INTO S_BPARM
	VALUES ("d5edd80c-223e-48c5-a69f-415ad3aaec87",
	"2d05e784-4e68-4ad9-b373-5583b0c79497",
	's',
	"ba5eda7a-def5-0000-0000-000000000004",
	0,
	'',
	"00000000-0000-0000-0000-000000000000",
	'');
INSERT INTO ACT_BRB
	VALUES ("2910ec19-b98e-4acf-8331-adc631223e8b",
	"2d05e784-4e68-4ad9-b373-5583b0c79497");
INSERT INTO ACT_ACT
	VALUES ("2910ec19-b98e-4acf-8331-adc631223e8b",
	'bridge',
	0,
	"0d481426-6dc2-4bf5-9349-b02a8ec73aba",
	"00000000-0000-0000-0000-000000000000",
	0,
	'string::unescapetics',
	"00000000-0000-0000-0000-000000000000");
INSERT INTO ACT_BLK
	VALUES ("0d481426-6dc2-4bf5-9349-b02a8ec73aba",
	0,
	0,
	0,
	'',
	'',
	'',
	0,
	0,
	0,
	0,
	0,
	0,
	0,
	0,
	0,
	0,
	0,
	0,
	0,
	"2910ec19-b98e-4acf-8331-adc631223e8b",
	"00000000-0000-0000-0000-000000000000");
INSERT INTO S_BRG
	VALUES ("f934c364-51f8-4736-9186-94069cbe274c",
	"33d21480-69a2-4ed7-9fd6-4b0d734cf2a9",
	'idtoa',
	'',
	0,
	"ba5eda7a-def5-0000-0000-000000000004",
	'',
	1,
	'',
	0);
INSERT INTO S_BPARM
	VALUES ("4d1ff429-813b-4eea-863a-65d97b6d2cc1",
	"f934c364-51f8-4736-9186-94069cbe274c",
	'id',
	"ba5eda7a-def5-0000-0000-000000000005",
	0,
	'',
	"d338403c-a7b0-4269-acb5-328109e381e7",
	'');
INSERT INTO S_BPARM
	VALUES ("d338403c-a7b0-4269-acb5-328109e381e7",
	"f934c364-51f8-4736-9186-94069cbe274c",
	'a',
	"ba5eda7a-def5-0000-0000-000000000004",
	0,
	'',
	"00000000-0000-0000-0000-000000000000",
	'');
INSERT INTO ACT_BRB
	VALUES ("0fc9d077-8516-4f08-a455-f83484cc89bb",
	"f934c364-51f8-4736-9186-94069cbe274c");
INSERT INTO ACT_ACT
	VALUES ("0fc9d077-8516-4f08-a455-f83484cc89bb",
	'bridge',
	0,
	"4ec65ad1-5e49-46b9-af9c-ecafb2943853",
	"00000000-0000-0000-0000-000000000000",
	0,
	'string::idtoa',
	"00000000-0000-0000-0000-000000000000");
INSERT INTO ACT_BLK
	VALUES ("4ec65ad1-5e49-46b9-af9c-ecafb2943853",
	0,
	0,
	0,
	'',
	'',
	'',
	0,
	0,
	0,
	0,
	0,
	0,
	0,
	0,
	0,
	0,
	0,
	0,
	0,
	"0fc9d077-8516-4f08-a455-f83484cc89bb",
	"00000000-0000-0000-0000-000000000000");
INSERT INTO PE_PE
	VALUES ("445e6cf8-2b35-4c6d-b9ff-1db8125259dc",
	1,
	"63980537-a12c-49e3-a1f9-8bd1a2489218",
	"00000000-0000-0000-0000-000000000000",
	5);
INSERT INTO S_EE
	VALUES ("445e6cf8-2b35-4c6d-b9ff-1db8125259dc",
	'math',
	'',
	'MATH',
	"00000000-0000-0000-0000-000000000000",
	'',
	'math',
	1);
INSERT INTO S_BRG
	VALUES ("7b593108-9200-42f0-86c7-49dfd1e5d704",
	"445e6cf8-2b35-4c6d-b9ff-1db8125259dc",
	'sqrt',
	'',
	0,
	"ba5eda7a-def5-0000-0000-000000000003",
	'',
	1,
	'',
	0);
INSERT INTO S_BPARM
	VALUES ("95a61ef6-9dee-4090-a67d-d7662540764b",
	"7b593108-9200-42f0-86c7-49dfd1e5d704",
	'x',
	"ba5eda7a-def5-0000-0000-000000000003",
	0,
	'',
	"00000000-0000-0000-0000-000000000000",
	'');
INSERT INTO ACT_BRB
	VALUES ("1bbc4f4f-35e4-48df-9e3f-f9ec76f3305f",
	"7b593108-9200-42f0-86c7-49dfd1e5d704");
INSERT INTO ACT_ACT
	VALUES ("1bbc4f4f-35e4-48df-9e3f-f9ec76f3305f",
	'bridge',
	0,
	"902f1ea0-c819-47d5-8670-0dac5c0fbdcb",
	"00000000-0000-0000-0000-000000000000",
	0,
	'math::sqrt',
	"00000000-0000-0000-0000-000000000000");
INSERT INTO ACT_BLK
	VALUES ("902f1ea0-c819-47d5-8670-0dac5c0fbdcb",
	0,
	0,
	0,
	'',
	'',
	'',
	0,
	0,
	0,
	0,
	0,
	0,
	0,
	0,
	0,
	0,
	0,
	0,
	0,
	"1bbc4f4f-35e4-48df-9e3f-f9ec76f3305f",
	"00000000-0000-0000-0000-000000000000");
INSERT INTO EP_PKG
	VALUES ("1df09104-1fdb-48ee-9ae7-06cc055c5770",
	"7fdc406f-2939-49c0-8fab-99de27b70193",
	"7fdc406f-2939-49c0-8fab-99de27b70193",
	'io.ciera.runtime.template.util',
	'',
	0);
INSERT INTO PE_PE
	VALUES ("a3173f5c-3d92-4d36-861f-2028321cdc8b",
	1,
	"1df09104-1fdb-48ee-9ae7-06cc055c5770",
	"00000000-0000-0000-0000-000000000000",
	3);
INSERT INTO S_DT
	VALUES ("a3173f5c-3d92-4d36-861f-2028321cdc8b",
	"00000000-0000-0000-0000-000000000000",
	'SymbolTable',
	'',
	'');
INSERT INTO S_UDT
	VALUES ("a3173f5c-3d92-4d36-861f-2028321cdc8b",
	"ba5eda7a-def5-0000-0000-00000000000c",
	0,
	'');
INSERT INTO PE_PE
	VALUES ("9f83322b-ecc1-47d4-85a8-2392bc09bae4",
	1,
	"1df09104-1fdb-48ee-9ae7-06cc055c5770",
	"00000000-0000-0000-0000-000000000000",
	10);
INSERT INTO CNST_CSP
	VALUES ("9f83322b-ecc1-47d4-85a8-2392bc09bae4",
	'SymbolTableConstants',
	'');
INSERT INTO CNST_SYC
	VALUES ("35ffb6b8-f8bc-4d01-8718-68a418f33ba1",
	'NULL_SYMBOL_TABLE',
	'',
	"a3173f5c-3d92-4d36-861f-2028321cdc8b",
	"9f83322b-ecc1-47d4-85a8-2392bc09bae4",
	"00000000-0000-0000-0000-000000000000",
	"00000000-0000-0000-0000-000000000000");
INSERT INTO CNST_LFSC
	VALUES ("35ffb6b8-f8bc-4d01-8718-68a418f33ba1",
	"00000000-0000-0000-0000-000000000000");
INSERT INTO CNST_LSC
	VALUES ("35ffb6b8-f8bc-4d01-8718-68a418f33ba1",
	"00000000-0000-0000-0000-000000000000",
	'null');
INSERT INTO PE_PE
	VALUES ("d6db4b3d-c6a5-400a-92b9-6a391237afbb",
	1,
	"1df09104-1fdb-48ee-9ae7-06cc055c5770",
	"00000000-0000-0000-0000-000000000000",
	5);
INSERT INTO S_EE
	VALUES ("d6db4b3d-c6a5-400a-92b9-6a391237afbb",
	'templating',
	'',
	'TEMP',
	"00000000-0000-0000-0000-000000000000",
	'',
	'templating',
	1);
INSERT INTO S_BRG
	VALUES ("a83f64fc-8677-4fde-aa38-99aab40c8d1a",
	"d6db4b3d-c6a5-400a-92b9-6a391237afbb",
	'body',
	'',
	0,
	"ba5eda7a-def5-0000-0000-000000000004",
	'',
	1,
	'',
	0);
INSERT INTO ACT_BRB
	VALUES ("3ba1bc05-7126-473a-aded-e63f422eec46",
	"a83f64fc-8677-4fde-aa38-99aab40c8d1a");
INSERT INTO ACT_ACT
	VALUES ("3ba1bc05-7126-473a-aded-e63f422eec46",
	'bridge',
	0,
	"fe60a454-de80-49e3-8a81-afe2e5949d6c",
	"00000000-0000-0000-0000-000000000000",
	0,
	'templating::body',
	"00000000-0000-0000-0000-000000000000");
INSERT INTO ACT_BLK
	VALUES ("fe60a454-de80-49e3-8a81-afe2e5949d6c",
	0,
	0,
	0,
	'',
	'',
	'',
	0,
	0,
	0,
	0,
	0,
	0,
	0,
	0,
	0,
	0,
	0,
	0,
	0,
	"3ba1bc05-7126-473a-aded-e63f422eec46",
	"00000000-0000-0000-0000-000000000000");
INSERT INTO S_BRG
	VALUES ("025ceff5-1023-427c-bbb0-750a3f4e97dc",
	"d6db4b3d-c6a5-400a-92b9-6a391237afbb",
	'clear',
	'',
	0,
	"ba5eda7a-def5-0000-0000-000000000000",
	'',
	1,
	'',
	0);
INSERT INTO ACT_BRB
	VALUES ("921e8eae-e0dd-497e-8c8a-1c63a7726c35",
	"025ceff5-1023-427c-bbb0-750a3f4e97dc");
INSERT INTO ACT_ACT
	VALUES ("921e8eae-e0dd-497e-8c8a-1c63a7726c35",
	'bridge',
	0,
	"23205e0f-880a-49c1-8188-f4f9d3872d7f",
	"00000000-0000-0000-0000-000000000000",
	0,
	'templating::clear',
	"00000000-0000-0000-0000-000000000000");
INSERT INTO ACT_BLK
	VALUES ("23205e0f-880a-49c1-8188-f4f9d3872d7f",
	0,
	0,
	0,
	'',
	'',
	'',
	0,
	0,
	0,
	0,
	0,
	0,
	0,
	0,
	0,
	0,
	0,
	0,
	0,
	"921e8eae-e0dd-497e-8c8a-1c63a7726c35",
	"00000000-0000-0000-0000-000000000000");
INSERT INTO S_BRG
	VALUES ("f7a1de23-2e31-4e8a-988b-ace95920d6c0",
	"d6db4b3d-c6a5-400a-92b9-6a391237afbb",
	'append',
	'',
	0,
	"ba5eda7a-def5-0000-0000-000000000000",
	'',
	1,
	'',
	0);
INSERT INTO S_BPARM
	VALUES ("29a1bce9-53c7-4aa2-8b58-168e025fc45b",
	"f7a1de23-2e31-4e8a-988b-ace95920d6c0",
	's',
	"ba5eda7a-def5-0000-0000-000000000004",
	0,
	'',
	"00000000-0000-0000-0000-000000000000",
	'');
INSERT INTO ACT_BRB
	VALUES ("8f0161ac-acf9-4261-aea6-37a1d18b9c32",
	"f7a1de23-2e31-4e8a-988b-ace95920d6c0");
INSERT INTO ACT_ACT
	VALUES ("8f0161ac-acf9-4261-aea6-37a1d18b9c32",
	'bridge',
	0,
	"5a745abf-c68a-44b1-a3df-367cc5d38bfb",
	"00000000-0000-0000-0000-000000000000",
	0,
	'templating::append',
	"00000000-0000-0000-0000-000000000000");
INSERT INTO ACT_BLK
	VALUES ("5a745abf-c68a-44b1-a3df-367cc5d38bfb",
	0,
	0,
	0,
	'',
	'',
	'',
	0,
	0,
	0,
	0,
	0,
	0,
	0,
	0,
	0,
	0,
	0,
	0,
	0,
	"8f0161ac-acf9-4261-aea6-37a1d18b9c32",
	"00000000-0000-0000-0000-000000000000");
INSERT INTO S_BRG
	VALUES ("56d78985-bd88-4f57-97f5-3a8479d36a75",
	"d6db4b3d-c6a5-400a-92b9-6a391237afbb",
	'include',
	'',
	0,
	"ba5eda7a-def5-0000-0000-000000000000",
	'',
	1,
	'',
	0);
INSERT INTO S_BPARM
	VALUES ("71abd594-35f7-47aa-a3fb-744f9cbe26b1",
	"56d78985-bd88-4f57-97f5-3a8479d36a75",
	'file',
	"ba5eda7a-def5-0000-0000-000000000004",
	0,
	'',
	"00000000-0000-0000-0000-000000000000",
	'');
INSERT INTO S_BPARM
	VALUES ("46bba547-dfb1-47f5-af91-9bf57dc4b2e2",
	"56d78985-bd88-4f57-97f5-3a8479d36a75",
	'symbol_table',
	"a3173f5c-3d92-4d36-861f-2028321cdc8b",
	0,
	'',
	"71abd594-35f7-47aa-a3fb-744f9cbe26b1",
	'');
INSERT INTO ACT_BRB
	VALUES ("983b6bb2-b136-4228-843a-30348b2f6c94",
	"56d78985-bd88-4f57-97f5-3a8479d36a75");
INSERT INTO ACT_ACT
	VALUES ("983b6bb2-b136-4228-843a-30348b2f6c94",
	'bridge',
	0,
	"8770ea77-d228-41ce-965f-ab97b4a919f1",
	"00000000-0000-0000-0000-000000000000",
	0,
	'templating::include',
	"00000000-0000-0000-0000-000000000000");
INSERT INTO ACT_BLK
	VALUES ("8770ea77-d228-41ce-965f-ab97b4a919f1",
	0,
	0,
	0,
	'',
	'',
	'',
	0,
	0,
	0,
	0,
	0,
	0,
	0,
	0,
	0,
	0,
	0,
	0,
	0,
	"983b6bb2-b136-4228-843a-30348b2f6c94",
	"00000000-0000-0000-0000-000000000000");
INSERT INTO S_BRG
	VALUES ("ad4f1248-1786-4a6c-9f24-575f1b7d5401",
	"d6db4b3d-c6a5-400a-92b9-6a391237afbb",
	'emit',
	'',
	0,
	"ba5eda7a-def5-0000-0000-000000000000",
	'',
	1,
	'',
	0);
INSERT INTO S_BPARM
	VALUES ("d1ee6801-de07-4031-bd37-2a8ffd3f8473",
	"ad4f1248-1786-4a6c-9f24-575f1b7d5401",
	'file',
	"ba5eda7a-def5-0000-0000-000000000004",
	0,
	'',
	"00000000-0000-0000-0000-000000000000",
	'');
INSERT INTO ACT_BRB
	VALUES ("b4fce84a-a9bb-4920-a0f4-70f71501561b",
	"ad4f1248-1786-4a6c-9f24-575f1b7d5401");
INSERT INTO ACT_ACT
	VALUES ("b4fce84a-a9bb-4920-a0f4-70f71501561b",
	'bridge',
	0,
	"2664bd6a-0b9b-47ee-b913-8ca5d68b8d7a",
	"00000000-0000-0000-0000-000000000000",
	0,
	'templating::emit',
	"00000000-0000-0000-0000-000000000000");
INSERT INTO ACT_BLK
	VALUES ("2664bd6a-0b9b-47ee-b913-8ca5d68b8d7a",
	0,
	0,
	0,
	'',
	'',
	'',
	0,
	0,
	0,
	0,
	0,
	0,
	0,
	0,
	0,
	0,
	0,
	0,
	0,
	"b4fce84a-a9bb-4920-a0f4-70f71501561b",
	"00000000-0000-0000-0000-000000000000");
INSERT INTO S_BRG
	VALUES ("387a0ac8-5355-48ef-a355-2676c1a68ecb",
	"d6db4b3d-c6a5-400a-92b9-6a391237afbb",
	'sub',
	'',
	0,
	"ba5eda7a-def5-0000-0000-000000000004",
	'',
	1,
	'',
	0);
INSERT INTO S_BPARM
	VALUES ("a7a80f0d-ee75-4ddb-a11f-c2ac2101f1e0",
	"387a0ac8-5355-48ef-a355-2676c1a68ecb",
	'format',
	"ba5eda7a-def5-0000-0000-000000000004",
	0,
	'',
	"00000000-0000-0000-0000-000000000000",
	'');
INSERT INTO S_BPARM
	VALUES ("7ed56b5d-9bd9-499e-8848-be903121068c",
	"387a0ac8-5355-48ef-a355-2676c1a68ecb",
	's',
	"ba5eda7a-def5-0000-0000-000000000004",
	0,
	'',
	"a7a80f0d-ee75-4ddb-a11f-c2ac2101f1e0",
	'');
INSERT INTO ACT_BRB
	VALUES ("ef60e512-d671-4caf-a0d7-6489b1c2298c",
	"387a0ac8-5355-48ef-a355-2676c1a68ecb");
INSERT INTO ACT_ACT
	VALUES ("ef60e512-d671-4caf-a0d7-6489b1c2298c",
	'bridge',
	0,
	"e620848e-b74e-4652-b124-b9039c4b90a4",
	"00000000-0000-0000-0000-000000000000",
	0,
	'templating::sub',
	"00000000-0000-0000-0000-000000000000");
INSERT INTO ACT_BLK
	VALUES ("e620848e-b74e-4652-b124-b9039c4b90a4",
	0,
	0,
	0,
	'',
	'',
	'',
	0,
	0,
	0,
	0,
	0,
	0,
	0,
	0,
	0,
	0,
	0,
	0,
	0,
	"ef60e512-d671-4caf-a0d7-6489b1c2298c",
	"00000000-0000-0000-0000-000000000000");
